temperature,rainfall,ph,turbidity,dissolved_oxygen,nitrate,lead,bacterial_count,clean_water_percentage,sanitation_level,healthcare_access,symptom_diarrhea,symptom_fever,water_dirty,water_scarcity,outbreak_risk
29.36,285.21,8.2,188,9.16,22.29,0.02,458,89.29,64.1,73.73,1,0,1,1,1
40.81,63.7,6.55,276,9.41,30.58,0.001,856,43.3,65.07,22.55,1,1,1,0,2
31.4,235.55,6.6,54,13.8,23.34,0.172,646,33.64,15.85,95.4,1,1,1,1,2
27.62,29.3,8.05,366,10.2,30.5,0.167,34,92.75,33.29,69.63,1,1,1,1,2
33.67,55.46,8.91,217,7.4,19.76,0.185,862,93.75,17.96,27.64,0,1,1,0,2
29.72,81.4,8.49,409,13.58,30.35,0.055,156,84.18,16.71,98.82,1,0,1,1,2
20.14,244.64,8.12,162,11.48,30.3,0.185,40,93.2,86.5,50.45,0,1,0,0,0
36.72,199.78,7.77,213,12.65,23.61,0.024,461,87.91,74.96,31.24,1,0,0,0,1
37.77,33.27,7.32,178,2.38,31.82,0.063,95,75.64,22.54,64.4,0,0,0,1,1
43.57,179.66,8.08,283,13.16,40.41,0.127,645,56.52,29.66,47.49,1,0,1,1,2
23.05,106.89,8.72,384,4.74,21.36,0.164,744,44.38,24.82,58.07,1,0,0,0,2
26.74,73.24,6.5,159,8.23,35.15,0.073,496,40.31,32.22,72.67,0,0,0,0,2
44.94,80.03,8.93,219,2.62,13.93,0.182,402,74.46,57.78,50.3,1,1,0,1,2
22.02,110.9,6.73,293,6.41,31.62,0.127,906,85.31,81.85,23.56,0,1,1,0,2
41.46,97.79,6.66,345,8.15,11.32,0.129,819,95.24,45.78,56.6,1,0,0,1,2
38.38,62.72,7.62,297,5.1,33.0,0.163,571,40.87,99.66,96.89,0,0,1,0,2
24.72,83.66,8.1,207,12.77,44.35,0.156,919,88.07,94.21,80.68,1,1,1,0,2
29.31,282.04,8.92,401,3.93,27.44,0.138,719,99.56,25.83,11.63,1,0,1,1,2
29.16,223.25,8.16,127,8.82,4.68,0.074,374,40.04,63.09,98.1,0,1,1,0,1
30.86,105.02,7.94,366,7.91,9.76,0.144,658,65.76,79.17,13.92,1,1,1,0,2
26.99,265.05,8.24,36,13.14,21.41,0.193,98,98.43,16.78,37.51,1,0,0,1,1
32.13,111.81,7.18,53,10.35,28.5,0.019,287,73.69,42.28,32.87,1,1,1,0,1
41.22,40.99,8.13,38,5.52,40.47,0.162,920,68.92,17.34,10.47,1,0,1,0,2
21.77,119.04,6.15,370,6.06,18.78,0.019,726,73.76,39.53,23.95,1,0,1,1,2
41.51,75.08,6.12,270,6.32,6.35,0.104,52,41.72,96.87,51.15,1,0,1,1,2
30.28,209.85,6.42,143,13.71,25.82,0.065,656,51.91,49.02,76.96,1,0,1,0,2
22.02,128.49,8.07,128,4.08,7.82,0.05,637,27.51,26.46,94.12,0,1,0,0,2
36.43,130.7,8.19,450,4.97,17.8,0.152,696,47.35,18.26,18.47,1,1,1,1,2
24.38,5.15,8.29,340,7.68,8.66,0.087,22,23.84,95.42,89.8,1,0,1,1,2
43.34,150.31,7.62,492,3.96,3.53,0.128,496,89.38,67.28,82.09,1,1,0,1,2
23.21,243.36,8.46,267,6.63,48.06,0.181,555,41.92,29.31,43.95,0,0,1,0,2
28.41,196.72,7.16,457,2.28,40.72,0.056,195,75.43,41.35,94.3,1,1,0,0,2
44.19,164.39,7.27,407,11.68,49.53,0.083,977,40.0,62.25,88.04,1,0,1,0,2
37.0,221.97,6.71,285,12.83,25.26,0.165,341,43.81,19.0,14.81,0,0,0,1,2
28.87,287.04,8.03,51,8.88,31.59,0.09,98,68.2,59.83,29.15,0,0,1,0,1
22.84,279.28,8.92,397,8.59,22.08,0.178,234,76.47,97.18,71.92,1,1,0,0,2
40.96,127.83,6.67,392,11.86,35.31,0.016,164,38.66,62.32,87.68,1,1,0,0,1
42.69,177.57,7.05,251,3.0,38.86,0.112,90,39.9,39.72,49.1,0,0,1,1,2
34.29,222.29,8.3,382,9.79,37.3,0.117,189,52.02,52.99,17.46,0,1,0,1,1
40.05,293.37,7.67,302,12.69,26.39,0.199,228,40.24,72.59,16.79,0,0,0,1,1
27.36,298.75,8.09,258,12.81,2.27,0.056,735,24.63,45.51,19.61,0,1,1,1,2
36.17,116.48,6.69,27,2.93,48.72,0.197,501,22.59,35.18,47.01,0,1,1,0,2
23.33,22.86,8.82,370,10.71,30.67,0.084,823,90.13,59.64,24.84,1,0,1,0,2
32.01,295.59,7.13,281,6.57,48.5,0.168,460,25.08,13.31,22.05,0,1,0,1,2
37.29,160.3,8.25,258,8.67,38.45,0.189,457,50.23,31.7,28.45,0,0,0,0,1
25.18,263.47,8.27,33,6.3,5.68,0.134,673,58.1,84.82,37.7,0,1,1,0,1
22.21,237.55,7.77,254,2.35,37.76,0.124,577,84.4,91.28,65.55,1,1,1,1,2
35.92,166.44,6.27,481,6.18,25.7,0.157,541,69.77,87.61,95.46,1,1,1,0,2
32.3,77.47,7.38,33,9.45,17.37,0.042,42,39.21,16.83,21.6,0,1,0,0,1
23.47,192.26,6.55,183,6.94,43.72,0.103,671,33.79,27.31,13.68,0,1,1,1,2
24.43,26.61,6.36,232,6.27,44.71,0.026,729,75.23,13.54,81.95,0,1,0,1,2
41.84,276.26,6.18,25,12.42,4.23,0.119,691,36.75,43.34,53.61,1,1,0,1,2
31.56,224.24,6.11,311,3.6,34.36,0.169,362,62.57,19.65,50.27,0,0,0,1,2
26.73,113.19,6.06,440,12.09,4.46,0.107,536,91.24,63.42,71.12,0,0,0,1,2
22.17,161.13,7.76,263,9.04,28.22,0.076,612,49.05,68.13,61.37,1,0,0,1,2
35.14,71.17,6.31,197,6.38,24.39,0.17,445,42.81,25.6,90.71,0,0,0,0,2
30.26,294.71,6.34,321,8.91,45.87,0.001,117,40.63,25.38,70.18,0,1,0,0,2
34.29,83.99,8.31,325,13.62,35.55,0.04,531,39.39,20.34,64.96,1,1,0,1,2
23.86,144.34,7.6,160,6.43,22.71,0.11,649,99.2,39.01,82.89,0,0,0,0,1
39.01,178.69,7.41,418,6.19,46.48,0.166,235,52.68,93.96,99.18,1,1,0,0,1
43.16,216.48,6.14,348,3.68,39.76,0.04,797,86.01,26.78,31.21,1,1,1,1,2
27.9,176.49,8.05,327,7.27,18.85,0.093,421,63.18,49.49,61.97,0,0,0,0,1
33.3,19.99,6.69,38,3.4,46.99,0.126,967,75.5,25.01,89.08,0,1,1,0,2
34.33,299.31,8.26,484,11.34,7.16,0.041,833,81.0,88.91,40.79,1,0,0,0,1
41.16,38.25,7.19,156,8.48,24.32,0.082,684,77.6,67.7,72.46,1,1,0,0,1
28.64,54.48,8.73,37,4.73,21.18,0.058,362,32.27,62.76,55.53,0,0,0,1,2
41.8,279.64,7.7,323,11.48,1.15,0.13,603,49.95,16.2,16.96,1,1,0,1,2
42.77,36.84,6.71,345,12.07,6.23,0.184,830,44.92,30.47,64.71,0,0,0,0,2
25.14,236.34,7.81,290,6.78,26.87,0.184,385,57.26,53.28,92.66,1,0,0,1,1
42.82,74.47,7.73,179,7.03,45.74,0.072,62,42.21,29.81,29.14,0,0,0,1,2
31.47,167.19,8.58,62,13.96,25.11,0.119,140,51.79,48.41,81.98,1,1,1,0,2
35.62,113.32,8.51,18,2.79,38.78,0.091,193,62.76,53.3,54.73,0,0,1,0,1
28.36,22.65,8.26,265,5.25,32.2,0.082,86,98.31,85.58,88.03,1,0,0,0,1
26.35,58.83,7.52,327,3.25,40.0,0.036,608,64.54,74.87,82.48,1,1,1,1,2
40.17,288.79,8.83,181,4.46,14.66,0.179,6,70.66,76.23,86.33,1,0,0,1,2
36.07,211.18,8.73,196,6.1,12.97,0.076,470,22.74,84.76,41.07,1,1,0,1,2
41.53,65.85,8.92,363,3.68,43.42,0.097,726,83.99,48.27,12.02,1,0,1,1,2
35.84,77.37,6.42,234,7.06,6.61,0.18,609,41.78,11.66,92.29,0,1,1,0,2
26.85,166.25,7.95,377,10.64,5.33,0.028,26,92.0,88.65,63.77,1,0,0,0,0
24.38,274.32,7.26,475,11.25,21.1,0.071,821,79.04,17.45,64.28,1,0,0,0,2
27.22,106.7,8.16,294,9.32,47.47,0.079,663,94.95,75.93,29.34,1,0,1,0,2
34.88,15.43,7.49,364,3.86,31.17,0.095,72,26.01,75.54,54.59,0,1,1,0,2
26.16,245.73,8.4,171,13.61,0.26,0.021,612,27.33,92.56,22.31,1,0,0,0,1
24.63,162.57,8.62,263,9.67,37.95,0.145,975,87.94,32.47,54.05,0,0,1,0,2
43.6,11.83,8.12,198,13.99,27.79,0.095,390,22.72,72.77,36.76,1,1,1,0,2
43.61,142.26,8.59,422,7.46,26.12,0.129,525,67.7,30.7,20.85,1,0,0,0,2
28.5,217.43,6.2,14,11.65,26.92,0.132,396,70.07,89.74,65.43,1,1,0,0,1
41.75,6.38,8.62,140,6.61,46.63,0.014,813,48.06,79.05,46.17,0,1,0,1,2
41.84,295.23,8.3,408,6.04,26.13,0.146,688,28.84,41.92,35.85,1,1,1,0,2
21.05,5.36,8.96,72,3.31,19.58,0.025,186,96.0,80.77,18.05,1,0,1,0,2
43.62,140.22,7.84,152,10.92,3.25,0.08,860,71.97,64.7,56.14,1,0,1,0,2
25.51,55.93,8.34,261,11.61,31.49,0.043,520,94.22,99.54,25.65,1,0,1,1,2
37.4,46.17,8.45,485,9.48,37.39,0.007,579,66.41,18.23,88.97,0,0,1,0,1
42.22,286.7,8.59,8,5.95,46.58,0.147,225,52.68,43.54,33.38,0,1,1,1,2
22.03,66.05,8.05,452,13.9,3.08,0.177,317,67.39,84.22,41.3,1,1,0,0,1
26.68,263.59,8.39,167,4.94,7.87,0.032,780,86.96,72.77,71.21,0,0,1,1,2
23.97,264.26,8.62,498,12.55,0.26,0.164,436,79.48,24.47,83.62,1,0,0,1,2
20.16,86.11,7.85,112,8.72,5.79,0.075,447,63.2,80.19,19.63,1,0,1,0,2
44.07,102.56,7.9,221,11.04,39.44,0.035,483,25.43,37.09,73.74,1,0,1,1,2
28.65,186.27,6.14,305,13.88,33.8,0.089,762,30.41,78.24,12.21,0,0,1,0,2
32.22,231.12,8.05,25,3.91,23.43,0.189,98,56.11,24.73,81.53,0,0,1,1,2
22.06,204.15,7.96,26,12.42,48.16,0.006,988,95.49,47.78,67.47,1,0,0,0,1
44.6,122.8,8.68,14,10.95,10.02,0.174,791,49.48,87.79,52.59,1,1,1,0,2
41.72,232.98,8.31,173,8.36,0.89,0.159,939,22.6,92.88,65.5,1,0,0,1,2
22.93,37.56,8.06,227,8.7,11.28,0.032,725,66.56,34.21,81.78,0,1,0,0,1
20.29,21.73,7.18,365,13.7,36.09,0.131,728,88.81,80.19,13.57,1,0,1,0,2
26.05,296.0,6.43,79,7.79,10.52,0.069,935,20.78,39.38,56.59,0,0,0,1,2
20.83,23.57,7.19,193,13.73,10.04,0.139,142,36.01,25.07,19.41,0,0,0,0,1
20.79,280.86,6.16,415,5.59,46.76,0.189,859,84.14,40.55,83.33,0,0,1,1,2
33.69,245.19,7.36,2,2.49,8.2,0.088,977,24.83,32.24,24.36,0,0,1,0,2
44.4,101.07,6.55,118,7.2,2.18,0.032,965,77.54,30.56,99.67,0,0,0,1,1
24.99,204.07,6.22,446,4.44,42.02,0.035,724,78.17,76.84,48.29,1,1,1,1,2
44.69,12.03,8.6,95,9.06,1.47,0.079,739,89.87,91.06,47.95,1,0,0,1,2
42.81,63.2,7.87,39,12.03,11.79,0.155,99,92.72,26.17,31.38,1,1,0,0,1
41.36,147.68,6.74,315,6.86,29.65,0.116,83,67.44,24.72,45.2,0,1,1,0,2
36.42,97.56,8.32,439,6.76,11.85,0.047,9,25.88,25.28,56.78,1,1,1,0,2
30.77,74.61,7.85,0,5.03,17.96,0.076,106,78.91,69.74,52.72,0,1,1,1,1
34.63,260.48,6.62,444,2.41,49.33,0.025,292,94.93,13.54,20.99,1,0,0,0,2
27.9,152.17,6.12,489,6.77,23.99,0.137,125,96.14,67.52,88.11,0,1,0,0,1
32.22,200.06,6.42,383,3.59,7.18,0.188,891,73.87,97.29,18.45,1,0,1,1,2
41.7,53.14,8.08,310,13.74,18.71,0.004,977,69.43,88.2,61.35,1,0,1,0,2
37.24,202.95,6.65,463,11.92,33.35,0.115,957,72.63,99.95,14.34,0,0,0,0,1
41.77,234.72,7.7,488,3.31,32.53,0.153,643,73.41,82.71,78.61,0,0,0,0,1
40.45,36.06,7.63,88,5.94,31.51,0.122,142,75.64,44.97,50.38,0,1,0,0,0
25.68,21.96,7.81,109,9.71,37.97,0.1,84,89.07,56.72,53.13,0,0,1,0,0
29.5,119.65,7.74,299,7.72,19.72,0.11,813,77.45,96.0,11.64,0,0,0,1,1
36.19,269.41,6.73,202,6.56,9.86,0.096,786,28.11,53.73,33.11,1,1,0,0,2
40.08,161.75,6.93,419,10.61,20.0,0.195,89,29.75,26.3,71.3,1,0,0,0,2
37.73,32.06,7.7,297,13.01,21.23,0.017,821,64.02,13.91,66.98,0,0,0,1,1
40.48,265.26,6.68,8,9.76,8.74,0.072,681,92.0,41.81,31.32,0,1,1,1,2
40.57,127.12,8.0,145,11.2,7.49,0.085,580,33.44,76.32,87.65,0,0,0,1,1
20.59,192.59,7.82,159,9.66,12.84,0.126,440,59.74,98.9,22.28,0,1,0,1,1
30.7,215.28,8.08,486,6.09,40.94,0.121,101,66.27,34.67,17.15,1,0,0,1,2
24.8,97.01,6.68,424,9.41,22.12,0.166,955,84.03,31.03,58.6,1,1,1,0,2
33.32,97.3,7.0,325,2.63,18.92,0.073,802,78.45,51.87,15.41,1,1,1,0,2
24.38,207.0,6.6,207,6.91,21.13,0.164,11,47.81,69.84,81.59,1,1,0,0,1
29.98,45.72,8.98,359,11.22,12.18,0.134,83,69.89,18.02,77.97,0,0,1,1,2
39.55,212.62,6.11,480,4.73,17.08,0.076,769,94.96,59.84,37.5,1,1,0,1,2
35.01,154.7,8.76,426,8.9,28.33,0.078,11,94.45,20.47,83.57,0,1,1,1,2
41.7,241.78,8.37,435,11.82,16.13,0.005,858,75.6,41.15,97.8,1,1,0,1,2
23.31,258.6,8.77,269,3.67,44.91,0.166,435,60.21,45.88,23.17,0,1,1,0,2
20.65,40.55,8.89,443,11.32,6.1,0.119,542,60.49,49.56,19.51,1,1,0,0,2
35.49,195.06,6.46,498,8.77,9.59,0.042,381,99.59,15.2,72.55,0,0,0,0,1
23.56,36.42,6.91,370,4.13,34.58,0.124,771,99.74,83.26,65.37,1,0,1,1,2
33.18,127.83,6.39,115,6.86,32.7,0.071,154,53.13,84.48,76.03,1,0,1,0,1
30.4,144.4,6.06,78,8.99,34.05,0.038,900,37.22,11.09,31.71,0,0,1,0,2
43.99,146.36,6.33,187,9.75,24.97,0.053,628,59.06,23.5,39.22,1,1,1,0,2
29.4,118.34,7.38,20,13.47,6.66,0.02,119,45.23,71.93,49.38,0,0,1,1,1
20.96,270.53,7.38,202,7.95,19.32,0.09,944,69.11,16.0,56.66,0,0,1,1,2
32.81,204.07,6.13,86,10.6,3.6,0.014,663,22.85,55.77,44.88,0,1,1,0,2
44.27,282.69,8.35,50,4.09,4.92,0.132,351,25.5,48.19,17.44,1,1,0,0,2
39.56,68.35,8.93,462,4.47,6.07,0.123,589,25.54,96.38,53.04,0,1,1,0,2
23.13,142.3,6.34,268,8.99,37.4,0.162,891,32.53,13.94,19.97,1,0,0,0,2
29.4,165.03,7.17,113,13.32,12.03,0.024,287,59.68,11.14,99.32,1,1,1,0,1
41.98,77.53,7.63,148,11.06,23.03,0.168,359,64.63,26.25,14.85,1,1,1,0,2
26.73,161.87,8.18,257,3.58,36.3,0.164,606,59.07,23.56,40.81,1,0,0,0,2
38.59,183.58,6.32,22,10.27,43.67,0.127,127,54.7,24.48,60.22,1,0,1,0,2
42.04,83.37,6.58,319,11.6,10.2,0.111,895,85.21,65.35,71.91,1,0,0,1,2
33.1,254.41,8.52,11,10.95,10.12,0.192,376,74.27,78.06,85.78,1,1,0,0,1
23.12,115.61,7.93,393,12.63,29.65,0.078,468,20.15,26.05,12.62,1,1,1,0,2
29.69,120.7,8.62,220,9.71,3.24,0.116,54,76.24,14.75,53.79,1,1,0,0,2
20.57,96.63,7.91,210,2.7,16.71,0.157,997,36.79,84.26,56.83,0,1,1,0,2
38.39,70.76,7.11,112,9.18,36.78,0.2,117,71.41,47.91,67.26,1,0,0,0,0
30.25,251.94,7.15,136,13.4,10.15,0.113,137,46.76,12.36,12.18,1,1,0,1,2
32.95,89.62,8.82,425,12.23,11.28,0.075,831,34.89,82.24,51.24,0,1,1,1,2
22.02,218.38,7.49,128,11.36,0.35,0.011,685,68.82,22.18,77.62,1,0,1,0,1
21.72,17.12,6.85,219,5.31,13.78,0.157,905,41.76,78.35,50.48,0,1,1,0,2
32.19,10.08,6.19,249,8.74,17.3,0.063,986,47.79,90.99,11.96,1,0,1,1,2
34.0,281.05,6.16,491,11.45,31.22,0.099,20,40.52,68.88,27.83,1,0,0,0,2
44.3,182.56,7.05,424,2.26,36.0,0.084,326,74.7,59.06,98.25,0,1,1,1,2
33.56,237.51,7.65,97,2.98,22.92,0.097,852,31.28,69.78,29.45,1,1,1,1,2
31.5,224.79,6.87,494,8.15,40.32,0.092,703,83.52,54.75,40.58,0,1,1,0,2
38.96,226.23,6.05,231,12.53,43.98,0.174,922,95.73,60.42,77.57,0,0,1,0,2
22.35,103.1,6.85,41,7.97,5.27,0.131,600,51.79,18.41,49.7,0,1,1,1,2
22.35,107.0,8.27,484,9.61,39.9,0.079,943,91.76,56.82,50.28,1,1,1,0,2
35.34,108.93,8.69,362,13.8,7.04,0.04,519,91.52,68.89,23.69,1,1,1,1,2
22.09,264.72,8.41,301,5.84,49.42,0.097,532,78.01,39.07,99.74,1,0,0,0,2
23.25,206.06,6.28,195,10.63,44.51,0.016,644,97.88,40.32,36.68,1,1,1,0,2
38.99,296.42,8.7,363,7.51,17.89,0.099,130,90.39,57.29,31.99,1,1,1,1,2
37.98,126.04,8.72,306,7.4,37.44,0.13,175,66.18,76.43,82.56,1,0,0,0,1
20.78,221.79,6.32,482,10.24,3.48,0.035,200,72.42,99.26,16.54,1,0,0,1,1
41.66,64.66,7.08,20,2.4,15.2,0.131,653,92.29,30.95,82.67,1,0,0,1,2
36.27,262.27,6.0,442,3.33,22.35,0.092,611,50.53,21.6,47.15,0,1,0,1,2
20.45,126.43,6.08,101,5.36,42.92,0.058,946,86.08,72.94,85.55,0,0,1,0,2
33.98,188.47,7.6,274,12.47,5.63,0.141,828,25.47,33.7,14.15,0,1,1,0,2
40.61,22.27,6.68,333,10.92,2.41,0.181,775,90.18,39.74,40.64,1,0,0,0,2
33.28,251.45,6.86,267,8.99,49.77,0.171,766,72.71,32.71,29.82,1,0,0,0,2
33.13,9.79,8.61,481,12.55,28.59,0.103,430,26.58,91.96,51.8,0,0,0,1,2
24.12,51.17,8.84,37,9.1,35.13,0.047,454,30.54,31.08,80.81,0,1,1,1,2
26.79,141.87,8.95,71,9.61,3.55,0.051,912,23.18,64.37,91.66,0,1,1,0,2
31.26,141.89,7.87,141,9.33,14.03,0.041,652,62.96,86.87,14.45,1,0,1,1,1
27.12,138.86,7.32,191,8.15,14.67,0.186,776,85.33,35.61,83.64,0,0,0,0,1
34.37,8.9,8.03,493,13.91,6.57,0.055,0,51.19,75.69,89.4,0,0,0,1,1
36.87,89.02,8.16,475,11.85,0.08,0.127,342,77.41,84.66,13.65,1,1,1,1,2
36.63,240.11,7.99,484,3.45,20.95,0.15,736,52.34,38.9,77.49,1,0,0,0,2
36.16,266.41,7.8,397,9.63,45.66,0.123,539,33.75,67.41,76.69,0,1,0,1,2
44.78,246.0,8.08,267,5.54,24.3,0.115,985,92.81,82.72,29.44,0,0,1,0,2
21.68,116.22,8.56,419,10.08,13.77,0.061,633,67.22,30.37,44.58,0,1,1,0,2
38.98,29.66,8.67,159,6.45,30.05,0.141,928,62.07,56.05,24.91,0,1,0,1,2
39.05,283.99,7.02,201,9.75,31.85,0.068,478,83.34,63.64,19.11,1,0,1,1,2
41.04,174.07,7.68,30,10.26,7.03,0.097,375,98.2,57.87,22.22,1,0,1,1,1
43.14,124.25,7.19,261,11.07,22.93,0.058,484,86.84,43.34,43.73,0,0,1,1,1
44.87,163.61,6.26,58,13.53,19.47,0.077,277,63.31,23.87,59.83,1,0,1,0,2
40.84,132.13,6.91,415,10.51,8.86,0.101,382,41.62,96.98,60.19,0,0,1,0,1
23.48,133.21,7.88,138,4.49,39.12,0.147,849,69.87,61.24,65.86,0,0,0,1,1
20.99,142.66,7.63,146,3.59,29.65,0.12,821,62.67,88.3,21.76,0,0,1,0,2
39.86,82.73,8.63,11,13.64,47.46,0.103,619,58.67,87.72,62.99,1,1,1,0,2
25.08,228.54,7.16,202,13.02,18.11,0.145,948,98.46,46.68,84.48,0,0,1,0,1
43.9,60.14,6.33,115,2.04,32.01,0.06,839,25.0,89.51,50.35,0,0,1,0,2
43.16,5.73,7.43,348,2.37,43.6,0.105,319,43.95,42.28,82.4,1,0,1,1,2
43.94,2.66,8.99,263,13.94,4.49,0.0,578,79.03,85.07,76.64,0,0,1,1,1
39.22,197.56,8.3,163,10.4,5.22,0.08,801,26.21,46.68,46.64,1,0,0,1,2
22.77,242.47,8.84,289,2.07,5.05,0.174,65,26.15,55.06,81.51,1,1,1,1,2
21.82,120.86,6.89,289,5.37,40.17,0.186,893,41.29,11.98,62.49,0,0,0,0,2
25.48,10.1,6.64,274,9.77,6.15,0.178,22,89.35,50.86,83.93,1,1,1,1,2
33.16,138.95,6.7,52,11.65,27.63,0.104,204,93.34,74.86,46.13,0,1,1,1,1
40.59,216.52,6.81,48,5.81,0.01,0.102,153,77.2,63.41,90.62,1,1,1,0,1
28.51,282.13,6.25,155,3.22,18.01,0.054,922,89.32,61.46,91.65,0,0,0,0,2
29.43,280.9,8.03,400,10.24,24.69,0.078,986,87.54,70.83,22.52,0,0,0,0,1
24.57,83.53,6.39,451,10.43,14.9,0.021,978,70.75,99.95,19.43,1,1,0,1,2
41.65,142.79,6.33,255,6.42,18.49,0.01,12,53.32,84.0,86.53,1,0,0,1,1
31.81,264.05,6.65,108,11.05,1.8,0.079,775,72.13,76.47,38.41,1,1,0,1,2
37.83,59.76,8.67,251,2.52,33.34,0.165,53,61.27,34.08,85.19,1,0,0,1,2
28.43,5.8,6.37,137,2.38,36.81,0.066,779,67.61,10.89,51.77,1,1,1,1,2
36.94,93.56,8.32,174,4.64,6.58,0.171,501,21.36,79.31,82.64,1,0,1,0,2
20.44,87.99,8.32,441,4.68,32.09,0.114,719,43.98,68.18,97.68,0,0,0,1,2
42.46,234.96,8.34,455,4.49,7.62,0.18,924,38.26,32.19,53.57,0,1,0,1,2
21.45,287.34,8.83,132,8.37,32.55,0.129,799,26.05,42.91,30.28,1,0,1,0,2
35.56,234.4,7.73,266,13.78,26.36,0.181,862,73.93,33.39,41.07,1,1,1,1,2
31.75,267.04,8.12,241,10.28,46.53,0.099,360,55.81,22.08,96.21,0,1,0,1,1
32.52,203.89,6.23,293,13.14,38.04,0.109,301,54.63,13.95,24.92,0,1,1,0,2
21.25,253.09,8.94,332,8.33,19.59,0.132,680,35.75,95.63,99.53,1,0,1,1,2
34.24,77.86,7.31,18,4.11,10.7,0.003,389,35.21,81.33,91.71,1,0,0,0,1
33.04,293.19,8.27,140,12.25,38.65,0.062,605,71.25,69.99,24.64,1,1,1,0,2
32.47,3.63,6.03,100,6.52,27.6,0.161,980,37.77,38.95,86.32,1,1,0,1,2
30.72,8.75,7.44,140,2.01,45.07,0.031,246,93.56,99.39,14.04,0,0,0,0,0
29.81,226.28,8.76,112,7.33,13.78,0.124,684,40.08,60.77,42.27,1,0,1,0,2
24.79,275.47,6.31,265,12.08,37.59,0.046,192,34.02,88.01,35.42,0,1,0,1,1
30.92,174.03,7.55,281,12.08,7.19,0.086,326,87.67,46.08,78.68,0,1,1,0,1
33.61,61.34,6.77,367,5.98,42.75,0.041,504,49.15,36.57,89.15,0,0,0,1,2
40.67,14.29,8.18,476,11.25,32.73,0.03,952,57.06,14.09,36.1,0,0,0,1,2
33.67,159.61,7.77,187,8.27,2.73,0.195,390,36.29,10.91,49.37,1,0,1,0,2
24.78,93.03,8.2,419,10.9,42.42,0.085,305,91.68,83.62,32.75,0,1,0,1,1
28.42,299.86,7.22,15,11.05,19.66,0.118,752,50.46,47.3,77.84,1,0,1,0,2
32.94,80.65,7.89,213,5.18,30.08,0.059,152,30.4,60.41,80.27,0,0,0,1,1
44.31,134.64,6.48,270,10.57,23.09,0.184,406,30.01,86.54,41.01,1,0,0,0,2
23.55,64.02,8.0,244,12.28,35.06,0.145,174,54.83,59.44,38.08,1,0,1,1,2
29.68,271.97,6.05,42,12.07,0.57,0.141,269,87.46,18.78,60.31,0,0,1,0,1
33.36,162.22,7.29,452,10.62,43.13,0.036,831,77.15,95.72,30.41,0,1,0,1,2
36.93,187.51,6.95,21,10.07,39.83,0.05,951,94.82,86.56,98.37,0,1,1,1,1
24.07,56.07,6.06,52,5.68,17.65,0.124,96,54.44,89.02,64.5,1,0,0,1,1
22.1,100.04,8.03,378,2.68,18.7,0.189,140,82.79,76.01,20.46,0,0,1,1,2
35.03,297.11,6.98,318,7.18,49.02,0.014,668,98.17,19.28,59.3,1,1,0,0,2
24.75,174.65,6.61,176,6.77,13.21,0.041,344,79.21,66.76,59.46,1,1,1,0,1
34.88,51.63,8.78,19,5.57,4.6,0.12,595,27.37,59.8,67.75,1,0,1,0,2
34.09,135.21,8.02,325,5.75,13.55,0.12,412,33.93,20.54,50.42,0,0,0,1,2
43.48,2.0,8.32,355,10.41,34.01,0.082,880,50.85,94.26,58.78,0,0,1,1,2
38.14,185.17,8.22,261,13.72,5.09,0.002,53,46.16,90.11,17.59,0,1,0,0,1
40.43,153.82,7.32,402,9.07,30.66,0.128,169,76.07,28.36,68.86,0,0,0,1,1
42.79,8.85,7.07,365,5.25,12.38,0.013,60,53.98,29.38,63.74,1,1,1,1,2
28.33,265.49,7.15,163,13.19,27.21,0.04,969,61.09,32.8,98.89,1,0,1,1,2
30.69,61.87,8.4,294,5.23,18.42,0.179,648,22.8,80.86,47.02,1,0,0,1,2
40.84,149.83,7.61,106,13.24,3.2,0.165,661,82.81,63.9,28.1,1,1,0,0,1
31.74,8.49,6.63,128,11.17,20.48,0.131,384,93.92,20.07,56.48,0,1,1,0,1
38.67,216.17,8.48,82,3.33,14.46,0.062,443,55.46,59.8,32.94,0,0,1,1,2
41.82,248.44,6.65,54,13.43,16.34,0.071,361,41.72,30.86,38.67,0,0,1,0,2
40.72,104.67,7.56,260,10.12,41.9,0.172,962,53.16,11.19,36.63,0,0,0,0,2
38.05,115.44,7.47,44,3.98,0.1,0.144,645,83.15,36.71,58.72,1,0,1,0,2
38.31,264.5,6.36,494,3.26,11.12,0.104,539,44.88,25.02,31.94,0,0,1,0,2
38.73,171.57,8.96,136,6.99,21.45,0.108,329,52.95,77.82,28.33,1,0,0,1,1
34.39,6.64,8.84,47,9.27,5.86,0.067,639,98.43,56.11,20.29,1,0,0,0,2
39.32,285.43,8.33,61,11.51,3.45,0.095,206,90.85,29.97,74.32,1,0,1,1,2
37.43,225.79,7.4,85,12.12,24.25,0.067,744,62.53,55.95,83.85,0,0,0,0,1
20.33,122.92,7.94,145,12.82,10.17,0.013,533,58.34,26.36,76.88,0,1,1,0,1
44.54,135.14,7.54,334,4.78,47.13,0.009,322,37.61,41.55,43.53,0,0,1,1,2
31.61,216.82,7.97,106,13.15,18.96,0.166,255,58.72,10.48,82.4,0,1,0,1,1
21.66,229.95,7.75,356,8.25,17.51,0.135,499,31.23,70.4,65.84,0,0,0,1,2
24.87,267.12,8.25,400,5.1,30.27,0.087,857,91.13,62.09,66.92,1,1,1,0,2
37.91,81.28,6.61,58,4.22,29.99,0.172,733,92.63,55.64,26.91,0,1,1,1,2
29.57,246.55,7.98,223,7.17,27.47,0.107,194,95.13,67.27,39.21,0,1,1,0,1
37.37,65.61,7.79,277,2.76,38.84,0.164,479,80.87,26.9,17.95,0,1,1,0,2
30.81,9.34,6.78,69,6.98,44.42,0.165,827,23.12,70.02,39.07,1,1,0,1,2
28.13,270.29,8.99,229,3.13,37.4,0.163,892,25.38,18.54,99.9,0,0,0,0,2
40.17,257.41,8.99,162,8.85,15.2,0.064,802,21.79,42.44,80.54,0,1,0,1,2
36.36,69.61,6.04,461,13.0,35.31,0.062,694,86.97,65.76,60.71,1,0,0,0,2
34.67,174.29,8.97,382,10.8,33.81,0.028,664,38.31,63.72,93.54,1,1,0,1,2
33.19,63.49,8.99,267,7.93,43.05,0.092,677,67.45,14.8,50.93,1,0,0,1,2
29.33,282.51,6.5,132,2.65,32.21,0.195,181,42.02,24.06,67.23,1,0,0,1,2
37.63,136.55,8.0,92,13.38,3.03,0.137,928,68.78,72.97,85.43,1,1,1,1,2
33.4,146.55,7.21,460,9.01,41.69,0.129,437,66.66,63.36,41.94,1,1,1,0,2
30.58,25.37,7.82,115,4.96,34.53,0.119,975,89.04,89.75,27.7,0,0,1,1,2
40.07,299.17,6.09,233,10.29,30.15,0.124,206,87.79,15.62,40.18,0,0,0,1,1
40.42,255.76,8.81,402,8.62,39.47,0.083,569,38.35,52.22,34.17,1,1,1,0,2
23.68,291.92,8.28,295,3.37,0.44,0.031,906,46.1,36.94,30.93,1,1,0,1,2
28.88,202.2,6.19,100,4.04,44.91,0.155,165,89.17,23.94,17.45,1,0,0,0,2
34.09,241.14,6.41,485,11.37,15.18,0.062,939,41.89,53.91,17.4,0,0,0,1,2
40.56,17.09,7.26,264,4.29,17.35,0.109,971,82.16,87.6,38.25,0,0,0,0,2
44.74,266.86,7.11,218,8.27,23.54,0.131,843,58.65,85.44,42.53,0,1,1,1,2
28.21,136.2,8.29,317,12.84,44.49,0.164,389,65.42,62.14,54.07,0,1,1,1,2
33.82,111.65,7.99,485,3.58,42.74,0.033,450,37.5,26.46,84.31,1,1,0,1,2
44.25,171.38,6.43,205,5.03,46.94,0.179,75,64.54,86.06,81.63,1,1,0,0,2
25.51,65.46,8.62,486,9.07,37.58,0.125,937,83.41,66.46,77.52,1,1,0,0,2
28.78,28.13,7.46,497,13.38,47.23,0.122,314,39.05,91.76,52.13,0,1,0,0,1
23.86,146.18,7.29,400,10.45,46.76,0.075,237,86.2,25.36,12.74,0,1,0,0,2
32.76,184.54,8.73,201,11.28,6.17,0.125,925,64.09,49.44,85.53,0,1,0,0,2
31.23,71.24,6.15,480,11.28,45.75,0.038,666,33.88,44.18,82.13,1,0,0,0,2
23.14,231.83,6.71,220,12.28,41.75,0.185,341,25.29,11.72,84.42,1,1,0,0,2
25.86,103.53,6.09,114,5.53,2.07,0.127,272,72.27,27.31,36.61,1,0,0,0,2
32.66,105.12,8.74,163,13.56,0.51,0.143,104,47.75,49.21,81.5,1,0,1,1,2
27.83,254.86,6.27,303,12.01,46.77,0.037,719,56.23,27.86,24.84,0,1,1,1,2
26.82,102.43,7.35,289,4.27,0.25,0.012,72,80.09,77.85,62.01,0,1,0,0,0
38.93,16.68,6.02,459,12.38,12.47,0.143,982,90.77,90.6,91.83,0,1,0,1,2
26.79,57.18,6.55,377,9.25,43.16,0.164,468,78.79,57.83,35.92,0,1,1,1,2
34.9,130.15,6.49,376,6.68,17.76,0.009,363,78.64,69.28,93.84,1,0,1,1,2
36.43,269.52,7.2,344,13.31,4.14,0.051,191,28.36,61.92,51.76,1,0,0,1,2
25.37,20.17,7.78,448,10.4,30.85,0.173,107,28.26,25.53,61.12,0,1,0,0,2
40.47,295.07,6.78,222,11.38,12.0,0.029,542,24.22,72.28,51.21,1,0,0,0,1
26.32,173.29,7.08,404,10.94,3.82,0.179,207,49.0,82.51,39.54,1,0,0,1,2
31.67,144.64,8.52,365,4.19,6.98,0.115,508,50.77,51.32,37.3,0,1,1,0,2
43.34,205.16,7.59,25,13.25,15.59,0.05,570,72.51,97.4,60.6,1,1,0,0,1
30.44,34.91,7.84,490,2.53,34.67,0.13,915,64.05,46.29,85.03,1,1,0,0,2
29.34,76.6,6.32,287,11.0,26.58,0.108,932,25.61,45.57,26.36,0,1,1,1,2
21.05,125.75,6.5,236,10.52,4.79,0.064,782,78.52,96.23,29.84,1,0,1,1,2
42.91,190.62,7.89,482,3.1,15.74,0.009,884,54.28,75.83,84.2,0,0,0,1,1
33.51,253.4,7.29,3,11.22,25.02,0.087,782,58.72,56.27,37.76,1,1,1,1,2
20.98,81.6,6.02,400,10.36,16.22,0.047,978,47.66,70.4,82.49,1,0,1,1,2
39.58,79.78,8.97,2,13.97,9.56,0.092,529,29.63,94.47,26.31,0,0,0,0,2
27.68,163.94,7.25,411,3.57,28.27,0.088,585,91.84,17.57,45.38,0,0,0,0,2
36.54,180.73,6.49,98,4.82,41.51,0.19,902,30.84,30.83,88.16,1,0,1,1,2
21.27,11.82,7.72,17,12.3,36.56,0.189,952,82.99,37.58,13.62,1,1,0,1,2
44.35,163.26,6.83,282,8.79,37.57,0.026,886,63.99,14.55,48.35,1,0,0,0,1
25.61,67.82,8.45,324,3.08,9.66,0.01,174,89.66,17.52,29.0,1,0,0,1,2
32.31,132.63,7.0,227,10.33,27.64,0.043,20,84.43,78.41,23.85,1,0,1,0,1
29.03,122.54,8.04,452,11.93,29.24,0.068,33,35.47,67.74,33.38,1,1,1,0,2
27.43,69.0,7.23,69,12.5,39.53,0.028,287,85.95,45.73,24.07,1,0,0,1,0
36.78,81.19,6.24,297,7.33,25.23,0.023,489,83.51,69.35,62.0,0,0,0,0,1
31.69,185.82,7.23,129,9.43,33.27,0.1,15,36.12,94.1,72.02,0,0,0,0,0
39.49,4.86,8.46,94,7.65,24.61,0.039,558,36.83,78.88,32.77,1,1,1,0,2
23.15,293.75,8.02,492,3.62,7.59,0.178,181,68.25,71.43,61.78,1,1,1,1,2
39.21,67.88,8.08,295,5.89,33.06,0.13,302,24.8,21.79,64.54,1,1,0,0,2
38.35,102.4,7.44,321,6.94,6.32,0.006,521,26.53,33.27,12.51,1,1,0,0,2
33.7,52.39,6.89,158,11.67,19.89,0.161,612,66.15,60.75,55.03,1,1,1,0,2
35.02,102.29,8.75,331,3.81,42.58,0.198,21,62.04,72.8,91.02,0,1,0,0,2
36.99,283.78,6.89,479,11.08,4.08,0.185,660,70.7,63.41,11.46,1,1,1,0,2
36.63,166.97,7.03,287,11.76,46.21,0.092,555,71.98,19.31,46.18,1,1,0,1,2
22.96,0.01,8.14,272,8.65,7.41,0.018,799,88.09,96.19,60.92,0,0,1,0,1
33.72,113.99,7.82,218,4.88,4.75,0.063,854,26.48,84.68,97.91,0,0,1,1,2
21.65,267.4,7.39,382,5.92,15.29,0.081,924,88.76,63.31,72.52,0,0,1,0,2
36.67,35.87,7.72,275,11.04,43.64,0.1,101,27.4,80.23,70.63,0,1,1,1,2
32.3,238.95,6.7,455,3.51,48.17,0.022,25,43.85,35.01,79.44,1,0,1,0,2
44.39,142.25,6.2,266,9.65,41.0,0.008,426,41.74,45.93,63.87,0,1,1,0,2
44.43,163.43,6.41,430,6.38,32.05,0.093,920,76.03,79.34,40.36,0,0,0,1,2
38.31,277.23,8.93,380,10.43,16.57,0.135,74,94.45,70.85,37.65,1,1,0,0,2
39.75,95.39,7.74,312,6.53,3.1,0.068,163,33.28,15.5,54.94,0,1,1,1,2
43.53,261.8,7.36,216,6.98,19.36,0.132,575,56.6,45.73,50.98,0,1,0,1,1
23.38,59.29,6.54,440,9.22,29.09,0.08,819,43.79,24.63,70.81,1,0,1,0,2
37.45,64.47,6.13,177,12.46,28.85,0.069,978,43.64,57.7,71.06,1,1,0,1,2
24.3,263.63,7.68,250,7.19,29.78,0.016,303,45.53,52.29,55.22,1,1,1,0,1
39.79,274.74,7.08,89,5.32,47.04,0.025,441,99.02,39.31,45.47,1,1,1,1,2
31.74,126.8,8.99,29,10.07,24.06,0.162,629,69.43,40.77,88.65,1,0,0,0,1
34.17,105.46,7.83,486,6.57,2.73,0.12,682,56.75,77.69,91.5,1,0,0,1,2
31.03,59.82,6.79,97,11.6,27.73,0.165,133,57.29,50.08,11.31,0,1,0,1,1
24.12,124.54,6.04,432,8.86,9.24,0.012,726,83.02,35.5,85.35,0,0,1,0,2
35.63,3.7,6.43,265,4.43,19.34,0.01,622,88.38,95.72,89.52,1,0,1,1,2
31.86,2.2,6.08,135,8.89,28.3,0.176,827,40.65,20.22,92.58,0,1,1,0,2
42.57,157.47,7.35,265,13.35,42.11,0.059,984,94.95,98.56,81.68,1,1,1,0,2
24.15,17.73,8.07,452,13.39,7.13,0.076,845,42.87,70.52,25.29,1,0,1,0,2
39.15,124.1,7.96,219,6.02,8.85,0.02,322,97.42,59.49,96.68,0,1,0,0,0
24.24,15.29,7.85,337,10.13,27.35,0.095,830,82.53,49.33,66.5,0,0,0,0,1
28.12,206.19,8.88,44,4.7,19.97,0.082,886,68.98,11.5,27.53,1,0,1,1,2
38.29,111.64,7.57,179,12.4,2.98,0.138,609,72.18,51.37,70.82,1,0,1,1,2
21.48,189.84,8.31,172,3.6,7.94,0.19,84,54.72,21.48,46.82,1,0,0,1,2
38.27,210.22,7.77,76,9.13,28.78,0.032,312,35.91,38.35,30.21,1,0,0,1,1
26.36,141.91,6.13,346,5.13,34.75,0.113,798,35.66,56.19,21.75,0,0,1,0,2
42.8,18.28,8.08,449,5.46,0.32,0.099,248,39.41,18.22,38.68,1,1,0,0,2
34.35,18.27,6.09,447,8.61,20.37,0.104,701,71.37,34.8,54.51,1,0,1,0,2
27.9,188.09,8.43,24,11.0,45.65,0.114,914,33.17,26.31,81.16,1,1,0,0,2
34.85,176.9,6.2,360,2.98,4.39,0.034,541,77.19,62.11,11.31,0,0,0,0,2
29.69,259.04,6.93,153,13.19,1.01,0.031,819,76.56,69.63,82.69,0,1,0,0,1
20.47,220.78,6.63,104,12.56,2.46,0.046,520,31.01,10.08,91.29,1,0,1,1,2
30.41,106.97,8.74,72,11.12,15.63,0.082,790,69.63,82.34,17.54,0,1,1,0,2
42.16,45.41,6.46,275,6.72,6.54,0.134,12,54.25,66.88,75.35,0,1,0,1,1
25.16,93.98,7.91,213,6.86,13.46,0.04,143,84.97,84.27,81.56,1,0,0,0,0
23.58,197.31,7.92,29,6.07,3.12,0.097,231,84.99,17.42,64.0,0,1,0,0,1
43.16,261.39,8.36,35,3.76,34.52,0.189,284,46.25,14.84,70.24,0,1,0,0,2
27.65,19.11,6.53,188,3.65,47.62,0.066,183,38.85,94.92,88.41,1,1,1,0,2
40.08,295.97,7.79,199,10.13,12.62,0.175,757,44.57,87.37,96.35,1,1,0,1,2
24.86,246.17,8.03,416,4.27,36.02,0.102,382,58.18,81.38,98.31,0,1,0,1,1
30.06,140.64,8.12,316,6.36,43.96,0.145,662,68.96,37.57,39.35,0,1,0,0,2
41.56,69.92,8.09,189,13.3,14.91,0.155,351,66.61,99.59,92.04,0,0,1,1,1
26.39,158.27,6.51,81,7.29,44.0,0.101,764,53.27,15.68,45.71,1,0,0,1,2
41.73,159.02,7.4,444,11.42,9.79,0.164,633,73.88,22.36,34.92,0,1,1,0,2
36.52,223.91,6.93,472,7.22,46.03,0.069,616,65.66,53.08,87.59,1,0,0,1,2
32.82,84.42,8.47,156,3.44,3.38,0.145,960,38.55,73.5,37.69,0,1,0,0,2
38.6,213.3,6.7,438,2.43,49.72,0.047,598,80.02,34.71,66.22,1,1,1,0,2
38.48,205.95,8.45,464,12.34,43.3,0.002,761,62.8,13.39,82.73,1,1,0,1,2
26.99,234.75,8.66,304,12.29,4.87,0.141,845,88.7,39.33,95.86,1,0,1,1,2
42.6,20.59,8.98,181,4.89,11.68,0.014,82,54.25,15.53,30.15,1,1,0,1,2
44.44,242.36,8.21,41,3.28,47.67,0.012,758,99.5,38.32,70.66,0,1,1,1,2
37.95,85.08,6.98,481,12.91,9.51,0.164,476,29.49,25.47,52.89,0,0,1,1,2
31.0,144.86,6.64,475,11.23,46.74,0.182,888,84.24,98.27,64.53,1,0,1,1,2
43.81,226.36,7.34,95,10.29,8.38,0.062,484,86.39,68.93,47.01,0,1,0,0,1
30.04,237.94,6.66,96,2.48,13.7,0.191,43,97.57,76.12,72.96,0,1,0,0,1
37.65,151.11,8.49,335,13.78,19.08,0.155,153,81.44,66.57,66.99,0,0,0,0,0
38.64,247.78,8.09,42,2.83,16.74,0.063,735,94.1,65.73,84.23,1,1,0,1,2
26.05,127.8,8.9,494,5.6,32.14,0.12,552,62.09,78.34,74.14,1,1,0,1,2
31.81,113.47,7.55,12,6.12,34.19,0.005,446,66.06,86.83,75.28,1,0,0,1,1
25.05,163.65,6.62,96,3.08,45.54,0.001,888,39.64,83.11,40.86,0,0,1,1,2
34.54,214.41,6.72,401,12.61,27.7,0.107,273,78.31,37.13,63.94,0,0,1,0,1
22.87,1.15,7.51,375,9.17,44.04,0.01,78,59.94,29.49,88.54,1,1,1,0,2
37.29,78.53,7.87,479,7.87,17.58,0.182,272,43.94,48.78,38.1,0,0,0,0,1
40.82,295.73,8.37,117,9.48,37.08,0.161,188,79.59,50.14,11.8,1,1,1,1,2
34.59,139.26,7.86,147,4.24,37.47,0.109,89,67.71,53.62,12.42,1,0,0,1,1
33.28,118.73,7.84,107,7.7,44.9,0.105,780,69.46,71.26,70.01,0,1,1,1,2
21.34,6.63,7.07,204,9.96,41.95,0.11,595,88.56,94.48,54.31,1,1,1,1,2
30.46,92.82,8.81,237,2.82,44.87,0.024,523,87.37,65.27,39.32,1,0,1,1,2
34.6,62.1,8.55,356,11.32,42.38,0.036,191,86.21,76.59,81.01,0,0,0,0,1
27.16,155.42,8.24,376,8.72,42.9,0.133,546,44.5,33.86,72.66,1,1,0,1,2
33.31,246.49,6.3,450,5.63,26.62,0.113,515,33.97,73.67,74.06,0,1,1,0,2
23.1,36.42,8.16,261,4.3,33.33,0.125,894,39.91,46.71,35.17,1,0,1,1,2
40.33,77.24,8.32,361,7.23,32.92,0.088,980,84.41,22.32,16.27,1,1,0,0,2
27.2,217.41,8.51,188,7.7,16.82,0.184,377,23.97,66.12,15.68,0,1,1,1,2
28.43,53.88,6.84,38,7.8,21.46,0.015,824,56.55,86.11,20.28,1,1,0,1,1
29.45,294.35,7.4,278,2.44,2.64,0.167,476,77.53,59.28,94.94,1,1,0,0,2
29.83,185.01,8.58,245,9.85,17.51,0.123,541,49.34,18.95,78.99,0,1,1,1,2
41.63,180.24,8.1,323,12.18,34.26,0.058,953,80.62,35.37,38.62,1,1,0,0,2
32.14,273.84,7.83,413,2.77,15.87,0.044,615,64.74,56.33,18.96,0,1,1,1,2
29.42,180.96,6.24,484,6.73,42.55,0.069,150,66.54,78.97,46.58,0,0,0,0,1
42.48,187.05,6.39,177,12.14,23.82,0.134,923,74.11,37.09,26.56,0,1,0,1,2
25.64,184.99,6.12,220,7.4,12.63,0.089,486,36.73,21.73,28.32,0,0,1,1,2
34.14,6.3,6.1,395,6.59,15.09,0.007,520,63.07,92.19,44.92,1,0,0,1,2
43.38,225.43,8.82,367,11.76,4.96,0.086,180,46.57,73.07,78.88,1,0,1,0,2
39.95,221.56,6.19,82,4.91,10.17,0.191,862,71.42,74.59,97.9,1,1,1,0,2
30.86,260.86,6.54,418,8.51,32.68,0.055,973,51.5,64.74,50.01,0,1,1,1,2
21.46,89.98,7.42,166,9.96,5.91,0.191,855,66.66,89.59,23.66,0,1,1,0,2
30.48,210.33,7.23,198,5.08,46.7,0.026,381,23.07,43.14,98.11,0,0,1,0,1
42.75,215.18,7.75,366,10.61,22.18,0.188,477,50.88,97.0,72.74,1,1,0,1,2
32.01,20.63,7.65,311,10.72,43.7,0.044,245,64.62,14.91,97.47,0,0,0,0,1
31.74,257.36,6.91,401,4.11,25.66,0.143,18,57.73,30.47,24.96,1,0,1,1,2
28.58,296.44,7.46,460,2.63,22.51,0.051,986,98.7,14.52,18.7,1,0,0,1,2
24.61,11.81,6.07,68,2.23,9.44,0.083,295,54.27,12.44,80.52,0,0,1,1,2
42.33,129.85,7.61,377,5.01,25.48,0.182,70,46.87,65.36,93.42,1,1,0,1,2
31.32,83.61,8.88,119,7.67,16.22,0.19,18,52.4,99.89,14.95,0,0,0,1,1
23.86,131.87,7.53,54,2.89,5.77,0.174,183,97.32,95.02,40.14,0,0,0,0,0
20.15,243.21,8.85,390,8.84,30.51,0.188,328,21.14,33.19,50.49,1,0,0,0,2
44.89,86.25,7.61,80,12.59,4.85,0.011,920,88.27,54.85,64.29,0,1,0,1,1
37.37,154.55,8.97,267,3.6,42.59,0.163,278,50.76,41.23,48.86,0,1,1,1,2
39.85,172.95,7.03,75,10.47,9.38,0.15,521,40.87,10.82,68.35,1,1,1,1,2
44.17,171.36,8.59,166,12.47,12.21,0.09,478,77.44,43.48,18.32,1,0,0,0,2
41.68,73.2,8.9,34,8.6,25.7,0.138,166,97.33,49.91,38.89,0,1,1,0,1
26.84,220.94,6.15,67,11.86,6.95,0.149,350,59.28,38.87,27.3,1,1,1,0,2
30.28,133.41,7.73,121,11.44,20.26,0.001,251,50.47,54.64,10.7,1,1,0,1,1
26.96,118.63,8.06,325,12.13,23.02,0.044,213,74.17,20.71,16.2,0,1,0,0,1
26.35,263.31,6.27,87,4.87,10.68,0.082,969,20.59,55.82,22.54,1,1,1,0,2
30.46,133.32,6.91,175,5.8,13.34,0.101,295,27.32,77.19,11.13,1,0,1,1,2
25.81,190.69,8.98,76,6.91,16.47,0.139,473,55.53,22.33,87.6,1,1,1,1,2
42.74,255.54,6.16,312,9.95,30.48,0.183,352,51.74,48.81,61.24,0,0,1,0,1
32.96,216.66,6.52,393,9.58,25.94,0.01,586,55.94,36.68,93.67,0,1,1,0,2
21.32,133.85,7.66,38,13.13,43.39,0.142,90,69.69,37.16,90.98,1,0,0,1,1
20.97,149.86,8.29,288,7.5,26.44,0.007,165,26.82,87.96,54.93,1,1,0,1,1
30.8,299.71,6.66,15,3.25,7.28,0.175,349,73.35,34.04,91.96,1,0,0,0,1
38.56,192.93,6.95,492,2.59,12.87,0.027,564,30.68,44.8,83.9,0,0,1,1,2
32.67,171.65,8.8,181,9.67,17.05,0.2,2,83.13,64.26,68.88,1,1,0,0,1
25.58,122.37,7.04,65,2.78,41.09,0.129,704,61.14,58.53,32.96,0,0,0,1,2
34.71,63.8,6.29,125,10.42,22.97,0.011,257,57.09,80.58,95.22,1,1,1,1,1
43.29,101.47,8.74,386,7.73,17.76,0.137,345,77.23,34.13,38.41,1,0,0,1,2
20.99,179.3,8.61,350,13.67,49.15,0.099,833,73.66,83.91,32.02,0,1,1,0,2
41.93,72.95,7.65,319,6.01,12.71,0.126,852,80.8,14.39,85.94,0,1,0,0,2
33.66,27.41,8.27,284,10.73,43.48,0.038,548,24.56,62.9,85.63,1,1,1,1,2
34.32,245.85,6.98,72,5.41,49.74,0.193,540,78.82,66.31,62.27,0,0,0,1,1
25.15,105.74,6.38,301,5.67,37.96,0.124,598,70.27,26.57,19.51,0,1,0,1,2
35.46,234.44,8.11,86,11.71,33.64,0.099,535,42.89,67.64,38.27,0,0,1,0,2
34.49,49.95,8.14,330,4.61,31.06,0.01,844,36.94,22.98,78.31,1,1,1,1,2
23.67,193.78,6.7,399,8.89,17.54,0.167,729,44.76,50.32,46.49,1,0,1,1,2
27.37,106.36,7.69,314,7.49,12.95,0.176,160,28.28,69.09,91.63,0,1,1,1,2
31.32,283.71,8.03,0,7.63,3.55,0.164,35,31.51,19.42,48.06,0,0,1,0,1
23.26,193.03,6.59,180,8.54,4.34,0.047,465,48.33,69.02,58.35,0,1,1,1,2
35.72,79.83,6.12,84,7.17,25.53,0.028,478,99.33,24.73,72.26,1,1,0,0,2
44.64,206.0,6.73,467,5.3,11.18,0.171,593,50.63,66.76,48.71,0,1,0,0,1
39.05,280.85,8.82,336,13.43,11.97,0.125,995,25.38,34.12,92.1,0,1,1,0,2
26.43,215.82,6.08,348,5.59,22.89,0.019,230,38.8,68.71,46.47,1,1,1,1,2
20.42,272.87,6.81,57,2.08,40.27,0.015,886,73.03,96.89,92.42,1,1,1,0,2
23.39,293.23,8.89,31,10.81,26.09,0.043,28,85.28,44.05,17.96,1,1,1,0,1
35.74,124.85,6.5,299,3.65,2.72,0.004,757,24.53,20.83,62.27,1,1,1,0,2
41.07,133.77,8.13,255,13.8,18.04,0.151,285,25.66,42.54,58.13,0,0,1,0,1
40.4,129.62,8.39,185,12.69,40.68,0.143,522,70.4,47.56,22.99,1,1,1,1,2
41.84,70.94,6.63,254,4.07,31.1,0.176,878,96.78,86.64,87.74,0,0,0,1,2
23.6,2.59,6.06,25,7.22,26.26,0.04,412,53.81,74.63,49.84,0,0,0,1,1
40.33,176.53,6.63,132,7.28,3.47,0.116,132,40.66,88.03,70.23,0,0,0,1,1
25.11,188.04,7.08,38,8.09,22.08,0.026,897,93.34,82.07,50.6,1,1,0,0,1
32.31,57.69,7.39,412,5.0,41.59,0.093,537,62.64,66.84,58.86,0,1,0,1,2
22.48,186.89,7.34,182,4.65,8.23,0.081,780,94.69,93.93,21.27,0,0,1,1,2
41.38,107.63,7.89,402,3.31,48.29,0.035,132,97.16,36.05,53.17,0,0,1,0,2
30.32,30.14,7.53,292,4.98,49.4,0.078,355,99.68,82.05,86.11,1,1,0,1,2
25.17,277.52,7.1,432,13.59,17.08,0.068,214,99.84,87.23,46.71,0,0,1,1,1
38.55,9.45,6.36,345,12.79,31.19,0.027,832,52.03,95.24,46.58,1,1,1,1,2
42.44,272.33,6.26,243,4.59,40.69,0.043,301,84.41,86.51,36.02,0,0,0,0,1
23.75,161.27,7.73,93,6.8,49.14,0.107,522,31.44,11.26,61.02,0,1,0,0,2
40.57,3.98,7.63,348,10.56,40.91,0.133,536,60.26,78.86,53.68,0,0,0,0,1
24.31,261.72,7.84,408,3.01,32.15,0.153,993,70.15,32.79,82.33,0,1,0,1,2
32.55,136.49,8.26,199,8.25,33.46,0.163,883,53.44,86.8,87.05,1,1,1,1,2
26.57,262.43,6.39,497,2.19,30.81,0.192,991,83.11,31.03,67.53,1,1,0,1,2
41.84,38.04,8.6,89,2.53,14.46,0.09,473,76.03,78.3,19.52,0,0,0,0,2
43.4,154.06,8.85,397,8.35,29.22,0.159,439,57.75,54.13,86.21,0,1,1,0,2
28.33,147.58,7.72,218,12.9,30.23,0.106,920,28.55,31.5,95.44,0,1,1,0,2
31.52,92.13,6.11,271,12.53,14.52,0.016,802,55.78,96.9,43.96,0,1,0,1,1
31.44,227.86,6.62,91,9.97,11.88,0.098,102,47.1,60.74,28.45,1,0,0,0,1
41.31,59.46,8.62,301,11.85,21.44,0.038,796,30.13,26.07,54.37,1,1,1,1,2
43.59,292.95,7.13,287,2.42,6.36,0.183,136,72.71,99.02,33.85,1,1,0,1,2
22.84,1.18,9.0,286,12.38,30.14,0.146,402,32.1,35.62,43.84,0,0,1,0,2
21.94,5.41,6.31,387,10.39,5.6,0.17,882,57.31,42.55,19.76,0,0,0,1,2
24.2,153.68,7.46,482,13.92,8.74,0.135,834,24.03,15.66,26.86,0,0,0,1,2
38.08,40.82,8.51,187,13.08,0.79,0.146,68,40.37,54.01,46.67,0,0,0,0,1
23.55,15.85,7.88,336,12.04,25.6,0.105,66,90.59,61.45,39.85,0,0,0,0,1
32.48,33.04,7.17,157,11.63,39.4,0.059,261,40.55,18.33,19.08,1,1,1,0,2
20.05,191.6,6.42,273,12.11,10.47,0.015,379,20.1,90.46,56.95,1,0,1,0,2
43.17,145.11,6.95,219,2.61,24.83,0.025,455,39.48,93.85,19.44,1,1,1,0,2
34.14,4.59,8.34,6,10.49,9.52,0.073,475,23.78,25.88,96.03,1,1,1,1,2
32.58,147.98,6.01,363,4.09,18.94,0.169,239,48.33,47.75,45.16,0,0,0,1,2
25.53,218.76,7.5,114,9.28,8.34,0.159,883,27.31,60.12,90.27,0,1,0,1,2
22.89,116.59,6.11,283,9.96,41.81,0.043,393,57.84,56.77,27.15,1,0,1,1,2
21.27,259.07,7.02,491,9.66,17.5,0.186,769,56.22,85.2,96.55,1,0,1,1,2
35.17,254.84,7.62,236,8.75,38.11,0.143,288,55.56,22.75,19.22,1,0,1,1,2
27.57,223.38,8.89,462,5.84,43.4,0.176,763,73.76,73.19,43.46,1,0,1,1,2
20.54,189.36,6.49,135,7.32,18.81,0.073,863,68.09,86.37,89.98,1,1,1,1,2
27.91,102.66,6.58,204,8.93,32.39,0.006,759,76.62,42.4,16.91,0,1,1,1,2
36.72,94.62,8.05,393,2.63,1.88,0.143,629,41.38,47.94,18.5,1,1,0,1,2
39.06,270.09,7.99,290,9.74,32.55,0.165,707,86.02,88.14,47.27,1,0,1,0,2
44.98,52.6,6.03,54,11.31,22.34,0.09,456,56.66,95.05,70.62,1,0,1,1,2
26.01,140.94,7.37,283,11.61,31.61,0.101,544,86.42,69.76,40.45,1,1,1,1,2
25.23,11.83,8.22,30,13.37,2.68,0.021,652,62.4,12.51,32.2,0,0,1,1,1
33.93,222.79,6.84,497,7.12,32.44,0.145,288,75.47,99.16,35.01,1,0,1,1,2
31.02,257.09,8.05,122,11.56,29.15,0.192,207,91.09,39.62,38.31,0,0,0,1,1
21.19,105.67,8.57,400,3.51,15.55,0.177,607,93.23,78.57,55.46,1,1,0,1,2
21.46,78.68,7.31,317,10.76,19.36,0.157,893,67.26,74.93,94.72,1,0,1,0,2
39.37,168.64,7.66,136,13.45,43.71,0.142,789,21.68,75.06,12.92,0,0,1,1,2
44.22,145.26,6.19,53,9.25,2.48,0.019,317,59.93,64.05,15.62,0,0,0,1,0
37.13,294.57,8.07,157,13.39,13.4,0.162,913,88.16,42.09,33.53,0,1,0,0,1
25.49,134.73,8.39,488,10.57,46.23,0.103,743,63.21,77.47,75.48,0,1,0,0,2
30.15,291.13,6.34,239,13.41,19.18,0.085,688,42.16,15.92,73.54,0,0,0,1,2
31.09,267.39,7.23,390,4.66,39.02,0.04,224,98.67,85.7,13.24,0,0,1,1,1
33.99,83.8,7.05,228,2.63,39.14,0.169,454,27.27,86.92,66.75,0,1,0,0,2
33.43,221.17,7.88,28,11.51,9.35,0.013,592,78.38,76.19,17.2,1,0,0,1,1
25.82,34.65,6.98,25,2.9,12.52,0.134,668,24.91,74.31,66.11,1,0,0,0,2
28.41,155.71,8.94,224,8.71,25.14,0.029,91,80.02,38.56,53.53,0,1,0,1,1
20.65,85.56,7.66,365,11.06,47.76,0.048,597,68.63,46.3,70.88,1,1,1,1,2
22.92,196.8,7.02,153,8.75,0.29,0.016,227,70.95,97.73,84.3,1,1,0,1,1
43.14,150.91,7.99,65,10.87,4.33,0.134,557,47.18,74.71,35.83,0,0,0,1,1
24.43,208.54,7.85,368,10.99,13.62,0.024,155,81.53,91.17,50.17,0,0,0,1,0
25.31,156.04,7.42,329,3.55,26.84,0.187,554,35.63,17.81,64.49,0,1,0,1,2
33.26,198.84,7.77,78,8.02,36.27,0.023,252,72.15,80.15,79.05,1,1,1,1,1
21.78,103.7,8.23,454,6.94,6.92,0.133,145,95.83,16.24,51.08,0,0,0,0,1
30.18,203.3,6.68,298,7.94,44.74,0.054,782,41.05,75.19,27.06,0,1,1,0,2
24.95,131.41,7.23,1,4.87,20.9,0.05,933,25.25,75.65,60.37,1,0,0,1,2
29.7,238.79,6.92,323,5.98,37.22,0.03,285,42.33,68.17,88.6,0,1,1,0,1
34.28,182.24,7.57,437,8.66,26.38,0.131,496,80.19,11.59,56.53,0,1,1,0,2
27.43,204.52,6.62,137,11.48,10.89,0.135,861,42.71,53.41,74.76,0,1,0,1,2
29.56,91.36,6.07,454,6.55,15.14,0.092,560,83.88,34.04,32.01,1,1,0,1,2
32.45,131.6,6.65,361,12.28,20.76,0.018,637,39.49,52.17,63.22,0,0,0,0,1
38.64,10.55,7.73,213,6.05,4.49,0.192,797,57.93,10.37,10.99,1,1,1,1,2
36.61,212.64,6.53,252,4.86,46.92,0.034,466,83.2,67.54,86.81,1,0,1,0,2
30.85,224.28,9.0,324,5.45,27.89,0.061,70,33.94,96.66,25.8,1,0,1,0,2
31.63,18.96,7.79,187,3.97,14.26,0.159,348,64.78,56.81,64.97,1,1,1,1,2
32.78,242.01,6.15,203,7.16,14.36,0.147,540,45.02,62.93,22.45,0,0,0,0,2
34.97,82.32,7.2,342,13.26,40.25,0.17,353,52.82,39.97,21.25,0,0,0,1,2
26.49,76.4,8.99,108,3.18,26.34,0.011,650,70.23,42.87,58.19,1,0,0,0,1
43.95,247.28,7.69,433,11.29,2.6,0.003,19,84.6,55.78,14.92,1,1,1,0,1
34.94,242.83,8.4,289,13.7,48.29,0.043,129,24.79,56.58,21.2,0,0,1,1,1
41.32,116.29,6.97,329,12.85,7.83,0.073,378,73.64,36.0,62.7,1,0,1,1,2
38.63,154.34,6.99,158,7.0,22.44,0.12,845,88.41,48.87,44.75,0,0,0,0,1
22.68,152.45,8.21,152,12.92,31.69,0.014,789,89.83,83.31,31.05,1,0,0,0,1
27.87,91.92,6.46,76,8.04,4.15,0.124,693,46.29,35.64,53.05,1,1,1,1,2
37.6,8.94,6.03,329,5.86,23.27,0.189,842,94.93,19.57,85.78,0,1,0,0,2
32.77,143.11,8.5,269,7.9,44.81,0.161,681,84.12,57.65,53.34,0,0,1,1,2
35.72,228.85,8.3,341,4.77,40.1,0.17,701,92.27,16.27,15.24,1,0,0,0,2
29.49,226.52,8.02,171,9.38,20.6,0.187,751,33.77,86.55,89.01,0,0,0,0,1
29.56,84.54,8.17,409,5.85,4.68,0.085,274,24.28,50.11,14.44,1,0,1,1,2
38.93,91.69,7.78,141,10.08,2.35,0.113,912,90.58,23.23,73.98,0,1,1,1,2
26.07,272.51,6.28,124,11.83,17.99,0.108,176,76.21,96.04,57.82,0,1,0,1,1
36.05,89.45,6.38,205,12.83,42.52,0.083,270,35.91,64.15,15.46,1,0,1,1,2
30.9,224.6,8.48,437,3.59,33.61,0.102,32,94.79,85.15,85.83,0,0,0,0,1
31.77,47.21,6.09,115,11.63,17.44,0.139,309,94.28,62.18,70.03,0,1,0,0,1
35.54,11.64,6.56,112,6.42,34.5,0.077,270,62.68,10.02,31.71,1,0,0,0,1
40.15,83.9,6.57,278,2.25,1.82,0.181,922,48.51,77.29,59.56,0,1,0,0,2
39.82,181.14,7.48,426,10.79,30.84,0.001,754,73.34,35.59,62.72,0,0,1,0,2
40.9,79.49,7.35,228,12.36,13.3,0.118,10,71.68,23.55,93.94,0,0,1,1,1
20.51,61.56,7.46,327,11.95,15.13,0.094,520,59.24,20.78,82.24,1,1,0,1,2
42.77,282.99,7.56,171,7.24,31.69,0.09,398,22.74,54.78,23.94,0,0,0,1,1
30.81,186.95,6.22,361,11.67,2.91,0.184,736,64.54,76.45,40.2,1,1,0,0,2
32.1,194.43,6.06,87,8.29,14.15,0.008,410,27.27,93.09,72.04,0,0,1,1,2
34.81,250.67,6.13,293,5.31,48.39,0.064,973,96.72,65.21,33.55,0,0,1,0,2
26.12,264.45,7.25,157,4.54,5.25,0.138,724,61.37,91.73,82.39,0,0,1,0,2
34.3,272.24,6.37,299,11.41,29.2,0.016,672,25.64,35.03,39.21,0,1,0,1,2
31.52,201.39,6.49,287,2.06,45.89,0.039,798,73.52,21.37,95.12,0,0,1,0,2
26.62,280.08,8.16,375,12.69,25.28,0.015,799,81.6,19.36,96.61,1,1,1,0,2
40.57,155.5,7.39,243,5.45,36.85,0.014,209,70.34,72.94,74.0,0,0,1,0,0
31.46,78.72,6.73,12,11.81,17.31,0.162,121,27.75,52.85,99.25,1,1,1,1,2
32.54,70.09,7.23,60,5.78,24.27,0.096,322,67.41,44.19,55.17,1,1,0,0,1
32.16,151.48,6.53,358,12.64,13.15,0.045,270,94.6,95.26,43.21,1,0,1,1,1
22.82,280.2,6.55,374,7.26,38.02,0.084,742,56.51,25.37,34.05,1,1,1,0,2
35.29,169.72,8.14,243,2.14,27.43,0.195,12,30.53,37.2,90.56,1,0,0,1,2
22.75,284.23,7.27,207,2.88,38.23,0.057,186,47.08,52.61,65.19,0,1,1,0,2
30.85,245.83,8.72,198,9.2,34.77,0.165,733,73.48,87.65,24.66,1,1,0,0,2
42.86,79.59,8.71,73,6.74,12.7,0.196,729,77.63,50.0,33.07,1,0,1,1,2
20.01,241.77,6.24,174,2.58,22.4,0.089,889,45.66,96.75,67.74,0,1,1,1,2
41.88,90.44,6.28,256,13.91,32.95,0.01,460,31.24,66.03,28.7,1,0,0,1,2
27.09,284.53,8.53,68,13.54,27.37,0.013,256,32.86,98.04,24.27,1,0,0,1,1
35.98,38.71,7.29,419,6.48,33.5,0.014,433,86.64,36.78,81.04,1,0,1,1,2
33.16,90.98,7.09,229,10.02,48.63,0.121,737,55.42,95.4,32.14,0,1,0,1,2
37.57,20.4,6.58,73,9.94,11.82,0.02,414,37.22,87.55,94.8,0,0,1,0,1
25.85,14.93,6.81,246,13.53,7.13,0.102,949,75.51,54.04,56.13,1,0,0,1,2
31.77,211.99,8.82,36,9.75,0.68,0.032,980,33.48,78.44,98.64,0,1,1,0,2
41.88,211.35,7.36,355,6.68,9.73,0.146,596,59.46,62.12,27.02,1,0,1,1,2
35.83,29.85,7.81,312,5.16,8.18,0.073,652,67.1,18.03,48.79,1,1,1,0,2
34.03,206.23,6.98,288,12.74,1.21,0.07,390,71.99,12.22,82.92,0,1,1,0,1
21.54,48.75,8.69,133,10.28,15.07,0.125,779,65.79,46.41,42.73,1,0,1,0,2
44.27,52.71,7.79,89,7.21,17.79,0.103,978,58.82,58.91,37.43,0,0,1,1,2
37.85,58.87,8.07,27,6.99,23.46,0.074,784,78.74,14.96,89.91,0,1,0,0,1
24.59,129.5,8.45,0,12.76,10.54,0.046,416,22.81,92.06,79.78,0,1,1,0,1
43.89,231.63,8.53,232,5.07,32.54,0.023,212,91.41,51.28,70.93,0,0,0,0,0
27.27,295.12,8.88,146,13.96,42.28,0.122,890,49.46,43.61,44.52,0,1,0,0,2
35.35,100.24,8.45,197,5.7,1.0,0.117,864,59.77,70.07,11.15,0,0,0,0,1
28.57,41.47,7.32,86,10.6,12.48,0.176,247,96.91,63.93,82.67,1,0,1,0,1
28.42,170.84,8.58,311,9.24,25.18,0.173,636,73.5,58.86,84.96,0,0,0,1,2
33.92,283.91,7.24,53,12.6,28.07,0.037,527,99.64,12.03,20.16,0,1,1,0,1
27.13,71.76,8.36,130,5.9,36.06,0.132,527,78.29,41.94,65.14,0,1,1,0,1
36.01,77.83,6.25,146,12.03,7.43,0.091,447,76.1,81.01,41.59,1,0,0,0,1
24.8,18.36,7.77,489,10.98,48.07,0.092,88,40.21,84.67,73.35,0,1,1,1,2
36.55,139.46,7.89,492,10.11,27.13,0.047,639,84.85,76.2,69.74,1,0,0,0,1
32.51,268.23,8.76,31,5.3,36.66,0.019,627,63.38,23.33,77.17,1,1,1,1,2
34.52,214.32,8.75,435,10.81,18.56,0.144,8,29.61,58.11,70.76,1,1,1,0,2
33.05,22.25,6.58,438,2.57,42.51,0.2,832,99.22,28.85,11.06,0,1,0,0,2
36.7,53.0,7.74,32,12.97,42.03,0.17,847,90.47,82.52,64.23,0,0,1,0,1
41.02,141.86,6.12,28,5.85,37.22,0.194,344,35.16,70.88,18.3,0,0,0,0,1
37.03,111.86,6.44,209,12.81,37.53,0.098,16,62.19,89.77,85.41,0,0,0,1,1
22.61,38.62,7.67,137,7.4,16.63,0.088,639,37.03,78.04,67.62,1,1,0,0,2
37.14,233.7,6.06,122,2.88,40.62,0.15,464,35.19,19.92,74.92,0,0,1,0,2
38.15,252.55,6.9,29,6.29,13.87,0.129,833,86.86,47.36,78.84,1,0,0,1,1
44.36,295.9,7.54,9,10.99,48.23,0.015,982,94.36,25.52,62.17,0,1,0,0,1
32.48,81.69,6.51,315,5.67,41.89,0.014,888,31.32,89.42,62.42,0,0,0,0,1
41.12,269.27,6.79,76,13.96,37.54,0.129,781,75.59,81.62,40.62,1,1,1,0,2
20.4,27.6,6.98,315,5.35,29.09,0.011,278,37.86,93.01,48.33,0,0,1,1,1
43.27,1.6,8.24,476,13.14,2.74,0.084,720,94.69,58.81,57.47,1,0,1,0,2
40.25,26.27,7.9,468,8.2,36.35,0.116,23,68.3,24.75,76.24,1,0,1,1,2
34.99,51.38,8.22,65,13.06,6.43,0.089,163,30.26,48.28,32.25,0,1,1,0,1
42.04,267.55,6.59,14,2.97,28.86,0.187,568,98.61,57.51,80.91,0,0,0,0,1
28.47,140.99,8.57,284,5.89,16.71,0.005,466,70.44,77.46,49.36,1,1,1,1,2
27.21,191.54,6.86,6,7.87,17.1,0.185,252,74.31,45.28,33.72,0,1,1,0,1
43.35,61.02,6.44,453,3.97,11.68,0.053,143,84.05,50.85,70.35,0,1,0,0,2
44.77,74.29,7.52,154,2.25,11.15,0.011,827,58.5,51.36,42.63,0,1,1,0,2
36.33,21.11,7.89,17,6.57,20.59,0.146,244,88.38,93.66,26.58,1,0,1,0,1
30.13,37.66,8.44,165,8.34,33.09,0.041,85,75.35,44.48,88.22,1,0,1,0,1
21.68,139.41,8.46,383,4.74,43.32,0.007,812,21.09,37.29,72.82,0,1,1,0,2
32.39,126.34,7.23,332,9.94,44.1,0.082,734,35.85,10.83,66.45,1,1,1,1,2
24.84,103.75,7.07,134,9.2,38.82,0.15,295,91.37,58.2,58.92,1,1,1,1,1
36.18,13.43,6.16,394,3.13,25.63,0.113,204,85.81,28.9,45.47,0,0,1,1,2
23.76,151.07,8.4,371,10.49,24.15,0.179,869,59.24,33.19,89.64,1,0,0,0,2
26.73,240.94,6.13,242,5.71,14.62,0.162,603,59.38,89.26,47.16,0,0,0,0,1
20.06,73.44,8.04,342,7.67,32.18,0.022,838,76.97,26.06,17.16,0,0,1,0,2
41.33,259.05,8.32,480,3.14,36.41,0.065,887,22.99,50.06,20.18,0,0,0,1,2
42.22,14.5,7.69,181,12.82,8.2,0.076,747,97.51,99.27,81.08,0,0,1,1,2
24.28,23.69,8.08,37,12.73,26.49,0.134,859,99.98,31.97,78.7,1,0,1,1,2
44.55,269.37,6.39,54,5.3,1.64,0.084,665,38.72,17.59,33.33,0,0,1,0,2
42.87,105.6,7.23,296,10.78,35.46,0.04,220,80.3,50.25,37.88,1,1,0,0,1
40.97,89.3,7.98,94,9.86,11.42,0.055,513,64.79,96.5,66.47,0,1,0,0,1
37.63,220.63,6.91,138,3.15,46.13,0.114,439,25.0,83.9,18.31,0,0,1,0,2
36.82,252.91,7.2,235,10.12,38.61,0.095,542,41.76,75.06,28.56,0,0,1,1,2
34.73,136.33,8.24,161,11.91,11.38,0.105,837,24.76,64.98,44.04,0,0,0,0,1
41.28,233.16,6.81,485,6.16,48.65,0.196,191,95.37,89.91,19.2,0,1,0,0,1
26.78,141.48,8.13,248,3.35,35.29,0.182,318,84.11,45.79,40.27,1,0,0,1,1
33.8,189.53,6.77,125,6.76,46.9,0.031,577,58.49,40.0,50.42,1,0,1,0,1
30.37,219.82,8.06,86,5.39,27.76,0.146,777,49.58,53.75,38.24,0,1,0,1,2
22.64,204.92,7.98,96,6.99,42.52,0.046,757,89.01,49.9,62.73,1,1,0,1,1
42.63,24.91,6.57,253,3.36,12.38,0.161,331,51.11,14.27,82.11,0,1,0,0,1
32.37,222.69,8.31,13,3.51,39.32,0.004,621,52.66,35.24,75.8,1,0,1,1,2
33.25,87.0,7.89,138,13.82,1.44,0.068,413,30.15,94.03,88.06,0,1,0,1,1
35.21,291.27,7.12,341,2.76,19.81,0.193,661,52.33,88.78,47.39,0,0,1,1,2
33.78,212.6,6.34,378,13.05,16.05,0.05,818,73.78,27.71,90.61,1,1,0,1,2
32.49,260.98,6.38,365,11.4,48.14,0.025,94,77.76,94.4,18.21,1,0,0,0,1
22.7,296.01,7.86,27,11.63,24.32,0.06,891,92.78,98.42,27.82,0,0,1,0,1
41.71,88.41,6.01,92,13.95,14.44,0.03,582,36.38,40.13,39.73,0,1,1,0,2
37.38,36.08,6.69,373,5.8,33.87,0.058,215,65.36,71.52,10.26,0,1,0,0,1
30.16,231.31,7.31,0,2.7,15.27,0.032,723,98.48,93.39,90.83,1,0,1,1,2
22.65,206.59,8.94,404,10.8,43.56,0.039,774,39.94,40.77,25.14,0,1,0,0,2
39.04,127.02,6.01,343,7.42,39.85,0.118,765,55.42,32.79,91.83,1,1,1,1,2
20.13,98.42,7.98,321,6.94,16.65,0.134,292,73.42,13.65,45.17,0,1,1,1,2
37.9,61.27,6.74,447,12.32,12.59,0.196,824,46.21,28.92,54.79,0,1,1,1,2
20.87,95.96,7.79,459,6.38,30.57,0.139,181,85.24,54.53,22.04,0,0,1,1,1
24.09,10.09,6.42,236,2.32,16.78,0.195,655,77.83,82.93,81.72,0,1,0,1,2
36.81,269.26,7.34,19,10.32,3.55,0.038,764,86.91,84.72,96.05,1,1,1,0,1
20.51,143.82,7.54,341,4.58,2.02,0.04,805,99.45,78.25,81.43,0,1,0,1,2
36.0,258.08,8.84,251,5.58,43.35,0.149,491,24.74,19.49,26.62,1,1,0,1,2
37.79,63.28,8.02,151,12.84,43.21,0.093,573,34.17,48.58,21.4,1,1,0,0,2
27.11,51.0,7.01,340,11.42,41.08,0.111,730,22.13,11.12,89.18,1,0,1,1,2
41.8,29.42,7.31,271,2.59,42.62,0.11,779,86.67,41.32,90.29,0,1,0,0,2
44.99,252.99,7.09,79,7.44,25.86,0.153,165,97.43,87.67,50.39,0,0,0,1,0
37.23,182.31,7.61,241,6.66,8.54,0.045,226,32.85,40.66,39.16,1,0,0,1,1
40.74,168.71,8.01,91,6.0,29.75,0.018,134,81.34,97.26,77.16,0,0,1,0,0
34.44,107.34,6.83,303,13.48,24.95,0.186,556,87.7,42.07,84.92,1,0,0,0,1
21.66,0.48,7.57,195,13.77,17.51,0.09,827,96.42,89.9,38.64,0,1,0,0,1
29.46,141.95,7.89,25,2.14,6.52,0.062,50,75.84,10.14,88.44,0,0,1,0,1
21.16,79.87,7.49,27,4.96,22.5,0.004,474,73.54,16.46,77.26,0,0,1,0,1
26.5,176.31,6.78,141,12.3,5.87,0.157,134,91.72,67.26,75.76,0,0,1,1,1
38.47,59.35,8.53,143,5.96,48.11,0.18,496,62.61,67.49,95.8,0,0,0,0,1
35.28,289.22,6.29,299,5.38,22.18,0.034,231,77.7,70.94,57.03,1,0,0,0,1
29.8,147.0,6.33,23,13.19,36.03,0.153,326,81.12,11.62,94.08,1,1,0,1,2
42.47,282.34,8.6,256,13.74,49.71,0.111,390,21.78,88.22,59.87,0,1,1,1,2
36.63,207.26,8.36,272,9.15,45.8,0.058,340,90.73,50.69,87.15,0,0,1,1,1
30.35,145.02,6.79,14,12.15,22.62,0.085,468,72.91,19.7,53.88,1,0,0,1,2
29.79,186.57,8.91,142,2.22,27.85,0.157,184,32.17,25.9,35.68,0,1,1,1,2
36.54,245.09,6.38,87,9.91,19.9,0.103,51,84.21,86.11,20.4,1,0,0,0,1
28.94,19.77,6.5,297,10.15,3.35,0.119,26,40.56,69.77,47.74,0,0,0,1,1
39.8,87.82,6.24,259,12.8,22.41,0.055,335,55.52,25.72,27.88,1,0,1,0,2
26.7,98.64,7.98,392,2.74,13.5,0.154,328,28.47,11.68,82.42,0,0,1,0,2
39.94,161.38,6.93,411,2.11,20.14,0.181,954,20.69,93.48,15.97,0,1,0,0,2
20.03,149.13,8.26,29,3.86,22.58,0.082,398,26.36,53.92,23.93,0,0,0,0,1
30.59,171.49,8.71,461,13.4,47.92,0.02,270,71.52,19.2,86.01,1,0,0,0,2
35.91,250.23,8.4,88,12.35,14.17,0.137,110,39.21,90.51,58.83,0,1,0,0,1
33.89,284.11,7.51,394,9.25,41.36,0.085,100,63.73,59.81,54.68,1,0,1,0,2
34.71,122.32,7.95,43,6.95,11.39,0.117,161,55.26,53.11,90.73,1,1,1,0,1
32.13,292.13,6.02,436,7.98,27.71,0.112,677,33.74,68.84,12.29,0,1,1,1,2
32.81,163.77,6.1,54,5.91,7.18,0.142,667,51.91,91.4,99.9,0,0,1,0,1
29.87,205.97,7.25,21,3.04,11.15,0.038,299,21.96,81.16,11.07,1,1,1,0,2
29.41,18.95,8.74,331,8.88,46.4,0.166,101,38.98,33.64,55.4,0,1,0,1,2
21.69,217.07,8.42,59,10.61,41.65,0.149,914,87.62,57.29,72.24,0,1,0,1,1
27.83,226.1,6.66,224,13.31,41.61,0.125,944,37.18,42.04,35.57,0,0,1,1,2
26.3,136.25,7.16,70,7.77,22.4,0.024,12,67.26,63.94,47.69,1,0,1,0,0
32.91,151.42,6.45,450,7.77,46.58,0.142,171,35.72,32.63,25.62,0,1,1,0,2
25.76,98.27,6.63,303,10.84,5.68,0.161,158,91.89,24.8,82.37,0,0,0,0,1
29.96,51.05,6.76,486,7.89,1.85,0.107,5,30.11,97.63,30.76,1,1,1,0,2
23.58,257.37,6.93,364,7.23,22.61,0.003,617,78.58,17.9,70.14,0,1,0,1,1
23.52,214.99,7.31,111,2.28,25.02,0.097,57,58.13,78.73,33.24,1,0,1,1,2
37.17,252.41,7.24,132,8.26,7.77,0.133,198,52.16,86.12,41.16,0,0,1,1,1
34.65,107.17,7.73,450,4.84,31.37,0.06,215,25.79,89.07,37.17,0,1,0,0,2
29.79,78.63,7.03,331,9.86,0.41,0.156,364,23.35,55.28,62.58,1,0,0,0,1
34.34,256.09,6.73,24,2.99,6.31,0.037,681,72.58,49.51,14.04,0,0,1,0,1
20.72,206.95,7.45,45,13.93,21.0,0.122,941,69.76,55.52,83.54,1,1,1,1,2
20.32,208.57,7.25,2,7.42,34.59,0.127,510,30.72,70.44,10.39,0,1,0,0,1
22.37,99.9,7.12,140,11.81,46.66,0.188,96,45.57,82.94,72.07,1,1,1,0,2
27.77,29.9,6.82,417,4.1,42.44,0.06,883,31.2,38.99,62.07,0,0,0,1,2
29.13,273.78,8.34,83,6.36,26.57,0.174,284,70.3,59.84,98.78,1,0,1,1,1
41.81,64.69,6.25,94,3.73,48.73,0.121,12,65.67,57.44,13.44,0,0,1,0,2
23.94,178.3,7.78,133,12.17,17.84,0.022,140,38.19,25.42,70.08,1,1,1,1,2
22.2,268.06,7.17,33,11.07,48.22,0.023,429,94.34,37.31,87.75,1,0,0,0,1
26.14,173.09,6.82,348,4.04,38.09,0.155,508,45.81,68.04,86.63,1,1,0,1,2
26.61,155.85,7.35,249,13.45,38.76,0.161,136,78.9,61.42,16.01,0,1,0,0,1
26.87,23.89,7.29,488,10.33,32.27,0.137,391,46.63,77.94,68.38,1,1,0,0,2
20.28,208.95,7.13,171,10.26,25.63,0.092,924,36.3,40.63,52.89,1,0,1,0,2
24.13,293.31,6.32,57,2.57,2.06,0.05,368,54.88,66.7,40.65,0,0,1,0,1
32.45,173.86,6.86,205,7.5,32.97,0.183,922,81.64,65.51,63.88,0,0,1,0,1
39.87,33.86,7.6,466,8.21,19.1,0.113,677,49.45,21.26,13.73,1,1,1,1,2
34.01,6.52,7.56,305,3.29,42.31,0.147,521,98.77,22.44,48.68,1,1,1,1,2
36.59,146.95,7.55,475,13.44,25.84,0.164,694,28.93,85.58,99.75,0,0,0,1,2
43.54,213.34,6.89,98,13.07,42.63,0.155,475,78.96,26.02,84.22,1,0,1,0,2
29.12,257.3,6.8,412,7.07,25.86,0.074,966,77.48,57.09,14.06,0,0,0,0,1
38.65,238.4,8.24,302,5.95,6.91,0.08,4,84.2,13.72,44.1,1,1,0,1,2
35.04,262.15,6.36,115,5.47,4.31,0.187,451,81.73,57.04,24.23,0,1,0,1,2
28.77,279.16,8.4,325,4.67,35.87,0.189,92,84.22,31.5,13.76,0,1,1,1,2
30.05,193.17,7.65,302,12.67,23.39,0.131,940,96.87,90.37,74.73,1,0,1,1,2
43.48,75.0,7.61,187,8.25,13.43,0.155,96,83.67,52.76,81.4,0,1,1,1,1
33.35,178.78,6.09,20,10.81,20.55,0.071,872,25.04,85.07,80.61,1,1,1,1,2
40.46,192.26,6.93,124,13.19,30.25,0.132,804,64.55,19.74,94.0,1,1,0,1,2
32.41,83.1,7.6,327,5.25,14.28,0.054,900,22.42,79.36,65.96,1,0,0,1,2
34.76,280.4,6.03,2,7.15,20.39,0.023,208,73.76,51.35,99.26,0,0,0,0,0
44.61,249.53,7.41,446,13.21,40.49,0.167,666,86.28,58.4,23.77,1,0,1,0,2
41.92,37.82,8.63,205,13.19,3.8,0.1,381,94.14,43.78,31.74,1,0,0,0,1
20.09,189.41,7.79,485,8.44,45.54,0.169,620,70.76,57.94,45.33,0,1,1,1,2
31.29,150.43,7.56,255,6.61,36.84,0.095,2,80.6,30.12,15.01,1,0,1,1,2
35.63,101.59,6.38,235,6.02,34.77,0.14,213,31.13,31.33,50.32,0,1,0,0,2
33.36,249.78,7.21,278,4.98,15.21,0.154,114,80.59,42.12,99.06,1,1,1,0,2
39.31,130.4,6.99,119,11.73,2.24,0.059,644,96.59,38.63,29.77,1,0,0,0,2
25.62,22.98,8.43,131,5.48,27.06,0.005,837,91.46,56.2,84.28,1,0,1,1,1
41.02,193.1,7.83,55,6.85,11.08,0.102,173,57.38,61.63,50.03,1,0,0,0,0
20.45,162.35,6.27,416,5.18,24.75,0.169,583,25.13,26.16,78.9,1,1,1,0,2
29.93,80.61,7.04,95,10.5,18.39,0.111,692,59.44,80.72,95.28,0,0,1,1,1
35.41,149.66,8.97,386,4.19,47.12,0.151,262,34.26,91.41,40.66,0,1,0,0,2
33.25,41.33,7.11,220,9.59,48.8,0.062,621,47.51,72.45,89.58,0,1,0,1,2
26.28,181.26,8.64,56,9.81,42.81,0.022,217,38.27,84.0,36.6,0,1,0,1,1
34.65,53.88,8.21,297,8.24,41.51,0.084,663,24.0,16.25,82.24,1,1,0,1,2
35.38,132.95,7.9,41,2.6,43.68,0.015,281,65.13,68.85,93.04,0,1,0,0,0
24.46,295.93,8.15,198,8.42,43.83,0.182,66,73.18,40.52,16.35,1,0,0,0,1
22.36,190.13,6.86,125,2.11,23.03,0.098,175,51.66,26.23,85.74,0,0,0,1,1
20.31,28.8,6.89,355,4.39,25.42,0.031,952,24.21,15.34,37.48,1,0,0,0,2
39.25,42.47,8.5,326,13.09,27.45,0.117,304,98.74,12.73,99.87,0,1,1,1,2
21.49,82.0,8.77,426,10.41,14.53,0.059,940,66.09,72.68,24.82,1,1,1,1,2
29.65,214.26,6.21,381,7.71,2.23,0.194,153,30.78,23.58,81.34,1,1,1,1,2
30.95,106.5,6.22,265,6.56,43.56,0.133,542,26.07,69.56,50.34,1,1,1,1,2
26.47,214.67,8.16,324,8.15,18.01,0.093,583,29.68,25.18,38.42,0,1,0,1,2
29.91,23.35,7.12,377,3.35,14.56,0.123,972,80.24,19.57,17.41,1,0,1,1,2
32.58,191.3,6.89,238,6.18,8.96,0.129,452,66.71,28.88,16.67,1,0,1,0,2
22.38,285.16,8.94,208,6.54,23.18,0.018,433,23.15,62.88,15.55,0,0,1,0,2
27.62,246.76,6.66,83,7.63,36.02,0.106,445,40.33,54.16,96.95,1,0,1,0,2
29.08,139.35,8.94,1,13.87,47.45,0.016,253,32.45,30.46,30.31,0,0,0,0,1
36.77,180.76,6.21,220,4.24,17.3,0.07,683,32.75,13.97,45.46,0,1,1,1,2
40.67,29.4,8.11,474,10.8,31.87,0.129,92,71.4,34.76,55.64,1,0,1,0,2
40.97,174.65,6.75,349,6.55,17.01,0.124,473,87.46,54.06,38.02,0,0,0,1,1
25.16,206.21,7.06,361,10.62,37.14,0.01,185,96.23,46.49,40.35,0,0,0,1,0
30.53,20.55,7.53,67,6.27,39.55,0.102,679,37.97,75.42,73.71,0,1,1,1,2
21.61,16.51,6.56,75,2.23,38.62,0.034,289,59.22,42.25,84.5,1,0,1,1,1
23.81,257.76,7.4,244,12.84,5.22,0.197,848,76.51,36.14,24.87,1,0,1,0,2
26.97,141.28,8.75,484,6.64,16.51,0.119,981,38.68,99.51,96.09,1,0,1,0,2
27.37,274.02,6.83,452,13.24,0.93,0.088,177,83.34,27.38,70.11,1,1,0,1,2
24.06,124.9,8.5,28,9.08,10.03,0.057,391,96.35,53.07,72.92,1,1,0,1,1
42.55,275.24,8.79,5,8.72,12.75,0.053,232,68.02,20.62,15.06,1,0,0,1,2
29.82,173.32,7.55,82,6.66,8.0,0.08,375,31.26,56.19,62.85,1,1,0,0,1
38.04,22.4,8.74,379,8.65,22.53,0.057,973,40.52,10.91,34.73,0,1,0,0,2
27.98,230.15,6.62,178,4.77,37.18,0.106,871,36.54,27.97,55.57,1,0,0,0,2
32.55,289.75,8.82,237,6.23,27.75,0.038,648,71.81,47.96,23.21,1,0,1,0,2
38.35,22.07,7.89,299,11.24,23.12,0.143,772,40.85,24.66,40.31,1,0,1,1,2
23.27,137.27,6.8,62,7.64,39.15,0.149,529,78.13,55.91,65.98,0,1,0,1,1
30.63,137.24,7.55,244,5.18,34.4,0.158,510,71.39,93.79,85.73,1,1,1,0,2
39.49,172.56,8.96,466,4.91,49.58,0.039,760,95.14,10.17,75.32,0,0,0,1,2
28.89,246.15,6.13,180,13.83,9.02,0.153,106,41.71,26.67,71.32,0,0,1,1,2
26.42,10.46,7.23,355,6.38,19.64,0.139,108,24.18,18.6,69.3,0,0,1,1,2
20.03,23.65,8.29,479,2.18,13.23,0.103,165,89.52,94.06,39.47,0,1,0,1,2
39.4,291.45,7.4,216,8.72,39.48,0.148,233,67.5,11.42,33.36,1,1,1,1,2
22.08,88.02,8.63,70,9.15,23.02,0.073,227,71.89,74.94,87.66,1,1,0,0,1
44.5,264.65,7.72,15,6.37,0.61,0.05,283,33.01,99.6,20.7,1,0,0,1,1
26.12,218.91,8.43,50,11.45,20.44,0.165,574,29.23,46.61,86.32,1,0,0,0,1
32.59,193.79,8.92,244,10.83,41.93,0.19,148,26.28,60.45,39.89,1,0,0,0,2
33.04,279.98,8.42,381,10.74,32.19,0.067,742,92.86,25.71,35.75,1,0,0,1,2
25.25,179.73,6.27,280,7.02,38.93,0.147,157,53.83,60.92,42.89,0,1,1,0,1
36.83,267.38,8.41,62,8.63,10.77,0.04,951,84.95,74.7,75.66,1,0,1,0,1
37.0,249.28,6.12,163,6.97,23.68,0.082,121,93.39,45.23,86.05,1,1,1,1,2
20.76,98.44,8.72,165,11.05,23.58,0.03,77,29.8,29.08,12.66,1,1,1,0,2
41.75,181.48,7.84,185,4.81,28.95,0.129,0,86.82,90.41,84.09,0,0,1,1,1
20.08,91.05,6.33,29,9.44,4.14,0.165,589,95.09,14.85,11.1,1,0,1,1,2
26.34,99.27,6.81,283,7.64,28.46,0.186,178,50.97,32.62,24.96,1,0,1,1,2
38.92,200.07,6.7,492,11.44,38.5,0.171,791,59.34,60.89,74.4,0,1,0,1,2
23.4,19.99,8.93,385,13.19,37.5,0.169,353,58.83,84.72,95.56,0,0,1,1,2
35.08,93.6,8.73,146,9.3,11.0,0.096,558,22.67,83.42,50.53,1,0,1,0,2
40.47,37.38,8.57,407,10.5,21.77,0.05,294,49.89,39.96,25.85,1,0,0,0,2
41.64,9.63,7.93,43,2.65,38.15,0.141,464,94.22,39.94,55.29,0,1,1,1,2
26.0,30.24,6.78,409,10.99,46.82,0.118,886,78.89,23.69,92.1,0,1,0,0,2
36.81,1.6,8.95,319,9.4,46.81,0.192,594,91.49,36.24,60.64,1,1,0,0,2
23.52,67.47,7.67,327,7.63,5.83,0.074,38,80.57,98.67,82.89,1,0,0,0,1
30.25,157.48,7.43,108,4.25,41.06,0.183,388,40.65,13.4,62.49,1,0,0,0,2
36.35,204.36,8.26,65,12.8,40.92,0.198,889,70.85,37.33,98.47,0,0,1,1,2
31.05,17.05,8.94,233,2.25,17.4,0.144,94,22.57,65.11,74.46,1,1,0,1,2
25.68,66.38,6.48,123,7.84,48.93,0.193,190,67.13,74.87,31.71,0,1,1,0,2
35.44,294.42,7.01,181,7.79,17.06,0.108,674,45.57,25.09,33.66,0,1,0,0,2
32.3,28.27,6.52,17,10.96,45.8,0.192,475,21.64,32.44,90.16,1,0,0,0,2
40.53,147.91,8.54,229,9.75,21.74,0.04,183,69.92,51.43,13.55,1,0,1,1,2
36.23,170.15,7.66,473,5.46,45.75,0.174,908,69.99,80.18,80.55,0,1,0,1,2
29.78,266.61,6.72,293,7.94,24.5,0.108,911,38.33,30.86,91.13,0,0,1,0,2
35.4,142.3,7.17,378,2.4,33.72,0.081,833,59.85,51.19,56.7,0,0,0,0,2
26.06,55.3,6.19,177,10.28,23.47,0.088,961,74.35,52.35,44.91,0,1,1,0,2
32.37,254.74,8.62,94,7.07,9.38,0.004,64,21.49,89.98,30.42,0,1,0,0,1
39.07,60.44,6.7,434,9.18,10.59,0.17,111,32.77,28.47,80.97,0,0,1,0,2
35.73,292.79,6.99,71,12.77,44.54,0.195,156,69.8,38.36,58.77,1,0,0,1,1
38.13,289.51,6.78,341,9.57,23.65,0.134,945,35.5,33.56,56.13,0,1,0,0,2
31.84,239.87,7.74,82,6.16,20.95,0.003,390,63.69,29.26,52.8,1,0,1,0,1
44.17,48.02,8.36,12,12.07,46.57,0.064,791,23.24,46.26,94.17,1,0,1,1,2
32.53,262.02,6.25,355,5.65,25.72,0.143,650,85.85,13.78,52.4,0,1,1,1,2
31.28,115.26,7.3,452,10.63,24.84,0.008,474,69.9,84.72,42.44,1,1,1,1,2
29.37,277.66,8.49,76,13.9,35.66,0.033,755,69.53,22.93,57.01,1,0,0,0,1
36.93,145.21,8.93,35,8.53,7.72,0.05,270,92.9,83.86,21.52,1,1,1,0,1
38.11,272.41,6.71,12,5.71,48.82,0.056,724,35.42,45.04,94.63,1,1,1,1,2
22.01,237.05,7.27,308,5.04,47.78,0.006,121,97.91,15.37,83.12,0,0,1,0,1
27.25,184.03,7.06,285,10.33,8.32,0.157,49,99.86,80.25,35.81,1,1,1,1,2
44.21,136.64,8.49,496,7.22,24.4,0.185,269,59.37,57.82,28.11,1,0,1,1,2
31.76,95.21,7.87,373,6.52,5.02,0.127,477,67.95,15.18,79.97,0,0,1,1,2
31.2,103.85,7.01,399,9.28,18.25,0.181,680,34.63,21.81,63.24,0,1,1,0,2
26.08,238.64,6.15,290,10.5,12.71,0.172,532,21.54,84.27,22.84,0,1,1,1,2
26.15,149.14,8.43,148,8.54,2.56,0.149,168,52.0,48.1,66.36,1,0,1,1,1
35.22,119.82,7.94,330,3.84,13.46,0.118,465,34.14,87.85,60.66,0,0,0,1,2
27.38,58.06,7.66,27,2.99,20.91,0.112,930,41.98,53.18,77.12,0,0,1,1,2
28.65,224.02,8.54,259,12.05,7.64,0.017,152,73.63,99.1,69.4,1,1,0,0,1
30.82,43.24,8.47,121,11.11,42.65,0.195,135,41.21,32.99,65.22,1,0,0,0,2
20.03,180.05,6.85,422,12.83,40.72,0.092,332,31.59,62.34,25.14,0,0,0,1,2
20.51,5.04,7.56,258,6.43,21.2,0.072,838,24.17,49.24,66.08,1,1,0,0,2
25.21,138.53,8.73,373,2.6,24.36,0.071,146,79.82,32.71,47.32,0,1,0,0,2
22.59,250.77,8.44,12,5.86,12.32,0.002,723,68.01,73.98,37.34,1,1,1,0,2
31.56,180.42,8.37,323,2.32,36.96,0.064,59,81.32,74.73,89.35,0,1,0,1,1
26.33,242.38,6.5,428,7.31,32.35,0.099,951,64.62,87.52,30.15,1,1,0,1,2
44.8,26.88,6.38,29,11.17,29.13,0.014,29,22.46,77.36,78.29,0,1,1,0,1
34.92,128.35,6.99,498,13.51,29.61,0.164,651,69.0,76.42,79.06,0,1,0,0,1
43.83,259.63,6.89,492,6.58,27.18,0.094,598,66.67,77.5,55.89,0,1,1,0,2
27.74,291.39,6.35,226,4.28,47.05,0.104,40,76.41,86.53,49.07,1,1,1,1,2
35.75,253.63,6.89,135,4.7,13.58,0.09,731,92.15,21.46,84.14,0,1,0,1,2
31.81,166.15,7.59,425,3.93,16.05,0.045,742,58.55,60.68,63.43,1,0,0,1,2
20.45,100.42,6.55,355,3.09,23.7,0.039,497,95.91,40.2,39.27,1,1,0,0,2
44.07,7.25,6.92,310,8.44,37.59,0.028,612,67.53,82.09,45.75,1,1,1,1,2
43.33,149.27,6.02,89,9.38,45.14,0.192,505,44.27,74.29,15.0,1,1,1,1,2
35.43,121.55,6.91,257,6.37,47.97,0.089,666,77.38,78.82,25.11,1,0,0,1,2
26.41,158.56,6.87,277,12.7,42.38,0.199,836,51.4,42.61,38.67,0,0,1,0,2
35.0,54.25,7.62,23,7.35,28.24,0.094,521,78.42,56.12,74.09,0,0,0,1,1
26.48,20.93,7.24,454,12.91,10.75,0.041,595,37.82,77.37,49.34,0,1,1,0,2
43.77,179.34,6.04,396,4.97,36.58,0.088,341,51.02,30.35,86.2,1,1,1,1,2
20.97,38.48,6.67,303,12.59,40.47,0.194,731,79.56,22.0,21.97,1,1,0,0,2
26.59,19.5,7.11,146,9.52,26.9,0.132,487,72.75,38.51,77.48,1,1,0,1,2
26.06,105.94,8.85,387,2.13,12.12,0.136,192,27.59,99.72,34.11,1,1,0,1,2
38.28,157.33,8.94,70,6.37,42.62,0.151,810,83.88,87.09,53.39,1,0,1,0,2
32.3,118.18,7.83,352,4.75,26.33,0.09,338,21.48,84.87,25.72,0,0,1,1,2
38.07,96.41,8.17,463,3.85,32.33,0.037,749,59.89,14.06,26.74,0,0,0,1,2
38.49,75.66,6.78,80,9.05,17.68,0.096,570,99.97,54.62,79.43,0,1,0,1,1
26.75,200.38,8.42,19,11.53,10.12,0.192,63,58.54,38.58,42.47,1,1,1,1,2
25.81,269.24,8.59,156,11.44,16.95,0.164,202,73.73,27.66,70.43,1,0,1,1,2
37.48,193.44,7.23,159,2.8,47.12,0.197,865,25.11,24.94,37.09,0,1,1,0,2
28.03,106.91,6.77,420,10.47,28.87,0.178,748,77.78,74.98,69.98,1,1,0,1,2
22.67,244.99,7.97,24,2.31,46.24,0.17,116,97.54,27.97,15.39,0,0,1,1,2
39.92,13.13,7.7,133,9.81,23.76,0.171,128,83.93,57.04,59.5,1,1,1,0,1
36.92,202.51,8.94,286,8.01,18.75,0.125,743,55.94,35.84,19.42,1,1,1,0,2
33.92,123.38,7.38,203,3.3,25.33,0.017,209,23.09,77.82,57.26,1,1,1,1,2
35.55,175.57,6.84,9,10.88,12.38,0.167,482,28.02,93.89,43.71,0,0,1,1,2
35.01,154.1,8.08,18,9.74,11.72,0.146,505,88.44,18.27,85.1,1,1,1,1,2
23.82,19.85,6.65,274,13.47,40.02,0.134,809,83.19,69.06,64.79,0,0,1,0,2
30.36,252.65,6.69,330,7.2,40.34,0.059,465,69.6,58.21,15.42,1,1,1,1,2
31.63,291.29,8.04,30,2.3,37.51,0.043,546,93.86,82.45,30.71,1,0,1,0,2
27.42,175.39,7.26,92,4.3,45.22,0.04,105,58.46,10.27,31.85,0,0,0,1,1
42.79,284.75,8.48,418,12.87,49.08,0.07,957,81.72,30.11,17.28,0,0,1,0,2
30.09,210.72,7.67,227,9.93,19.74,0.149,449,48.31,90.23,24.93,1,1,1,1,2
36.44,58.39,7.17,21,6.94,7.94,0.185,121,55.85,94.38,76.3,1,1,1,1,1
37.32,177.66,8.64,60,6.8,34.49,0.181,798,23.44,88.3,71.06,0,0,0,1,2
41.23,144.08,8.61,223,11.06,37.65,0.104,806,65.13,57.97,22.41,1,0,0,0,2
21.31,284.6,7.92,66,10.11,49.68,0.018,697,74.06,96.42,32.83,1,0,0,1,1
36.76,279.38,7.19,46,12.74,2.53,0.133,112,58.76,51.43,60.98,0,0,0,0,0
40.78,4.64,6.82,294,2.19,20.9,0.017,332,95.62,64.77,32.92,1,1,0,1,1
34.36,208.69,8.77,119,13.31,23.06,0.062,676,50.91,46.57,25.02,1,0,0,1,2
36.37,240.69,8.96,329,7.39,21.11,0.051,33,77.41,77.95,18.01,1,0,1,0,2
20.84,27.33,6.15,148,5.61,11.22,0.11,276,92.93,43.14,14.1,1,0,1,1,2
30.21,82.15,6.39,474,2.73,7.8,0.088,695,69.44,74.66,45.28,1,0,1,0,2
31.26,194.0,8.86,360,10.81,23.53,0.042,782,45.16,73.02,84.36,1,0,0,1,2
26.81,262.5,8.3,312,13.63,15.93,0.082,970,62.59,36.31,69.02,1,0,1,0,2
20.76,130.09,7.71,12,11.79,20.16,0.187,108,55.14,77.15,28.43,0,0,1,0,1
20.45,216.74,8.51,448,12.83,25.42,0.082,289,43.05,39.16,71.1,1,0,1,0,2
27.75,269.99,8.06,9,11.43,6.08,0.023,29,81.72,11.82,70.37,1,0,1,0,1
41.56,256.28,6.07,275,10.87,21.68,0.048,991,44.79,94.87,26.17,0,1,0,1,2
26.3,97.43,8.5,351,7.98,17.5,0.116,848,36.7,53.72,17.74,0,0,1,0,2
43.59,208.04,8.82,243,6.47,14.0,0.055,200,22.46,75.14,91.49,0,0,1,1,2
36.78,297.06,6.27,157,13.03,34.29,0.149,445,32.28,28.61,65.95,0,1,1,0,2
40.88,98.13,7.46,174,8.15,31.05,0.164,512,80.43,91.15,92.39,0,1,0,0,1
20.62,115.13,6.42,275,2.46,13.75,0.167,364,39.9,48.9,70.11,1,1,0,0,2
21.64,120.43,8.29,261,10.36,13.56,0.059,199,95.42,34.04,49.61,1,0,0,0,1
22.76,188.32,6.56,238,7.54,23.14,0.109,639,42.36,30.79,88.68,1,1,0,1,2
24.68,231.99,7.42,404,6.18,17.33,0.119,714,77.43,90.73,91.16,0,0,1,0,2
20.62,113.05,8.69,68,2.41,41.05,0.109,826,55.07,75.41,90.54,0,0,1,0,2
43.32,79.35,6.45,121,11.16,33.22,0.049,922,44.0,35.35,64.38,0,0,1,1,2
26.56,73.59,8.9,293,9.6,11.11,0.011,915,47.38,49.63,73.64,1,0,0,1,2
33.85,219.21,6.13,319,5.68,41.71,0.062,565,37.12,48.96,27.79,1,1,1,0,2
20.58,15.34,8.86,135,13.85,23.67,0.16,519,60.71,51.84,95.64,1,0,1,0,2
35.05,136.49,7.07,80,11.27,43.03,0.003,703,23.74,95.07,38.24,0,0,0,0,1
40.92,8.29,8.5,111,12.64,36.49,0.033,689,57.05,24.19,63.13,0,0,1,1,1
41.27,153.01,8.16,74,6.36,47.58,0.189,29,87.4,63.7,75.2,1,0,1,1,1
30.1,196.09,6.06,214,3.33,46.1,0.15,989,22.97,42.48,11.57,0,1,0,0,2
43.43,26.23,7.67,448,6.19,46.09,0.187,805,25.21,49.08,22.17,1,0,1,1,2
42.07,212.4,8.61,193,7.11,37.77,0.121,594,77.98,41.48,38.2,0,1,1,0,2
44.52,106.88,7.84,457,9.83,30.6,0.158,755,30.14,75.97,34.23,0,0,1,0,2
44.26,127.37,8.5,410,12.07,29.51,0.038,253,91.2,86.08,36.73,1,1,1,1,2
40.57,202.64,6.26,410,13.11,18.79,0.152,340,41.32,78.63,33.11,0,1,1,1,2
21.99,178.36,7.77,250,2.09,23.76,0.039,595,84.65,21.75,96.67,0,1,1,0,2
30.66,99.68,8.7,63,5.56,27.25,0.045,578,70.65,59.88,73.48,0,0,1,0,1
29.83,247.91,6.8,86,2.3,19.98,0.197,579,49.14,30.75,52.28,0,0,0,1,2
33.92,95.78,7.18,155,10.07,1.61,0.027,822,71.6,86.37,46.15,1,0,1,0,1
40.57,162.09,6.67,247,9.32,36.31,0.063,507,29.21,47.6,33.67,0,0,1,0,2
42.23,202.68,6.75,221,11.13,24.13,0.188,150,97.45,81.9,22.3,0,1,1,0,1
32.24,33.49,7.38,20,5.7,44.22,0.135,35,90.37,41.97,19.83,1,0,1,0,1
32.57,186.36,6.01,193,12.26,19.08,0.148,379,50.25,82.35,82.0,0,0,1,1,1
37.72,152.17,8.41,305,8.84,37.82,0.022,695,66.12,96.75,28.01,1,1,1,1,2
39.58,105.03,6.67,489,12.88,25.32,0.119,215,47.13,50.68,19.18,1,0,1,0,2
27.54,183.84,6.13,195,8.58,47.66,0.036,422,87.36,51.75,78.5,0,0,0,1,1
28.44,147.11,6.95,148,6.97,12.68,0.174,373,23.72,19.99,40.93,0,1,0,0,1
42.2,242.51,7.56,208,3.04,14.33,0.156,802,30.22,95.31,61.47,1,1,0,1,2
32.54,6.99,7.07,68,9.67,33.19,0.083,62,89.04,57.3,57.55,0,0,1,1,1
31.99,243.51,8.28,74,8.18,6.54,0.043,694,93.81,21.63,38.65,0,1,0,0,1
42.28,190.76,8.81,286,2.4,19.29,0.181,415,86.48,81.91,42.6,1,1,0,1,2
27.68,119.52,8.1,86,8.62,13.7,0.013,94,68.15,61.57,51.25,1,1,0,1,0
31.25,175.13,6.84,463,10.59,44.23,0.064,380,88.52,72.5,79.13,1,0,0,1,1
40.56,151.39,8.66,237,5.23,5.01,0.07,419,74.27,35.76,32.69,0,1,0,0,2
43.78,228.63,7.29,284,13.4,49.94,0.074,910,50.46,58.46,90.26,1,0,1,0,2
21.09,91.62,8.09,208,10.26,1.06,0.067,730,38.64,91.49,13.32,1,1,0,0,2
35.42,160.23,6.65,449,12.64,9.92,0.15,532,95.81,51.75,15.29,0,0,0,1,1
36.34,83.88,7.71,331,12.38,44.26,0.009,28,57.14,93.45,91.12,1,0,1,0,1
32.39,31.99,7.04,398,5.99,19.11,0.119,823,50.02,63.91,87.06,0,1,1,1,2
30.22,61.84,7.21,54,3.62,25.93,0.154,715,29.69,87.82,54.41,1,1,1,0,2
30.26,57.76,8.24,105,5.17,6.5,0.099,958,44.54,52.77,50.44,1,0,1,1,2
36.11,214.22,6.88,410,11.22,29.58,0.062,947,85.12,24.82,10.5,1,0,1,0,2
22.86,160.0,8.57,387,11.05,29.16,0.187,847,84.82,85.52,91.87,0,1,0,0,2
22.8,169.59,6.75,358,7.37,33.11,0.141,154,20.82,11.99,10.75,0,1,1,1,2
25.53,296.04,6.92,4,2.51,8.0,0.077,22,43.69,60.55,74.34,1,1,0,0,2
41.77,261.03,7.74,319,4.74,21.15,0.169,355,99.36,26.46,52.32,1,1,0,0,2
31.92,39.77,7.19,464,5.49,13.89,0.133,92,99.59,20.33,75.34,0,1,1,0,2
22.63,289.65,8.82,254,7.21,27.92,0.163,716,65.58,29.94,78.1,1,0,1,1,2
36.42,130.91,8.37,84,11.67,6.53,0.048,237,33.18,13.79,50.86,1,1,1,1,2
42.99,159.96,6.3,6,9.61,42.18,0.052,999,20.98,63.43,89.81,0,0,1,0,2
21.58,270.9,8.44,477,13.1,46.76,0.073,366,90.46,78.19,60.71,0,1,1,1,2
28.92,237.67,8.27,188,11.94,35.37,0.096,160,83.14,21.72,17.32,0,0,1,0,1
35.74,296.07,7.19,356,7.61,1.66,0.048,442,84.25,48.4,67.14,0,1,1,0,1
25.42,50.92,6.0,8,3.33,12.19,0.06,501,71.56,63.97,41.5,0,1,0,0,2
39.89,72.24,7.38,451,12.75,34.59,0.024,535,73.05,57.41,18.64,1,0,0,0,1
44.89,219.15,6.68,375,2.13,46.33,0.121,379,90.71,65.42,21.73,0,0,0,1,2
34.18,72.87,8.2,357,4.77,4.92,0.196,989,78.99,50.54,39.12,0,1,0,1,2
32.95,223.01,8.45,407,3.95,19.4,0.037,355,61.43,73.39,90.14,1,1,1,1,2
24.7,78.39,8.25,403,11.92,16.7,0.054,939,30.89,24.07,71.55,0,1,1,0,2
41.11,253.47,6.99,137,13.45,25.55,0.183,346,32.63,22.35,63.02,0,1,0,1,1
33.66,126.65,7.86,52,11.02,4.75,0.064,446,49.83,85.74,48.8,1,1,0,0,2
37.38,242.25,7.99,374,2.04,26.61,0.021,340,54.33,97.1,75.15,0,0,1,1,1
20.85,205.44,8.51,481,2.45,48.88,0.001,951,98.91,59.44,16.36,1,1,1,0,2
37.0,216.0,6.25,167,13.14,21.44,0.174,580,83.33,20.38,93.49,1,0,1,1,2
41.85,79.03,6.62,406,12.04,8.73,0.014,551,76.43,70.82,82.59,1,0,1,0,1
36.69,7.88,7.13,341,5.71,25.12,0.068,896,96.65,29.51,14.39,0,1,1,0,2
38.81,62.65,6.59,31,6.29,42.22,0.091,898,68.83,75.76,99.4,0,0,1,0,1
22.7,192.28,7.57,189,11.08,37.48,0.102,842,52.35,30.37,11.56,1,1,1,0,2
25.21,37.61,6.57,368,7.14,16.57,0.195,997,70.96,97.52,16.14,1,0,0,0,2
31.92,276.14,8.17,317,8.57,1.2,0.153,489,66.9,59.84,41.2,1,1,0,0,2
21.35,20.9,7.32,52,8.59,13.65,0.049,233,87.93,65.48,26.79,0,0,1,0,0
38.57,197.82,7.22,187,2.35,5.64,0.086,590,87.81,78.3,36.74,0,1,0,1,2
22.78,216.83,6.8,262,12.75,11.82,0.069,583,84.17,81.01,78.4,1,0,1,0,2
34.87,292.18,6.98,98,4.72,28.96,0.116,663,57.08,65.21,34.53,1,1,1,0,2
22.85,104.3,8.29,393,11.65,30.78,0.02,873,96.87,70.32,25.77,0,0,0,0,1
20.71,4.47,6.39,159,10.28,21.17,0.185,110,73.87,63.65,36.5,0,1,0,0,1
29.79,46.19,7.13,288,13.36,12.33,0.161,163,69.12,87.48,77.79,0,1,1,1,1
29.13,263.83,6.12,47,12.05,9.18,0.085,217,68.44,53.63,19.52,1,0,1,1,2
33.75,124.02,6.22,274,13.09,31.96,0.164,936,54.7,63.39,31.01,0,1,0,0,2
27.78,134.9,8.42,414,7.75,46.2,0.194,679,83.4,21.74,78.64,1,0,0,0,2
42.46,174.4,7.06,115,10.62,13.24,0.124,818,98.66,67.15,49.86,1,1,0,1,2
22.54,98.51,6.23,344,7.6,5.01,0.067,16,58.84,40.19,17.41,0,0,1,0,2
35.37,293.16,6.33,437,2.81,1.65,0.121,301,91.86,40.03,99.28,1,0,1,1,2
41.39,278.18,6.27,126,8.13,4.11,0.123,882,97.61,70.11,80.07,0,0,0,1,1
39.94,178.74,6.94,365,13.48,14.97,0.198,208,52.88,78.71,18.98,1,0,1,0,2
20.98,108.97,7.83,455,8.84,8.38,0.168,94,76.57,39.67,45.17,0,0,1,0,1
36.79,116.75,7.46,142,10.74,32.29,0.197,747,81.21,78.76,36.32,1,1,0,0,2
30.69,123.1,8.97,233,4.52,49.09,0.14,218,67.93,18.61,44.46,1,0,1,1,2
28.61,187.7,8.73,353,12.67,16.4,0.085,772,77.57,65.3,71.17,1,1,1,1,2
37.11,64.66,7.26,188,7.53,45.35,0.179,775,97.55,22.63,62.86,1,1,1,1,2
39.59,33.78,8.74,436,2.59,5.18,0.026,693,96.53,40.83,19.5,0,1,0,1,2
39.83,45.05,7.98,324,12.15,47.27,0.173,113,84.96,24.03,81.1,0,1,0,1,2
36.4,256.48,6.76,41,13.46,24.84,0.079,933,81.89,23.08,51.74,1,0,0,1,2
35.83,15.06,7.83,14,3.78,40.58,0.084,318,87.27,14.51,45.69,0,1,0,1,2
42.79,225.28,6.19,418,10.32,31.25,0.003,161,65.93,55.07,54.06,1,1,0,1,1
38.89,135.4,8.88,327,8.49,48.04,0.024,73,89.7,84.47,42.41,0,1,0,0,1
33.39,69.13,8.23,34,9.65,15.19,0.108,462,25.74,13.92,29.55,0,0,0,1,2
36.37,264.03,6.64,62,6.81,8.93,0.0,33,65.85,80.29,43.0,0,0,0,0,0
23.76,139.79,8.04,416,7.31,27.82,0.104,637,71.67,98.74,14.41,1,0,1,0,2
26.3,286.47,7.45,231,13.75,15.2,0.053,971,69.15,92.19,30.88,1,0,1,1,2
32.7,299.49,8.08,177,7.53,39.55,0.094,619,85.35,37.05,23.47,1,0,0,1,2
30.62,86.67,6.52,132,11.57,32.17,0.156,454,39.58,29.59,22.3,1,1,1,0,2
37.64,204.06,6.88,273,10.13,27.3,0.08,122,49.95,34.49,17.95,1,0,1,1,2
25.49,19.43,8.22,375,8.84,25.34,0.168,764,83.43,82.4,28.64,1,1,1,1,2
21.85,297.65,7.97,52,11.86,25.59,0.144,957,21.32,26.81,68.94,1,1,0,1,2
36.64,286.96,6.6,434,6.84,18.7,0.054,890,61.31,81.36,48.94,0,1,1,0,2
30.63,181.22,6.16,110,7.57,44.81,0.055,913,86.28,98.25,39.18,1,0,0,1,2
43.87,99.92,7.7,157,3.79,29.01,0.132,684,40.42,18.03,17.08,0,1,1,1,2
25.44,77.02,6.3,348,5.68,23.5,0.004,758,58.91,22.1,36.05,0,1,0,1,2
33.28,204.89,7.91,10,5.53,37.8,0.077,86,74.25,91.2,44.72,1,1,1,1,1
21.49,174.45,6.39,184,8.57,24.73,0.062,287,67.56,41.04,13.14,0,1,0,1,1
22.53,240.58,8.75,475,12.1,45.34,0.014,196,36.68,78.86,95.31,0,0,1,0,2
35.97,116.3,7.28,81,2.38,34.77,0.088,886,84.13,68.46,52.1,0,1,1,1,2
23.16,115.69,7.59,400,12.75,43.31,0.178,42,33.93,19.04,76.44,1,1,0,0,2
33.05,247.92,7.73,407,9.57,36.77,0.172,659,77.84,47.77,18.69,0,0,1,0,2
34.98,23.65,6.86,489,2.35,3.21,0.108,747,33.19,25.66,85.84,1,0,0,0,2
34.2,293.11,6.82,95,13.9,17.27,0.082,919,26.82,32.02,86.98,1,1,1,0,2
21.19,18.34,8.83,145,4.8,36.8,0.002,777,39.79,46.12,74.7,0,1,0,1,2
33.38,279.53,6.32,42,11.1,16.06,0.021,692,68.24,60.27,44.2,1,1,1,1,2
38.03,45.2,8.65,244,4.95,36.44,0.15,582,91.02,32.72,43.64,1,1,0,1,2
38.79,64.2,8.15,469,10.81,25.75,0.163,33,29.47,32.56,22.58,1,1,1,0,2
38.32,32.61,8.26,416,10.66,7.04,0.175,49,58.11,14.5,64.89,1,1,0,1,2
36.01,130.98,6.28,245,3.35,3.62,0.149,910,26.67,85.36,65.17,0,1,1,1,2
20.79,152.21,8.2,89,11.94,28.49,0.061,714,51.31,60.37,71.64,0,0,1,1,1
34.25,220.25,8.85,196,10.98,33.32,0.117,892,81.03,43.04,59.07,1,1,1,1,2
28.04,5.83,6.33,216,3.64,8.66,0.011,900,83.47,70.39,70.29,0,1,1,1,2
29.08,219.06,6.9,68,9.36,38.08,0.109,523,40.7,37.84,24.54,0,0,0,0,2
35.33,246.17,7.03,476,7.03,8.91,0.185,662,36.51,23.06,20.86,0,1,0,1,2
20.46,116.87,8.07,446,13.81,22.75,0.072,261,98.15,24.62,64.06,0,0,0,0,1
38.75,82.65,7.15,371,7.22,27.94,0.012,684,79.54,78.86,24.27,0,1,0,1,1
22.72,141.87,8.25,44,9.11,14.89,0.011,292,99.67,26.07,98.42,1,0,1,0,1
30.35,184.2,6.64,109,9.33,46.66,0.039,697,31.91,81.39,64.04,1,0,1,0,2
21.95,187.61,7.27,435,9.88,45.94,0.08,690,56.67,57.07,31.58,0,0,1,0,2
39.66,162.83,8.87,390,12.61,4.2,0.103,96,84.19,70.34,21.4,0,0,1,0,2
34.14,87.44,6.35,336,4.61,16.71,0.192,308,82.49,22.57,86.78,1,0,0,0,2
33.28,248.58,7.28,26,12.58,18.56,0.015,299,62.16,59.82,91.65,0,0,1,1,0
27.4,150.47,8.6,462,7.86,5.7,0.017,201,26.42,77.6,22.68,0,0,0,1,1
30.29,214.53,7.46,122,3.28,24.69,0.175,206,46.67,40.47,27.69,1,0,1,1,2
42.72,85.04,8.7,233,11.76,39.32,0.178,856,65.94,36.32,46.2,0,1,1,0,2
40.97,112.76,7.6,133,8.08,43.54,0.043,845,93.45,32.37,65.19,1,0,1,1,2
23.13,97.5,7.69,173,11.81,26.69,0.068,831,42.87,43.0,65.95,1,1,1,0,2
42.54,211.63,8.39,408,11.07,13.27,0.062,308,75.64,61.76,27.04,0,1,1,1,2
22.97,93.57,7.33,134,10.48,48.66,0.179,307,62.7,50.72,97.89,1,1,0,1,1
36.19,40.91,7.77,190,10.77,31.22,0.048,256,29.09,88.13,21.62,0,0,1,1,1
24.02,189.8,6.16,112,10.73,9.19,0.102,309,55.49,86.56,16.9,0,1,1,0,1
22.95,93.2,8.34,13,8.22,3.75,0.022,435,94.79,23.98,13.05,1,0,1,1,2
34.3,184.77,8.37,403,6.42,0.5,0.138,111,85.56,65.59,99.52,0,0,1,0,1
41.17,124.42,6.11,40,9.66,42.35,0.108,62,39.72,60.73,83.05,1,0,0,1,2
35.78,72.63,7.3,81,4.41,9.3,0.051,585,40.82,52.8,36.95,0,0,0,0,2
38.82,109.71,8.18,446,11.93,21.38,0.128,831,49.36,28.69,92.06,0,0,0,1,2
23.76,197.62,6.45,60,6.89,49.94,0.116,25,49.7,73.45,44.65,0,1,0,0,1
30.45,49.74,6.46,151,13.69,18.08,0.12,846,27.01,44.34,55.6,0,0,1,0,2
42.07,283.33,6.3,286,13.75,13.52,0.139,839,95.56,34.56,25.27,1,1,0,1,2
25.68,1.23,7.03,92,11.1,29.82,0.055,845,48.49,25.29,19.57,0,0,1,1,2
24.1,16.36,6.99,450,6.23,21.43,0.165,436,81.94,74.13,67.15,0,1,0,0,1
44.24,52.09,6.67,348,6.13,4.39,0.096,137,61.77,39.78,58.82,1,0,0,0,1
36.37,13.02,6.2,328,8.02,18.09,0.034,718,65.19,73.3,28.22,1,1,1,1,2
35.34,123.59,7.96,245,10.13,17.67,0.162,106,25.32,95.77,35.36,0,1,1,0,2
22.81,218.02,8.83,376,6.47,33.64,0.185,482,23.62,10.17,41.56,1,1,1,0,2
24.49,37.35,8.74,323,10.44,14.96,0.152,562,27.92,38.69,14.61,1,1,0,1,2
34.04,207.84,7.6,202,12.0,36.29,0.158,156,78.74,78.17,47.73,0,0,1,1,1
22.33,13.78,6.33,153,13.15,16.8,0.013,176,94.81,95.94,96.3,0,0,0,1,0
21.82,170.65,7.68,280,5.8,48.32,0.031,706,34.87,10.43,55.82,1,0,0,0,2
32.61,274.94,7.88,157,9.8,45.22,0.017,538,33.62,27.08,93.39,1,1,1,0,2
27.84,199.52,8.52,400,10.35,11.95,0.024,753,91.78,49.49,31.07,1,1,0,1,2
22.74,81.14,6.14,353,3.75,36.32,0.041,289,94.6,31.32,72.43,1,1,0,0,2
25.87,30.1,6.44,16,6.78,16.96,0.087,636,33.58,62.27,53.53,1,1,1,0,2
28.47,88.04,6.63,75,12.03,2.34,0.19,478,34.91,77.21,39.29,1,1,0,1,2
34.53,287.61,6.06,284,8.52,49.32,0.086,977,46.15,25.52,64.12,1,0,0,0,2
33.49,207.28,7.26,284,4.09,17.64,0.075,723,38.83,60.18,96.12,1,0,1,0,2
27.29,70.32,7.6,231,11.89,31.91,0.012,488,37.59,97.41,75.45,1,1,0,1,2
32.92,64.03,7.61,188,4.82,13.12,0.141,733,94.18,93.87,56.15,0,1,1,0,2
24.66,190.9,7.5,119,7.2,6.31,0.087,657,65.31,71.34,40.51,0,1,0,1,1
36.48,15.17,7.48,40,9.82,41.61,0.092,300,44.9,55.89,87.67,0,0,1,0,1
41.41,93.0,7.18,196,4.97,19.22,0.011,776,74.35,60.89,49.27,0,1,1,0,2
30.77,150.51,8.7,460,13.21,42.71,0.02,782,77.97,13.2,99.76,1,0,1,1,2
26.44,114.43,7.07,1,2.39,44.79,0.13,367,87.68,83.12,52.88,0,1,1,1,2
20.44,185.76,7.37,14,11.67,8.97,0.163,922,81.12,17.54,24.46,1,1,1,0,2
31.15,92.58,7.82,495,10.41,32.79,0.147,350,46.43,30.8,90.01,0,1,0,0,2
33.72,144.32,6.14,393,6.93,13.98,0.122,291,57.63,33.99,41.04,0,0,0,1,2
24.6,252.11,6.36,237,11.45,34.99,0.041,292,56.76,16.99,96.38,1,0,0,0,1
43.34,66.04,8.51,323,10.58,19.2,0.154,235,81.95,33.62,39.57,1,1,0,0,2
27.28,156.19,7.17,352,6.66,24.58,0.059,701,54.85,44.04,77.3,0,0,1,1,2
25.68,266.49,7.16,333,7.47,39.99,0.13,742,67.69,90.4,25.48,0,1,0,1,2
20.48,33.66,8.97,423,9.14,1.37,0.013,238,80.23,69.2,62.3,1,1,1,1,2
25.87,132.74,6.47,204,14.0,19.44,0.077,64,22.14,18.27,71.73,1,1,0,1,2
37.37,2.43,7.85,77,8.96,5.56,0.043,62,74.62,31.36,49.38,0,1,0,1,0
26.64,133.63,8.14,88,6.85,39.24,0.163,910,76.72,30.34,69.08,1,0,1,1,2
23.03,279.0,7.66,282,10.25,16.02,0.04,35,95.66,77.28,75.75,1,0,0,0,0
31.67,278.35,6.77,63,2.47,47.31,0.199,175,88.59,60.24,87.52,1,1,0,1,2
33.69,24.97,8.75,227,3.57,48.46,0.197,925,40.14,43.74,82.0,1,0,1,1,2
31.73,262.15,6.16,256,9.94,44.33,0.143,47,64.24,87.34,19.14,1,0,0,1,2
40.28,64.93,8.41,310,3.7,29.91,0.124,155,61.18,15.75,42.08,1,0,1,1,2
30.12,128.71,6.68,183,5.04,46.99,0.079,271,22.38,94.02,57.41,0,1,0,1,1
27.87,144.57,8.91,431,9.66,44.29,0.085,979,81.34,36.58,11.92,1,0,0,1,2
20.24,71.14,6.71,317,13.67,2.91,0.031,915,52.87,59.95,31.91,0,1,0,0,1
24.67,59.52,7.42,336,4.39,37.18,0.177,276,74.7,30.56,48.07,1,1,0,0,2
28.15,40.07,7.47,395,11.92,49.51,0.075,563,22.68,53.47,36.84,1,1,1,1,2
31.35,122.38,7.49,279,2.58,43.61,0.084,264,29.63,22.92,69.49,1,1,1,0,2
38.8,134.91,7.84,132,10.09,5.22,0.091,14,64.6,67.95,65.16,1,1,1,0,1
32.99,204.54,7.35,95,12.48,14.21,0.118,983,97.76,42.53,45.47,1,0,0,0,1
39.32,74.9,7.83,205,4.53,25.93,0.108,921,42.79,90.64,87.54,1,0,0,0,2
22.25,85.96,8.92,45,3.54,31.12,0.011,626,45.22,94.71,86.46,0,0,1,0,2
39.74,53.81,7.72,412,7.6,24.33,0.173,768,23.18,78.67,25.17,1,1,0,0,2
43.67,87.52,6.68,334,11.07,3.65,0.173,906,59.95,52.73,19.9,0,0,0,1,2
44.43,238.97,7.24,237,12.73,15.55,0.062,58,36.92,60.12,80.84,1,0,1,1,2
31.61,224.43,6.66,437,4.03,25.53,0.083,164,84.61,26.94,29.08,1,0,0,1,2
43.91,236.72,8.17,300,7.1,6.78,0.083,407,89.69,34.5,17.28,0,0,0,0,1
22.37,95.66,8.98,191,12.33,6.54,0.065,97,42.15,32.4,31.11,1,1,0,1,2
28.2,246.1,6.55,166,11.83,38.73,0.188,225,98.22,81.15,54.11,0,1,1,1,1
38.97,57.22,7.7,3,12.73,12.84,0.048,362,95.01,46.5,61.19,0,0,1,0,0
44.89,4.1,7.07,49,11.22,21.38,0.164,88,26.78,76.74,72.41,1,0,1,0,1
35.72,228.65,8.63,411,4.39,13.13,0.149,625,84.68,90.52,11.05,1,0,0,1,2
39.95,38.16,7.19,52,7.18,26.4,0.055,687,20.74,38.13,25.7,1,0,1,1,2
26.47,146.5,7.96,302,12.11,19.39,0.128,655,51.77,63.91,31.74,1,0,1,0,2
20.87,140.62,7.2,160,8.2,27.96,0.134,448,69.96,96.67,84.84,0,1,0,0,1
23.2,153.63,6.84,31,2.31,36.36,0.166,423,56.5,57.8,23.17,0,0,0,0,1
44.63,28.88,6.86,352,4.53,14.14,0.102,995,52.66,37.87,36.74,1,1,1,0,2
38.09,200.92,8.4,57,12.85,2.22,0.064,103,44.74,67.89,89.4,0,0,0,1,1
32.9,103.79,8.02,213,6.96,6.97,0.101,414,28.28,32.82,92.71,1,0,1,0,2
25.12,204.85,8.29,368,10.2,36.21,0.179,719,75.72,63.71,21.05,1,1,0,0,2
26.37,244.09,7.86,412,10.42,22.55,0.104,664,22.9,87.05,30.77,1,0,1,0,2
34.51,266.43,7.42,68,11.1,16.73,0.076,52,55.75,25.58,14.3,0,0,1,0,1
33.95,55.48,6.12,292,2.74,37.23,0.005,726,91.54,16.32,98.23,0,1,0,1,2
36.98,229.01,7.29,81,11.37,12.17,0.19,512,36.87,31.49,92.59,1,0,1,1,2
33.31,269.61,8.99,306,3.04,5.85,0.143,711,76.58,17.18,46.17,0,0,1,1,2
26.83,173.22,8.8,103,9.01,22.3,0.045,398,94.46,78.6,56.84,1,0,0,1,1
39.13,268.7,8.37,409,6.74,30.42,0.008,589,36.02,20.19,85.84,1,1,1,0,2
44.0,113.73,6.03,46,3.59,32.99,0.115,948,67.46,27.04,42.51,0,0,1,1,2
42.89,149.38,7.2,267,12.93,25.14,0.054,561,58.96,81.14,92.46,1,0,0,0,1
32.52,294.48,8.49,110,10.84,34.7,0.067,648,65.9,61.86,95.7,1,1,1,1,2
34.37,53.03,7.78,165,9.03,17.4,0.131,624,57.08,64.51,54.05,0,0,0,1,1
24.77,96.29,7.26,200,5.47,20.45,0.105,100,55.94,48.89,59.67,1,0,0,1,1
22.5,280.2,6.33,112,12.94,0.96,0.131,932,46.43,59.38,27.96,1,0,1,0,2
31.63,197.02,6.44,134,11.25,48.3,0.103,627,63.98,90.69,36.99,0,0,0,1,2
26.11,158.35,6.83,446,6.17,46.57,0.029,622,46.42,38.82,44.48,1,1,1,1,2
35.72,44.03,8.91,89,4.24,22.75,0.15,579,28.74,26.04,13.72,1,1,0,1,2
27.92,37.9,7.45,266,8.75,48.73,0.138,475,52.48,43.29,84.42,1,1,1,0,2
38.12,4.71,6.87,393,11.8,5.53,0.166,27,53.76,19.54,94.44,1,0,0,1,2
21.79,140.19,6.53,32,9.95,18.56,0.129,494,30.67,98.15,33.2,0,0,0,0,1
32.35,226.8,7.56,205,7.2,23.36,0.141,861,49.6,23.63,33.22,1,1,0,1,2
38.3,168.28,6.67,424,8.14,31.82,0.132,948,97.83,51.89,93.39,0,0,0,1,1
22.6,230.88,6.96,72,12.57,30.34,0.172,18,76.01,70.64,44.82,0,0,1,0,0
28.31,283.47,6.04,292,4.05,17.62,0.155,419,93.47,80.0,97.9,1,0,1,0,2
33.02,248.71,6.12,54,3.13,15.76,0.175,285,56.64,77.71,81.34,1,0,1,0,2
41.69,5.46,6.39,89,7.87,40.67,0.02,354,71.59,65.47,31.03,0,0,1,0,1
23.67,171.94,8.93,345,6.26,12.83,0.053,690,94.08,12.14,14.64,0,1,1,0,2
41.83,116.64,6.36,237,8.78,31.43,0.172,695,76.12,98.78,49.74,0,1,0,0,1
33.49,155.32,6.03,424,10.46,16.05,0.115,286,36.39,90.52,93.57,0,1,1,1,2
26.8,152.93,6.53,390,4.51,47.38,0.176,328,80.69,18.78,13.62,0,1,0,1,2
44.89,29.18,8.57,408,8.41,47.76,0.06,843,43.83,95.48,23.65,0,0,0,1,2
40.71,142.03,8.49,303,4.7,8.31,0.167,588,91.86,37.4,55.01,1,0,0,1,2
28.95,57.88,6.61,250,8.46,37.13,0.049,976,91.46,67.29,72.04,0,1,1,1,1
37.23,20.91,8.58,70,10.45,41.57,0.008,686,37.38,15.86,80.22,0,1,1,0,2
20.11,150.37,8.11,90,7.14,6.11,0.086,641,58.06,68.82,23.13,1,1,1,0,2
25.97,67.97,7.19,47,8.3,36.2,0.004,445,30.12,14.4,89.01,1,0,0,1,2
20.55,188.5,7.75,498,12.37,6.16,0.169,663,43.75,23.72,22.43,0,1,0,0,2
26.01,92.0,8.88,182,7.5,1.88,0.098,718,45.97,26.46,22.88,0,1,0,1,2
21.12,45.1,7.27,238,12.14,34.82,0.154,174,41.74,41.67,18.49,0,0,0,1,1
28.22,262.93,8.53,446,11.93,30.38,0.105,745,26.05,51.65,99.03,0,0,1,0,2
39.49,262.46,8.12,119,4.07,41.01,0.067,492,87.51,70.57,37.41,0,1,0,0,2
34.65,89.44,6.45,343,9.16,46.24,0.184,925,49.28,37.37,10.77,1,1,0,1,2
35.77,151.22,7.58,407,9.27,49.18,0.049,188,23.05,48.68,15.68,1,1,1,0,2
20.73,12.15,7.84,27,10.16,20.36,0.145,552,68.84,30.23,65.17,0,1,0,0,1
35.52,290.77,6.59,456,3.6,14.37,0.099,601,50.45,79.24,73.62,0,1,1,1,2
22.21,298.76,8.69,203,6.17,31.42,0.009,746,77.56,49.79,68.97,0,1,1,0,2
30.61,43.67,8.49,437,6.8,44.7,0.099,358,33.46,22.95,55.3,0,1,0,0,2
41.51,159.6,7.23,132,3.37,37.02,0.154,981,49.11,15.54,86.71,1,0,1,0,2
41.3,187.78,8.77,381,4.58,44.45,0.199,233,63.52,56.36,72.24,0,1,1,0,2
23.49,125.6,8.64,464,8.74,0.68,0.082,866,98.92,92.06,74.56,0,1,0,1,2
24.67,106.64,6.71,353,2.86,35.78,0.078,409,95.83,67.46,77.65,1,0,1,1,2
20.37,16.51,6.85,244,7.62,44.26,0.072,530,99.21,39.02,85.87,1,0,1,1,2
29.46,257.68,6.66,330,7.66,47.81,0.087,661,78.19,37.83,43.72,0,0,0,1,2
32.87,174.71,7.4,266,7.43,26.18,0.196,303,71.25,79.57,67.43,0,1,0,0,0
36.13,100.46,8.76,302,9.18,9.18,0.057,645,46.84,57.29,71.17,0,1,1,1,2
34.13,273.66,8.91,264,12.21,12.85,0.081,885,64.13,20.41,46.15,1,0,1,1,2
38.97,180.43,7.04,439,3.79,49.25,0.178,871,54.15,44.81,78.9,1,1,0,1,2
28.54,129.95,6.43,318,8.26,7.03,0.044,844,36.22,20.07,67.62,0,1,1,0,2
21.14,126.92,8.58,133,3.08,36.69,0.199,457,90.08,70.93,69.2,1,1,0,0,2
30.38,55.97,6.31,224,5.04,4.45,0.054,570,53.92,55.95,26.34,1,0,0,1,2
33.05,2.65,7.46,267,10.37,26.8,0.177,410,98.15,16.0,90.84,0,0,0,1,1
36.98,42.25,7.33,257,8.19,16.64,0.055,295,72.26,38.27,27.29,0,0,1,0,1
27.88,153.89,6.74,22,6.91,34.96,0.128,791,21.41,34.12,43.79,1,1,1,1,2
37.91,147.76,7.92,285,8.56,10.92,0.108,149,47.71,90.92,75.08,1,1,0,1,2
32.91,145.28,7.33,136,11.47,16.51,0.107,453,52.39,25.32,28.24,1,1,0,0,2
24.98,262.7,6.63,252,11.5,8.54,0.007,313,64.4,80.17,20.52,0,1,0,1,0
37.07,92.23,7.68,205,4.02,17.27,0.152,410,82.95,96.21,24.2,1,0,1,0,2
40.17,187.44,6.81,355,6.6,10.18,0.129,761,65.83,62.59,43.26,1,0,0,0,2
29.71,76.53,7.2,299,2.67,20.43,0.011,778,62.63,66.23,98.93,0,1,0,1,1
43.93,237.92,7.19,28,3.15,17.73,0.05,484,41.95,72.87,23.76,0,1,0,1,2
33.89,32.0,8.89,8,10.12,27.07,0.004,135,61.86,26.93,19.26,1,0,0,0,1
36.4,277.57,6.74,122,7.2,22.86,0.11,575,99.31,31.97,27.87,0,1,1,0,2
31.0,231.57,7.55,79,11.14,24.88,0.055,656,90.74,11.56,46.47,0,0,0,0,1
31.47,294.46,6.6,109,4.69,26.86,0.189,318,61.14,85.22,76.47,1,1,0,0,1
31.99,257.67,8.69,370,9.51,19.24,0.027,513,81.99,76.58,58.43,1,0,0,0,1
31.39,109.0,7.89,278,4.26,27.04,0.045,200,34.93,46.58,75.75,0,0,1,0,1
43.51,42.18,6.21,332,2.45,30.91,0.026,85,97.66,32.93,53.72,0,0,1,1,2
34.75,132.99,7.34,271,11.04,10.95,0.1,120,20.11,37.71,35.08,1,1,1,1,2
32.69,207.73,7.89,68,13.18,22.54,0.134,518,54.22,73.14,49.11,0,0,1,0,1
24.37,101.58,6.67,272,9.77,12.32,0.079,224,82.93,42.81,98.99,0,0,0,1,0
40.89,218.96,8.25,40,12.71,25.11,0.129,868,74.68,62.91,85.81,0,1,1,0,1
23.08,207.06,8.2,235,13.08,37.05,0.063,54,53.59,27.48,47.4,0,1,0,0,1
39.36,182.11,6.07,329,10.23,1.71,0.164,152,42.52,16.63,94.73,1,0,1,1,2
41.72,83.65,6.61,31,10.21,23.39,0.019,992,91.66,26.94,39.81,1,1,0,0,2
42.98,118.36,6.21,213,2.92,10.25,0.143,33,43.35,59.07,34.96,0,1,1,1,2
43.57,87.27,8.77,406,6.71,5.92,0.156,319,45.9,55.82,70.64,1,0,1,0,2
21.64,74.72,7.72,444,13.23,22.9,0.026,975,62.85,62.38,91.81,1,1,1,0,2
36.3,273.8,8.5,308,6.4,38.04,0.097,270,96.17,96.27,75.23,1,1,0,0,1
32.79,188.72,7.26,491,8.86,7.5,0.157,830,53.76,88.52,39.93,0,0,1,1,2
36.85,72.55,7.61,375,12.53,5.19,0.077,964,60.17,87.63,70.43,1,0,1,0,2
42.21,226.68,8.19,125,2.51,27.94,0.109,484,48.88,23.11,39.91,1,0,1,0,2
32.77,163.82,8.53,328,11.52,38.45,0.134,224,66.67,53.03,59.41,0,1,0,1,1
44.93,169.81,6.13,201,10.2,12.55,0.1,15,65.01,17.5,26.7,1,1,0,0,2
34.14,151.19,6.61,32,9.25,49.53,0.053,142,89.39,86.39,56.04,0,0,0,0,0
37.21,81.72,8.5,448,13.1,5.18,0.109,704,44.34,68.9,53.88,0,0,0,0,2
43.69,12.38,8.76,102,12.84,11.56,0.017,998,89.51,47.34,58.12,0,0,0,1,1
36.04,215.09,7.75,358,7.62,33.13,0.153,901,89.63,79.83,17.56,1,0,1,1,2
38.6,42.01,8.01,191,3.81,0.64,0.022,902,27.37,31.58,19.0,1,1,0,0,2
35.44,42.21,8.84,195,8.04,3.87,0.136,493,94.54,57.07,13.89,1,1,1,0,2
29.82,200.98,7.41,471,7.69,46.38,0.042,835,84.6,22.17,63.58,1,1,1,0,2
35.99,137.1,7.2,60,3.64,46.79,0.191,132,73.56,12.4,51.93,0,0,0,0,1
34.01,259.86,8.65,449,3.54,23.73,0.112,650,81.23,76.98,91.3,1,1,1,0,2
40.68,201.17,8.68,372,5.83,8.82,0.082,202,61.08,64.86,27.22,0,1,1,1,2
31.71,257.4,7.03,182,7.98,44.88,0.193,754,81.66,19.93,12.47,1,0,1,1,2
40.48,213.2,8.94,400,13.07,4.07,0.138,16,76.81,78.55,94.45,0,0,1,0,1
41.27,286.31,6.63,459,7.88,21.51,0.081,694,40.61,40.01,49.74,1,1,0,1,2
32.33,89.58,6.48,204,6.53,43.46,0.077,242,33.54,19.77,77.44,0,1,0,1,2
37.86,98.03,6.87,238,8.75,27.98,0.033,219,81.98,56.25,10.95,1,1,0,0,1
32.77,64.23,7.66,382,4.44,28.02,0.065,110,39.88,44.08,83.63,1,0,1,0,2
33.57,191.07,7.57,358,6.89,11.4,0.031,360,83.65,78.72,22.06,0,1,0,0,0
33.39,257.34,6.17,52,11.67,10.47,0.059,222,39.24,46.59,87.93,1,0,0,0,1
43.98,1.78,6.14,375,12.86,0.69,0.109,374,34.95,65.77,92.56,0,1,1,1,2
31.45,112.74,7.73,366,13.86,44.62,0.083,773,57.89,95.92,24.03,0,0,1,0,2
26.52,239.77,6.81,15,5.92,29.13,0.063,604,71.3,93.12,80.47,0,1,0,1,1
36.04,200.69,8.5,83,12.06,46.82,0.063,152,34.61,65.49,31.05,0,1,1,1,2
35.21,108.64,8.26,376,11.37,31.14,0.031,227,48.49,96.74,94.25,0,0,0,0,0
31.23,160.93,8.23,128,6.82,24.02,0.195,439,47.88,84.97,72.79,0,1,0,0,1
39.64,270.11,6.66,412,6.19,41.59,0.064,867,38.27,44.37,68.85,0,1,0,1,2
43.28,255.11,6.2,156,8.51,9.6,0.107,873,33.7,85.44,11.95,0,1,1,0,2
34.65,234.82,8.24,112,4.56,44.24,0.196,731,71.54,25.18,97.86,0,0,1,0,2
43.43,175.88,8.1,445,5.91,38.28,0.003,215,57.57,16.89,73.53,1,0,0,1,1
20.08,215.95,8.5,102,4.0,48.71,0.126,942,20.97,53.98,67.98,1,1,1,1,2
39.13,179.31,8.78,73,8.16,26.66,0.096,803,30.91,17.42,85.88,1,0,1,0,2
31.28,1.21,7.2,28,7.68,39.53,0.056,116,23.24,69.05,85.78,0,1,0,1,1
25.01,266.67,6.97,376,10.56,29.22,0.181,816,38.51,32.66,51.99,0,0,0,0,2
40.65,87.39,8.43,174,5.43,11.65,0.08,872,62.36,71.6,66.05,0,1,0,1,1
24.89,279.68,6.75,390,12.26,8.88,0.106,245,79.83,60.11,89.47,1,1,1,1,2
38.82,45.44,7.2,376,3.56,17.49,0.158,496,37.27,73.85,94.15,1,0,1,1,2
21.72,259.34,6.86,80,2.49,44.01,0.013,276,55.63,15.43,81.78,1,0,1,1,2
20.57,258.69,6.47,491,10.32,41.47,0.007,865,57.43,38.03,49.43,1,0,1,1,2
25.95,296.6,7.5,261,12.73,11.56,0.038,734,74.36,59.32,25.26,0,1,0,1,1
27.35,248.44,7.92,182,6.39,30.55,0.182,676,24.38,79.84,65.23,0,1,1,0,2
22.06,220.78,7.64,314,10.07,24.44,0.018,945,69.13,75.04,75.01,1,0,0,1,1
21.93,102.98,8.06,456,10.47,17.88,0.15,573,51.2,82.88,46.68,0,0,0,0,1
41.41,288.18,8.07,402,9.07,44.3,0.073,231,81.27,44.12,53.08,0,1,1,1,2
39.45,268.19,8.17,394,10.29,26.4,0.058,430,57.11,64.82,10.58,1,1,0,0,2
41.2,160.49,6.39,411,6.71,13.43,0.197,581,27.0,69.03,92.01,0,0,1,1,2
42.56,85.3,7.96,453,13.9,14.36,0.139,621,23.88,76.99,77.15,0,0,0,1,2
26.09,6.7,8.43,325,6.73,38.33,0.188,201,47.91,82.43,92.69,1,0,0,0,1
42.69,158.17,6.66,262,4.56,13.36,0.047,771,34.72,95.89,76.44,1,1,0,0,2
42.38,133.12,7.98,343,8.91,23.17,0.132,333,59.96,32.7,92.0,0,0,1,0,1
41.51,295.11,7.51,353,6.76,5.56,0.006,762,25.24,44.23,10.32,0,1,0,1,2
23.18,88.91,7.71,26,4.42,17.07,0.193,463,84.09,33.81,28.9,1,1,0,0,2
37.02,165.79,7.69,56,5.24,17.64,0.174,560,63.05,50.97,51.59,1,0,0,1,1
26.84,278.04,7.47,226,7.56,16.2,0.122,876,69.98,54.85,43.04,1,0,1,0,2
32.17,58.31,8.58,227,9.6,8.28,0.081,502,56.84,48.63,90.76,1,0,0,0,2
43.48,242.77,8.46,210,5.26,20.07,0.007,448,81.94,31.6,75.62,0,0,0,0,1
44.58,73.44,7.13,172,5.5,29.86,0.143,408,75.59,83.58,58.98,1,0,1,0,2
21.38,184.91,8.06,53,9.81,26.35,0.075,806,44.41,62.8,92.33,0,1,1,1,2
20.24,1.09,8.28,159,7.57,29.87,0.032,759,38.56,91.34,25.95,0,1,1,1,2
22.08,85.58,7.56,23,3.46,27.43,0.002,276,43.89,20.73,46.82,0,1,1,1,2
30.81,125.58,6.13,370,7.54,46.9,0.047,814,27.95,86.94,10.03,1,1,0,0,2
38.95,108.51,8.21,9,10.48,11.63,0.176,877,93.77,14.59,53.14,0,0,0,1,1
25.43,227.73,8.35,263,6.6,23.75,0.12,868,40.57,77.59,40.57,0,0,1,1,2
37.82,275.34,8.0,269,9.35,7.31,0.167,226,27.65,13.41,51.11,1,0,0,1,2
29.6,272.84,8.51,472,9.86,22.71,0.178,182,28.56,36.33,59.66,1,1,1,1,2
24.53,189.59,7.85,388,7.45,4.17,0.154,345,38.12,90.79,98.17,0,0,1,1,2
36.07,9.96,8.99,49,3.35,31.39,0.147,282,71.67,49.28,32.55,1,1,1,0,2
43.98,239.58,7.38,179,13.22,34.54,0.044,903,49.28,89.23,21.86,0,1,0,0,1
26.91,170.62,7.35,225,2.33,34.81,0.192,399,90.87,31.12,20.21,1,0,0,1,2
37.88,111.84,8.04,17,6.58,45.57,0.055,239,25.48,88.12,81.33,1,0,0,1,1
26.83,89.32,7.68,38,4.18,8.48,0.173,832,39.67,71.99,90.27,0,0,0,0,2
32.08,225.68,6.2,493,13.21,16.15,0.073,374,43.87,13.72,12.93,0,0,1,1,2
33.91,148.21,7.23,104,12.85,11.53,0.058,804,44.0,99.58,39.38,0,1,0,1,2
30.98,239.12,6.28,3,2.92,39.99,0.185,617,23.79,91.65,88.6,1,1,1,0,2
40.76,97.38,7.26,435,2.12,3.67,0.045,720,83.79,44.34,35.91,1,0,1,0,2
32.34,124.98,6.4,32,13.21,1.87,0.1,653,58.9,76.49,76.35,1,1,0,1,2
33.25,114.44,6.41,361,4.79,13.25,0.044,825,31.43,15.0,66.32,0,0,1,0,2
43.92,138.53,6.09,163,3.26,41.82,0.082,684,55.54,19.53,65.72,1,1,0,0,2
27.27,124.11,7.65,28,12.55,7.73,0.172,566,99.12,14.3,35.95,1,1,1,0,2
23.37,76.89,8.92,180,4.07,12.61,0.176,994,41.9,63.04,22.79,1,1,1,1,2
25.94,203.74,7.47,365,2.61,8.65,0.028,506,45.56,23.61,82.93,1,1,1,1,2
33.44,17.86,7.67,430,7.11,9.51,0.044,491,48.92,59.04,53.88,0,1,0,1,1
42.1,1.56,8.8,492,6.83,45.98,0.059,164,86.8,25.99,24.33,1,0,0,0,2
42.31,193.12,7.58,382,5.67,11.04,0.143,956,62.56,64.77,45.41,1,1,1,1,2
43.44,2.28,7.72,322,12.68,37.56,0.193,322,20.03,52.5,12.64,1,0,0,0,2
31.82,18.34,7.57,499,12.28,30.42,0.135,374,99.19,28.71,59.03,0,0,0,1,1
44.83,290.49,7.47,31,6.84,28.56,0.002,66,60.43,73.24,77.12,0,1,0,1,0
31.5,63.06,8.6,87,12.46,38.47,0.164,867,84.79,62.6,45.15,1,0,0,0,2
20.89,258.96,7.08,135,5.11,34.77,0.051,950,81.15,78.18,57.31,1,1,0,1,2
41.03,228.54,7.06,24,13.85,18.04,0.164,31,30.22,20.93,35.34,0,0,0,1,1
21.85,60.99,6.28,181,5.9,10.85,0.017,47,90.04,88.83,25.85,0,1,1,0,1
39.46,20.94,7.67,9,3.73,44.54,0.198,190,86.96,61.48,88.39,0,1,1,1,2
27.03,178.6,8.07,10,5.93,35.09,0.088,794,51.25,52.47,86.75,1,0,0,1,1
33.55,5.19,8.34,29,7.66,39.93,0.009,391,76.06,60.44,15.5,1,1,1,0,1
31.74,113.71,8.79,464,5.56,11.7,0.166,112,21.13,91.55,30.4,0,1,1,1,2
33.42,215.38,6.62,246,10.96,46.51,0.182,668,56.12,20.04,71.72,0,0,1,1,2
30.57,289.27,7.23,404,12.73,48.23,0.096,805,87.97,98.02,24.21,0,1,1,0,2
23.91,55.89,8.78,11,9.01,21.98,0.06,133,54.61,80.01,59.86,1,1,0,1,1
24.03,3.94,8.46,266,7.71,49.39,0.088,967,63.1,37.01,34.05,1,1,0,0,2
34.55,212.75,8.58,441,4.99,9.05,0.092,633,55.97,35.24,22.68,0,0,0,1,2
42.74,201.3,7.94,42,2.41,13.71,0.198,479,99.52,58.36,73.91,1,0,0,1,2
39.12,233.55,8.31,142,3.45,27.94,0.035,807,94.92,36.05,72.04,0,0,0,1,1
22.54,149.32,7.28,491,2.47,30.14,0.025,549,98.45,82.41,87.4,1,0,0,0,1
32.93,13.72,8.84,225,4.91,23.58,0.188,603,32.16,13.43,74.75,0,1,1,0,2
33.88,32.64,8.8,153,12.55,48.1,0.171,696,44.22,28.03,58.83,1,1,1,0,2
36.81,207.15,6.14,411,6.68,20.12,0.146,593,24.13,99.66,76.29,1,1,0,0,2
37.98,131.76,8.36,243,9.9,30.16,0.083,546,96.46,62.22,71.38,1,1,1,1,2
38.37,278.33,7.89,229,10.91,4.14,0.105,266,34.12,67.15,36.25,1,0,0,0,1
31.59,54.24,7.94,48,13.75,39.77,0.142,453,45.63,27.62,83.17,1,1,0,1,2
28.14,70.87,8.73,106,10.08,15.67,0.14,636,50.87,40.57,67.1,0,0,1,1,2
23.73,110.57,7.25,214,12.34,42.3,0.063,367,35.5,55.21,48.67,0,0,1,0,1
34.86,265.16,8.73,99,5.45,49.14,0.075,837,35.81,10.58,73.62,1,0,1,0,2
35.92,223.94,8.78,424,9.21,15.11,0.178,975,63.44,44.52,10.13,0,0,1,1,2
38.67,103.51,7.57,369,11.0,8.87,0.003,576,26.4,77.99,10.86,0,1,1,1,2
44.58,17.4,7.75,305,3.17,39.67,0.165,29,88.6,43.72,11.51,1,0,0,0,2
26.36,129.6,6.17,468,5.96,18.92,0.189,316,27.06,28.17,23.92,0,0,0,1,2
43.72,21.97,7.8,397,3.6,26.17,0.147,835,23.26,70.5,41.06,0,1,0,1,2
27.73,185.05,6.52,20,3.47,48.28,0.056,767,23.64,95.59,62.37,1,1,0,1,2
31.35,263.8,8.69,231,6.37,13.3,0.118,280,45.79,68.68,73.73,0,0,0,1,1
30.06,290.1,7.83,159,6.14,33.5,0.052,947,77.18,56.93,71.49,0,0,0,0,1
31.1,179.09,6.87,334,12.04,22.72,0.118,492,72.89,72.6,73.37,1,0,0,0,1
29.87,76.45,6.47,88,5.92,6.41,0.014,187,88.6,91.6,46.77,1,0,1,0,1
20.54,235.47,6.22,457,13.05,32.18,0.054,541,73.91,13.89,85.4,0,1,1,1,2
25.61,20.54,7.44,331,8.29,40.82,0.15,518,65.4,35.65,44.02,1,0,1,0,2
22.06,98.51,7.27,389,6.47,39.5,0.008,348,20.09,44.18,76.4,1,1,0,1,1
25.31,22.39,7.85,121,6.74,15.82,0.019,28,72.04,70.58,26.1,1,0,1,1,1
31.77,240.25,7.38,372,4.87,18.45,0.118,625,65.79,16.27,59.76,1,1,1,1,2
31.78,137.83,7.87,462,7.77,46.23,0.144,249,29.82,13.36,38.85,1,0,1,1,2
44.05,156.67,7.66,13,3.3,48.06,0.15,484,70.74,82.73,85.2,0,1,1,1,2
44.34,141.66,7.18,491,2.32,22.53,0.152,949,98.83,43.14,57.41,1,0,0,0,2
28.11,157.13,6.34,218,3.87,48.18,0.189,50,25.97,46.26,10.23,1,1,1,0,2
41.7,31.3,6.0,142,12.84,45.42,0.105,487,23.36,45.6,99.71,1,1,0,1,2
24.1,66.41,6.46,138,10.77,42.53,0.01,634,41.54,84.63,10.59,0,1,0,0,2
22.42,139.89,7.31,182,2.52,18.22,0.076,700,98.59,68.81,56.98,0,1,1,0,2
44.69,211.51,6.87,416,6.84,36.13,0.137,706,53.2,29.34,66.78,0,0,1,0,2
31.78,266.6,7.4,464,4.79,2.38,0.115,123,37.11,61.46,72.76,0,1,0,0,2
39.49,76.79,6.45,242,7.8,28.7,0.098,80,89.05,36.38,50.52,1,0,1,0,2
20.55,286.13,7.25,53,11.92,3.81,0.07,878,77.24,91.29,25.05,1,1,0,0,2
34.9,258.31,6.65,143,3.69,16.28,0.006,862,65.57,55.12,64.48,1,1,0,1,2
37.16,135.71,7.55,62,11.05,7.28,0.174,749,79.9,57.04,65.65,1,1,1,0,2
31.71,204.06,7.86,81,13.99,37.44,0.123,543,59.78,96.1,77.74,1,1,0,0,1
33.79,295.34,8.16,451,5.23,12.19,0.059,659,78.35,43.24,68.81,1,1,1,1,2
25.87,102.34,6.59,376,2.7,43.66,0.058,892,88.12,15.0,23.39,0,0,1,0,2
21.91,276.23,8.92,225,8.03,9.78,0.146,650,59.46,92.45,96.01,1,0,0,1,2
25.81,89.3,7.32,149,6.28,11.63,0.125,187,78.84,83.3,12.9,0,1,1,1,1
33.33,173.44,6.16,220,5.84,23.04,0.046,51,60.03,59.09,84.97,1,1,1,0,1
42.63,236.98,8.73,88,8.29,42.12,0.022,648,90.15,82.58,32.35,0,0,0,1,1
32.23,46.15,6.73,161,12.79,25.96,0.101,927,79.89,69.5,49.53,1,0,0,1,2
28.08,236.33,8.04,116,8.77,42.8,0.179,450,27.31,97.35,98.09,0,1,0,1,2
30.32,289.1,7.2,130,7.22,3.68,0.1,251,43.3,64.14,24.65,1,0,0,1,1
32.85,205.05,6.23,407,10.47,16.8,0.029,265,42.98,16.91,37.92,1,1,0,0,2
21.67,195.44,7.47,392,13.61,21.95,0.19,946,64.14,95.05,56.61,1,1,0,0,2
32.96,194.27,7.22,53,2.75,26.09,0.163,437,27.98,80.98,71.64,1,1,1,0,2
21.96,36.49,8.32,142,8.6,29.57,0.006,573,81.88,88.41,29.26,0,0,1,0,1
25.06,92.97,8.22,116,12.21,41.23,0.149,525,26.49,79.21,22.72,1,1,0,1,2
43.71,87.11,7.36,303,13.46,35.31,0.199,376,29.44,73.78,41.34,1,0,0,1,2
42.01,294.16,7.18,318,9.6,40.66,0.059,486,64.58,16.31,34.18,1,0,0,0,2
34.02,280.86,8.43,184,7.19,11.37,0.051,139,99.02,78.69,61.64,0,0,1,0,1
27.09,196.3,8.62,326,4.76,30.57,0.105,937,69.85,41.28,65.72,1,0,1,0,2
35.48,254.12,6.51,199,9.03,14.17,0.196,176,97.31,42.67,15.6,0,1,0,0,1
43.82,199.37,8.83,442,8.18,2.45,0.014,639,46.52,96.19,84.03,1,0,1,0,2
38.36,218.1,7.28,235,10.26,48.95,0.047,471,83.64,65.96,38.34,1,1,0,0,1
24.17,135.99,6.74,490,7.37,31.23,0.028,917,22.86,42.86,53.13,0,0,0,0,1
41.76,281.83,6.24,84,9.52,39.23,0.176,305,97.78,98.04,52.41,1,0,0,1,1
42.24,273.5,7.82,254,9.01,22.43,0.045,961,74.83,58.06,31.33,1,0,0,0,1
27.37,240.58,8.09,87,8.33,2.0,0.165,766,92.29,18.95,69.05,1,1,1,1,2
43.85,255.22,6.88,155,5.97,8.67,0.042,240,39.68,88.96,19.35,0,0,0,1,1
41.14,195.37,8.87,431,10.44,6.84,0.163,561,67.28,41.28,10.53,1,1,1,0,2
33.08,246.3,6.9,458,13.14,39.85,0.122,771,60.95,66.65,70.37,1,1,1,1,2
41.76,116.16,7.97,492,7.63,1.09,0.158,775,68.18,82.08,64.98,0,1,1,1,2
40.87,90.82,8.5,76,7.8,41.64,0.021,839,77.41,89.25,67.69,0,0,1,0,1
39.0,62.03,8.09,108,8.85,45.71,0.105,619,71.78,24.48,93.73,1,0,1,1,2
30.87,169.98,6.07,233,10.64,3.87,0.045,189,91.58,12.96,83.12,0,1,0,0,1
43.95,224.29,8.55,33,2.8,2.24,0.165,738,65.62,31.3,22.9,0,0,1,0,2
42.9,137.31,7.93,60,9.43,36.56,0.135,447,83.56,33.08,57.63,0,0,0,0,1
37.08,288.68,6.9,465,11.61,23.74,0.129,946,46.72,13.22,84.83,1,0,0,1,2
28.81,23.04,8.26,226,2.47,1.74,0.018,729,79.68,66.76,48.43,1,0,0,0,1
29.96,25.04,6.87,254,2.02,6.0,0.15,668,33.59,82.04,53.59,1,0,1,0,2
28.11,123.03,8.42,190,6.63,3.06,0.075,367,99.06,95.69,60.69,0,1,0,0,0
38.02,209.95,8.88,231,7.28,46.59,0.029,410,78.63,31.08,43.41,1,1,1,0,2
31.39,299.15,7.83,166,6.4,11.39,0.02,651,75.76,36.5,59.38,1,1,0,1,2
42.88,269.48,8.91,449,8.84,17.83,0.155,326,54.19,31.46,10.38,1,1,0,1,2
38.0,127.66,6.94,497,6.48,23.97,0.039,581,56.92,37.47,30.01,0,0,1,0,2
44.79,0.26,6.59,471,2.83,2.63,0.059,68,31.89,46.45,19.29,1,1,1,0,2
39.76,169.98,8.17,464,8.57,31.54,0.192,128,61.16,52.13,76.65,1,0,0,1,1
23.6,186.62,6.24,50,4.86,0.1,0.174,317,69.12,41.93,12.77,0,1,0,1,2
34.91,291.5,6.41,358,13.39,30.17,0.181,362,66.63,65.06,75.58,0,0,0,1,1
36.59,64.74,7.21,42,8.68,26.3,0.051,29,45.0,30.29,55.52,1,1,0,0,2
39.51,245.96,8.9,254,7.41,4.83,0.067,693,65.25,80.41,12.07,1,1,1,0,2
38.78,228.12,7.17,91,9.83,32.84,0.161,2,43.39,59.62,38.73,1,1,1,1,2
41.41,156.96,7.09,294,2.96,18.08,0.036,774,29.68,29.94,44.17,1,0,1,1,2
39.84,97.25,7.51,282,7.2,24.8,0.197,839,55.74,82.88,31.91,1,1,0,1,2
35.23,262.52,8.45,208,3.54,18.4,0.095,635,24.97,18.09,84.65,1,0,0,1,2
39.9,0.34,6.85,191,10.61,46.98,0.13,193,60.75,75.28,54.88,1,0,0,1,1
30.04,115.54,6.01,234,3.4,38.52,0.173,310,63.99,34.27,80.76,1,1,1,1,2
35.26,51.0,8.72,107,5.17,37.47,0.036,306,35.99,11.26,75.91,0,1,0,0,1
26.42,133.3,7.98,299,7.25,28.4,0.099,9,82.48,74.86,69.03,1,0,0,0,1
29.83,83.98,6.68,415,10.6,2.14,0.149,480,93.45,27.21,81.55,1,0,1,0,2
44.82,195.32,6.65,443,6.42,41.14,0.023,397,41.49,83.37,42.33,1,0,1,1,2
26.05,216.38,8.27,453,9.14,7.26,0.151,162,69.8,52.84,80.14,0,1,0,0,1
41.63,263.59,8.35,468,7.84,7.07,0.087,359,32.89,98.24,73.36,0,1,0,1,1
39.09,232.42,8.02,188,3.73,44.15,0.082,175,39.51,41.42,24.63,0,0,0,1,2
43.0,159.12,7.19,188,6.22,32.23,0.027,863,43.64,97.82,43.41,0,1,1,1,2
20.66,296.98,6.84,70,8.56,13.94,0.173,218,26.53,53.34,46.56,0,1,1,0,1
43.35,160.42,8.08,273,7.75,24.07,0.064,447,31.17,56.13,38.91,0,1,0,0,2
23.92,162.24,6.3,374,8.51,46.84,0.039,564,25.19,44.93,23.12,0,0,1,0,2
21.69,139.42,7.83,330,13.54,16.28,0.197,581,82.29,39.31,52.75,0,0,0,0,1
20.55,108.01,8.67,51,5.99,37.35,0.123,398,76.0,23.38,88.1,0,1,1,1,2
33.15,255.15,8.79,307,3.03,6.97,0.001,675,41.26,56.35,53.19,1,0,0,0,2
43.36,72.16,6.82,313,11.75,9.14,0.119,441,60.44,72.48,25.55,0,1,1,1,2
30.02,22.58,7.64,29,9.32,20.35,0.088,482,94.61,53.06,60.51,1,1,1,1,2
40.96,55.55,7.66,336,10.78,47.77,0.181,248,71.45,45.48,52.14,0,1,1,1,2
42.39,41.51,8.55,312,5.54,12.32,0.12,239,64.97,99.41,51.01,1,1,0,0,2
32.35,257.1,7.64,70,10.11,26.45,0.076,204,93.7,32.65,41.97,1,1,1,1,2
44.0,192.29,7.85,4,13.31,27.17,0.03,215,72.92,90.89,80.56,1,1,0,1,0
44.75,174.38,6.33,418,2.94,22.41,0.02,913,25.37,75.79,55.1,0,1,0,1,2
38.31,96.31,6.8,51,3.96,46.58,0.189,111,41.7,81.53,30.64,0,0,0,0,1
37.7,54.79,6.35,149,11.77,42.43,0.034,71,29.93,55.63,11.69,1,0,0,0,1
31.88,126.5,7.33,282,6.42,36.73,0.099,969,77.21,43.25,48.09,1,0,1,1,2
22.72,9.87,7.82,201,13.13,10.03,0.053,408,71.6,60.01,67.07,0,1,0,0,1
32.42,138.56,7.92,214,3.56,22.61,0.018,137,59.08,84.04,35.09,0,0,1,1,1
22.62,287.49,8.56,82,12.53,0.59,0.012,410,44.19,31.49,61.11,1,0,0,1,2
37.74,18.42,8.76,363,2.52,9.96,0.181,790,88.55,26.0,87.56,0,1,0,0,2
23.79,228.61,8.04,169,10.53,35.62,0.023,591,50.48,63.09,88.35,1,1,0,0,1
44.02,142.08,6.76,497,3.43,29.56,0.194,703,75.92,55.86,26.44,0,1,1,0,2
20.44,263.44,8.43,153,13.98,47.65,0.131,983,89.98,80.64,20.09,1,1,0,0,2
30.43,291.71,8.21,381,9.23,9.69,0.039,646,78.76,87.85,58.27,1,1,1,1,2
28.57,98.0,6.73,217,3.14,6.85,0.159,561,87.09,76.76,93.78,1,1,1,0,2
33.54,184.33,7.44,174,2.9,37.78,0.08,406,60.73,73.81,61.24,1,1,1,1,2
39.7,209.03,6.58,490,6.26,2.3,0.197,667,77.94,34.31,58.82,1,1,0,0,2
27.61,90.31,7.45,314,10.7,30.6,0.024,847,81.07,76.6,84.73,1,1,1,1,2
39.5,147.72,8.85,102,6.81,40.81,0.142,392,55.13,65.34,30.79,0,0,1,0,1
26.43,174.1,7.02,24,2.94,28.37,0.086,594,38.88,35.63,20.07,0,0,1,0,2
26.94,269.47,7.4,148,13.65,6.38,0.035,322,55.86,64.97,38.67,1,1,0,0,0
43.59,79.79,6.68,361,9.86,28.96,0.028,288,73.71,82.8,91.73,0,1,1,0,1
30.21,99.35,6.08,480,9.53,42.44,0.046,976,61.09,69.58,59.64,0,0,0,0,1
24.33,271.49,8.86,395,9.84,11.7,0.037,551,22.29,92.79,48.77,1,0,0,1,2
25.47,61.81,7.64,284,2.11,48.32,0.068,476,20.61,14.55,64.91,0,1,0,1,2
35.73,68.31,7.41,198,7.56,4.5,0.199,237,32.71,54.73,18.11,1,0,0,1,2
41.36,299.49,6.55,18,2.74,4.08,0.06,546,52.61,70.73,45.6,1,0,1,1,2
20.2,16.55,6.58,252,5.15,24.56,0.084,327,80.97,81.08,92.94,1,0,1,1,1
28.34,274.54,8.33,150,11.23,17.71,0.139,215,62.49,94.76,61.54,0,1,0,1,0
35.83,268.17,7.76,251,10.6,44.11,0.018,660,94.49,45.54,48.54,0,0,1,0,1
24.22,5.57,7.83,278,2.43,13.78,0.139,177,84.7,34.23,89.38,1,0,0,0,2
34.02,197.63,7.1,286,5.72,32.39,0.012,0,88.3,77.94,56.54,1,1,0,1,1
41.02,236.09,7.97,430,10.52,36.85,0.021,656,49.74,65.62,61.79,0,0,0,1,1
30.18,172.17,7.28,1,13.58,30.06,0.163,195,49.47,89.64,77.97,0,1,1,0,1
21.92,288.37,6.74,262,4.62,2.48,0.098,3,83.74,85.82,46.11,0,1,0,1,1
21.19,192.36,6.19,102,6.4,22.6,0.031,264,34.64,49.49,81.96,1,1,1,0,2
38.1,56.03,8.22,229,4.04,0.22,0.064,32,22.63,36.66,88.38,0,0,1,1,2
38.2,186.56,8.28,231,4.27,30.49,0.119,487,52.19,52.47,74.51,0,0,1,1,2
28.55,279.22,7.74,269,7.94,31.47,0.101,92,79.66,28.72,88.85,1,0,0,1,1
28.25,18.62,7.43,449,4.97,13.64,0.196,566,90.95,50.77,79.45,1,0,0,1,2
32.69,187.76,8.1,440,9.11,1.8,0.097,102,76.09,76.33,69.6,0,1,1,1,1
31.22,18.33,8.53,359,3.02,16.66,0.189,211,94.75,23.3,82.87,1,1,0,1,2
23.28,200.22,8.67,92,8.69,34.22,0.028,707,91.36,88.23,99.81,1,1,0,1,2
25.07,200.26,7.95,384,13.74,34.92,0.083,706,89.5,15.74,86.14,0,0,0,1,2
21.41,203.3,6.98,379,7.99,46.73,0.03,350,56.05,44.9,31.58,0,0,1,0,1
44.28,172.18,6.38,140,13.86,49.19,0.087,820,96.07,34.78,11.46,0,1,0,1,2
23.44,12.52,7.14,275,5.87,25.29,0.15,86,32.76,55.55,17.67,0,1,1,1,2
26.2,28.61,7.27,453,12.3,41.23,0.016,823,97.81,78.69,64.76,1,0,1,1,2
37.17,298.48,7.4,273,9.03,39.4,0.146,109,60.37,43.02,77.39,1,1,1,1,2
25.69,268.77,7.02,391,3.37,41.71,0.099,684,49.89,74.93,39.43,1,1,0,1,2
38.34,269.14,7.3,247,4.35,46.3,0.021,304,21.05,38.42,80.19,1,0,0,0,2
40.3,234.97,8.05,96,13.57,48.33,0.076,290,43.43,72.42,93.23,1,1,1,1,2
42.04,274.58,6.83,15,10.78,3.85,0.159,523,28.61,13.42,28.76,0,0,1,0,2
21.64,226.68,6.49,38,3.53,23.22,0.033,352,39.23,61.72,60.46,0,0,0,0,1
36.77,134.74,8.67,451,7.51,32.94,0.071,936,45.65,61.47,74.93,1,0,0,1,2
27.07,55.17,6.16,157,4.73,8.35,0.004,453,24.17,18.94,73.16,0,0,1,1,2
40.79,255.79,6.52,26,10.16,18.22,0.029,987,38.25,27.33,63.1,1,1,0,0,2
22.62,215.02,6.9,320,12.57,17.68,0.199,348,48.67,11.86,18.72,0,1,0,1,2
22.46,168.2,6.36,29,7.36,47.81,0.145,906,57.07,84.79,18.9,0,1,1,1,2
39.15,91.73,7.23,32,7.1,8.8,0.094,236,83.03,69.25,56.28,0,1,1,1,1
23.88,124.31,7.89,245,4.63,3.05,0.109,546,47.69,13.86,74.75,1,1,0,1,2
22.19,142.67,8.57,66,6.85,41.04,0.115,490,30.53,92.96,50.56,1,1,0,1,2
40.86,197.84,6.18,379,2.17,31.5,0.11,417,35.0,25.37,88.33,0,0,0,1,2
32.6,218.21,7.44,246,5.58,22.41,0.065,305,37.08,94.11,81.69,1,1,0,0,1
37.37,48.08,6.71,356,5.07,11.12,0.04,471,44.57,63.82,25.46,1,1,0,0,2
39.48,150.28,7.09,144,6.66,48.0,0.154,38,36.24,19.98,77.57,1,1,1,0,2
28.59,279.24,6.36,380,11.01,38.93,0.191,354,54.9,33.06,15.33,0,0,1,1,2
37.18,193.79,8.84,12,3.87,6.4,0.002,164,59.64,92.15,64.78,0,0,0,1,1
38.84,214.74,6.46,326,9.77,35.51,0.127,883,57.89,37.52,93.82,0,1,0,0,2
32.95,3.46,7.55,421,13.54,26.72,0.076,989,61.96,11.18,76.26,0,1,1,0,2
43.92,67.17,7.37,27,2.48,12.96,0.062,243,86.16,10.86,81.82,0,0,1,0,1
34.74,16.61,6.15,98,5.69,18.6,0.016,129,97.37,95.5,98.55,1,0,0,0,0
25.43,249.3,8.13,293,11.17,35.33,0.123,223,74.93,29.83,45.47,0,0,1,1,1
29.37,39.93,8.82,97,3.96,26.98,0.102,494,20.78,43.26,64.61,1,1,0,1,2
30.64,46.16,8.93,299,12.99,16.2,0.18,22,55.36,27.3,50.5,1,1,1,1,2
36.59,18.73,8.61,155,13.4,35.15,0.19,49,59.95,21.53,82.52,1,0,1,0,2
29.35,243.12,7.71,3,5.42,6.82,0.152,767,87.47,49.26,49.0,1,0,0,0,1
34.15,78.57,7.82,80,7.62,35.14,0.199,377,79.97,58.36,51.59,1,0,0,0,0
39.35,136.12,8.65,287,9.99,13.12,0.041,969,91.14,99.06,20.43,1,1,1,1,2
37.03,111.8,8.2,102,12.32,10.74,0.081,723,63.16,17.94,46.97,0,0,0,0,1
42.52,271.96,8.47,202,13.99,21.79,0.03,940,47.43,16.39,39.86,1,0,1,0,2
27.84,270.74,6.69,105,8.91,0.23,0.008,297,37.69,51.01,39.79,1,1,0,1,1
24.01,268.34,6.88,141,5.78,45.14,0.047,183,69.27,40.14,71.04,0,1,1,1,1
41.39,15.05,8.65,440,10.77,4.45,0.07,704,99.53,20.01,63.12,0,0,1,1,2
39.51,193.15,6.35,211,3.67,44.06,0.15,607,52.03,89.99,57.23,1,0,1,1,2
34.84,9.29,6.83,408,10.31,22.97,0.027,360,72.5,86.37,36.59,1,0,1,1,1
32.0,80.41,7.14,395,10.98,9.45,0.032,747,43.91,76.25,59.3,0,1,1,0,2
25.4,234.56,6.84,468,5.98,29.2,0.141,912,46.01,66.94,85.06,0,0,0,0,2
33.27,276.88,6.62,110,5.32,12.78,0.093,628,59.56,92.17,43.94,1,1,0,1,1
35.6,131.73,7.46,248,3.94,41.87,0.159,86,98.05,75.38,92.35,0,1,0,1,1
37.85,88.41,7.65,194,10.97,25.89,0.132,295,22.29,15.94,44.54,1,1,1,1,2
20.74,110.41,6.67,286,10.3,16.8,0.052,476,78.54,25.94,49.03,0,1,1,0,2
30.11,46.49,7.63,66,13.32,20.07,0.106,10,68.44,39.52,61.54,1,0,1,0,1
41.52,266.77,6.91,490,12.22,10.82,0.101,396,81.02,49.58,87.0,0,0,0,1,1
42.59,85.0,8.9,226,3.3,36.22,0.028,320,79.3,93.0,12.59,0,1,0,0,1
41.32,230.15,7.02,355,5.97,12.97,0.149,320,55.71,71.07,86.71,0,1,0,0,1
39.24,79.56,8.67,286,7.53,41.24,0.14,954,49.06,96.09,98.51,1,0,0,0,2
28.82,101.13,8.28,359,11.59,49.09,0.161,458,86.68,27.61,24.56,0,0,1,1,2
20.07,273.59,7.87,465,13.14,25.0,0.178,762,25.49,67.69,79.96,1,1,1,0,2
43.17,223.2,6.93,82,12.94,22.45,0.136,258,80.59,14.55,59.81,0,1,1,1,1
39.3,65.23,6.67,174,3.52,45.35,0.118,748,39.35,48.79,39.88,0,1,0,0,2
35.65,101.41,8.1,314,6.06,39.73,0.158,815,65.74,38.1,77.12,1,0,1,0,2
40.11,246.64,7.42,370,6.01,1.44,0.025,877,72.07,22.97,94.14,0,1,1,1,2
34.87,233.17,8.21,212,3.07,23.51,0.025,529,91.21,88.67,98.02,1,0,1,0,2
30.68,126.69,6.76,425,9.54,36.52,0.074,962,85.24,65.82,96.37,0,1,1,1,2
32.31,25.64,6.79,469,5.09,46.28,0.028,384,42.29,49.95,90.88,1,0,0,1,1
37.64,248.65,8.63,144,8.23,15.65,0.142,732,90.41,58.73,91.55,0,0,1,1,2
43.7,74.9,8.82,439,2.8,9.4,0.072,720,89.57,79.83,66.71,0,1,1,0,2
44.39,17.22,6.42,142,9.15,39.69,0.007,658,98.09,38.36,48.6,1,0,1,1,2
21.47,44.9,8.24,151,8.9,29.96,0.005,487,55.0,12.08,41.21,0,1,1,0,1
42.21,272.85,6.31,15,10.0,33.48,0.044,262,52.68,66.68,39.9,1,1,1,1,2
28.75,220.29,8.82,441,6.92,3.21,0.174,233,63.38,37.06,70.05,1,1,0,1,2
22.84,143.09,7.07,124,11.39,24.71,0.022,281,55.11,83.86,80.21,1,1,0,0,0
31.63,169.11,9.0,237,10.28,27.15,0.113,57,85.04,54.54,99.52,0,1,1,0,1
37.06,13.99,6.75,262,9.14,37.77,0.028,66,69.35,47.03,92.97,1,1,1,1,1
25.47,228.29,8.16,17,12.16,45.44,0.183,245,27.61,46.95,94.79,1,1,0,0,1
21.42,215.35,7.74,86,4.86,23.1,0.038,604,75.3,33.31,91.15,0,0,1,1,2
29.72,255.28,7.91,458,10.42,38.31,0.063,334,33.62,11.98,29.07,0,1,1,0,2
32.54,74.31,8.06,346,5.25,12.19,0.051,247,77.04,34.96,10.06,1,0,1,1,2
23.08,112.23,7.98,168,9.92,11.1,0.193,262,27.78,45.06,11.36,0,0,1,1,2
41.25,17.97,6.68,43,9.77,42.37,0.078,240,36.37,15.85,17.15,0,1,1,1,2
38.15,204.69,6.41,431,12.63,8.73,0.126,899,26.19,11.09,35.93,1,0,1,0,2
30.49,36.42,6.31,116,13.0,5.38,0.039,159,74.17,28.42,65.65,0,0,1,1,1
43.29,166.47,8.78,389,9.75,23.65,0.01,164,65.26,93.28,12.29,1,0,0,0,1
24.51,153.12,7.52,388,13.78,47.32,0.195,740,45.4,23.37,10.39,0,1,1,1,2
32.09,298.52,8.02,464,5.04,11.26,0.012,437,87.45,90.84,50.31,1,1,1,1,2
21.66,56.62,7.23,354,6.37,35.12,0.137,702,57.41,48.63,68.0,1,1,1,0,2
22.48,255.84,7.52,159,13.89,23.18,0.079,572,70.84,19.53,90.58,1,1,0,0,2
20.92,239.69,6.41,233,5.69,14.29,0.061,455,68.65,19.73,69.04,1,1,1,1,2
34.93,102.56,7.38,499,13.66,21.29,0.046,230,69.98,55.06,44.53,1,0,0,0,0
29.0,139.18,6.83,30,8.0,2.26,0.015,127,22.62,32.21,98.17,1,0,0,0,1
43.23,133.58,8.95,361,5.57,36.27,0.182,753,70.11,37.45,65.61,0,0,1,1,2
42.8,264.96,8.91,299,9.71,16.66,0.002,182,35.14,36.05,90.11,0,1,0,0,1
33.07,214.67,6.33,496,10.07,41.79,0.037,58,35.81,21.62,30.99,0,0,1,0,2
33.84,36.71,8.41,50,4.98,41.06,0.128,304,83.37,76.35,91.18,1,0,1,1,2
24.61,111.37,7.57,59,7.33,16.78,0.093,170,41.74,91.3,99.88,0,1,1,0,1
40.31,172.12,6.57,455,8.29,28.08,0.146,286,41.71,71.53,98.14,0,0,0,0,1
33.55,51.06,6.07,182,2.82,42.75,0.159,923,80.98,95.79,98.69,0,1,0,0,2
20.89,223.78,7.93,5,11.74,26.68,0.067,567,48.63,66.34,24.29,0,0,1,0,2
38.83,288.59,6.89,228,6.96,9.83,0.191,203,78.66,42.56,26.77,1,1,1,0,2
38.16,144.57,7.58,491,12.04,36.83,0.159,304,21.41,58.34,66.63,0,1,1,1,2
41.44,19.15,8.86,22,9.52,35.95,0.029,827,57.06,23.22,42.14,0,0,0,0,1
23.77,37.53,7.21,152,10.2,26.19,0.139,856,90.56,12.9,77.65,1,0,1,0,2
32.36,297.41,6.13,180,12.02,20.96,0.084,286,64.8,14.06,46.71,0,1,1,0,2
34.98,190.7,8.14,302,9.62,11.86,0.175,21,38.79,98.2,42.69,0,0,0,0,1
38.13,24.98,7.9,186,5.95,41.97,0.152,775,53.13,35.27,66.2,1,1,0,0,2
44.07,280.53,6.49,423,11.9,27.27,0.044,346,82.67,62.25,12.37,1,1,1,0,2
21.39,255.11,7.7,493,6.75,1.31,0.045,848,42.59,87.95,42.2,0,0,0,1,1
26.89,203.03,8.21,189,10.26,48.55,0.102,359,30.7,48.87,64.06,0,0,1,1,2
35.19,285.57,7.23,247,4.4,29.17,0.135,63,67.23,92.43,85.17,0,0,0,0,1
25.75,87.21,8.76,292,5.87,4.41,0.012,694,66.54,88.92,20.7,1,1,0,0,2
20.37,236.53,8.44,474,2.47,37.13,0.066,255,39.72,56.02,44.64,0,0,0,0,1
23.76,239.67,7.68,206,12.82,27.28,0.174,651,96.01,73.25,38.82,0,0,1,1,2
42.57,267.47,8.43,263,13.95,29.78,0.157,638,71.96,46.1,61.06,0,1,1,0,1
26.07,138.24,7.44,94,3.76,14.59,0.102,725,41.0,25.51,11.62,1,0,0,0,2
21.97,269.06,8.73,8,4.22,34.07,0.185,593,30.47,22.33,79.55,1,1,0,0,2
40.86,82.97,7.4,290,13.26,4.29,0.065,526,31.04,33.27,42.74,0,0,0,1,2
25.49,104.82,8.78,71,3.96,11.03,0.047,823,37.82,82.24,90.41,1,0,1,0,2
40.2,201.93,6.12,457,8.78,12.09,0.016,52,89.29,15.38,75.32,1,1,1,0,2
35.43,150.92,8.56,192,12.62,19.96,0.08,904,69.76,96.98,43.44,1,1,0,0,2
33.6,240.3,8.19,48,5.51,43.33,0.068,130,73.78,99.82,22.49,1,1,0,1,1
34.73,40.59,7.97,207,13.19,49.08,0.163,7,65.57,28.77,40.89,0,1,1,0,2
35.31,299.77,7.96,58,9.58,19.27,0.072,64,57.79,41.81,73.94,1,0,1,1,1
27.75,130.29,6.77,161,10.17,34.12,0.169,602,35.04,94.93,46.86,0,1,0,1,2
37.3,60.49,6.16,171,9.28,14.57,0.185,247,96.79,15.13,13.51,1,0,0,1,2
37.88,28.94,6.21,294,5.38,10.95,0.185,71,64.92,10.03,20.28,1,0,1,0,2
23.34,69.54,7.29,10,9.16,0.54,0.176,572,72.12,13.94,49.66,1,1,0,0,2
43.8,118.71,7.85,38,3.76,9.29,0.066,993,30.97,53.92,75.06,1,1,0,0,2
25.11,215.93,6.87,325,11.3,9.65,0.112,9,28.32,14.55,87.26,1,0,0,1,2
25.97,266.3,7.0,158,12.0,45.18,0.114,77,79.12,32.65,90.71,0,1,0,0,1
26.62,250.53,7.72,164,10.71,34.67,0.041,798,95.14,69.71,55.55,0,0,0,0,0
44.56,142.87,6.49,322,2.64,3.92,0.004,926,43.93,37.49,53.31,1,1,0,1,2
25.58,48.94,7.37,69,5.41,40.47,0.037,878,56.04,27.25,92.96,0,0,1,0,1
35.9,299.41,7.37,331,6.88,29.44,0.039,893,98.45,88.37,38.5,1,0,1,0,2
41.93,111.53,7.72,426,3.35,41.68,0.117,944,76.08,48.81,45.35,1,0,0,1,2
29.18,77.35,6.12,9,12.43,23.53,0.195,893,49.87,80.13,54.05,1,0,1,1,2
26.02,170.48,6.01,33,12.41,33.69,0.133,549,43.21,39.82,10.3,1,1,1,1,2
25.56,35.07,6.46,0,9.4,46.16,0.019,593,22.36,41.04,84.1,1,0,1,0,2
43.61,50.98,8.92,350,10.62,10.19,0.129,940,72.86,33.95,21.65,1,0,1,1,2
36.67,161.99,7.18,440,6.7,23.21,0.015,991,68.84,56.07,44.94,1,0,0,1,1
38.74,129.17,7.37,6,12.99,10.38,0.108,20,46.34,46.96,87.76,0,1,1,0,1
24.31,72.5,7.39,102,7.98,23.39,0.099,853,66.02,36.56,48.01,0,1,0,0,1
26.28,48.94,7.2,447,8.44,22.67,0.178,891,29.02,17.22,86.31,0,0,0,1,2
28.96,98.63,6.27,260,13.8,20.88,0.042,395,49.49,38.85,48.35,1,0,0,0,2
27.39,105.25,7.31,158,6.73,5.02,0.152,934,92.88,39.02,48.35,1,0,0,1,2
41.26,72.49,7.77,74,5.9,31.13,0.019,31,65.78,28.19,72.02,1,1,1,0,1
36.19,269.57,7.35,286,3.39,25.55,0.099,815,67.71,66.91,77.11,0,0,0,0,1
24.7,65.7,6.2,32,7.83,29.86,0.05,3,48.34,85.35,57.53,0,1,0,0,1
21.86,208.79,7.31,164,8.49,15.83,0.155,885,40.05,42.53,66.94,0,0,1,1,2
42.36,204.12,7.16,333,5.13,16.24,0.186,460,38.78,86.88,74.89,0,1,0,0,2
25.81,14.62,6.87,122,3.91,44.43,0.198,529,57.88,80.69,30.28,0,0,0,1,2
30.9,284.67,7.07,108,6.71,12.05,0.013,902,36.25,22.88,39.64,0,1,0,1,2
34.69,35.28,7.8,27,4.51,49.73,0.155,425,76.25,20.35,17.62,0,1,1,0,2
31.28,254.34,7.86,10,5.13,8.63,0.028,338,58.85,95.5,74.26,0,0,1,1,0
32.54,277.46,6.74,349,13.79,37.38,0.115,610,32.41,11.37,72.12,0,1,0,1,2
38.62,81.16,7.89,52,5.26,30.31,0.103,810,30.44,15.6,17.89,1,1,0,1,2
37.66,261.07,8.35,450,13.78,4.61,0.052,562,26.85,85.82,40.44,0,1,0,1,2
42.55,101.69,7.06,281,2.67,46.01,0.081,118,96.23,33.59,91.79,1,0,0,0,2
38.86,71.63,8.21,281,11.7,45.03,0.137,509,48.69,25.09,18.28,1,1,0,0,2
40.57,130.75,7.61,435,10.31,11.57,0.154,65,61.75,95.75,64.35,0,1,0,0,1
44.91,231.85,8.63,375,13.83,9.07,0.138,318,75.16,91.27,24.73,0,0,1,0,2
26.83,187.16,8.09,114,5.68,42.9,0.121,116,81.06,88.17,11.81,0,0,1,1,1
31.05,266.99,7.4,350,5.55,37.9,0.134,333,54.07,81.08,31.3,1,1,0,0,1
38.98,26.85,7.48,404,2.08,7.92,0.196,365,55.47,25.5,75.7,1,0,0,0,2
36.58,144.63,8.22,144,9.65,31.55,0.151,352,53.16,12.96,22.23,0,0,1,0,1
42.49,222.54,8.92,33,2.32,47.38,0.137,209,46.12,70.57,57.77,1,1,1,0,2
20.55,65.65,6.32,230,8.12,15.12,0.113,274,80.46,74.08,29.49,1,1,1,1,2
21.52,83.45,9.0,341,5.47,3.1,0.172,277,40.86,90.17,37.43,0,0,0,1,2
39.72,298.43,8.41,222,13.59,11.46,0.029,563,82.12,27.54,73.88,1,1,0,1,2
22.9,284.98,7.02,231,9.68,20.79,0.119,125,72.88,89.34,16.31,1,0,0,1,1
20.86,61.07,6.66,460,6.95,34.83,0.101,116,83.46,39.96,52.52,1,1,0,1,2
27.24,110.82,7.69,11,10.94,36.39,0.082,5,23.39,68.33,20.59,0,0,0,0,1
20.56,234.64,7.91,499,5.46,31.32,0.026,125,81.39,61.78,84.22,0,0,0,0,0
22.96,219.43,8.94,115,9.06,16.55,0.092,23,95.9,54.91,46.86,1,1,1,1,2
42.29,117.64,7.68,206,2.85,14.23,0.134,28,86.49,27.24,40.02,1,0,0,0,2
33.02,293.23,8.95,358,5.86,40.23,0.035,117,72.55,86.06,17.44,1,1,0,0,2
22.9,267.86,7.92,271,2.67,11.67,0.127,188,21.25,98.18,43.17,0,1,1,1,2
42.79,265.52,6.85,428,11.39,18.34,0.054,1,51.71,51.75,28.75,1,0,1,0,2
30.74,293.3,6.17,10,3.57,43.53,0.005,670,92.44,59.01,49.27,0,0,1,1,2
29.18,257.75,6.93,297,4.68,35.43,0.008,982,62.41,12.33,53.31,0,1,0,0,2
41.41,230.88,6.73,122,13.44,3.0,0.078,485,92.1,67.25,58.3,0,0,0,0,0
41.96,159.42,7.81,468,2.57,12.04,0.069,683,82.26,35.41,26.39,1,1,1,0,2
23.04,0.74,8.75,277,11.81,32.58,0.085,651,34.85,84.15,26.22,1,1,0,0,2
40.94,257.5,7.12,281,2.17,5.91,0.175,684,94.19,44.47,23.67,1,1,0,1,2
30.19,46.89,6.88,242,3.46,0.17,0.183,539,50.53,84.17,40.0,1,1,0,0,2
21.76,284.46,7.72,30,9.26,35.03,0.119,138,94.18,15.83,20.19,0,1,0,0,1
31.61,98.42,7.21,383,9.94,8.33,0.088,483,41.89,33.79,40.23,1,0,0,1,2
25.75,271.48,7.92,178,11.14,36.94,0.15,216,40.49,47.85,85.11,1,0,0,0,1
32.96,273.46,6.98,36,12.96,21.85,0.061,493,26.49,85.93,36.4,0,1,1,1,2
35.24,215.18,7.11,347,8.45,41.66,0.065,750,42.31,95.42,42.33,1,1,1,0,2
37.48,38.57,8.95,86,6.99,25.15,0.14,107,39.52,35.72,21.02,0,1,1,0,2
35.23,65.54,7.95,446,10.01,23.56,0.0,212,80.65,13.04,59.6,0,1,1,1,1
27.04,132.42,6.19,455,2.9,29.93,0.036,109,95.74,57.72,35.46,1,0,1,0,2
35.05,278.99,8.57,356,3.37,30.07,0.08,707,98.67,37.35,39.14,0,1,1,0,2
39.01,280.74,7.54,35,3.52,17.25,0.135,891,83.2,49.48,48.87,1,0,0,1,2
41.41,92.51,8.47,161,13.38,17.99,0.02,937,69.82,30.77,92.83,1,0,0,0,1
21.16,102.78,6.07,391,2.8,11.46,0.177,927,29.41,47.52,85.5,0,1,0,0,2
28.73,283.32,8.13,487,4.37,27.92,0.023,488,76.51,47.53,30.13,1,1,0,1,2
32.53,187.21,6.62,301,6.34,23.2,0.085,17,52.48,82.76,63.56,1,1,1,0,2
33.4,154.48,6.13,335,7.6,43.24,0.019,780,57.48,86.08,64.83,1,1,1,1,2
40.85,49.75,6.16,236,5.88,10.25,0.155,529,37.43,70.9,18.2,1,1,0,1,2
43.05,257.87,8.91,462,5.04,45.95,0.173,948,31.77,58.94,44.75,1,1,0,1,2
23.21,107.85,6.19,467,9.91,36.63,0.008,345,58.62,22.21,44.58,1,0,1,1,2
21.3,131.47,8.42,383,12.12,14.28,0.158,711,87.62,17.91,87.21,1,1,1,1,2
27.95,101.65,8.25,75,12.58,46.36,0.171,257,25.48,63.6,75.05,1,0,0,1,1
20.63,180.87,6.87,329,13.41,5.25,0.008,800,54.11,74.13,68.11,1,0,1,1,2
26.28,53.69,7.97,495,5.68,43.69,0.15,641,32.94,72.32,97.76,0,1,1,0,2
44.89,158.5,8.52,349,3.5,48.84,0.197,285,43.09,21.47,36.64,1,1,1,1,2
24.47,31.83,7.16,206,6.0,0.89,0.15,970,43.12,57.57,42.94,1,0,1,1,2
40.39,10.93,6.01,142,13.02,28.07,0.096,785,96.27,32.31,32.13,1,0,1,1,2
28.83,296.61,8.14,366,2.55,27.07,0.159,146,92.44,49.73,36.34,0,0,1,1,2
34.04,16.83,7.82,322,9.15,47.12,0.122,419,56.78,49.96,51.38,1,0,1,0,2
37.26,120.6,7.54,314,12.62,17.26,0.075,736,58.66,76.79,27.33,0,1,1,1,2
39.98,140.68,8.05,88,7.94,48.29,0.194,375,32.93,66.83,93.09,1,0,0,0,1
23.81,75.69,7.17,357,9.75,18.21,0.1,337,87.4,91.79,36.5,0,0,1,0,1
26.42,182.13,8.45,155,12.61,30.2,0.139,793,94.67,17.19,44.13,0,0,1,0,2
37.82,30.2,7.33,456,9.21,6.72,0.078,139,44.24,60.01,88.84,0,0,1,0,1
41.97,28.53,7.25,402,12.05,3.17,0.06,53,78.39,56.96,47.53,0,0,0,1,1
39.65,137.92,6.06,316,7.84,12.44,0.034,632,35.21,21.06,22.49,0,0,1,0,2
44.38,176.83,7.57,244,6.52,3.89,0.08,864,33.7,66.76,63.66,0,1,0,0,2
29.77,73.47,6.73,71,6.81,23.91,0.109,394,72.84,62.39,86.28,1,0,1,1,1
27.87,220.01,8.22,227,13.79,34.61,0.076,3,65.3,92.79,35.85,0,1,0,0,1
39.81,25.41,7.8,173,13.78,38.74,0.09,738,22.72,48.45,61.99,0,1,0,0,2
43.84,93.53,6.93,338,6.86,40.23,0.094,61,99.79,36.28,66.77,0,0,1,1,2
31.18,159.09,7.63,41,8.03,47.55,0.101,451,94.99,11.15,75.33,1,0,1,0,2
27.29,96.38,6.05,164,9.19,38.18,0.191,488,92.1,60.08,71.63,0,1,0,0,1
40.41,6.07,7.63,64,10.91,25.29,0.032,565,48.48,13.77,35.11,0,1,1,1,2
28.8,134.17,7.14,129,4.83,46.57,0.164,523,30.94,23.04,19.29,1,1,1,1,2
41.07,297.89,7.1,262,3.46,29.36,0.059,73,24.61,25.22,77.91,0,0,0,0,2
32.55,234.24,6.66,213,12.83,13.23,0.034,111,45.22,74.88,80.41,1,0,0,1,1
37.15,180.78,7.58,399,3.62,35.38,0.163,535,34.26,91.71,68.28,1,0,1,0,2
31.27,167.6,6.01,211,5.49,43.35,0.149,83,44.14,52.1,28.87,1,1,0,1,2
41.64,153.41,7.86,467,13.02,39.46,0.057,887,99.47,89.3,58.27,0,0,0,1,1
25.22,121.68,7.0,84,5.9,26.69,0.131,587,90.2,36.71,99.74,1,0,1,0,2
40.28,66.18,7.6,384,13.48,33.33,0.082,98,97.56,92.68,44.27,1,0,0,1,1
42.05,206.58,6.83,55,13.41,32.3,0.136,195,27.17,89.26,90.7,1,0,0,0,1
36.49,169.01,6.21,212,3.5,45.67,0.148,387,44.32,94.58,32.51,0,1,1,1,2
39.04,150.42,8.65,57,13.55,0.74,0.178,498,52.07,84.95,70.45,1,1,1,0,2
26.14,73.24,8.44,101,11.83,44.37,0.11,774,31.8,59.29,74.01,1,0,1,1,2
39.62,195.85,7.3,66,4.17,22.89,0.102,812,21.34,54.66,65.32,1,0,0,1,2
33.95,67.01,8.83,479,7.56,32.4,0.002,339,91.0,46.46,13.45,1,1,1,1,2
35.73,175.26,7.9,321,11.91,41.8,0.166,891,32.39,16.78,67.69,0,0,0,0,2
40.43,199.76,8.21,311,9.11,25.79,0.199,685,43.11,97.78,98.95,1,1,0,0,2
33.0,291.19,8.09,376,6.76,5.12,0.056,148,31.99,95.13,55.67,1,1,1,1,2
37.9,144.86,7.88,75,3.14,43.85,0.006,492,92.77,36.46,43.44,1,1,0,0,2
27.15,77.68,8.76,60,5.78,15.75,0.002,717,26.28,84.27,59.27,1,0,0,1,2
37.45,10.23,8.29,99,6.44,6.17,0.077,123,45.09,50.87,48.59,1,1,0,1,1
39.72,22.05,6.57,319,12.82,8.18,0.067,524,32.52,67.7,45.91,1,1,1,1,2
24.91,90.01,7.88,37,11.36,46.3,0.143,955,77.05,57.18,30.05,1,0,1,0,2
29.9,176.58,6.77,463,5.21,34.05,0.196,646,21.18,34.17,27.19,1,0,0,0,2
39.08,72.41,8.12,425,2.01,48.8,0.072,805,80.8,44.78,77.79,0,0,1,1,2
33.45,65.4,7.67,398,9.44,43.49,0.115,810,64.17,86.16,38.78,1,0,1,0,2
26.97,113.94,7.8,380,6.85,48.38,0.055,842,68.93,21.96,32.77,1,0,1,1,2
26.08,5.86,6.74,300,13.7,11.84,0.126,105,83.3,37.49,93.23,1,0,0,0,1
44.85,261.01,7.4,244,2.84,28.99,0.029,461,57.57,92.04,10.9,0,1,0,0,1
31.96,191.36,8.06,318,12.77,22.89,0.125,155,30.81,69.73,56.95,1,1,0,0,2
42.82,4.68,7.93,292,13.99,29.08,0.036,851,84.19,35.36,66.31,0,1,0,0,1
32.86,239.24,8.5,265,5.31,19.89,0.055,699,79.07,95.35,11.24,0,0,0,1,1
37.54,52.83,8.92,491,11.67,5.75,0.179,697,26.38,22.69,61.73,1,1,0,0,2
29.84,232.17,8.92,110,5.99,31.54,0.009,211,74.49,30.14,58.16,1,1,1,0,2
44.92,10.09,6.2,310,4.6,19.13,0.117,244,45.97,51.16,29.41,1,1,1,0,2
43.61,172.38,6.37,43,6.95,46.6,0.06,513,76.3,47.1,37.65,0,1,0,1,2
21.6,86.95,6.92,175,9.64,21.94,0.196,204,94.69,37.95,42.44,0,0,1,0,1
40.22,57.1,8.62,307,8.76,2.84,0.133,524,67.52,87.68,62.6,0,0,0,0,1
37.49,216.53,6.52,287,3.17,26.23,0.053,348,84.8,64.95,19.98,0,0,0,1,1
42.64,261.5,6.91,359,5.04,40.52,0.006,775,96.31,50.57,21.68,0,0,0,1,1
30.94,28.35,8.22,230,12.59,40.99,0.093,540,20.86,37.46,45.89,0,1,0,0,2
20.28,105.7,7.5,86,5.94,11.23,0.093,271,33.07,81.0,10.54,0,0,1,0,1
26.19,27.71,7.08,33,11.02,39.57,0.029,475,49.82,93.88,88.92,0,0,0,0,0
22.2,213.76,8.92,205,10.4,35.14,0.11,242,67.23,68.67,12.35,0,1,1,1,2
25.19,62.5,6.83,239,2.12,30.54,0.158,788,92.97,76.93,45.55,0,0,0,1,2
43.92,93.11,6.99,123,9.03,26.01,0.064,402,53.15,49.04,47.02,1,1,1,1,2
40.48,239.49,6.3,10,3.26,41.27,0.009,900,85.55,59.72,88.75,1,0,1,1,2
35.32,226.33,6.7,337,11.11,17.25,0.027,909,97.64,62.48,51.55,0,0,1,0,1
29.86,9.89,8.13,188,6.85,11.52,0.047,668,92.78,11.22,59.39,0,0,1,1,1
27.67,65.78,8.38,269,8.63,29.29,0.06,163,75.05,15.56,13.53,1,0,1,1,2
28.08,74.33,8.24,231,5.07,7.45,0.147,572,42.54,28.62,97.43,1,0,1,1,2
32.94,96.98,8.66,81,8.58,38.68,0.135,763,31.15,34.24,47.51,1,0,0,1,2
42.88,138.87,7.94,343,9.76,46.16,0.034,78,81.92,62.29,87.5,0,0,1,0,1
34.36,3.92,7.43,338,10.92,2.15,0.166,578,61.85,92.19,12.01,1,0,0,1,2
30.8,261.93,8.94,201,3.13,26.43,0.058,724,64.99,96.47,90.32,0,1,0,0,2
26.08,171.63,8.41,496,2.22,18.05,0.004,35,36.85,76.75,23.28,0,1,0,0,1
21.8,63.81,6.45,275,5.59,10.55,0.112,78,89.57,63.95,86.47,1,1,1,0,2
42.94,175.63,8.14,3,5.73,9.5,0.095,344,66.11,90.71,81.38,1,1,0,1,1
29.19,152.16,6.7,93,12.57,36.44,0.021,398,74.57,12.91,22.03,0,0,0,0,0
38.67,216.07,7.98,385,7.97,42.51,0.049,200,21.46,42.99,75.6,1,1,0,1,2
21.65,194.59,8.89,353,6.41,49.07,0.172,473,21.68,34.57,50.42,0,1,0,1,2
37.94,268.39,8.81,35,4.95,28.63,0.191,125,73.58,80.14,75.33,1,1,0,0,2
37.33,78.52,8.77,84,6.97,13.34,0.04,252,86.13,10.22,84.89,1,0,0,1,1
37.29,199.85,7.1,142,4.3,15.75,0.019,680,68.03,53.4,27.88,0,0,1,1,1
41.58,9.47,8.93,164,11.2,1.74,0.125,250,68.2,86.56,14.31,0,1,0,1,1
23.99,52.83,8.76,155,10.75,17.81,0.101,850,57.16,83.57,75.36,0,1,1,0,2
23.01,272.98,8.54,322,6.02,25.38,0.156,502,64.85,41.99,61.2,1,1,0,1,2
27.02,36.87,6.97,410,10.52,11.0,0.06,732,53.95,20.34,22.48,0,0,1,0,2
25.33,142.33,8.59,76,10.5,5.14,0.089,912,98.4,64.87,52.34,0,0,1,1,2
22.27,279.01,7.88,248,13.4,42.61,0.091,306,70.44,68.36,62.53,1,0,1,1,2
21.41,182.77,7.66,463,9.87,14.18,0.174,631,98.1,79.51,96.08,1,0,0,1,2
21.88,14.71,8.51,27,10.95,19.52,0.067,406,76.01,92.38,17.9,0,0,0,0,1
27.89,106.56,6.14,443,2.74,26.09,0.031,245,87.74,61.39,67.03,1,0,0,0,1
41.7,157.0,8.74,73,9.09,21.24,0.117,786,41.67,16.02,10.78,0,1,1,1,2
26.0,291.05,7.79,254,3.91,48.12,0.064,52,87.78,12.36,95.3,0,0,1,1,2
36.77,194.08,6.66,13,12.61,33.38,0.041,402,97.5,77.64,24.3,1,1,0,0,1
39.17,17.67,8.52,367,13.14,9.24,0.168,208,58.18,64.42,70.18,1,1,1,0,2
42.27,24.42,7.4,195,8.43,41.64,0.056,413,72.87,11.16,26.21,1,0,0,0,2
44.07,195.48,6.89,432,13.98,41.18,0.069,404,35.95,97.4,56.56,0,1,0,1,2
41.52,16.17,8.95,394,9.21,2.54,0.172,191,92.1,37.65,51.9,0,0,1,1,2
29.84,253.72,6.14,445,13.69,44.06,0.036,164,55.98,56.85,59.03,1,0,0,1,1
39.21,119.99,7.52,4,11.43,11.73,0.087,917,87.08,99.04,52.52,1,0,0,1,1
31.49,99.42,7.97,215,10.29,19.92,0.005,756,51.66,59.69,36.35,1,0,1,1,2
31.02,30.98,6.78,191,13.9,28.82,0.07,101,49.43,11.5,85.56,0,0,0,0,1
29.12,286.59,7.18,184,2.53,34.65,0.101,177,99.8,79.72,46.39,1,1,1,0,2
44.64,212.33,7.35,148,2.34,17.06,0.15,763,34.59,11.99,41.92,0,1,1,1,2
43.63,218.83,7.67,256,8.34,43.52,0.058,350,73.54,20.95,33.91,0,1,0,0,1
33.48,9.49,8.78,447,9.47,12.75,0.048,156,57.23,89.81,24.5,0,0,1,1,1
27.85,44.22,6.66,203,10.62,18.57,0.121,164,68.63,61.19,18.73,1,1,1,1,2
43.61,0.8,8.39,28,11.42,15.52,0.094,338,61.86,69.5,77.42,1,1,0,1,1
27.71,108.82,9.0,210,9.42,3.5,0.133,510,51.18,53.97,47.52,0,1,1,1,2
27.39,232.46,8.56,364,5.34,13.0,0.187,3,23.6,12.63,65.16,1,1,0,1,2
42.4,41.82,8.17,289,4.17,1.1,0.045,881,61.25,93.38,56.9,1,1,1,0,2
22.9,141.14,6.55,361,10.38,37.91,0.165,258,57.49,17.33,71.39,0,1,0,0,1
23.72,159.73,7.7,31,7.97,26.42,0.008,235,72.38,73.03,87.68,0,0,0,0,0
21.48,295.13,8.57,275,11.15,6.79,0.176,443,28.14,17.86,59.26,0,0,1,0,2
31.14,208.65,7.96,401,4.15,12.09,0.11,240,66.9,32.82,83.61,0,0,1,0,2
30.98,219.39,8.78,19,8.59,42.23,0.191,428,56.86,16.78,74.71,0,0,1,1,2
42.57,144.93,6.84,10,4.03,18.12,0.183,142,81.36,28.89,54.07,0,1,0,1,1
41.19,32.46,8.45,371,5.3,33.66,0.074,272,94.54,59.53,65.83,0,1,1,0,1
41.42,182.91,8.72,357,5.35,34.4,0.126,781,75.94,98.69,16.77,1,1,0,1,2
35.76,242.04,8.9,283,9.6,31.45,0.028,215,39.42,64.71,97.3,1,1,0,1,2
42.17,60.1,6.74,322,7.29,42.21,0.185,159,67.17,64.34,36.28,1,0,0,0,1
29.8,130.29,8.11,350,12.66,38.46,0.055,27,38.83,51.23,71.78,1,0,1,0,2
29.37,229.39,6.02,452,11.39,41.75,0.189,827,71.57,91.63,60.97,0,1,0,0,2
37.64,172.0,6.11,152,10.28,0.33,0.16,768,96.8,34.46,77.01,0,0,1,1,2
40.06,88.86,6.29,72,8.55,18.75,0.045,555,24.42,63.25,71.32,0,0,1,0,1
37.81,156.54,6.48,256,6.68,3.56,0.115,530,77.13,48.62,75.49,1,1,1,1,2
24.07,267.26,6.23,283,11.14,13.14,0.068,966,66.87,28.91,35.57,1,1,0,0,2
34.67,137.98,7.14,38,3.52,8.4,0.184,660,83.12,86.91,92.86,1,0,0,1,2
41.51,59.56,6.01,497,2.75,18.94,0.017,846,87.86,40.41,90.31,1,0,1,0,2
28.14,73.11,7.87,458,11.83,8.03,0.095,847,53.34,81.03,48.24,0,1,0,1,2
34.92,177.45,7.83,444,11.6,11.75,0.112,655,30.31,74.96,17.41,0,1,0,0,2
33.06,195.94,6.51,223,9.31,49.18,0.038,95,94.17,97.69,90.85,1,1,1,0,1
40.31,251.15,6.05,392,4.45,1.2,0.112,648,38.61,96.6,55.06,1,0,0,1,2
22.18,125.08,7.13,66,5.66,43.32,0.082,154,71.23,92.75,55.8,0,1,1,0,1
40.75,291.45,7.05,56,2.94,27.82,0.055,451,70.41,74.49,96.45,0,1,0,1,1
29.8,216.96,7.72,134,2.77,48.2,0.125,712,59.11,56.97,28.17,0,0,0,1,2
30.23,46.48,7.61,135,11.68,0.2,0.039,652,82.34,67.7,40.67,0,0,0,0,0
24.24,279.22,7.44,344,12.14,35.54,0.181,486,52.59,48.98,93.01,1,0,1,0,2
24.62,69.11,6.79,41,4.76,10.78,0.08,299,70.0,36.18,15.87,0,1,0,1,2
40.9,197.36,6.19,274,7.41,47.7,0.095,702,58.49,38.31,22.4,0,0,1,1,2
43.6,17.59,8.22,353,10.47,28.88,0.05,479,24.37,66.81,41.58,0,0,1,1,2
29.12,157.68,6.35,46,9.92,2.24,0.143,708,31.85,67.22,90.11,0,0,1,0,2
24.4,245.23,6.83,240,8.64,16.79,0.182,460,66.62,83.9,87.54,1,0,0,0,1
21.08,184.36,8.08,311,3.1,25.96,0.01,470,28.57,78.64,86.42,0,1,1,0,2
20.38,210.24,7.65,56,11.01,43.93,0.132,465,95.2,59.07,65.38,0,1,1,0,1
34.3,89.28,8.99,347,13.97,40.22,0.146,869,91.06,53.42,84.12,0,1,1,1,2
38.05,256.46,7.16,371,2.16,12.75,0.183,266,29.23,24.33,77.59,0,1,1,0,2
41.17,84.39,8.38,66,6.43,4.59,0.125,638,87.31,13.18,97.73,0,0,0,0,1
35.7,36.82,7.54,102,2.07,20.78,0.087,917,72.2,28.44,52.34,0,0,1,0,2
35.91,172.68,7.7,92,6.52,37.19,0.167,677,86.16,25.68,47.19,0,0,1,0,1
43.78,269.81,6.48,113,2.49,19.47,0.129,932,56.79,69.06,33.48,1,1,0,0,2
31.0,84.6,8.29,79,12.43,4.65,0.182,340,79.17,19.63,49.43,1,0,0,1,1
28.33,175.6,8.34,250,4.22,7.9,0.143,279,68.43,18.47,89.55,1,0,0,1,2
43.0,146.79,8.61,91,6.37,34.04,0.148,210,90.04,90.91,51.23,1,0,0,0,1
44.21,63.94,6.57,169,4.37,30.32,0.148,125,20.46,55.44,53.93,1,0,1,0,2
30.29,267.1,6.03,354,3.76,10.17,0.057,711,93.26,46.57,21.54,0,0,0,0,2
36.94,290.16,6.04,480,2.97,44.49,0.116,17,55.73,69.93,85.02,0,1,0,0,2
30.83,64.36,7.29,327,3.1,1.05,0.01,81,85.66,94.97,69.29,1,1,1,1,2
29.01,100.34,6.97,446,12.8,36.26,0.199,147,54.22,60.95,73.23,0,0,0,0,0
39.94,33.05,7.71,8,10.35,48.85,0.15,147,38.2,90.14,87.54,0,1,0,1,1
37.54,27.11,6.24,118,13.65,29.01,0.164,142,71.75,11.41,26.22,1,0,0,0,2
27.64,13.59,7.76,52,11.14,43.31,0.121,880,87.91,53.47,70.26,0,0,0,0,1
21.54,141.13,6.39,215,2.44,33.4,0.13,443,84.01,34.15,40.6,1,1,0,1,2
36.38,76.21,8.1,318,10.53,43.38,0.195,739,29.5,78.71,25.04,0,0,1,0,2
38.55,76.25,8.82,182,11.38,9.14,0.061,951,30.43,38.85,27.44,1,1,0,1,2
27.38,227.14,6.69,219,11.27,22.82,0.021,812,83.85,16.16,28.91,1,0,1,1,2
22.58,168.62,7.78,474,9.05,47.06,0.122,492,62.55,61.62,99.63,0,0,1,0,2
35.87,144.24,8.16,341,12.23,41.2,0.178,936,42.41,81.76,48.44,0,0,0,0,2
30.64,162.47,8.42,98,10.94,1.02,0.126,19,42.47,51.65,95.22,1,1,0,0,1
22.91,277.14,8.55,69,2.33,4.17,0.088,487,68.27,72.53,43.74,0,0,1,0,2
43.7,283.97,8.45,66,8.21,29.6,0.154,211,46.02,49.64,34.69,1,1,0,1,2
22.77,31.56,8.05,411,13.95,24.49,0.044,622,80.65,71.72,19.89,1,1,1,0,2
25.51,137.96,6.98,379,11.36,29.07,0.195,208,59.48,11.48,17.41,0,1,1,0,2
39.19,205.95,7.7,315,4.82,43.75,0.031,110,70.35,72.29,45.86,0,1,1,1,2
41.14,16.96,7.78,4,5.93,34.51,0.012,138,34.18,68.54,54.88,1,1,0,0,1
42.22,298.92,6.05,105,3.42,22.74,0.11,204,61.75,55.94,42.5,0,1,1,0,2
32.71,294.85,8.82,384,7.67,25.84,0.171,642,38.48,98.76,23.74,1,0,1,0,2
25.59,74.13,7.92,162,10.2,42.5,0.043,529,32.09,92.33,79.31,0,1,1,0,2
38.44,149.04,6.14,295,7.88,17.76,0.056,346,48.31,61.65,44.61,0,0,0,0,1
38.85,103.63,7.3,423,4.36,7.99,0.095,313,99.78,80.87,88.93,1,0,1,1,2
21.91,278.98,7.19,232,3.69,18.94,0.135,996,99.75,79.2,44.43,1,1,1,0,2
24.9,74.55,6.67,342,10.47,28.5,0.008,631,26.39,32.06,32.96,1,0,1,1,2
34.69,173.45,7.63,28,5.55,0.79,0.157,100,26.84,36.67,22.36,0,0,0,0,1
31.57,66.3,8.22,95,9.8,25.84,0.036,886,89.54,70.44,18.9,1,0,1,1,2
31.83,125.78,8.66,328,5.05,44.59,0.194,822,93.32,86.48,81.79,1,0,0,1,2
38.78,294.84,6.02,159,8.33,3.77,0.17,752,87.36,95.12,58.36,0,1,1,0,2
33.62,130.58,7.35,215,3.31,1.16,0.1,153,92.23,54.96,50.22,1,0,0,0,1
28.21,30.76,6.79,387,6.24,21.15,0.135,987,96.36,71.72,93.4,0,1,0,0,1
30.35,97.44,8.54,455,10.04,31.04,0.089,698,42.81,10.89,82.45,0,1,0,0,2
42.87,162.35,7.51,316,8.52,2.91,0.072,131,33.08,18.51,52.56,0,0,0,1,2
31.78,43.04,7.52,434,8.77,0.84,0.158,831,79.89,23.55,94.74,0,0,0,0,2
26.17,221.82,8.34,365,5.44,5.19,0.036,340,78.85,13.86,27.15,1,0,0,0,1
44.3,260.52,7.88,468,11.62,26.99,0.031,117,35.58,47.2,60.24,0,1,1,1,1
27.26,182.56,7.07,210,3.32,25.8,0.112,534,70.32,50.54,25.21,0,0,0,1,2
22.7,164.07,8.29,87,6.33,33.4,0.114,189,68.75,70.84,72.62,1,1,0,1,1
22.36,208.59,8.17,365,9.2,46.73,0.048,531,89.43,99.72,80.11,0,1,0,0,1
38.17,212.57,8.33,161,4.89,44.33,0.128,253,39.23,71.56,36.55,1,1,1,0,2
22.83,197.79,8.78,127,3.96,38.19,0.118,555,92.04,80.87,16.65,1,0,1,1,2
39.63,123.09,8.05,101,5.27,11.31,0.051,451,77.89,84.65,90.9,1,1,1,0,2
28.01,130.33,6.51,308,11.93,9.35,0.072,405,89.38,47.67,45.87,0,1,0,0,1
37.73,74.61,8.47,9,5.89,29.28,0.06,123,51.79,32.14,30.35,1,0,1,0,2
28.46,59.1,8.88,264,4.97,47.19,0.18,951,37.19,35.58,15.59,0,0,0,0,2
44.05,176.92,8.36,493,11.25,48.24,0.052,180,35.28,46.43,58.48,1,0,1,0,2
34.92,215.11,8.93,244,12.09,21.91,0.048,342,78.38,83.81,91.34,0,1,0,0,0
39.91,75.71,6.18,188,2.94,17.25,0.188,434,20.29,19.88,41.58,0,0,1,1,2
41.6,226.67,6.73,306,9.46,20.97,0.101,226,78.8,18.52,36.7,1,1,1,0,2
43.47,297.42,7.58,136,8.69,30.09,0.194,78,82.79,49.03,28.14,0,1,1,0,1
23.13,83.09,6.66,313,4.91,16.87,0.188,654,20.5,22.79,30.1,0,0,0,0,2
30.26,22.55,8.25,471,6.43,17.22,0.157,231,97.25,28.21,73.42,0,0,0,1,1
28.08,143.57,7.54,50,11.88,44.67,0.01,71,66.84,71.98,22.61,1,1,1,0,1
34.18,65.1,6.37,147,4.77,20.15,0.174,300,25.49,23.06,59.16,1,1,1,0,2
23.55,202.18,7.17,372,3.89,35.06,0.174,160,60.42,63.36,78.46,0,0,0,0,1
39.73,284.73,7.13,311,9.59,10.92,0.13,513,86.82,56.21,75.8,1,1,1,0,2
42.53,67.29,6.09,407,10.45,22.72,0.092,970,87.04,88.87,58.65,0,1,1,0,2
41.71,28.82,6.04,150,6.31,6.12,0.043,946,75.2,67.81,71.34,1,1,0,1,2
31.98,160.91,7.64,411,6.31,8.97,0.041,270,58.81,76.85,16.0,1,0,0,1,1
29.17,14.51,7.96,236,4.32,48.55,0.11,822,78.09,73.61,94.34,1,1,0,1,2
21.67,144.11,6.36,321,8.89,11.09,0.081,693,51.6,32.33,13.48,1,1,0,1,2
29.0,97.01,8.83,410,7.77,17.01,0.035,485,51.48,73.72,16.29,1,0,1,1,2
33.1,41.54,8.84,455,9.52,38.61,0.054,650,37.34,37.42,99.77,0,0,1,0,2
30.89,213.08,7.38,11,6.99,8.1,0.036,585,59.69,83.0,70.01,0,0,0,1,0
28.55,32.09,8.28,161,4.78,19.95,0.045,39,62.41,40.93,20.31,0,1,0,0,1
21.18,31.26,6.43,50,10.77,11.08,0.181,700,35.47,17.28,75.66,1,1,1,0,2
23.28,68.49,6.36,439,7.85,0.23,0.13,130,46.17,92.98,27.1,0,0,1,0,2
21.27,240.3,7.32,88,2.95,29.44,0.037,288,80.45,36.77,93.98,1,1,1,0,2
34.3,126.09,6.17,361,6.93,25.2,0.193,755,90.4,17.28,27.69,1,1,0,0,2
42.8,42.65,6.63,207,7.34,3.69,0.176,842,92.11,36.25,24.02,1,1,0,1,2
23.32,142.0,7.39,10,3.42,11.99,0.039,956,67.67,95.87,64.2,1,1,1,1,2
34.02,162.99,8.97,142,10.95,29.58,0.108,528,71.13,97.52,95.19,1,0,0,1,2
34.02,176.03,7.99,360,7.02,43.17,0.051,80,26.36,11.8,79.27,0,0,1,1,2
29.57,3.33,6.99,51,5.36,16.06,0.194,650,56.34,88.81,86.93,1,1,0,0,1
27.62,144.38,8.13,152,10.87,27.4,0.019,256,72.43,59.99,36.35,1,0,0,1,1
23.64,206.88,6.39,485,10.95,41.17,0.171,951,53.46,45.67,72.12,0,0,1,1,2
44.23,286.71,7.24,217,8.19,19.74,0.104,220,65.92,91.05,80.21,0,0,0,0,0
28.96,69.96,6.95,182,13.64,32.09,0.031,380,42.93,18.59,90.27,1,0,1,0,2
40.67,299.04,8.18,106,12.11,9.16,0.17,132,65.34,31.32,11.29,0,1,1,1,2
20.55,298.09,6.55,255,6.6,25.61,0.177,169,81.34,62.64,17.76,1,1,0,0,1
43.04,274.99,8.76,265,12.12,48.33,0.143,16,39.06,79.27,33.79,1,1,1,1,2
39.61,82.21,7.2,338,10.97,44.8,0.173,791,60.86,57.85,83.79,1,1,0,1,2
36.58,239.19,6.96,250,9.89,48.64,0.149,887,92.9,61.78,73.21,1,0,0,0,2
32.25,168.47,7.25,128,2.59,23.13,0.037,614,91.39,14.63,57.44,0,0,0,1,1
42.51,149.04,8.28,9,7.0,16.35,0.119,359,46.07,15.81,68.62,0,1,1,0,2
44.37,253.68,8.57,113,11.79,38.43,0.126,311,34.57,15.06,95.31,0,0,1,1,2
38.22,98.55,8.09,39,6.62,34.6,0.027,14,39.95,13.77,28.37,1,0,1,0,2
38.15,113.99,8.65,263,12.44,22.81,0.093,339,61.97,43.62,88.03,1,0,1,0,2
31.13,235.53,6.09,235,11.58,48.55,0.168,742,42.31,49.64,42.12,0,0,1,0,2
38.97,246.01,8.77,170,2.62,19.12,0.079,703,62.72,83.52,52.91,1,0,0,1,2
38.31,232.83,6.2,253,11.13,21.61,0.145,496,49.36,14.0,43.22,0,0,0,1,2
24.33,152.52,7.76,181,13.7,35.63,0.076,593,88.59,93.45,18.32,0,1,1,1,2
34.7,127.77,6.98,176,13.13,42.92,0.059,677,93.37,19.81,31.43,0,1,0,0,2
20.12,191.89,8.61,71,7.25,47.49,0.077,250,54.72,61.6,97.08,1,0,0,1,1
41.18,90.59,7.12,87,9.92,38.75,0.043,632,38.49,46.26,43.59,1,1,0,0,1
29.7,274.17,7.03,485,8.8,16.29,0.082,890,43.67,33.97,61.67,0,1,1,0,2
43.44,274.31,6.76,229,12.62,4.01,0.121,590,99.5,77.74,49.39,1,1,0,1,2
32.38,279.25,8.69,348,8.62,20.72,0.03,770,25.19,55.49,64.15,0,0,0,1,2
25.18,104.42,7.62,7,13.34,4.0,0.153,408,59.64,95.75,66.25,0,0,0,1,1
20.5,193.84,7.9,79,7.69,36.79,0.065,18,56.89,51.5,82.97,0,1,0,1,0
29.14,21.61,7.05,474,8.59,29.39,0.127,322,70.59,58.53,23.56,0,0,0,0,1
43.77,109.96,8.94,373,11.96,47.3,0.113,142,56.23,11.97,50.05,1,0,1,1,2
38.99,35.7,7.42,220,5.85,40.86,0.139,402,67.04,56.26,84.72,0,0,0,0,1
39.8,158.42,7.21,378,7.23,45.98,0.141,669,88.52,56.52,30.85,0,1,0,0,2
32.33,234.63,8.08,65,4.79,25.77,0.146,591,58.15,88.56,13.82,1,1,1,0,2
34.95,99.46,6.67,268,10.67,25.3,0.079,273,78.7,54.81,40.46,1,0,0,1,1
21.54,291.64,6.29,232,12.7,10.23,0.172,930,57.72,22.88,74.05,0,0,0,0,2
31.04,80.34,6.18,44,7.33,49.68,0.098,522,94.65,99.24,48.56,1,1,0,1,2
27.96,152.67,6.37,498,5.09,44.41,0.065,627,29.29,48.67,27.69,0,0,0,0,2
41.64,174.16,7.38,392,11.11,39.91,0.191,308,52.61,83.94,55.78,1,0,0,0,1
25.6,43.5,6.55,475,5.89,26.54,0.192,454,87.24,26.52,91.15,0,0,1,1,2
23.53,92.69,6.13,471,7.8,28.56,0.183,182,99.55,31.2,31.53,0,1,1,1,2
29.68,262.69,7.02,461,2.74,2.55,0.139,613,38.95,73.09,41.27,0,0,0,0,2
37.16,71.61,8.51,430,12.15,41.05,0.13,908,83.01,76.03,50.65,1,0,0,0,2
25.18,108.43,7.47,307,5.91,22.2,0.154,842,99.84,89.67,17.16,1,1,1,1,2
23.1,242.59,6.45,441,5.72,11.07,0.078,123,78.81,40.55,63.15,0,0,1,0,1
27.54,20.31,6.11,350,6.54,37.34,0.177,676,81.29,63.9,55.13,0,1,0,1,2
27.98,112.22,6.94,318,7.53,2.32,0.059,284,41.13,30.28,71.92,1,0,0,0,2
37.73,291.54,6.49,343,5.86,14.94,0.061,896,66.75,63.13,36.5,1,0,0,0,2
24.67,55.34,7.57,191,11.89,48.61,0.036,458,73.86,82.92,82.63,0,0,1,1,1
39.84,18.24,7.82,24,3.09,13.16,0.074,351,25.43,44.71,36.61,1,1,0,1,2
29.9,59.23,7.81,416,9.42,34.15,0.077,188,48.65,33.32,71.94,1,1,1,0,2
38.13,144.28,7.67,169,10.02,15.41,0.042,634,42.92,90.36,77.86,1,0,0,0,1
36.86,1.04,7.42,423,5.73,6.83,0.105,157,77.8,25.57,10.67,0,0,0,0,1
44.14,61.11,6.58,373,8.54,27.66,0.045,498,60.45,14.79,31.61,1,0,0,1,2
30.87,209.63,8.14,288,3.2,40.86,0.017,102,50.42,86.96,17.02,1,0,1,1,2
32.04,76.55,6.98,171,11.57,48.7,0.07,187,91.84,67.02,69.1,1,0,0,0,1
20.19,103.19,8.25,30,7.7,15.41,0.101,963,54.22,66.33,76.07,0,0,1,1,1
30.94,285.03,8.13,21,12.5,24.4,0.045,825,61.3,36.24,85.5,1,1,1,0,2
42.02,276.16,8.47,391,5.7,49.41,0.121,35,92.72,90.11,51.88,1,1,1,1,2
30.96,11.99,7.83,266,6.13,15.45,0.041,92,88.76,52.69,15.38,0,0,0,1,0
38.59,262.76,6.36,385,9.86,11.61,0.195,508,98.43,48.79,65.23,1,0,0,0,2
21.93,136.82,8.46,131,2.14,34.39,0.064,835,34.66,79.5,32.96,1,1,1,0,2
29.81,262.23,7.86,279,5.91,21.85,0.042,519,36.62,96.63,96.16,0,0,0,0,1
30.53,14.92,7.96,377,13.48,35.26,0.047,793,54.14,42.08,99.82,0,1,0,1,1
29.65,58.49,7.54,397,11.63,21.44,0.135,242,60.69,15.25,23.84,0,0,0,0,1
21.59,207.93,6.19,152,2.38,29.7,0.175,934,27.04,75.41,22.3,0,1,0,0,2
32.57,290.23,6.27,51,11.42,32.47,0.116,489,34.03,33.29,77.39,1,1,0,0,2
23.3,10.57,7.19,480,12.73,5.81,0.091,975,44.97,74.56,28.0,1,1,1,0,2
31.29,230.73,8.29,280,9.4,30.17,0.183,838,69.1,65.92,14.19,1,0,0,0,2
38.69,242.43,7.66,437,7.45,10.87,0.18,86,57.17,96.92,36.83,0,0,1,1,1
33.97,284.94,7.83,412,2.58,39.08,0.108,196,32.75,67.11,48.71,0,1,0,0,2
44.73,104.92,8.9,150,2.8,21.25,0.025,650,65.67,63.35,79.77,0,1,0,0,1
42.81,135.65,6.68,10,5.58,49.8,0.086,18,30.32,19.55,62.67,0,0,1,0,2
34.82,228.39,7.0,410,7.92,40.05,0.071,94,99.8,98.07,80.09,0,0,0,0,1
22.17,268.54,8.37,135,4.27,36.28,0.088,760,50.92,52.18,67.19,0,1,1,0,2
41.43,258.83,7.56,303,11.97,8.34,0.16,391,50.22,99.47,14.37,0,1,1,0,1
36.22,170.92,8.12,455,10.8,40.39,0.071,538,73.23,57.82,14.92,1,1,0,0,2
23.73,294.49,8.21,67,11.67,47.93,0.191,362,25.89,59.04,59.74,0,1,0,0,1
26.24,266.53,7.72,366,13.04,22.57,0.038,891,82.0,94.67,37.21,0,0,0,1,1
24.1,200.64,8.05,149,6.13,25.31,0.012,958,33.41,27.46,45.23,0,0,1,1,2
27.99,285.48,7.94,264,8.26,36.29,0.052,694,50.93,57.51,57.52,1,1,1,0,2
37.92,173.43,8.89,105,6.86,13.46,0.04,41,72.36,17.62,95.52,1,0,1,0,1
28.25,128.96,7.83,204,7.49,49.39,0.119,38,52.23,86.6,27.33,1,0,0,1,1
24.1,282.25,7.73,138,3.96,12.6,0.074,792,20.36,90.97,23.37,1,1,1,0,2
21.18,15.92,8.29,466,7.0,39.88,0.032,243,82.0,89.6,15.37,0,1,0,1,1
34.58,145.17,7.0,157,9.55,43.72,0.0,701,98.57,38.5,62.6,1,1,1,1,2
27.08,110.07,7.83,253,5.48,19.13,0.07,496,76.1,99.08,94.19,0,1,1,1,2
34.25,178.5,6.3,168,12.68,35.13,0.012,429,23.55,37.87,62.94,0,1,1,0,2
26.91,281.72,6.11,135,7.34,31.66,0.127,421,94.52,19.78,14.54,1,1,0,0,2
39.95,224.11,7.8,45,8.92,8.64,0.013,530,38.54,34.53,29.83,0,1,0,0,1
39.34,238.65,7.34,134,10.75,41.59,0.042,55,23.22,16.2,74.22,0,0,0,0,1
41.01,113.98,6.13,200,11.93,20.11,0.166,720,38.4,11.38,72.52,1,1,0,0,2
31.66,159.19,8.26,444,5.76,35.67,0.03,757,95.75,84.18,73.51,0,1,1,0,1
26.79,1.71,6.41,463,7.96,45.79,0.188,9,25.73,32.4,83.72,0,0,1,0,2
44.94,292.88,7.23,88,13.77,32.56,0.143,328,62.72,81.45,34.83,0,0,0,0,0
43.58,79.98,8.81,455,13.93,17.41,0.152,807,39.53,27.05,87.97,0,0,1,0,2
35.38,134.26,6.48,386,12.06,48.97,0.136,182,67.21,14.22,46.19,1,1,0,1,2
23.14,41.71,6.55,276,6.37,39.66,0.141,167,43.84,81.82,42.8,0,0,0,1,1
33.88,8.88,7.88,175,6.81,43.15,0.01,405,70.31,40.77,57.66,0,0,1,1,1
34.59,24.54,7.93,340,8.8,22.34,0.147,173,34.01,91.38,49.68,1,0,0,1,2
32.63,119.73,8.75,398,5.08,18.08,0.172,380,91.66,71.25,55.19,1,1,1,1,2
43.78,168.1,6.54,223,4.25,38.38,0.045,578,48.27,16.41,72.3,0,1,0,0,2
37.23,290.88,8.24,475,3.16,40.17,0.173,895,68.34,96.92,98.15,1,1,1,1,2
43.92,191.95,7.0,406,12.08,47.08,0.161,258,70.29,95.64,31.16,1,1,0,0,2
37.7,209.99,6.55,483,7.55,42.75,0.093,845,73.95,33.18,92.68,0,0,0,0,2
24.11,142.04,8.19,392,3.18,33.99,0.059,849,61.61,98.78,97.12,1,1,1,1,2
26.69,45.81,8.31,407,7.93,2.1,0.038,852,94.66,63.67,53.17,1,1,0,1,2
43.63,266.84,8.26,215,6.28,48.99,0.197,205,25.25,57.81,22.25,0,1,1,1,2
36.05,238.38,7.82,460,3.12,2.09,0.101,540,25.03,44.63,42.97,1,0,0,1,2
44.81,226.87,6.11,166,6.91,30.86,0.18,895,45.09,85.54,79.99,1,0,0,1,2
36.29,19.7,6.3,348,8.22,43.95,0.179,540,22.7,24.17,20.36,1,1,0,1,2
27.34,141.47,6.71,442,9.68,29.26,0.036,58,61.16,91.83,32.93,1,1,0,0,1
42.97,125.54,8.56,2,7.79,9.46,0.187,581,78.49,38.31,36.91,0,0,0,1,2
21.34,174.25,8.43,252,12.04,43.63,0.01,612,31.63,60.71,97.38,1,0,0,1,2
42.06,55.86,8.98,247,5.06,8.89,0.035,220,90.79,27.54,75.81,1,0,0,0,1
37.09,156.87,7.95,313,8.86,47.45,0.089,76,76.09,77.56,49.87,1,1,1,1,2
43.41,33.74,6.39,318,5.31,21.37,0.097,269,74.35,98.46,57.92,1,1,1,0,2
44.51,111.12,8.87,344,7.43,42.54,0.156,15,73.26,16.9,94.02,0,1,1,0,2
35.8,129.3,7.7,388,11.72,6.98,0.157,514,96.5,89.27,79.09,1,1,0,0,2
40.95,163.22,8.21,432,7.39,6.06,0.112,148,39.58,91.44,85.63,1,0,1,0,2
20.63,137.48,6.2,276,7.73,20.23,0.186,113,60.96,78.61,30.09,0,0,0,0,1
29.88,9.6,7.52,81,12.05,5.69,0.103,334,56.0,31.82,67.4,0,1,1,0,1
39.54,138.12,8.98,371,2.49,38.14,0.128,939,93.78,77.39,40.01,1,1,0,1,2
21.85,79.35,6.6,31,2.92,45.6,0.047,475,69.69,82.74,46.66,1,0,0,1,1
27.43,74.43,8.13,452,5.59,0.36,0.103,993,73.64,88.86,85.99,1,1,1,1,2
24.38,259.11,8.31,94,9.99,9.98,0.054,222,46.45,83.93,51.92,0,1,0,1,1
25.72,244.65,7.36,452,10.5,20.81,0.178,189,31.55,67.23,86.51,1,0,1,1,2
38.56,174.46,7.46,166,8.51,12.96,0.071,488,66.79,35.09,51.99,1,0,0,1,2
34.48,68.15,6.24,479,7.71,20.41,0.071,984,86.01,92.82,13.6,0,0,1,1,2
31.13,138.48,8.09,90,2.29,27.06,0.174,524,37.82,71.55,16.89,1,0,1,0,2
25.73,18.29,6.57,200,12.43,31.27,0.0,503,46.86,43.05,80.44,1,1,1,0,2
28.98,248.35,8.22,493,5.98,12.19,0.163,974,73.95,45.12,83.72,1,0,1,0,2
23.38,87.07,8.91,171,8.83,49.16,0.043,366,76.24,82.03,57.46,0,0,0,1,1
26.95,154.37,7.99,142,8.75,0.3,0.143,118,31.87,24.11,13.94,0,1,0,0,1
40.55,131.49,7.9,267,10.64,32.57,0.029,983,92.66,64.33,31.75,1,1,0,1,2
37.51,182.23,6.06,57,2.98,6.37,0.179,431,77.18,71.38,43.55,1,0,1,0,2
34.61,284.91,7.65,183,10.32,24.7,0.124,919,76.1,27.78,13.77,1,1,1,1,2
41.84,259.4,7.6,378,5.71,25.18,0.112,175,76.05,11.08,71.43,0,1,0,0,1
40.73,234.46,8.01,421,4.04,3.68,0.024,844,83.84,59.68,25.47,0,0,1,0,2
42.78,62.44,7.12,266,2.67,47.41,0.04,812,50.13,10.4,71.34,0,1,1,0,2
39.87,131.92,8.24,291,7.45,44.29,0.078,236,59.57,13.75,23.97,1,1,0,1,2
20.26,257.61,7.68,89,12.65,6.27,0.013,149,41.97,86.65,76.93,0,0,0,1,0
26.47,141.38,7.79,196,10.73,19.68,0.17,873,60.26,64.71,53.93,1,1,1,1,2
30.8,84.14,6.26,119,9.65,47.59,0.018,639,64.23,91.42,80.98,0,0,1,0,1
30.25,218.89,6.78,31,12.86,25.78,0.134,292,64.11,22.44,91.77,0,1,0,0,1
43.43,29.19,8.37,492,9.89,22.18,0.058,701,21.81,12.6,39.75,0,1,1,1,2
28.36,235.34,6.35,498,11.55,27.85,0.043,606,96.2,50.62,33.08,0,0,1,1,2
27.97,217.58,6.76,3,2.66,20.04,0.067,123,20.04,78.01,35.15,0,0,1,0,2
43.83,30.42,8.36,29,8.15,5.44,0.014,223,35.98,74.91,50.12,0,1,0,0,0
22.6,125.86,6.2,73,4.86,9.66,0.191,61,20.92,57.91,30.12,0,0,0,0,2
38.74,285.18,6.66,309,10.49,37.73,0.113,201,66.71,88.37,26.77,0,0,0,0,1
40.36,82.33,8.97,147,7.48,10.4,0.1,696,30.45,37.92,12.42,0,1,1,1,2
43.66,205.95,8.2,284,2.95,29.12,0.183,495,57.31,60.05,66.84,1,0,0,0,2
29.91,34.04,6.64,474,8.05,18.85,0.061,180,65.38,26.13,54.36,0,1,1,0,2
22.03,258.62,6.82,347,7.75,47.31,0.112,384,68.05,68.13,32.0,0,1,1,0,2
42.29,114.57,8.14,163,9.21,42.99,0.001,152,87.72,95.94,11.85,1,0,0,1,1
33.19,282.91,6.05,123,8.46,46.5,0.145,428,26.5,50.59,70.86,0,1,0,0,2
43.93,274.15,8.78,458,10.75,11.46,0.191,292,91.35,77.75,66.99,0,1,0,1,1
23.24,53.06,6.4,226,7.62,36.19,0.169,854,78.03,54.21,99.97,0,1,1,1,2
28.56,36.92,7.52,122,12.92,48.82,0.045,517,95.97,36.01,99.41,1,1,0,0,1
33.62,252.61,8.25,365,8.95,10.97,0.105,802,47.96,97.45,92.78,0,0,0,1,2
34.48,14.95,7.12,37,2.87,5.38,0.129,255,56.15,32.37,38.48,1,0,0,0,2
38.55,87.7,6.98,78,7.73,38.74,0.154,689,46.1,34.24,50.75,0,0,0,0,1
40.11,186.36,6.84,134,3.59,19.51,0.141,970,73.6,18.81,99.76,1,1,0,1,2
21.6,119.61,6.26,453,11.33,48.13,0.065,676,69.87,24.82,41.86,0,1,1,1,2
33.65,75.51,7.14,484,5.15,29.0,0.141,656,26.46,27.05,72.21,1,0,0,0,2
40.9,63.44,6.86,81,7.64,48.17,0.07,595,37.92,86.71,28.47,1,0,1,1,2
37.63,77.3,6.85,424,10.4,38.55,0.056,387,38.21,10.81,98.06,0,0,1,1,2
43.65,203.14,8.25,73,6.01,33.22,0.112,736,87.95,11.76,21.11,0,0,0,0,1
24.57,187.3,6.88,315,11.84,6.8,0.141,913,48.88,76.67,81.18,0,0,0,0,2
39.63,257.04,6.43,438,7.28,23.7,0.113,687,31.46,74.12,12.72,1,0,1,0,2
22.09,161.24,7.93,99,7.84,22.32,0.156,626,54.58,70.29,33.36,0,0,0,0,1
35.17,204.8,6.52,258,10.13,10.64,0.046,420,73.32,94.39,16.78,1,0,1,0,1
29.48,52.62,7.95,116,5.93,11.03,0.093,967,42.69,57.11,44.17,1,0,0,0,2
39.94,240.09,7.15,383,8.95,39.48,0.083,207,85.4,79.13,45.08,0,1,1,0,1
34.39,209.37,6.13,4,6.76,13.19,0.112,357,52.42,42.04,60.61,1,1,1,1,2
37.62,227.4,7.75,191,6.38,19.05,0.131,21,71.18,96.35,81.82,1,1,1,0,1
24.26,231.82,7.22,73,4.64,45.75,0.085,156,33.3,22.48,40.36,0,0,0,0,2
33.29,224.6,6.72,81,8.8,45.1,0.18,898,73.53,35.75,71.29,1,1,0,0,2
37.79,80.49,8.94,98,6.83,1.28,0.095,740,76.52,86.87,95.15,0,0,0,1,1
42.41,0.22,7.05,337,6.49,18.55,0.194,220,49.38,98.55,60.95,0,1,1,1,2
37.4,286.36,7.1,430,5.04,1.77,0.167,503,94.33,74.18,99.37,0,1,1,1,2
32.16,188.51,6.33,457,3.14,28.15,0.152,352,44.83,64.7,42.94,1,1,0,0,2
27.66,266.71,6.6,59,5.73,0.07,0.047,910,74.04,38.67,20.24,0,0,1,1,2
37.04,251.84,6.37,106,7.43,6.43,0.176,349,53.49,11.08,21.02,0,1,0,0,1
23.61,97.32,6.49,108,13.54,13.71,0.116,296,25.01,77.27,44.45,0,1,0,1,1
43.02,230.21,6.42,165,4.41,9.27,0.192,370,58.85,31.4,44.47,0,0,1,0,2
20.51,12.32,8.04,319,4.62,44.66,0.024,698,51.66,75.82,76.92,0,0,1,1,2
24.59,192.17,7.01,388,8.0,25.97,0.127,639,41.15,10.54,26.41,0,1,1,0,2
41.86,42.9,8.63,28,5.02,5.54,0.18,649,60.53,41.85,68.25,0,0,1,0,1
35.11,73.34,8.44,188,5.82,15.97,0.066,326,89.76,67.79,55.57,1,1,1,0,1
36.04,107.87,8.45,84,2.25,5.42,0.053,758,95.17,63.53,46.69,0,0,1,0,2
38.94,167.46,6.69,224,3.37,15.77,0.018,518,53.16,65.37,74.34,1,0,0,0,1
21.42,8.46,6.46,404,5.36,2.68,0.025,227,95.98,91.65,17.78,0,1,0,0,1
22.44,28.38,6.26,214,5.09,15.51,0.096,206,97.22,48.29,63.85,1,0,1,1,2
24.92,236.07,6.69,149,7.7,19.21,0.039,611,22.31,59.8,71.24,1,0,1,0,1
22.43,175.3,6.99,457,8.51,49.1,0.163,685,47.1,56.15,37.6,1,1,1,0,2
27.3,46.62,8.02,282,13.28,8.18,0.171,369,79.99,70.81,97.43,1,0,0,1,1
26.15,115.65,6.08,7,3.12,8.33,0.065,540,69.68,50.28,53.37,0,1,1,0,2
26.55,151.18,7.4,321,8.43,1.56,0.137,418,34.36,78.65,32.39,0,0,0,0,2
30.5,297.17,6.46,252,3.88,14.37,0.066,551,21.63,99.36,78.46,1,0,1,1,2
22.26,159.57,8.93,406,5.31,9.67,0.139,182,61.5,96.78,11.47,1,1,0,0,2
37.13,171.17,6.13,105,9.35,7.48,0.083,596,74.37,49.99,92.8,1,0,0,1,2
21.71,260.49,8.3,301,5.74,39.37,0.01,771,20.18,31.35,14.19,1,0,0,0,2
20.93,54.41,6.7,174,7.95,31.56,0.066,532,56.54,41.36,96.62,0,1,0,0,1
35.23,234.84,8.45,250,2.95,17.45,0.122,587,29.02,77.47,32.46,0,1,1,1,2
20.78,74.76,7.01,269,11.5,2.99,0.177,565,96.59,89.13,37.83,1,0,0,0,1
42.95,3.0,7.18,231,3.08,45.56,0.077,145,36.44,50.46,60.96,1,1,0,0,2
39.0,8.49,8.01,253,9.9,18.62,0.139,184,73.91,62.15,87.54,0,1,0,1,1
32.38,287.58,6.22,454,12.39,24.89,0.073,297,44.67,86.22,55.48,1,0,0,0,2
37.67,98.31,7.03,328,8.32,34.8,0.102,360,82.25,30.22,80.86,0,1,1,0,2
31.87,223.77,6.04,230,12.22,19.71,0.142,457,60.8,93.15,87.72,1,1,0,0,2
20.11,236.87,6.93,497,4.64,37.65,0.061,944,36.33,27.51,66.32,1,1,1,0,2
29.79,272.01,8.7,473,10.48,16.11,0.169,572,62.56,97.14,81.91,1,1,1,1,2
41.94,249.3,6.76,38,4.99,24.28,0.108,393,85.65,83.19,22.49,1,1,1,1,2
28.09,275.15,7.96,308,12.81,6.22,0.049,550,53.81,33.57,99.8,0,1,1,1,2
34.04,2.06,8.94,28,10.74,9.45,0.154,813,26.95,94.76,99.99,1,0,0,1,2
32.18,24.73,8.19,106,5.55,15.65,0.025,526,45.94,83.24,48.38,1,1,0,1,1
20.81,267.18,7.66,64,2.47,7.28,0.065,717,43.31,48.37,33.26,1,0,0,0,2
27.31,251.52,7.44,215,9.61,7.81,0.038,964,86.98,96.67,17.72,0,1,0,0,1
26.61,140.73,6.22,448,4.81,4.88,0.127,529,25.93,85.27,39.25,0,0,1,1,2
40.88,121.41,6.15,168,10.73,24.1,0.049,145,86.51,69.78,87.52,0,1,0,1,1
30.09,244.35,8.13,28,10.83,45.17,0.011,344,54.03,64.28,61.57,1,0,0,1,0
35.82,272.22,7.17,410,12.26,37.1,0.167,756,23.8,75.12,70.33,1,1,1,1,2
42.94,3.94,7.69,282,7.04,40.83,0.057,15,27.91,25.64,71.17,0,1,0,1,2
34.7,13.54,6.72,271,4.3,48.2,0.192,172,96.9,76.03,87.11,0,0,1,1,2
37.83,67.25,6.33,122,3.09,17.71,0.19,990,62.75,53.06,49.8,1,0,1,0,2
22.03,229.66,7.17,313,2.18,33.02,0.0,641,22.71,44.07,72.38,1,1,0,1,2
44.52,64.46,8.54,407,8.15,7.87,0.126,602,74.55,65.7,37.81,1,0,1,1,2
25.46,227.22,8.89,458,4.62,2.6,0.151,338,57.06,83.98,27.47,0,1,0,1,2
29.72,91.88,6.41,141,2.76,10.0,0.125,831,62.9,59.41,32.37,0,0,1,0,2
30.79,171.79,6.55,372,11.69,35.26,0.09,100,98.32,41.85,51.45,0,1,1,1,1
43.75,257.27,8.38,386,3.76,37.03,0.011,560,69.93,97.97,19.03,0,0,0,1,1
29.49,221.87,6.09,82,12.27,28.4,0.018,479,22.23,90.28,75.03,0,1,1,1,2
40.12,242.96,6.36,250,8.67,8.39,0.085,534,58.49,70.93,55.88,0,0,0,1,1
25.74,97.99,8.56,217,10.14,15.74,0.114,462,20.43,35.25,64.45,0,0,1,0,2
43.17,123.63,8.22,241,2.69,6.24,0.09,578,71.51,83.21,91.46,0,0,1,0,2
26.2,173.32,8.76,310,2.69,30.93,0.159,82,21.74,39.98,15.17,0,0,0,0,2
24.2,123.21,7.54,282,2.68,21.41,0.048,336,78.62,75.42,94.26,0,1,0,0,0
22.36,177.78,7.19,465,6.79,11.0,0.033,398,41.18,51.89,90.49,0,0,0,1,1
41.97,20.19,7.24,206,7.66,16.45,0.053,548,93.2,62.39,81.57,0,0,1,1,1
44.61,173.95,8.55,365,11.38,35.45,0.038,714,25.7,48.5,92.39,0,0,0,0,2
40.43,295.26,8.84,123,4.91,41.94,0.096,926,77.24,74.89,44.15,1,1,0,0,2
23.71,137.53,8.7,185,4.99,11.98,0.103,969,86.35,75.48,23.51,0,1,0,1,2
21.92,31.88,8.8,494,7.37,16.16,0.003,825,26.01,76.53,25.92,1,0,1,1,2
35.96,230.96,6.52,167,10.65,14.85,0.019,7,47.55,39.25,61.53,0,1,1,0,1
38.87,29.69,8.63,115,12.27,0.55,0.177,177,37.63,78.8,94.02,1,0,1,0,2
23.2,278.94,6.96,188,10.34,0.3,0.081,792,25.41,21.46,20.09,0,1,0,1,2
31.86,189.13,8.09,39,6.81,38.42,0.173,154,66.48,56.37,57.2,0,0,0,1,0
44.02,237.29,6.44,150,9.99,32.3,0.096,700,51.97,74.96,95.77,0,1,1,1,2
43.39,117.64,7.42,405,11.1,3.14,0.154,596,66.29,31.6,81.76,0,0,0,1,2
37.04,211.16,7.69,197,5.71,19.52,0.062,959,57.58,49.46,87.4,0,1,1,0,2
23.04,10.6,6.83,387,5.24,33.19,0.024,946,60.57,93.24,40.96,0,1,1,0,1
34.83,222.05,7.32,6,5.63,35.35,0.052,483,88.87,47.95,40.52,0,0,0,1,1
25.75,156.09,7.23,292,6.44,19.84,0.022,889,88.11,31.19,63.97,0,1,1,0,2
43.3,270.89,6.62,244,8.05,4.7,0.123,894,94.49,14.67,63.42,0,1,0,1,2
35.79,284.21,6.51,461,10.74,27.66,0.19,246,54.47,55.3,78.2,0,1,0,0,1
40.67,254.94,6.7,312,3.32,31.96,0.027,427,55.87,26.84,26.19,1,0,0,0,2
41.01,293.77,6.22,4,10.83,19.09,0.017,432,36.45,35.24,48.64,1,0,1,0,2
22.69,295.67,8.53,11,10.43,26.94,0.065,942,47.13,56.18,67.41,0,0,1,0,2
31.08,149.48,7.3,430,3.27,16.77,0.122,444,67.8,67.87,62.05,0,0,1,1,2
20.84,118.54,6.32,385,6.76,28.03,0.08,769,41.82,33.08,32.61,1,1,0,0,2
31.31,113.77,8.92,420,7.38,47.73,0.03,882,41.46,12.56,88.93,0,1,0,0,2
33.04,179.85,8.1,300,9.63,46.18,0.125,612,96.67,98.27,67.43,1,0,1,0,2
43.65,130.18,6.58,101,9.97,12.51,0.007,516,27.02,40.49,23.49,0,0,1,1,1
20.11,292.71,7.05,195,13.59,6.81,0.151,127,43.61,46.5,88.42,1,1,0,1,2
42.46,224.92,6.68,54,5.36,37.57,0.029,835,97.69,72.14,19.22,1,0,1,0,1
26.89,287.26,7.22,337,4.76,47.28,0.169,400,26.13,63.68,88.08,1,1,0,0,2
23.19,244.9,8.83,449,10.02,7.86,0.13,679,86.92,17.51,57.73,0,1,1,0,2
36.11,8.17,7.78,428,6.78,41.96,0.076,681,71.65,97.41,92.01,1,1,0,0,2
36.38,180.87,6.08,365,4.95,17.03,0.142,945,32.12,44.61,13.89,1,1,1,0,2
39.75,149.7,6.29,449,5.48,16.61,0.131,668,79.75,76.02,92.1,0,1,1,1,2
31.68,278.33,8.31,68,9.84,12.15,0.008,82,21.87,15.41,71.01,1,0,1,0,1
38.36,6.5,8.06,234,12.38,13.19,0.086,281,56.49,82.76,80.47,1,0,1,0,1
37.51,9.34,8.67,486,12.77,46.45,0.015,659,93.13,39.2,78.68,0,1,1,1,2
23.89,80.85,6.3,366,8.98,32.04,0.132,51,92.11,19.57,90.37,0,0,0,0,1
38.22,2.55,6.66,367,4.67,0.47,0.094,732,94.96,51.35,96.79,1,0,1,0,2
22.62,175.84,6.43,467,10.4,3.76,0.02,549,62.48,60.88,17.09,0,1,1,1,2
21.33,228.08,7.73,211,11.62,4.52,0.139,521,48.46,54.01,81.17,0,0,1,1,2
23.84,65.47,6.18,130,9.97,47.1,0.19,71,82.96,77.79,74.68,0,0,0,1,1
32.55,194.73,8.87,71,5.19,41.66,0.165,529,95.95,62.44,19.23,0,1,0,0,2
38.56,263.93,7.28,67,10.9,44.34,0.045,294,66.34,69.55,37.02,1,0,1,0,1
44.64,10.29,6.13,95,3.54,0.37,0.025,789,35.63,10.71,27.11,1,0,0,1,2
31.97,125.78,8.0,494,8.82,14.01,0.132,5,87.91,45.96,99.36,1,1,0,0,1
30.85,129.99,6.51,417,2.62,8.54,0.02,81,77.99,64.66,77.18,0,1,1,1,1
20.02,109.73,8.76,209,7.02,15.52,0.064,894,62.32,58.68,86.58,0,0,0,0,1
35.11,185.16,7.09,169,7.89,21.07,0.132,402,88.93,66.31,45.88,1,1,0,1,2
24.61,141.05,8.03,204,13.65,29.2,0.093,60,24.57,27.51,21.16,0,0,0,1,2
43.13,7.01,7.96,453,2.17,23.37,0.149,583,70.65,60.94,39.41,0,0,0,1,2
24.07,289.23,7.67,221,4.91,33.6,0.075,554,60.53,80.25,73.0,0,0,1,1,2
26.53,164.75,7.86,438,3.1,8.38,0.073,842,96.19,45.24,96.17,0,0,0,0,2
39.31,250.75,7.48,258,12.45,17.52,0.085,86,41.92,86.29,48.42,1,1,0,1,2
21.01,246.35,6.42,51,5.71,35.15,0.13,39,64.74,67.83,38.49,1,0,1,0,2
24.68,140.44,8.3,246,11.96,49.72,0.086,137,64.03,97.77,38.1,0,1,0,1,1
35.22,125.55,6.46,131,2.45,40.31,0.005,733,87.99,27.4,47.59,1,0,0,0,2
34.7,87.28,6.69,295,2.78,6.34,0.024,164,88.17,45.76,60.54,0,1,1,1,1
39.25,295.45,8.38,293,7.21,38.59,0.156,789,92.08,69.78,92.98,1,1,0,1,2
42.13,35.29,6.43,198,2.89,24.03,0.06,807,48.38,74.83,83.83,1,0,0,0,2
27.39,37.32,7.48,271,9.11,11.97,0.0,253,25.34,79.4,29.78,1,1,1,1,2
23.48,179.55,8.07,400,11.92,2.44,0.119,421,61.57,49.91,29.96,1,0,0,0,2
30.64,10.65,8.67,65,9.98,11.96,0.12,81,59.82,37.17,99.72,1,1,1,1,2
30.37,264.9,7.34,296,11.34,17.51,0.046,428,72.49,50.23,71.55,1,0,0,1,1
33.86,95.5,8.34,18,12.61,41.39,0.173,240,66.01,85.79,56.58,0,0,0,1,0
40.38,120.51,7.68,462,4.29,13.58,0.059,243,36.63,16.09,40.35,0,1,0,0,2
29.94,80.99,7.12,411,2.43,4.26,0.141,21,80.25,63.02,30.98,0,0,0,1,1
37.06,198.68,6.33,177,3.87,31.16,0.015,430,35.6,39.36,91.13,0,1,0,1,2
27.47,219.09,8.3,40,10.38,22.64,0.048,360,32.2,82.45,57.96,1,1,0,1,1
35.68,174.05,7.02,178,6.23,38.12,0.042,884,85.87,98.21,75.86,0,1,1,0,1
33.08,211.78,7.81,55,5.46,2.43,0.13,473,65.11,81.4,76.78,1,1,1,1,2
21.94,174.45,8.74,388,10.79,18.92,0.066,722,67.76,96.01,57.62,1,0,1,1,2
39.66,162.11,6.98,146,3.59,45.11,0.15,493,32.24,95.02,18.11,0,1,0,1,2
35.82,229.03,7.2,280,5.46,29.89,0.186,424,78.59,36.42,40.06,1,0,1,0,2
40.34,28.18,9.0,79,11.85,5.81,0.039,522,73.57,19.58,54.0,1,1,1,0,2
27.51,290.14,6.87,72,11.56,33.68,0.183,824,80.34,13.31,45.44,1,1,1,0,2
35.06,15.69,7.19,91,12.17,12.58,0.161,700,53.36,51.64,46.58,0,1,0,0,1
29.23,164.33,6.91,218,13.39,36.57,0.148,321,64.84,82.32,49.91,0,0,1,0,1
25.53,115.78,7.87,378,5.05,1.16,0.173,426,90.16,35.27,55.65,1,0,0,0,2
39.37,36.99,6.77,245,10.62,37.09,0.056,582,79.97,20.85,56.49,1,0,1,1,2
40.85,139.24,6.18,232,13.1,49.08,0.113,721,64.83,55.6,68.51,0,0,0,0,2
43.46,293.05,8.99,310,13.27,6.71,0.145,821,92.73,91.37,84.78,0,1,0,0,2
28.35,230.19,6.7,421,12.88,35.81,0.057,337,72.92,80.77,62.37,1,0,0,0,1
25.25,277.9,8.08,420,4.96,11.7,0.057,961,29.65,50.92,50.98,0,0,0,1,2
43.93,195.65,8.65,22,6.37,1.31,0.035,415,66.37,45.61,81.89,0,1,0,0,1
44.31,44.29,7.18,91,6.45,33.97,0.134,107,98.43,79.64,57.13,1,1,1,1,1
31.57,150.87,6.61,487,3.62,30.05,0.099,848,42.75,17.3,84.35,0,1,0,0,2
21.47,234.14,6.22,346,5.89,6.74,0.11,325,91.88,36.92,44.86,1,0,0,0,2
34.46,116.55,8.32,290,4.13,39.37,0.04,470,24.68,73.46,55.29,1,0,0,1,2
43.0,33.31,7.77,299,11.29,10.42,0.082,677,83.29,24.46,85.3,1,1,1,0,2
32.9,289.67,6.65,345,3.69,36.37,0.156,385,21.08,39.22,16.66,0,1,1,0,2
21.53,129.82,6.08,1,13.16,22.27,0.135,342,51.67,54.66,32.1,0,1,1,1,2
22.04,289.27,6.39,242,6.83,22.06,0.099,415,82.43,12.9,72.08,1,0,0,1,2
24.0,272.2,6.54,405,7.21,23.79,0.057,813,29.53,77.34,64.14,0,0,1,1,2
34.84,233.58,6.94,289,13.09,32.2,0.169,121,21.07,37.55,15.58,0,1,1,0,2
43.02,24.17,8.33,489,13.83,24.66,0.173,896,95.7,17.45,63.79,0,1,0,0,2
33.85,247.29,8.96,330,2.78,24.95,0.05,467,76.0,86.88,17.86,0,0,1,0,2
43.85,139.75,8.88,278,4.43,32.74,0.133,961,85.59,72.55,12.2,1,1,0,0,2
20.59,35.01,8.76,490,4.71,24.29,0.066,387,31.37,89.61,40.48,1,1,0,1,2
32.5,244.88,6.47,442,13.45,31.79,0.119,303,95.66,30.89,22.96,0,1,0,0,2
32.13,238.91,7.68,296,6.39,15.51,0.061,911,77.72,40.26,26.96,0,1,0,0,1
27.01,162.59,8.12,43,13.43,21.86,0.11,576,20.96,15.3,68.16,0,1,0,0,2
21.11,47.82,8.87,405,8.33,47.08,0.124,516,60.41,90.54,89.18,1,1,1,0,2
42.44,220.9,7.02,258,12.12,18.9,0.166,501,96.01,70.83,86.64,0,0,0,1,1
20.63,286.75,6.21,403,7.17,43.64,0.167,131,64.3,89.84,67.21,1,0,0,0,2
38.74,259.79,7.25,33,8.79,8.81,0.1,11,39.52,44.05,85.38,1,1,1,1,2
33.98,224.32,6.83,256,11.4,1.44,0.156,700,71.92,28.27,76.31,0,1,0,0,1
22.89,93.86,7.43,447,9.93,31.72,0.154,319,23.43,81.46,67.98,1,0,1,1,2
20.44,22.13,6.34,216,9.74,43.52,0.142,84,68.09,98.53,38.47,0,1,1,0,2
26.95,288.31,8.96,183,3.31,15.95,0.165,580,27.54,78.67,28.19,0,0,0,0,2
25.31,23.41,7.45,211,5.63,35.77,0.132,114,34.0,68.67,64.51,0,0,0,1,1
41.31,291.54,8.0,7,2.06,35.65,0.083,904,62.18,36.19,83.25,0,0,0,1,2
30.37,19.23,6.87,4,8.97,39.99,0.106,758,30.81,57.33,71.34,1,0,0,0,2
36.19,167.14,7.14,422,13.78,46.34,0.194,266,23.33,49.3,64.14,0,0,0,0,1
35.6,112.32,6.4,398,6.53,17.63,0.068,748,40.47,31.71,60.88,1,1,1,1,2
34.69,103.76,7.92,17,4.59,32.24,0.027,141,92.89,55.32,53.95,0,0,0,1,0
24.15,17.76,8.09,250,12.6,7.44,0.187,28,77.6,63.99,24.54,0,1,0,1,1
25.4,162.76,7.46,370,6.15,27.94,0.112,548,96.7,65.11,10.45,0,1,1,0,2
20.8,129.46,8.32,131,7.25,34.53,0.007,502,51.01,43.3,10.41,1,0,1,1,1
41.06,82.53,7.2,265,8.28,1.79,0.045,652,69.58,93.71,89.63,0,0,0,0,0
34.24,20.09,6.48,325,4.35,46.66,0.063,732,98.33,72.1,66.66,1,1,1,0,2
36.6,270.85,7.63,237,11.69,39.99,0.034,626,96.87,46.5,30.23,1,0,0,0,1
37.5,273.48,6.28,253,3.15,46.41,0.174,155,77.22,85.39,50.72,0,0,1,0,2
25.33,56.19,7.08,318,6.45,24.7,0.129,847,25.88,35.87,61.26,0,0,0,1,2
37.82,2.78,6.83,496,3.09,29.13,0.182,915,62.17,76.04,14.27,1,1,0,0,2
41.55,111.89,7.12,99,4.11,21.74,0.107,82,50.99,14.7,53.08,1,1,0,0,2
21.8,132.04,8.13,2,12.84,41.62,0.066,401,94.78,62.32,35.86,0,1,1,1,2
23.3,71.17,7.93,164,3.01,20.29,0.049,154,74.62,84.32,74.43,1,1,1,1,2
21.46,50.24,7.24,418,6.57,16.82,0.058,294,60.74,93.52,45.28,1,0,1,1,2
27.28,73.53,6.97,364,3.32,37.4,0.059,363,44.84,21.19,94.0,1,0,1,1,2
36.56,134.15,8.92,152,10.89,12.5,0.057,151,34.96,72.89,59.26,1,1,0,1,2
35.87,43.23,7.05,398,10.3,41.92,0.077,937,28.23,20.45,57.53,1,1,1,1,2
27.22,242.8,6.2,284,11.34,5.82,0.071,249,35.59,34.15,83.89,1,0,0,1,2
36.88,97.93,7.64,57,11.43,26.6,0.152,75,90.42,84.14,17.18,0,1,0,0,0
40.77,258.73,7.58,13,4.39,20.99,0.045,40,35.96,11.0,39.79,1,1,1,0,2
32.29,192.56,7.23,179,13.6,30.19,0.163,343,48.86,38.9,10.11,1,1,0,1,2
32.87,130.44,8.48,280,3.66,46.35,0.118,220,66.1,18.32,68.4,1,0,0,0,2
42.97,180.14,8.19,196,13.89,13.49,0.152,351,67.48,90.91,27.83,1,0,1,0,1
40.57,255.15,7.92,377,13.11,39.16,0.027,260,34.35,31.29,45.52,1,1,0,1,2
24.23,88.16,6.06,273,11.73,12.37,0.174,4,53.32,75.74,35.91,0,1,0,1,1
36.22,240.49,7.85,178,7.35,43.8,0.018,366,81.93,36.81,16.71,0,0,0,1,1
26.09,137.86,8.72,258,4.32,26.17,0.023,517,74.59,21.61,82.1,0,1,1,1,2
37.65,44.46,8.07,30,10.29,4.57,0.183,182,71.29,52.96,70.74,0,0,0,0,0
42.22,238.36,8.08,388,11.92,12.35,0.04,164,84.27,65.3,49.5,1,0,0,0,0
30.52,145.74,8.79,263,9.84,5.36,0.156,918,88.95,49.49,99.97,1,1,0,0,2
33.9,67.86,7.91,82,6.91,36.98,0.18,464,25.54,35.73,18.34,1,0,1,0,2
38.78,17.86,7.02,480,11.36,19.05,0.164,45,70.76,89.5,50.94,1,1,1,0,2
42.37,45.78,6.58,43,11.98,5.11,0.016,200,83.47,44.24,61.83,1,0,0,1,0
38.41,170.79,8.01,229,2.22,5.68,0.116,848,88.03,46.83,98.19,1,0,1,0,2
29.46,279.09,6.86,135,9.11,27.89,0.045,327,44.32,82.97,92.02,0,1,1,0,1
26.38,52.6,7.8,395,2.25,30.42,0.192,204,78.46,34.45,54.72,0,1,0,1,2
33.06,155.17,6.62,87,10.63,45.13,0.124,922,54.01,28.68,66.97,0,1,0,0,2
20.7,141.34,6.55,195,7.84,26.89,0.097,957,62.3,80.86,77.77,1,1,1,1,2
40.68,271.66,7.18,22,9.78,38.57,0.081,389,83.35,37.4,25.88,1,1,1,0,2
40.64,137.11,8.44,471,10.36,42.99,0.147,277,88.6,29.44,82.92,1,0,0,0,2
22.75,223.76,6.79,305,10.39,17.26,0.095,939,61.77,92.24,44.29,1,1,1,0,2
23.37,267.69,7.23,316,5.46,22.76,0.149,51,46.97,50.0,90.95,0,0,0,1,1
42.61,240.67,6.73,246,10.94,23.87,0.032,471,81.92,53.59,10.92,0,0,0,0,0
35.82,182.01,7.44,337,12.5,44.25,0.02,74,77.1,70.77,10.92,0,1,1,0,1
24.17,218.54,6.72,385,2.96,39.41,0.098,304,46.49,64.27,84.24,0,0,1,1,2
28.08,36.79,7.64,465,7.09,33.9,0.104,299,61.68,63.0,75.69,0,0,1,0,1
43.83,149.71,8.28,39,10.3,42.93,0.066,925,99.11,30.61,67.23,0,1,0,0,2
25.26,235.58,6.33,396,13.02,6.74,0.083,345,36.69,87.34,20.98,1,1,1,1,2
26.85,66.62,7.73,358,2.24,49.62,0.098,738,78.76,19.25,65.86,0,0,1,0,2
25.81,9.13,8.54,129,3.73,45.68,0.176,232,51.77,34.14,94.06,1,0,1,1,2
30.65,253.51,8.14,241,6.15,25.29,0.037,854,84.61,21.05,55.9,0,1,1,0,2
31.93,299.11,7.23,204,13.69,28.97,0.065,179,24.01,12.06,48.8,1,0,1,1,2
39.6,38.78,8.75,263,10.96,12.82,0.191,487,56.0,35.58,75.56,0,1,0,0,2
22.61,217.61,6.71,295,10.13,18.48,0.002,302,42.11,85.05,23.31,1,1,0,0,1
41.03,18.54,6.96,307,5.56,35.78,0.192,806,73.58,85.75,31.03,1,1,0,1,2
30.3,269.83,8.71,25,6.1,32.38,0.135,912,68.95,56.25,63.27,0,0,0,1,1
44.8,26.53,7.56,393,4.21,1.09,0.051,43,88.18,45.08,56.47,0,1,0,0,1
26.49,244.97,6.8,229,7.48,37.56,0.142,739,28.71,20.69,37.93,0,0,0,1,2
25.34,155.79,6.42,387,9.72,13.38,0.172,779,44.2,31.63,64.41,1,1,1,1,2
23.97,85.71,6.63,435,12.06,13.22,0.006,925,27.52,97.74,20.49,1,1,0,0,2
41.63,22.25,7.12,113,12.72,10.89,0.185,813,70.4,58.2,23.89,1,0,1,0,2
31.32,37.74,6.64,356,12.79,13.93,0.115,34,33.32,39.41,16.33,1,0,1,0,2
38.92,104.87,7.42,348,13.66,4.67,0.117,558,39.38,71.33,27.56,1,0,1,0,2
35.5,154.02,6.34,488,3.3,1.96,0.167,441,59.37,18.24,96.18,1,0,0,0,2
40.57,96.77,7.79,341,8.34,31.41,0.19,811,39.27,32.83,44.46,0,0,1,0,2
37.11,249.25,7.0,57,10.95,5.01,0.175,26,22.15,72.55,80.56,1,0,1,1,2
34.71,113.61,8.25,35,10.08,30.72,0.148,721,68.52,76.32,97.65,0,1,1,0,1
44.7,187.14,8.84,375,9.07,44.33,0.084,619,90.43,55.12,26.79,1,1,0,1,2
32.66,208.44,6.92,216,3.35,40.0,0.053,674,93.58,67.76,45.88,0,1,0,0,1
20.41,98.07,8.83,269,4.81,20.5,0.082,656,36.34,32.34,27.27,1,1,0,0,2
35.05,191.35,8.86,412,2.39,29.3,0.156,150,58.21,15.57,50.9,0,0,0,0,2
25.56,99.76,7.06,489,3.98,38.89,0.026,562,98.48,99.21,42.03,1,0,0,1,2
35.22,63.88,8.07,49,3.19,16.74,0.015,495,20.37,89.26,36.64,1,0,0,0,2
33.9,297.88,6.44,55,3.18,0.06,0.0,725,44.2,48.2,38.27,1,1,0,0,2
25.86,242.57,8.5,435,4.95,43.51,0.13,303,56.48,36.74,23.5,0,1,1,1,2
40.65,109.06,7.04,212,11.62,9.84,0.014,695,66.91,45.04,74.48,0,0,1,1,1
30.65,266.82,7.72,295,10.52,13.58,0.1,972,68.02,83.08,85.73,1,0,1,0,2
43.73,115.11,8.5,271,9.13,29.41,0.116,355,32.71,62.79,27.68,1,1,0,1,2
22.15,9.13,7.82,352,3.01,23.46,0.087,193,20.29,90.86,29.6,0,1,1,1,2
40.67,32.38,7.53,407,4.36,42.71,0.159,878,34.07,51.84,68.31,1,1,0,0,2
21.62,289.58,6.46,72,12.81,6.47,0.066,675,57.38,61.21,50.75,1,1,1,1,2
36.53,33.69,7.18,475,10.29,49.09,0.158,20,28.22,57.09,70.75,0,1,1,0,2
25.64,35.99,6.61,428,12.16,29.62,0.08,898,51.08,95.56,43.39,1,0,0,1,2
25.97,149.62,6.87,461,2.48,43.08,0.199,928,36.45,20.43,58.82,0,0,1,0,2
33.18,98.04,8.27,207,11.71,24.51,0.073,437,60.71,60.64,72.58,1,1,0,1,2
29.2,81.44,8.84,43,2.76,8.36,0.171,67,24.19,95.32,61.41,1,0,0,0,2
43.42,66.1,8.43,353,8.7,24.92,0.12,639,67.57,70.23,43.04,0,0,1,0,1
43.15,94.47,6.06,239,9.4,5.86,0.077,304,37.29,38.07,49.52,1,0,0,1,2
20.24,63.66,8.5,42,2.49,11.62,0.178,40,100.0,63.58,66.55,0,1,0,1,1
41.52,250.28,7.57,367,5.96,41.53,0.097,499,71.64,17.87,94.92,0,0,1,0,2
35.93,227.74,6.63,185,12.26,48.09,0.048,930,53.93,51.62,58.86,1,1,0,0,1
35.74,109.11,6.08,237,3.92,41.85,0.083,966,91.12,53.61,90.96,1,1,0,1,2
43.63,23.09,8.89,53,12.79,11.22,0.121,752,69.56,95.49,93.46,0,0,0,0,1
26.17,248.59,7.9,109,9.5,43.41,0.168,251,26.16,62.74,35.56,1,0,0,0,1
29.39,78.17,7.11,200,9.32,34.78,0.184,493,95.7,27.36,84.53,1,1,1,0,2
33.15,110.23,7.28,271,8.05,15.44,0.081,705,34.59,75.69,68.64,0,0,0,1,2
28.81,207.65,6.99,479,8.2,1.82,0.191,13,66.17,15.62,25.84,0,0,1,1,2
44.35,102.76,7.56,425,7.32,8.29,0.063,470,65.43,71.76,15.4,1,1,1,0,2
23.34,62.41,8.65,115,5.2,1.12,0.167,576,95.19,91.72,62.16,0,0,1,0,1
38.13,285.52,7.09,212,10.75,17.76,0.133,225,34.68,71.52,64.91,0,1,1,1,2
20.23,24.01,8.31,218,11.61,13.34,0.17,799,48.26,78.12,80.2,0,1,0,1,2
25.33,105.48,6.87,349,2.21,27.89,0.07,318,49.43,55.52,65.87,1,0,1,1,2
22.18,188.16,7.18,447,6.55,29.02,0.15,674,99.79,46.53,29.11,0,0,1,0,2
32.35,144.77,7.36,443,7.36,45.6,0.18,791,46.65,26.25,35.16,0,0,0,1,2
21.16,274.31,6.3,30,7.36,31.05,0.123,272,69.21,30.46,88.46,1,1,0,0,2
41.19,185.89,7.5,182,9.59,21.36,0.05,600,67.52,92.76,42.12,0,1,1,0,1
36.76,193.51,6.66,395,3.55,5.4,0.057,949,54.01,42.4,80.38,0,0,1,0,2
29.89,169.25,8.68,405,13.68,3.99,0.092,899,21.85,84.27,85.68,1,0,1,0,2
36.0,94.87,7.35,31,4.56,32.93,0.185,614,48.88,69.68,60.81,0,0,0,0,1
25.52,229.9,7.11,112,3.52,43.5,0.169,519,43.33,82.85,56.82,0,1,0,0,2
35.98,59.81,8.48,47,2.82,29.36,0.12,460,38.81,69.53,61.6,1,1,0,0,2
29.96,87.34,8.13,177,4.88,3.9,0.131,872,42.68,17.71,34.14,0,1,1,0,2
39.34,118.71,8.83,261,6.25,27.66,0.087,486,67.88,21.66,75.02,0,1,0,1,2
37.33,133.21,7.57,188,5.53,22.08,0.161,598,82.88,11.24,92.07,1,0,0,1,2
24.92,131.89,8.25,58,5.86,27.38,0.044,797,42.06,68.17,28.38,0,1,0,1,1
33.72,120.32,6.91,250,9.74,48.27,0.167,618,95.44,70.55,81.09,1,0,0,1,2
20.99,266.7,8.56,329,5.29,3.09,0.123,305,41.05,85.46,27.54,1,0,1,0,2
30.63,72.21,8.88,118,2.65,7.63,0.084,62,37.27,70.78,55.58,0,1,1,1,2
43.27,37.71,8.11,143,5.48,35.48,0.118,918,66.83,59.22,88.83,0,0,0,1,1
20.81,201.3,6.7,474,11.08,29.22,0.011,565,83.21,49.94,87.19,0,1,0,0,1
39.41,187.23,7.68,270,8.73,30.97,0.196,699,80.76,88.0,33.57,1,1,0,1,2
23.37,156.1,6.21,241,9.12,30.15,0.181,319,45.88,59.98,31.15,1,0,1,1,2
29.41,105.91,7.34,47,4.82,29.39,0.192,948,87.84,59.69,64.7,0,0,1,1,2
29.63,292.46,6.36,87,2.98,16.98,0.038,709,21.11,75.76,90.06,1,0,1,0,2
34.03,203.94,8.62,426,7.39,31.75,0.038,984,38.16,16.67,48.4,0,0,1,0,2
42.14,297.66,6.16,293,5.32,43.63,0.138,228,79.18,63.22,96.51,1,1,1,1,2
40.33,111.91,7.4,16,4.39,20.51,0.106,284,98.01,13.82,50.34,0,1,0,0,1
34.92,16.86,8.57,460,2.47,8.87,0.059,948,49.56,61.75,34.33,1,0,0,0,2
26.17,134.49,8.24,213,3.8,21.93,0.04,527,31.48,41.91,69.87,0,0,0,1,1
36.12,63.16,8.58,229,2.03,30.67,0.071,330,57.79,92.0,76.57,0,0,1,1,2
22.12,32.35,6.9,210,5.38,44.96,0.032,205,85.45,83.13,29.41,0,1,0,1,1
44.26,263.02,6.75,197,8.12,9.3,0.098,695,85.54,75.19,72.04,1,0,1,1,2
40.92,257.65,6.15,9,2.88,17.51,0.125,444,73.91,42.16,83.45,1,1,0,1,2
28.1,98.08,8.37,19,2.24,11.68,0.189,961,86.2,33.94,90.03,1,1,1,1,2
24.07,20.86,7.66,142,12.22,42.34,0.132,485,40.84,80.94,92.18,1,1,0,0,2
36.31,296.92,6.61,226,13.76,7.67,0.185,209,41.48,72.39,63.02,1,0,0,1,1
27.93,114.37,7.14,89,13.14,4.39,0.092,571,34.43,23.11,52.47,1,0,0,1,2
43.68,228.27,8.06,309,5.45,27.01,0.177,635,84.15,29.0,45.89,0,1,0,0,2
35.12,56.73,6.18,474,3.44,23.06,0.024,251,29.59,52.42,70.16,0,0,0,0,1
35.84,121.46,7.39,279,5.32,18.12,0.026,396,36.97,36.46,73.59,1,0,0,1,1
24.6,105.68,6.38,187,3.1,10.51,0.095,220,24.77,48.93,96.24,0,1,1,0,2
30.42,13.97,6.92,399,7.13,22.74,0.059,973,58.0,28.8,18.21,0,0,1,0,2
33.44,224.71,6.34,229,5.37,18.4,0.125,248,96.56,61.65,24.29,0,1,1,1,2
31.98,59.13,7.5,387,5.27,41.22,0.178,625,91.17,65.47,38.45,0,1,0,1,2
29.34,272.29,6.1,30,2.37,24.03,0.159,386,77.28,29.93,73.13,0,0,0,0,1
25.97,7.22,6.13,295,9.66,36.46,0.116,540,83.03,54.54,48.63,1,0,1,0,2
23.12,229.39,6.77,472,8.3,34.24,0.068,342,41.37,87.67,11.15,1,0,1,1,2
40.43,107.5,7.96,399,11.38,9.42,0.163,366,99.4,12.67,69.41,1,1,0,1,2
35.36,36.73,7.14,51,5.93,14.48,0.109,474,64.22,31.48,67.18,0,0,0,0,1
32.7,194.61,7.69,441,12.95,36.54,0.124,55,62.61,11.86,55.69,0,1,1,0,2
22.83,297.17,7.82,185,10.02,49.31,0.031,335,61.65,69.53,42.19,0,0,1,1,1
37.64,107.76,6.57,315,6.61,46.99,0.196,835,92.54,16.73,14.48,1,1,1,0,2
22.2,198.4,7.8,393,5.25,41.1,0.149,276,69.78,62.2,94.93,1,1,0,0,1
36.34,222.05,6.85,378,7.2,22.5,0.072,378,87.37,45.02,57.62,0,0,0,0,0
34.93,263.77,7.48,60,6.64,14.65,0.046,296,97.3,17.41,91.24,0,0,1,1,1
20.14,222.57,7.65,292,6.02,35.78,0.108,702,76.84,71.02,68.9,0,1,1,0,2
28.01,235.3,6.16,340,6.93,25.67,0.013,785,57.85,26.03,42.53,0,1,1,1,2
30.55,50.05,6.86,81,2.04,17.46,0.014,197,76.9,33.48,45.55,1,1,0,0,1
24.16,97.66,8.37,68,4.82,27.06,0.108,54,75.11,22.81,45.86,1,1,1,1,2
39.56,50.49,8.44,450,4.46,46.56,0.131,153,39.18,10.89,50.93,0,1,0,1,2
24.34,127.57,7.3,394,13.09,46.92,0.008,497,54.01,63.16,35.01,0,0,1,1,2
35.04,50.14,8.65,362,4.78,19.51,0.139,13,57.46,25.21,13.73,1,1,1,1,2
35.84,202.22,6.45,441,10.3,15.85,0.13,418,59.57,83.68,85.47,1,1,0,1,2
38.0,73.96,6.64,470,13.31,4.71,0.097,365,82.73,87.35,64.4,0,1,1,0,1
38.22,173.88,6.96,486,5.97,5.29,0.097,922,61.25,25.22,82.56,1,0,0,1,2
38.65,145.51,7.08,27,3.37,1.15,0.057,443,83.48,11.3,89.23,1,1,0,1,2
38.85,153.82,6.86,64,7.91,23.55,0.03,951,88.48,75.87,29.0,1,0,0,0,1
33.86,281.47,8.44,308,3.85,37.16,0.082,121,54.6,81.89,78.44,0,0,1,1,2
32.36,96.99,7.24,432,6.53,40.62,0.099,374,37.17,59.02,23.27,1,0,0,0,2
34.95,37.51,8.94,190,5.57,19.17,0.027,136,86.19,19.04,71.06,1,1,1,0,2
43.92,270.45,6.34,208,5.36,36.49,0.003,758,50.79,99.29,61.2,0,1,0,1,1
36.56,287.0,7.77,70,5.56,17.32,0.073,101,67.51,19.6,22.71,0,1,0,0,1
27.64,116.16,8.9,398,9.71,30.62,0.032,715,20.61,66.36,61.78,0,1,1,1,2
32.33,75.27,6.88,274,2.89,42.84,0.172,123,56.06,86.62,39.95,1,1,1,1,2
33.39,201.24,7.02,418,5.96,13.49,0.11,475,50.28,28.0,88.47,0,0,0,0,1
40.28,296.0,7.84,118,11.6,14.03,0.174,289,83.12,84.68,46.11,0,0,0,1,0
42.09,31.96,8.48,147,10.73,16.26,0.011,553,88.0,32.43,38.19,1,0,0,1,1
32.26,283.84,7.17,350,2.07,10.46,0.18,766,25.27,89.53,77.77,0,1,0,0,2
22.8,210.77,8.47,37,13.29,28.62,0.02,679,97.42,92.85,42.37,1,0,0,0,0
26.52,249.09,6.8,68,14.0,20.27,0.109,712,62.24,21.11,32.66,1,1,1,0,2
34.42,23.1,8.26,348,9.77,13.26,0.138,80,71.41,70.69,74.93,0,0,0,1,1
41.05,88.85,8.69,485,11.48,5.3,0.041,437,87.04,53.41,91.11,1,0,0,1,2
44.94,44.09,8.21,334,12.96,35.43,0.135,776,89.28,16.74,22.36,1,1,0,0,2
24.21,38.81,7.69,380,2.23,11.79,0.161,955,21.28,14.29,59.49,1,1,0,1,2
28.61,40.28,8.02,105,13.37,26.09,0.042,391,59.48,70.69,83.46,1,1,0,1,0
41.34,270.18,7.17,198,5.68,12.36,0.083,436,21.83,92.91,63.03,0,0,1,0,2
44.79,68.27,6.79,292,11.41,1.73,0.006,606,75.0,88.71,69.84,1,0,0,1,1
38.77,55.78,6.33,321,9.87,9.26,0.147,643,96.64,39.77,78.48,1,0,1,1,2
35.38,290.15,6.37,52,7.5,2.0,0.167,930,87.28,75.73,51.66,1,1,0,1,2
38.85,142.2,8.7,188,8.66,40.08,0.103,807,79.08,76.82,55.36,1,1,1,0,2
28.08,255.61,8.52,167,10.77,1.21,0.063,996,37.21,87.43,77.45,0,0,1,1,2
24.61,114.69,7.13,278,11.94,15.7,0.056,41,39.37,11.62,41.19,1,1,1,1,2
37.51,123.52,6.95,293,7.09,33.3,0.186,211,39.3,29.57,37.21,0,1,1,0,2
37.02,137.13,7.52,3,12.83,5.47,0.08,437,24.59,17.94,33.67,1,0,1,0,2
22.95,67.75,6.78,234,7.01,45.73,0.082,387,50.88,39.41,21.39,1,1,0,0,2
44.63,250.6,6.05,165,11.12,35.7,0.048,726,30.53,49.94,66.89,0,0,1,0,2
39.64,232.26,7.07,243,12.48,19.94,0.193,64,98.84,22.75,36.69,1,1,0,0,2
39.92,102.2,8.72,405,4.67,18.41,0.119,688,81.9,31.87,35.27,0,1,1,1,2
34.46,194.68,8.33,367,13.59,4.44,0.12,237,48.01,32.15,30.58,0,1,1,1,2
36.69,174.0,7.95,484,7.88,22.96,0.148,189,42.04,57.48,39.13,1,0,1,0,2
38.56,52.68,6.82,213,11.27,8.51,0.036,359,96.14,93.32,69.45,1,0,1,0,1
42.78,265.53,6.56,230,10.0,12.07,0.105,39,86.13,91.67,20.55,1,0,1,0,1
43.38,142.55,6.19,146,13.99,14.15,0.037,389,75.15,11.97,91.96,0,0,0,0,0
21.55,24.46,6.03,71,9.96,15.27,0.138,932,88.12,19.12,29.49,1,1,1,1,2
26.37,299.14,7.07,134,13.16,15.33,0.169,186,70.31,30.08,44.91,0,0,1,1,1
23.86,182.31,7.89,218,10.9,30.73,0.166,628,82.17,24.24,21.1,0,1,1,0,2
38.7,5.84,7.2,382,13.33,5.12,0.12,652,37.52,62.91,73.02,0,0,0,0,1
37.17,90.96,7.31,470,10.22,6.72,0.03,501,85.6,12.33,19.25,1,1,0,0,2
43.78,130.82,7.29,98,5.13,25.85,0.072,942,81.86,38.83,25.76,1,0,1,0,2
44.28,189.72,8.96,56,6.0,7.84,0.035,618,22.64,51.84,17.47,1,0,0,1,2
28.39,190.68,6.49,375,11.09,33.92,0.066,320,98.62,61.82,97.61,0,0,1,1,2
40.42,15.95,7.74,285,9.59,0.97,0.024,815,24.85,83.57,13.87,1,0,1,0,2
35.83,292.91,6.35,360,3.56,28.58,0.156,105,45.73,60.51,33.45,0,0,1,0,2
40.1,277.28,8.28,484,13.72,41.53,0.006,704,67.72,91.22,28.06,1,1,1,1,2
26.65,200.21,8.77,231,8.94,42.0,0.188,518,72.62,37.94,26.85,0,0,0,1,2
38.85,70.75,6.07,399,5.5,43.69,0.02,745,35.13,71.12,17.4,1,0,1,1,2
24.89,117.92,6.3,144,9.5,42.26,0.182,567,25.98,87.44,83.46,1,0,1,1,2
40.57,54.84,6.37,4,13.28,40.47,0.178,210,41.81,91.68,91.35,1,0,0,0,2
41.65,285.23,6.97,121,2.58,41.52,0.171,819,25.91,57.11,21.01,1,1,0,1,2
40.97,58.06,8.43,53,11.0,12.73,0.095,785,57.19,10.79,57.82,0,1,1,1,2
34.33,288.53,8.58,232,3.88,20.74,0.061,498,95.31,54.62,41.91,1,1,1,1,2
25.31,185.53,7.69,445,4.9,2.01,0.036,996,29.16,66.08,45.88,0,0,0,0,2
39.29,184.57,7.09,107,6.23,39.24,0.193,410,85.03,56.94,74.62,0,1,0,1,1
42.75,129.34,8.71,448,2.14,31.63,0.09,349,87.84,25.68,69.56,1,1,1,1,2
30.13,170.86,7.56,229,5.54,41.1,0.003,669,39.67,76.8,61.55,0,0,0,0,1
32.13,97.13,8.55,388,8.52,49.96,0.177,377,63.2,84.25,55.64,0,0,0,1,1
36.71,81.94,6.06,166,2.08,24.13,0.104,639,96.77,94.89,89.36,0,0,0,0,2
23.79,191.78,7.46,264,4.77,3.13,0.077,530,68.73,61.66,49.67,1,0,0,1,2
23.46,133.87,7.97,295,2.61,49.78,0.086,35,47.51,88.45,55.47,1,0,1,1,2
22.65,271.21,7.22,282,2.38,26.96,0.092,115,26.09,12.86,64.56,1,0,0,0,2
40.47,74.43,6.93,473,3.86,38.61,0.053,933,51.87,25.04,92.47,0,0,1,0,2
30.06,245.58,7.24,224,5.39,42.48,0.002,248,45.18,80.94,43.54,0,0,1,1,1
29.6,74.33,7.87,299,5.36,14.67,0.028,958,62.11,33.13,37.6,0,1,1,1,2
37.77,281.05,7.98,63,9.98,38.92,0.093,801,98.53,24.04,36.71,0,1,1,1,2
26.3,133.04,7.93,190,2.17,31.45,0.195,277,64.52,50.99,90.13,1,0,1,1,2
32.76,87.78,7.07,494,8.09,10.31,0.134,215,72.71,80.07,70.89,1,1,1,1,2
30.12,31.98,8.46,447,7.72,0.51,0.006,282,32.78,43.93,19.6,1,0,0,1,1
39.25,245.25,8.52,469,8.54,19.27,0.087,521,77.48,29.24,81.05,0,1,0,1,2
22.98,49.47,8.67,498,3.11,14.22,0.018,336,85.91,28.83,93.17,0,1,1,1,2
33.85,207.2,7.86,418,10.06,0.08,0.086,919,93.75,93.69,69.78,1,0,1,0,2
41.45,25.41,6.64,378,9.41,3.32,0.004,857,36.61,78.81,94.19,1,0,1,1,2
36.05,241.33,8.37,432,10.24,40.82,0.16,174,69.23,84.0,62.38,1,0,1,0,2
37.52,18.08,6.32,98,12.74,48.72,0.164,64,91.26,29.66,80.22,1,0,0,0,2
35.59,228.95,6.03,72,13.13,3.93,0.166,13,52.45,16.81,63.88,0,0,0,1,1
27.21,294.43,7.32,85,6.39,46.64,0.106,390,78.81,61.94,24.65,1,1,0,0,1
38.22,225.3,6.68,294,4.26,24.11,0.133,677,45.61,39.13,21.89,1,0,1,1,2
44.21,150.48,6.5,91,13.98,29.67,0.093,15,86.35,52.53,60.44,1,1,1,1,1
20.41,36.73,6.49,397,13.23,47.08,0.026,790,47.28,77.4,49.81,1,0,1,0,2
44.12,231.59,6.06,116,6.23,15.15,0.05,307,44.66,66.18,65.49,1,1,0,0,1
25.3,15.17,7.55,290,10.11,31.71,0.071,59,20.16,16.92,51.64,0,0,0,1,1
32.37,106.19,6.93,102,8.0,44.62,0.164,775,66.02,34.22,55.1,1,1,1,0,2
24.99,134.51,7.92,371,10.62,40.06,0.117,577,46.35,84.61,44.04,1,1,0,0,2
22.31,282.87,7.38,491,11.67,23.26,0.089,737,59.73,76.37,80.45,0,0,0,1,1
30.48,31.09,7.33,229,4.41,29.63,0.104,451,22.54,63.24,76.91,0,0,1,0,2
38.16,17.7,7.6,319,12.71,8.3,0.041,142,76.98,47.1,94.64,0,0,0,1,0
43.23,144.39,8.26,107,11.64,24.75,0.144,932,38.7,33.92,83.66,1,1,1,0,2
34.52,248.08,6.94,57,7.18,24.34,0.016,578,49.33,15.83,67.32,1,0,1,0,2
30.63,37.01,8.73,102,8.06,22.9,0.032,970,72.81,66.23,38.75,1,0,1,1,2
34.61,45.39,8.65,19,8.47,23.1,0.111,721,46.19,88.62,49.99,1,1,1,1,2
22.93,186.79,7.65,118,10.9,39.86,0.119,899,43.57,98.8,11.94,1,1,1,1,2
36.16,65.49,6.68,294,12.21,3.78,0.079,40,65.84,45.8,36.43,0,0,1,1,1
30.29,60.92,8.09,157,5.28,9.32,0.015,432,86.5,32.57,51.46,0,0,1,0,1
20.39,273.22,8.03,427,2.34,19.11,0.049,452,98.81,56.59,48.31,1,1,0,0,2
21.8,287.93,7.25,202,10.31,25.02,0.142,699,21.48,77.37,40.2,0,1,1,0,2
33.09,223.37,6.82,221,3.4,18.53,0.161,993,87.95,95.78,79.05,1,0,1,1,2
42.99,48.95,7.68,460,11.27,24.08,0.172,860,73.81,80.75,28.22,1,1,0,1,2
35.4,235.46,7.6,339,4.66,21.27,0.155,107,73.6,25.25,31.72,1,1,1,0,2
30.4,75.15,7.64,498,7.98,39.81,0.133,770,93.49,90.85,24.45,0,0,0,0,1
33.6,1.53,9.0,455,13.34,4.1,0.022,933,27.16,48.28,65.23,0,1,1,1,2
32.87,188.59,6.73,131,13.81,23.82,0.017,606,20.33,79.85,12.82,0,0,0,0,1
29.73,72.29,6.68,290,2.18,34.2,0.165,173,45.85,51.52,58.83,0,0,1,0,2
42.07,83.4,6.54,474,3.24,7.85,0.178,642,39.18,25.46,98.34,1,0,0,0,2
24.46,245.69,7.51,379,6.12,38.08,0.033,361,78.05,50.05,77.85,0,0,0,0,0
24.47,141.31,8.8,80,4.1,19.02,0.174,235,68.25,74.39,91.42,1,0,1,0,2
44.89,46.89,8.16,300,6.04,42.9,0.031,154,73.31,26.76,69.54,0,0,0,1,1
27.51,284.27,7.52,374,4.93,48.84,0.005,398,28.51,86.2,40.19,0,0,1,1,2
26.79,122.65,8.18,443,10.7,20.34,0.028,90,42.11,61.8,20.54,1,0,1,0,2
32.18,0.02,8.67,483,8.02,11.69,0.092,647,36.66,64.66,58.35,0,1,0,0,2
21.67,19.89,6.04,352,2.58,37.55,0.191,65,30.55,61.79,40.79,0,0,1,1,2
34.62,82.82,7.53,396,4.61,17.16,0.03,279,97.24,59.21,39.57,0,1,1,0,1
41.51,260.02,7.81,109,4.66,49.94,0.161,994,58.1,71.26,88.9,1,0,0,1,2
23.11,255.83,8.5,371,2.78,12.97,0.092,565,82.65,28.86,75.73,0,1,0,0,2
23.73,198.7,7.83,346,10.35,9.12,0.082,377,50.65,38.83,99.25,0,0,1,1,2
33.16,230.99,8.26,91,9.33,41.74,0.099,337,83.82,43.84,51.15,0,1,0,0,0
28.38,145.86,6.0,412,10.16,2.46,0.012,109,42.24,69.19,83.94,1,1,0,1,2
22.22,23.95,6.92,333,13.29,12.96,0.198,695,43.9,53.72,40.13,0,1,0,0,2
36.84,248.77,8.62,391,5.2,10.04,0.007,679,85.01,30.97,42.0,1,1,1,1,2
39.39,78.56,7.35,363,3.14,38.45,0.017,338,82.78,31.59,72.27,0,1,1,0,2
25.81,28.11,6.79,391,12.59,27.03,0.135,615,92.3,27.61,97.46,1,1,1,1,2
43.24,225.97,8.37,51,2.57,37.77,0.075,787,87.43,67.64,10.8,0,0,0,1,2
28.06,149.5,7.58,472,12.12,4.43,0.005,729,71.62,64.54,35.13,1,0,0,1,2
34.68,170.67,7.6,157,9.58,45.65,0.174,410,43.92,34.79,61.84,0,1,0,0,2
37.25,10.11,7.92,219,7.09,21.38,0.109,847,43.99,34.51,49.62,1,0,0,0,2
28.62,276.9,8.72,78,4.08,3.17,0.106,762,61.7,19.96,44.73,1,0,0,0,2
36.63,297.39,6.76,393,4.78,27.51,0.077,740,77.98,23.25,78.14,1,1,1,1,2
36.22,118.1,8.04,20,6.5,20.06,0.032,654,77.98,21.35,74.91,1,0,1,0,1
34.98,106.47,6.61,30,3.62,27.38,0.036,638,74.86,66.05,67.38,0,0,0,0,0
33.74,152.74,7.03,310,12.07,9.35,0.196,724,79.06,16.02,38.17,1,0,1,1,2
34.31,90.65,8.53,144,13.79,22.69,0.113,210,37.72,87.55,63.27,0,0,1,1,2
39.15,93.24,8.42,22,12.76,4.76,0.173,772,98.85,42.8,68.43,0,1,1,1,2
20.96,87.52,8.73,159,12.15,1.19,0.151,245,75.81,79.88,45.72,0,1,0,0,1
37.02,28.44,7.9,27,8.45,41.58,0.167,798,94.1,98.46,41.88,1,1,1,1,2
20.75,144.75,6.82,385,6.74,3.31,0.19,274,94.41,89.13,84.57,1,1,0,1,1
28.1,181.08,6.04,22,6.5,25.39,0.146,878,33.45,92.01,72.67,0,0,1,0,2
37.9,212.93,7.78,168,10.71,10.06,0.119,104,39.44,50.11,40.82,1,0,1,1,2
25.39,284.18,8.03,316,2.11,30.14,0.164,218,33.54,72.38,76.35,1,1,0,0,2
35.27,111.66,8.85,244,13.4,28.72,0.169,410,32.84,50.42,76.89,0,0,0,0,2
36.92,217.54,8.54,124,6.62,20.49,0.064,632,71.28,39.46,41.19,0,1,1,0,2
22.45,45.9,8.55,242,5.85,46.85,0.086,91,38.86,48.22,35.6,0,0,0,0,2
40.56,217.36,6.38,347,9.44,17.34,0.126,809,98.56,25.35,69.34,1,0,1,1,2
22.79,45.77,6.74,135,9.84,37.97,0.094,819,23.79,87.51,25.35,0,1,1,0,2
23.42,199.74,8.08,60,5.37,10.5,0.123,437,55.95,32.28,18.9,0,1,0,0,1
33.1,61.84,8.51,21,4.02,31.38,0.136,924,99.69,40.84,78.04,1,0,0,0,2
37.62,222.34,6.62,47,11.21,32.69,0.016,737,89.07,97.04,77.34,1,1,1,0,1
21.91,30.36,7.15,353,9.91,44.68,0.091,180,83.72,43.44,46.92,1,1,0,1,2
35.26,147.9,8.51,347,3.14,33.86,0.043,129,78.8,67.61,77.09,1,1,1,0,2
23.83,44.24,7.26,67,5.63,24.56,0.127,110,25.57,63.19,20.49,0,1,0,1,1
33.6,44.88,8.36,339,7.88,47.62,0.051,251,43.79,91.5,14.83,0,1,1,0,2
24.76,94.99,6.41,246,11.78,8.76,0.189,923,96.39,75.2,72.53,1,1,0,1,2
27.41,90.03,8.22,357,12.68,42.36,0.023,310,82.09,38.11,96.7,1,1,1,0,2
22.84,78.96,7.55,473,5.16,27.87,0.013,181,60.56,89.62,13.81,0,0,0,1,0
40.65,242.22,8.36,332,6.32,37.84,0.061,577,68.19,73.83,95.62,1,0,1,0,2
36.72,288.03,8.09,7,8.28,49.18,0.077,279,98.61,54.39,11.08,1,0,1,1,2
40.91,164.54,6.31,467,10.88,49.71,0.052,768,38.84,45.45,43.54,0,0,0,0,2
31.18,245.41,6.15,65,4.2,4.64,0.056,25,90.08,54.87,29.96,0,1,0,1,2
43.39,75.13,6.5,311,5.7,18.18,0.094,328,37.21,10.84,36.65,1,1,0,0,2
23.39,173.9,8.13,124,8.25,22.38,0.158,817,91.23,52.19,27.61,1,0,0,1,2
38.58,93.89,6.89,495,6.22,2.06,0.083,759,51.71,13.59,30.5,1,0,1,0,2
40.39,166.71,8.83,222,2.82,43.85,0.115,605,73.99,54.85,84.01,1,1,0,1,2
37.16,74.01,7.32,495,2.31,3.19,0.155,100,77.97,63.27,22.8,1,1,1,0,2
44.97,80.09,6.69,110,9.42,41.73,0.101,400,84.88,53.53,23.14,0,0,0,1,1
25.59,287.32,7.09,179,6.53,20.96,0.17,9,52.71,87.61,42.17,0,1,1,0,1
30.03,191.85,7.42,144,6.28,21.5,0.014,988,66.39,73.5,46.97,0,0,0,1,0
36.34,247.9,8.67,85,5.74,29.39,0.171,319,63.2,27.67,95.73,0,1,1,1,2
34.05,236.79,6.74,78,2.23,2.17,0.006,629,99.5,42.88,59.71,1,1,0,0,1
41.62,53.63,8.7,79,13.64,27.07,0.13,462,62.46,68.73,14.76,0,0,1,0,2
26.66,14.69,6.26,294,6.48,7.54,0.196,291,35.39,71.35,18.28,0,0,1,1,2
25.9,27.43,6.31,187,13.44,22.93,0.106,36,49.08,60.16,93.49,1,0,0,1,2
32.98,89.2,6.79,311,9.84,40.04,0.179,872,34.97,59.29,67.26,0,0,1,1,2
38.35,251.72,7.91,173,5.64,4.67,0.062,777,87.14,73.28,60.73,0,0,0,0,1
37.86,43.99,6.18,445,2.24,21.95,0.045,904,66.69,27.97,10.62,0,1,0,0,2
43.56,177.84,6.26,359,13.03,18.7,0.033,795,83.96,81.33,72.82,1,0,0,1,2
24.43,239.8,6.96,229,11.71,7.09,0.141,303,74.36,83.54,11.15,1,0,0,1,1
26.49,48.31,6.56,425,9.77,33.47,0.176,335,96.55,56.36,23.14,0,0,0,0,1
40.79,224.31,7.97,61,3.41,21.3,0.036,909,81.31,90.57,31.63,0,0,1,0,1
26.23,67.25,6.16,467,7.97,1.14,0.194,261,61.18,44.02,97.33,1,0,0,1,2
33.94,203.5,6.5,323,2.09,20.71,0.046,388,57.78,35.81,98.81,1,1,0,0,2
27.91,224.74,7.98,20,6.01,44.21,0.015,332,63.85,63.08,34.06,1,0,0,0,0
41.3,226.79,6.55,278,6.63,16.98,0.066,601,78.03,79.04,91.37,0,0,0,1,1
38.05,204.37,8.61,442,5.58,41.09,0.027,253,30.17,79.48,42.26,1,0,0,0,2
26.38,257.22,8.32,29,6.47,47.57,0.169,517,28.45,55.01,83.83,0,1,1,1,2
25.2,243.26,7.41,384,4.06,42.43,0.084,98,22.87,38.51,29.56,1,1,1,0,2
33.08,244.12,7.44,131,10.47,20.28,0.066,610,61.74,62.14,56.06,0,1,0,0,1
29.24,49.87,8.0,389,10.5,36.68,0.158,530,82.99,72.11,88.77,0,0,0,1,1
38.47,292.25,8.97,443,10.84,14.04,0.132,760,75.96,31.47,15.15,0,0,0,0,2
36.49,109.55,7.53,72,5.53,8.87,0.036,196,94.21,45.44,19.17,1,1,0,1,1
26.82,158.69,6.91,45,8.31,30.23,0.093,300,45.41,62.05,37.0,1,0,1,0,2
24.72,240.36,6.55,397,12.69,36.07,0.034,435,45.66,84.11,41.65,0,1,0,1,1
32.53,234.96,6.95,14,10.24,8.4,0.055,760,58.43,37.48,48.1,1,0,0,0,2
22.49,155.71,7.7,431,10.01,44.72,0.036,328,88.35,23.68,12.25,1,1,0,1,2
44.56,3.12,6.15,263,10.99,46.32,0.018,912,25.58,10.95,35.43,1,1,0,0,2
34.53,100.1,7.17,491,8.5,24.18,0.096,192,91.25,45.15,16.92,1,0,0,1,1
39.24,6.68,7.43,233,3.29,35.09,0.004,209,62.07,18.64,96.79,1,1,1,1,2
21.59,97.45,7.12,253,2.07,0.09,0.118,253,95.78,94.26,60.89,0,0,0,1,1
25.58,270.21,8.1,327,10.33,38.17,0.053,414,34.87,94.78,51.51,1,1,1,1,2
42.29,253.69,7.21,403,12.49,10.52,0.015,97,58.39,48.48,78.49,0,0,1,0,0
20.15,178.88,7.96,193,4.39,26.22,0.089,288,27.08,75.84,29.38,1,0,0,1,2
40.5,253.98,8.58,451,10.93,17.95,0.2,406,44.76,25.71,65.81,1,0,0,0,2
39.89,3.84,8.46,23,3.48,22.01,0.162,634,97.28,32.96,16.07,0,1,1,1,2
34.14,13.88,8.33,357,7.59,37.88,0.096,44,33.5,75.91,32.12,1,0,0,0,2
22.51,264.41,8.84,35,3.84,23.61,0.019,273,98.47,85.54,50.1,1,0,0,1,1
28.83,187.93,8.31,211,11.86,25.97,0.073,758,45.01,27.47,49.89,1,1,1,0,2
27.16,106.22,7.84,78,4.95,1.33,0.002,959,76.46,62.62,18.41,1,0,0,0,1
22.07,210.42,8.12,389,4.98,2.46,0.123,962,75.69,26.79,24.23,0,0,1,1,2
40.78,271.0,7.18,434,11.39,2.64,0.15,101,28.26,33.88,83.51,1,0,1,0,2
22.22,94.02,7.07,45,5.54,13.29,0.131,727,62.89,79.37,56.61,1,1,1,0,2
22.53,289.04,8.54,14,12.91,42.04,0.102,973,35.07,73.33,13.0,0,0,1,0,2
40.33,177.73,7.75,319,2.31,9.8,0.092,685,87.12,40.75,22.04,0,1,0,1,2
31.86,257.94,6.82,234,4.83,26.77,0.191,293,50.26,83.25,81.78,1,0,1,0,2
30.56,192.4,6.57,13,6.56,20.59,0.07,840,87.77,65.43,59.91,0,1,0,1,1
36.11,239.17,6.57,244,8.38,9.16,0.025,621,83.67,45.01,17.16,1,1,0,0,1
34.8,141.76,6.89,119,6.88,23.53,0.169,500,70.83,68.7,25.79,0,1,0,1,1
25.76,145.75,7.38,198,4.41,24.47,0.002,520,54.24,52.19,87.52,1,0,1,0,2
35.45,52.15,6.22,43,2.46,45.65,0.18,92,27.41,60.43,12.43,1,0,0,0,2
37.38,243.11,6.84,282,6.83,47.75,0.17,283,21.66,29.53,80.2,0,0,1,0,2
41.39,287.76,7.42,390,3.52,22.74,0.18,464,71.99,51.22,61.03,0,0,0,1,2
43.81,149.95,6.76,494,10.01,46.58,0.009,926,46.57,18.49,17.68,0,0,1,0,2
41.79,154.92,6.89,148,10.19,0.02,0.066,643,33.36,70.33,45.24,1,1,1,0,2
29.0,183.59,7.09,359,12.37,0.01,0.121,530,51.25,83.83,12.67,0,0,1,1,2
43.01,123.69,8.67,441,2.27,48.29,0.004,558,37.82,15.34,18.13,0,1,0,1,2
32.75,136.68,7.75,371,10.42,4.37,0.2,747,37.07,85.4,72.82,1,0,1,1,2
35.15,150.72,7.58,208,9.74,11.53,0.089,848,49.51,70.48,18.12,1,1,1,0,2
22.71,62.28,7.82,390,6.9,22.14,0.05,558,96.72,25.13,70.16,1,0,1,0,2
25.45,94.74,6.09,326,12.79,8.69,0.139,382,85.43,76.48,22.68,1,1,0,0,2
32.39,34.53,6.26,280,13.97,11.15,0.14,728,68.97,64.42,53.14,0,0,0,1,2
44.2,66.89,6.64,242,7.03,17.43,0.017,712,49.16,26.08,39.83,1,0,0,1,2
20.19,75.75,6.03,314,10.68,37.28,0.081,660,61.43,82.42,73.43,0,0,1,0,2
33.9,135.37,6.54,209,9.43,30.83,0.17,848,74.89,72.07,61.51,1,0,0,0,1
29.63,213.76,7.08,425,9.48,8.79,0.134,995,43.86,22.05,50.86,1,0,0,1,2
38.09,80.93,8.56,384,11.0,45.24,0.042,115,26.24,86.16,63.83,0,1,0,0,1
33.65,273.23,8.55,392,11.17,36.11,0.021,966,36.96,91.96,75.03,0,0,1,1,2
37.15,143.35,6.24,169,12.9,9.36,0.121,701,81.33,77.61,25.03,1,1,1,1,2
38.54,44.71,7.12,498,6.17,39.26,0.134,614,40.62,30.97,31.51,1,0,1,1,2
23.06,266.81,7.86,339,5.37,3.26,0.103,705,42.9,31.61,56.49,1,1,1,0,2
37.49,8.89,8.07,56,4.01,34.03,0.064,753,46.77,98.43,15.85,0,1,0,1,2
40.55,236.88,8.4,486,8.63,41.03,0.127,660,37.42,53.14,76.79,1,0,0,0,2
36.15,295.17,7.8,165,5.96,16.36,0.138,372,63.53,47.51,87.43,0,0,0,0,0
34.45,237.74,7.6,499,6.5,45.53,0.023,424,99.38,67.28,88.56,0,1,0,0,1
41.02,86.15,7.91,75,8.15,34.06,0.026,593,42.93,64.18,97.53,1,1,0,1,1
27.62,10.82,7.2,7,4.79,40.94,0.034,218,37.67,41.51,82.43,0,1,1,0,1
34.58,77.32,6.68,205,5.5,0.99,0.063,483,25.95,78.6,14.12,0,0,1,1,2
31.9,244.84,8.04,458,2.39,21.97,0.143,342,43.01,75.57,31.73,1,1,0,0,2
28.07,123.73,8.13,199,7.72,37.08,0.034,196,95.09,12.53,79.39,1,0,0,0,1
21.82,71.62,8.33,179,7.16,10.66,0.173,526,74.57,35.06,14.95,1,0,0,0,2
20.3,33.28,8.1,423,9.95,4.76,0.124,421,80.78,57.2,37.6,0,0,0,1,1
36.57,109.73,8.14,274,2.06,9.16,0.044,362,53.5,45.09,20.76,1,1,1,1,2
26.16,258.8,7.77,140,6.92,42.63,0.076,753,27.18,51.36,99.41,0,0,0,1,2
33.33,13.13,8.87,284,10.93,42.17,0.133,46,34.71,56.76,28.7,0,0,1,1,2
20.44,223.22,6.57,468,9.49,45.37,0.021,650,99.02,65.08,48.05,0,0,1,1,1
27.07,296.48,8.85,307,9.62,10.36,0.004,959,40.26,16.48,97.5,0,1,1,1,2
39.2,112.76,6.06,94,8.2,41.2,0.097,987,66.82,79.48,43.96,0,1,0,1,2
28.32,86.06,8.29,304,2.18,23.97,0.026,579,27.43,96.49,29.37,1,1,1,0,2
44.2,209.29,6.36,129,4.19,19.91,0.186,689,33.75,87.77,57.43,0,1,1,1,2
33.31,293.13,6.99,231,2.51,47.71,0.161,602,87.53,70.15,24.24,1,0,0,1,2
27.22,245.66,6.86,116,9.15,16.2,0.174,980,33.56,29.37,51.39,0,1,0,1,2
34.38,51.2,6.07,230,9.01,31.23,0.033,782,91.8,51.35,10.75,1,1,1,0,2
33.04,206.79,6.97,277,6.34,45.52,0.093,789,59.33,52.95,63.86,1,0,0,1,2
37.91,127.62,6.57,75,2.67,1.99,0.103,734,50.4,63.36,70.45,0,0,0,1,1
25.47,191.02,6.3,183,4.05,1.43,0.194,708,86.18,23.36,49.11,0,1,0,1,2
38.13,248.06,6.61,418,8.76,35.89,0.177,502,45.8,45.87,84.61,0,1,1,0,2
44.92,234.22,8.0,367,4.74,6.77,0.142,775,48.07,71.89,51.73,0,0,0,1,2
23.77,138.4,8.85,463,9.87,27.68,0.059,253,29.9,32.86,33.6,0,0,0,0,2
22.0,188.75,6.3,68,6.75,43.54,0.005,915,71.14,48.82,47.0,1,1,0,1,2
20.38,37.57,6.71,59,5.81,35.7,0.163,433,88.25,43.91,41.06,1,0,1,0,1
31.53,58.3,8.74,315,12.67,35.52,0.006,838,95.48,43.09,69.82,0,1,1,0,2
42.42,236.38,8.55,180,5.03,23.82,0.084,951,74.75,28.17,64.86,0,0,0,0,2
30.23,45.52,8.94,28,3.84,4.08,0.064,356,72.41,19.55,91.05,1,0,0,0,2
43.18,165.93,7.34,166,3.71,26.01,0.078,935,70.91,74.81,66.22,1,1,0,0,2
36.1,272.53,6.02,60,11.3,10.46,0.046,169,96.14,62.45,51.56,0,1,1,1,1
29.53,139.88,6.9,227,6.04,36.7,0.111,121,83.67,26.42,41.2,0,0,1,1,1
35.28,259.65,8.46,399,10.39,0.21,0.019,111,73.86,13.83,22.31,1,1,0,0,1
40.09,171.97,7.84,59,8.23,47.15,0.168,905,49.68,55.44,85.57,0,1,1,1,2
28.71,210.84,6.06,342,13.81,3.8,0.131,519,71.23,90.54,56.77,0,0,0,1,2
28.08,11.07,6.69,106,6.54,13.37,0.096,570,94.88,99.87,49.04,0,0,1,1,1
42.03,139.72,7.52,418,7.05,19.35,0.07,357,62.77,66.96,25.31,1,1,0,1,2
36.68,224.34,8.76,281,12.58,6.97,0.025,779,46.26,86.21,40.93,0,0,1,1,2
28.5,168.08,6.31,463,8.88,19.68,0.069,862,21.28,47.0,87.25,1,0,1,1,2
23.94,130.22,8.0,450,6.23,29.97,0.096,863,91.67,63.71,49.66,0,1,0,1,2
21.91,222.72,6.23,105,7.53,5.81,0.036,330,25.06,74.02,43.07,0,0,1,0,1
37.09,135.67,6.74,446,3.18,29.56,0.07,521,65.49,96.55,67.34,0,1,0,1,2
40.61,177.15,8.62,268,11.49,42.51,0.092,923,68.4,64.85,80.33,1,1,0,0,2
38.33,235.14,8.1,61,12.53,34.62,0.179,289,94.72,30.65,62.13,1,0,1,0,1
35.47,5.61,8.17,113,13.8,23.26,0.147,91,99.5,79.37,62.08,0,1,1,0,1
40.36,169.11,7.58,493,11.66,18.03,0.058,318,39.56,93.03,60.15,0,1,1,0,2
21.45,264.72,6.95,456,7.07,9.8,0.15,678,34.52,35.25,57.18,0,1,0,0,2
25.1,26.38,7.99,59,2.34,18.26,0.049,449,60.72,37.56,93.85,1,1,1,0,2
43.99,95.62,7.93,6,4.43,12.18,0.157,328,56.21,66.36,64.8,1,1,1,1,2
26.48,113.41,7.33,85,7.76,36.61,0.113,307,40.21,68.36,78.61,0,1,1,1,1
42.76,40.74,8.16,416,13.56,25.22,0.155,184,44.13,41.81,45.2,1,0,0,1,2
21.84,209.94,8.19,423,4.1,35.35,0.034,550,79.65,40.91,91.26,1,0,1,1,2
32.47,232.76,8.25,155,3.48,24.79,0.134,659,63.12,48.62,69.68,1,0,0,0,2
26.52,188.21,7.83,484,7.2,30.4,0.169,621,58.18,44.8,26.05,0,1,1,0,2
23.28,39.36,7.94,200,5.09,29.91,0.176,173,24.15,57.9,66.05,1,1,0,0,1
37.17,295.75,6.41,107,13.7,0.38,0.187,630,44.32,59.72,38.63,1,1,1,0,2
28.01,184.63,8.91,188,10.08,26.84,0.034,763,23.59,91.56,58.48,1,1,1,0,2
44.87,91.52,6.81,104,3.48,17.36,0.017,666,93.54,93.87,19.71,1,1,1,1,2
34.3,244.49,7.61,366,4.8,25.19,0.042,944,20.59,45.64,31.42,1,1,1,1,2
36.35,219.59,8.32,350,9.1,25.14,0.102,36,67.79,10.07,33.24,1,1,1,1,2
30.95,56.0,6.42,66,12.5,29.69,0.111,517,45.87,60.77,42.11,1,0,1,1,2
32.26,160.02,8.35,439,13.93,9.07,0.035,262,84.13,12.07,83.94,1,0,1,1,2
20.31,234.26,6.59,4,7.54,5.44,0.109,898,38.87,34.15,24.18,1,1,1,1,2
44.83,173.99,7.7,362,13.25,46.1,0.145,867,46.49,77.68,43.45,0,0,1,1,2
20.04,178.45,8.86,433,3.71,22.97,0.193,435,20.52,25.02,83.31,0,1,0,0,2
44.79,27.06,7.64,127,6.39,47.96,0.055,540,48.93,13.87,42.62,1,1,0,1,2
40.25,65.93,6.03,234,3.88,29.66,0.078,379,55.07,25.45,18.15,0,1,1,1,2
42.82,162.08,7.05,39,5.76,27.0,0.021,535,84.0,28.11,36.17,1,0,0,0,1
30.7,289.21,7.96,265,3.98,11.79,0.08,984,40.52,62.48,40.73,0,1,0,1,2
28.58,211.52,7.97,315,5.42,44.06,0.184,640,47.81,43.04,50.99,1,1,0,0,2
21.36,120.61,6.17,144,5.54,5.58,0.143,9,93.31,77.35,94.25,1,1,1,1,2
44.85,204.47,8.64,294,13.44,25.6,0.028,666,22.05,33.39,92.42,0,0,0,1,2
31.15,280.99,7.39,416,2.54,39.84,0.121,979,32.8,10.76,35.7,1,1,0,0,2
35.81,276.72,7.54,13,6.06,41.71,0.011,310,77.99,69.45,27.25,1,0,1,1,1
22.36,175.44,8.98,266,12.9,43.54,0.042,221,61.06,98.67,88.89,1,0,1,1,2
33.82,205.61,8.06,318,6.59,10.99,0.029,201,58.09,92.76,53.89,0,0,0,1,0
34.47,26.36,7.27,197,7.86,32.74,0.109,806,52.53,62.9,28.5,0,1,1,1,2
21.76,247.3,8.58,1,13.51,10.52,0.106,714,47.39,97.2,59.99,1,0,0,0,2
20.71,23.31,8.17,408,12.14,26.7,0.108,955,80.24,32.15,33.24,0,1,1,1,2
27.96,247.22,6.49,418,6.76,33.48,0.024,761,66.3,33.31,86.38,1,0,1,0,2
36.1,216.55,8.15,368,5.22,49.09,0.003,808,91.87,35.13,12.07,1,0,1,0,2
28.24,104.1,7.25,215,8.44,17.54,0.166,17,94.92,94.1,89.13,0,1,1,0,1
21.24,29.8,6.97,84,12.32,27.17,0.028,5,75.61,26.27,93.95,0,0,0,0,0
43.38,187.64,7.45,283,3.45,33.94,0.149,928,96.76,61.03,71.4,1,0,1,0,2
44.82,204.15,7.27,393,3.11,35.35,0.016,131,65.15,81.63,23.94,1,1,0,1,2
44.71,265.32,8.59,61,8.15,17.02,0.093,625,28.81,87.18,19.74,0,0,0,1,2
34.32,264.05,7.25,347,13.27,49.92,0.11,761,52.79,63.13,35.56,1,1,1,0,2
23.0,5.36,8.37,362,2.9,15.89,0.085,773,72.71,13.65,11.33,0,0,0,1,2
32.11,251.35,6.94,80,2.94,35.51,0.007,101,31.12,35.89,21.64,0,1,0,0,1
22.52,132.27,6.07,441,9.69,34.98,0.094,882,26.79,58.74,76.3,0,1,0,0,2
32.32,290.86,8.46,211,9.31,5.93,0.126,184,99.36,21.97,74.38,1,0,1,1,2
38.34,292.61,7.64,461,9.42,28.36,0.16,87,30.5,73.77,13.52,0,1,1,1,2
36.21,76.03,6.55,298,4.61,24.15,0.08,109,88.22,76.14,67.92,0,1,0,0,1
37.63,40.98,7.53,231,11.17,4.39,0.04,151,60.3,26.36,24.5,1,1,1,0,2
41.67,169.39,8.56,374,12.66,31.9,0.113,388,30.24,69.53,68.85,0,1,0,1,2
38.64,35.1,8.77,276,3.44,36.06,0.083,666,94.94,40.96,37.94,1,1,1,1,2
38.36,272.37,8.36,232,9.41,14.77,0.191,239,28.92,20.83,64.34,0,1,0,0,1
44.89,44.83,7.28,342,3.7,30.09,0.19,196,26.82,35.99,49.35,1,1,0,0,2
26.44,257.59,6.68,348,7.76,32.37,0.089,354,52.76,89.83,96.72,1,0,0,1,1
32.75,64.76,7.78,340,5.31,0.14,0.114,936,98.94,40.13,42.0,1,0,0,0,2
23.5,80.33,6.89,484,11.63,17.01,0.134,487,39.78,80.13,70.88,0,0,1,1,2
22.27,221.68,8.15,489,8.57,34.91,0.128,3,71.01,82.39,71.91,0,0,1,0,1
35.8,227.93,6.43,129,9.95,18.37,0.189,950,60.01,38.44,48.5,1,1,0,0,2
25.04,200.09,8.6,166,13.19,6.3,0.112,642,56.8,75.11,43.38,0,1,0,0,1
31.55,72.77,7.55,343,3.49,7.47,0.154,704,62.37,99.13,81.25,1,0,0,1,2
33.21,103.43,8.35,104,2.44,34.91,0.029,356,46.82,79.38,18.35,1,1,0,1,2
32.45,258.43,6.26,495,11.04,40.0,0.19,542,94.71,88.75,76.29,1,1,1,1,2
32.42,176.67,8.35,171,9.72,19.81,0.121,857,75.5,61.81,76.7,0,0,0,0,1
20.0,97.63,8.04,72,9.09,21.98,0.057,245,91.67,59.99,64.32,1,0,0,1,1
20.54,266.49,6.31,38,13.56,17.44,0.06,8,48.98,76.1,41.58,1,0,1,1,2
40.52,77.22,6.85,289,3.66,49.81,0.069,47,49.54,42.95,84.49,1,0,1,1,2
30.58,210.19,6.13,496,9.63,3.54,0.068,370,43.2,64.61,55.39,0,1,0,1,2
24.27,16.99,7.86,316,13.06,49.51,0.14,897,25.95,54.13,75.97,1,0,1,0,2
44.49,26.55,8.47,93,11.21,12.93,0.001,569,61.77,11.74,75.58,0,0,1,1,1
24.9,108.38,6.55,146,7.85,25.22,0.059,556,72.56,58.64,48.11,1,0,1,1,2
40.53,218.88,7.62,158,3.62,25.17,0.041,202,65.28,41.97,58.61,0,1,0,0,0
36.84,203.78,6.33,291,7.08,2.03,0.13,869,29.99,27.24,60.26,0,0,1,1,2
30.21,10.49,6.11,220,9.74,29.81,0.161,417,22.72,73.78,86.98,1,1,0,1,2
23.97,31.91,7.94,116,9.08,23.93,0.109,558,91.83,28.46,20.61,1,1,1,1,2
27.94,201.38,7.0,44,2.32,0.02,0.158,784,62.8,12.09,81.26,1,0,1,1,2
25.38,78.75,7.73,405,7.44,11.6,0.184,923,23.48,47.55,63.42,1,1,1,1,2
25.26,18.55,7.71,408,6.77,12.03,0.167,443,85.58,27.52,59.35,0,1,0,1,2
36.66,89.86,8.47,441,13.47,29.43,0.05,481,75.63,95.03,79.64,0,1,0,1,1
27.61,203.32,8.14,135,8.57,33.49,0.123,220,92.68,24.44,72.76,0,0,0,1,1
40.76,99.62,8.38,168,8.66,28.48,0.144,9,74.97,93.09,76.05,0,0,1,1,1
33.21,79.12,8.96,252,5.87,33.35,0.017,372,93.42,43.12,92.53,0,1,1,0,1
33.04,93.41,7.35,256,4.72,44.42,0.056,114,46.88,66.2,44.79,1,0,0,1,2
29.43,138.79,6.49,128,8.53,9.09,0.056,598,50.11,83.68,66.13,1,0,1,1,2
23.78,12.77,7.2,63,7.79,29.91,0.158,730,23.75,86.58,95.3,0,1,1,1,2
22.25,263.25,8.88,432,10.71,45.57,0.011,31,74.6,55.4,95.59,0,0,0,1,1
28.36,113.26,8.13,150,3.71,14.46,0.134,817,45.68,78.12,80.61,1,1,1,1,2
38.99,245.11,7.01,104,10.32,49.66,0.118,231,34.92,18.37,61.71,1,0,1,1,2
40.66,151.94,8.58,178,12.31,14.54,0.067,255,50.5,35.89,92.55,0,1,1,1,2
20.07,242.24,6.51,57,3.67,19.95,0.057,436,41.66,38.25,70.06,1,0,0,0,2
24.72,225.0,8.41,432,12.01,24.28,0.194,898,78.03,50.5,33.16,0,0,0,1,2
43.92,32.05,8.26,91,12.25,47.68,0.066,556,94.1,65.81,92.86,0,1,0,0,1
41.82,32.27,7.24,144,8.08,39.43,0.006,812,22.68,77.75,42.51,1,0,1,1,2
33.61,262.18,8.03,298,7.96,27.02,0.189,971,76.34,58.95,43.57,1,1,0,0,2
21.93,209.86,7.62,158,6.28,13.32,0.195,438,42.28,23.53,17.38,0,0,1,1,2
41.38,0.9,8.53,474,11.48,42.45,0.016,504,70.0,73.61,43.53,0,1,1,0,2
25.84,104.24,7.52,148,9.28,24.16,0.189,775,38.66,29.86,67.02,0,1,0,0,2
39.22,47.19,6.68,331,13.7,6.59,0.078,840,93.19,78.0,50.56,1,1,0,1,2
20.15,33.71,7.66,202,3.2,7.43,0.033,502,81.06,58.19,45.28,1,1,1,1,2
35.88,18.68,7.76,264,7.92,11.1,0.123,131,46.08,54.18,63.51,0,0,0,1,1
30.54,276.87,8.62,197,4.77,9.8,0.058,793,40.21,53.94,75.82,1,1,1,1,2
30.98,48.79,8.25,248,4.32,37.97,0.063,818,26.08,60.7,14.88,0,1,0,1,2
28.23,146.5,8.79,300,6.68,47.47,0.189,587,72.21,88.51,18.32,1,1,1,1,2
43.33,127.99,8.73,441,12.68,22.82,0.009,45,87.62,44.69,92.33,0,1,0,0,1
38.39,82.19,6.08,468,4.77,10.29,0.044,194,78.83,75.4,31.68,1,0,1,1,2
33.98,204.49,8.34,308,6.13,44.85,0.177,850,86.15,49.39,29.53,0,1,1,1,2
34.37,121.38,7.48,397,11.87,43.39,0.183,721,36.9,11.89,12.12,1,0,1,1,2
32.4,39.4,8.93,475,4.09,41.98,0.183,734,73.42,58.44,54.77,1,0,0,0,2
41.53,259.43,8.48,40,10.52,12.28,0.004,112,24.17,35.15,52.22,1,0,1,0,1
36.4,40.9,8.44,449,7.37,49.31,0.127,264,86.58,25.76,80.14,0,0,0,1,1
30.83,110.03,6.26,288,9.03,42.11,0.052,604,29.49,36.26,69.09,0,0,1,0,2
39.97,203.33,7.05,181,11.72,13.74,0.141,554,56.22,86.32,36.52,0,1,1,0,2
40.63,109.97,6.56,469,11.09,27.06,0.104,294,67.83,12.45,66.63,0,1,0,0,1
24.38,30.42,6.94,244,9.04,9.48,0.055,271,77.02,50.01,40.91,0,1,1,1,1
44.58,111.58,8.72,94,8.57,28.06,0.178,613,70.01,25.32,87.98,1,0,0,0,2
20.07,189.0,7.24,20,7.8,25.65,0.115,929,76.24,56.92,31.03,0,1,0,1,1
37.29,0.8,7.76,311,5.13,40.72,0.164,13,47.4,19.21,40.32,0,0,1,0,2
40.18,125.17,6.78,85,6.63,20.63,0.119,974,69.74,33.28,30.26,0,0,0,1,2
23.75,3.71,6.31,413,2.14,1.9,0.172,797,43.08,39.81,29.62,1,0,1,1,2
27.37,257.89,8.07,428,10.56,33.52,0.006,598,77.7,97.32,83.38,1,1,1,1,2
20.71,12.05,6.24,141,9.1,16.19,0.143,326,81.71,22.73,24.2,1,0,1,1,2
23.85,255.68,6.99,101,11.26,38.22,0.182,131,51.09,33.35,91.4,1,1,0,0,1
28.68,130.57,6.71,148,4.66,24.03,0.199,884,93.79,89.99,55.55,1,1,0,0,2
23.46,196.11,7.43,315,12.88,12.82,0.122,355,87.27,70.92,89.21,0,1,1,1,1
23.44,189.09,8.62,103,8.77,5.59,0.038,83,74.37,71.37,64.06,1,1,1,1,1
22.63,259.36,7.51,484,9.52,24.63,0.113,298,83.35,35.42,35.99,0,0,1,1,2
25.85,157.25,8.06,313,3.7,8.11,0.198,196,73.92,23.44,30.0,1,1,1,0,2
32.47,63.27,7.02,222,9.21,24.18,0.176,12,58.13,19.5,19.58,0,1,1,1,2
30.65,236.7,7.97,339,9.1,16.68,0.09,583,66.4,93.12,81.1,0,1,1,0,2
40.03,99.86,6.65,50,2.65,36.76,0.102,795,96.85,61.25,51.09,1,1,1,1,2
23.23,253.7,8.2,333,4.04,43.62,0.171,9,70.75,26.59,35.64,0,0,1,0,2
24.34,143.88,6.28,211,7.94,40.27,0.145,776,84.34,63.08,44.95,0,0,0,1,2
34.44,296.87,8.07,241,4.43,25.72,0.043,885,99.34,98.16,40.11,1,0,1,0,2
28.23,111.04,8.24,0,7.45,9.47,0.056,40,79.08,52.82,40.23,0,0,1,0,0
43.98,174.32,8.74,316,12.11,8.38,0.073,489,94.72,63.09,31.65,1,0,1,1,2
42.66,21.71,7.81,312,3.8,29.57,0.117,953,41.91,27.85,27.88,1,0,1,0,2
37.2,210.88,7.6,64,8.14,41.88,0.046,637,90.22,78.66,40.6,0,1,0,0,0
23.41,88.13,7.5,36,4.09,37.99,0.196,538,44.8,71.86,49.4,0,0,1,0,2
31.71,129.78,8.43,360,7.02,27.31,0.115,746,91.63,54.43,19.8,0,0,1,0,2
30.44,55.97,6.11,434,6.43,12.36,0.193,393,87.32,33.02,66.02,1,0,0,1,2
44.25,258.24,7.6,279,4.62,36.66,0.104,233,41.59,88.93,18.85,0,1,0,0,2
24.37,47.42,7.67,292,13.45,43.12,0.163,284,66.33,68.19,13.64,0,1,1,0,1
23.75,116.9,7.06,287,13.96,47.2,0.134,78,24.78,58.11,10.09,1,0,0,1,2
32.2,108.75,7.12,223,11.11,42.17,0.149,804,32.01,80.09,34.7,0,1,0,1,2
28.93,10.59,6.43,224,9.27,39.16,0.187,387,35.47,21.15,67.07,1,1,0,1,2
20.17,124.1,8.2,83,9.3,25.93,0.089,855,25.97,54.02,24.23,1,1,1,1,2
41.05,113.27,6.04,499,8.34,22.11,0.026,853,62.88,57.18,24.85,0,0,0,0,1
40.2,207.18,6.33,358,6.03,36.5,0.029,728,37.76,55.28,94.65,0,0,0,0,2
20.17,40.02,7.74,339,13.83,16.77,0.118,52,62.97,61.18,57.47,1,1,1,0,2
42.72,135.24,7.59,229,7.66,15.03,0.052,689,72.57,79.48,88.67,1,1,0,0,1
26.47,198.1,6.31,371,11.94,10.65,0.142,481,70.44,38.49,76.27,1,1,0,1,2
30.2,114.8,6.39,21,7.28,14.64,0.043,908,90.23,44.9,91.08,0,0,1,1,1
32.93,157.44,6.36,153,13.85,5.98,0.054,74,62.43,71.98,13.37,1,1,1,0,2
26.63,149.91,8.73,180,7.91,13.5,0.021,578,69.87,99.77,98.82,0,0,0,0,1
42.62,27.65,7.36,175,12.02,38.64,0.098,452,51.1,84.61,54.07,0,0,0,0,1
25.59,74.19,7.62,433,7.96,37.51,0.085,460,70.8,90.24,94.19,1,1,1,1,2
42.05,170.34,6.38,84,12.61,0.48,0.037,319,90.02,78.18,37.89,0,1,1,0,1
30.2,241.83,7.84,39,5.06,37.49,0.04,510,27.05,34.94,38.52,0,0,0,0,1
44.33,59.88,8.35,270,13.33,46.73,0.072,652,95.95,20.07,31.57,0,1,0,1,2
38.57,0.33,7.9,28,12.65,43.71,0.172,88,50.19,50.14,21.15,1,1,0,1,1
26.03,289.82,7.43,324,9.06,38.5,0.189,353,47.19,39.79,15.19,1,0,1,0,2
35.58,118.82,7.75,121,7.99,21.56,0.141,894,70.79,10.13,39.42,1,0,0,0,2
37.51,139.25,8.85,315,7.48,5.01,0.125,615,53.52,49.62,90.03,1,1,0,1,2
32.85,74.73,7.58,71,5.4,26.4,0.136,661,36.4,94.81,12.2,0,0,0,1,1
23.56,54.02,8.43,270,6.71,35.33,0.146,172,97.45,87.87,36.09,1,0,1,0,1
30.79,259.12,8.07,330,8.17,0.94,0.082,163,78.69,65.66,17.73,1,1,0,0,1
38.42,223.07,7.47,456,10.12,16.21,0.177,906,34.4,51.84,70.36,0,0,1,0,2
43.82,215.47,8.24,477,6.51,34.59,0.073,992,53.32,51.44,69.38,0,1,1,1,2
31.41,109.01,8.95,178,9.71,29.63,0.036,388,51.95,36.31,25.18,0,1,0,1,1
31.56,58.76,8.3,146,11.78,16.66,0.18,688,57.09,57.67,97.08,0,0,0,1,1
20.97,183.68,6.27,163,11.5,23.38,0.17,644,53.37,51.45,63.11,1,0,0,0,2
30.82,50.05,8.29,489,5.57,10.08,0.025,106,65.57,69.09,20.4,1,0,0,1,1
44.33,14.89,6.89,366,11.36,10.18,0.123,182,64.91,46.01,82.58,1,1,0,1,1
32.23,47.29,8.08,224,9.66,22.68,0.144,185,31.01,33.43,54.06,1,1,0,1,2
29.94,283.17,8.73,195,11.4,43.0,0.184,330,36.81,17.47,70.64,1,0,1,0,2
39.47,232.78,7.47,385,5.35,5.96,0.055,830,68.84,46.45,67.18,1,0,0,1,2
38.4,184.12,6.24,145,3.16,43.79,0.027,421,72.12,27.56,73.37,1,1,1,0,2
36.27,288.43,6.58,9,2.68,40.53,0.093,823,79.86,53.04,74.91,1,0,1,1,2
26.59,42.47,6.48,184,3.48,19.23,0.067,190,41.95,40.92,28.92,1,0,1,0,2
29.07,196.0,7.91,405,10.62,8.45,0.026,945,89.62,58.56,19.38,1,0,0,1,2
41.83,166.02,7.82,401,11.62,35.93,0.116,706,34.2,19.38,33.6,1,0,1,1,2
31.21,247.83,6.8,236,5.72,0.76,0.147,615,43.14,99.71,22.68,0,0,1,0,2
33.8,175.59,8.33,422,5.41,36.8,0.167,462,92.44,75.59,79.29,0,0,0,1,1
43.13,37.22,7.89,489,10.91,42.81,0.101,51,59.9,40.1,68.12,1,0,0,0,1
31.26,126.96,6.97,408,5.92,14.09,0.118,635,79.12,65.36,99.51,0,0,0,0,1
43.35,273.63,7.68,49,8.92,7.24,0.161,865,55.66,37.18,40.76,0,0,0,0,1
31.81,51.9,8.42,112,9.19,29.31,0.128,18,96.66,41.72,35.56,1,0,1,0,1
22.81,278.03,7.44,351,7.11,6.38,0.174,476,41.96,99.41,69.22,1,1,1,1,2
21.97,49.41,8.78,274,7.84,48.61,0.159,449,61.38,84.35,99.3,0,1,0,1,2
29.13,58.41,7.97,447,8.7,0.91,0.087,47,41.78,95.19,65.09,0,1,1,1,2
32.5,170.69,7.18,78,6.51,7.79,0.167,670,45.64,92.78,60.78,0,0,0,1,1
40.94,8.03,6.03,232,4.53,7.47,0.029,256,78.49,27.08,33.61,0,0,1,0,2
26.11,184.1,7.1,192,9.05,25.22,0.051,171,67.47,87.96,85.03,0,0,1,1,1
27.45,189.9,8.74,227,9.0,42.42,0.191,480,30.96,53.42,38.89,0,1,1,0,2
29.85,63.13,7.21,443,2.96,45.33,0.104,306,69.89,35.52,45.42,1,0,0,1,2
39.26,237.51,7.56,326,10.26,49.46,0.133,804,20.81,38.44,33.35,1,0,0,1,2
30.98,285.47,6.66,49,2.19,0.74,0.006,305,49.92,64.71,98.73,1,0,1,0,1
24.87,269.36,8.1,486,5.19,22.76,0.187,503,88.57,28.9,67.88,0,1,0,0,2
24.89,190.57,6.13,245,11.0,31.66,0.188,138,86.53,33.15,52.47,0,1,1,1,2
35.2,58.31,8.08,373,3.22,14.69,0.031,593,95.77,79.49,20.53,1,1,1,1,2
31.0,251.23,7.49,149,9.73,12.47,0.099,751,91.49,68.52,76.5,0,1,0,0,1
25.42,277.68,7.54,129,13.96,31.13,0.151,458,88.99,30.94,18.54,0,1,0,0,1
20.06,149.71,7.86,51,5.6,37.17,0.11,222,22.57,74.06,30.33,0,1,0,1,1
30.43,274.98,6.13,275,6.55,39.73,0.162,118,51.65,53.76,94.6,0,1,0,1,1
24.32,126.01,7.35,45,8.67,25.55,0.073,867,64.84,66.12,28.61,0,0,1,1,2
36.14,149.32,8.73,236,6.61,49.5,0.029,600,33.23,99.34,46.61,1,0,1,1,2
30.63,288.16,6.27,191,2.49,7.64,0.127,885,88.47,68.7,29.84,0,0,1,1,2
33.15,78.21,7.72,271,13.37,45.9,0.048,582,68.99,37.54,23.97,1,0,1,0,2
28.45,88.77,7.04,134,10.14,2.81,0.15,186,60.45,57.35,28.39,0,1,1,1,1
38.56,122.72,6.33,263,11.56,49.6,0.13,538,94.35,69.19,20.29,1,0,1,0,2
34.85,225.85,6.82,412,3.96,27.62,0.134,129,30.78,89.93,73.35,0,0,1,1,2
32.97,279.64,7.26,431,7.05,0.22,0.053,513,26.2,99.72,34.27,1,1,0,0,2
40.54,19.22,6.32,442,10.72,0.02,0.055,537,73.02,55.51,83.58,1,1,0,0,2
32.14,237.2,7.22,335,5.94,20.1,0.1,148,78.11,77.54,63.23,1,0,1,0,1
42.74,110.94,8.4,206,9.53,25.34,0.146,766,45.55,13.72,25.65,0,0,1,0,2
25.09,230.69,7.24,428,9.83,18.84,0.156,56,43.93,46.06,45.67,0,0,1,1,2
26.2,238.08,7.49,313,11.0,13.89,0.01,538,86.69,32.64,74.53,0,1,1,0,2
27.6,94.17,8.71,236,11.43,1.4,0.013,723,52.58,41.43,19.89,0,0,0,0,1
35.97,152.96,6.52,35,5.12,42.94,0.162,495,20.1,49.0,57.74,0,0,0,1,1
21.02,196.48,6.94,362,5.57,29.96,0.072,561,61.52,93.97,58.23,0,0,1,0,1
25.54,111.07,7.29,425,4.07,13.26,0.1,833,57.63,11.8,55.69,0,1,0,0,2
28.12,24.71,7.08,149,12.86,0.09,0.12,238,70.69,74.66,61.89,0,0,0,0,0
22.46,78.41,8.61,297,7.73,11.62,0.12,272,27.35,77.3,43.88,1,1,0,1,2
31.83,223.98,6.77,444,9.96,31.33,0.133,768,42.52,13.9,65.84,0,1,1,1,2
29.54,142.63,6.49,105,7.68,45.21,0.076,651,80.68,27.85,91.75,1,1,1,0,2
30.51,54.9,8.81,232,5.64,19.16,0.158,321,67.69,33.94,48.27,0,0,0,0,1
43.48,86.48,8.04,498,2.15,8.7,0.162,327,72.37,22.17,40.04,0,1,0,1,2
27.72,14.71,6.54,455,7.2,21.13,0.126,728,59.63,73.69,51.64,0,0,0,0,1
32.95,278.97,8.67,189,8.47,11.79,0.007,340,54.22,72.04,49.57,0,0,0,0,0
35.85,21.31,6.53,29,3.55,10.99,0.149,645,99.11,33.76,25.0,1,1,0,0,2
43.05,7.93,7.22,132,4.08,19.09,0.006,342,58.8,73.06,50.3,1,1,0,0,1
25.27,65.25,7.68,332,3.21,42.32,0.11,544,30.87,31.44,92.47,0,0,1,0,2
21.16,27.96,6.88,352,10.24,21.48,0.125,852,29.92,52.32,70.8,1,0,1,0,2
31.33,228.75,6.23,354,6.19,34.95,0.025,730,22.15,29.76,49.18,1,0,0,0,2
33.8,130.33,7.56,159,12.98,12.93,0.144,987,81.64,52.77,37.98,1,1,0,1,2
20.06,53.09,6.38,406,12.55,29.7,0.107,364,68.6,54.57,76.87,1,1,1,0,2
41.18,16.97,8.42,296,10.95,14.12,0.12,755,51.03,96.16,46.34,0,1,0,1,1
22.16,223.01,6.63,426,4.57,5.82,0.109,536,61.55,55.44,83.49,1,0,0,1,2
29.47,65.6,6.6,70,5.12,28.38,0.016,443,48.0,66.48,56.05,1,0,1,0,1
27.76,192.19,8.02,70,10.77,15.99,0.09,554,79.51,62.14,42.24,1,1,0,0,1
20.66,150.38,7.81,295,2.8,14.67,0.059,934,47.29,75.84,93.86,0,1,0,1,2
41.98,297.29,7.13,404,13.81,15.77,0.121,318,37.16,80.09,66.85,0,0,1,1,2
23.53,246.55,8.38,296,3.15,36.47,0.057,452,53.28,52.16,66.42,1,0,0,1,2
43.17,76.51,7.2,391,9.42,21.79,0.024,228,58.31,77.62,52.07,1,1,1,0,1
35.63,294.36,6.12,344,3.74,21.89,0.078,208,38.53,77.43,56.28,0,1,0,0,2
20.02,258.82,6.04,120,12.13,45.83,0.164,653,40.16,27.7,66.35,0,1,1,0,2
30.81,34.65,6.46,356,11.47,32.38,0.164,280,55.51,14.11,54.98,0,1,1,1,2
35.77,250.75,6.94,259,5.63,41.25,0.138,169,38.34,84.85,76.2,0,0,0,0,1
26.12,202.58,6.36,271,2.01,1.02,0.015,656,78.08,15.48,24.89,1,1,1,1,2
38.63,294.29,8.34,90,9.2,26.06,0.147,850,98.23,69.46,43.67,1,1,0,0,1
29.07,214.14,6.1,409,4.14,24.67,0.188,406,21.23,98.0,42.97,0,1,0,0,2
31.16,13.25,6.12,229,3.46,41.77,0.183,307,79.9,40.75,78.57,1,0,1,1,2
44.12,141.39,7.26,389,5.17,18.24,0.078,958,47.54,31.64,13.07,0,1,1,0,2
35.17,274.98,8.85,451,3.96,15.84,0.118,979,84.6,86.8,49.84,0,1,1,1,2
36.32,110.15,8.32,74,12.76,7.13,0.117,643,90.25,19.35,32.63,1,0,1,1,2
24.3,260.46,7.26,386,12.63,21.07,0.113,3,99.48,60.87,10.17,0,0,1,1,1
37.21,154.52,6.98,75,10.53,30.16,0.171,438,40.68,19.21,24.09,1,0,0,1,2
21.05,136.55,8.24,414,8.39,42.31,0.108,861,59.7,75.67,75.49,1,0,1,1,2
43.1,189.6,7.93,25,13.84,17.86,0.126,870,48.93,36.54,64.11,0,0,0,1,2
23.89,173.94,7.81,312,10.25,31.13,0.089,6,59.87,32.29,80.46,1,0,1,0,2
