temperature,rainfall,ph,turbidity,dissolved_oxygen,nitrate,lead,bacterial_count,clean_water_percentage,sanitation_level,healthcare_access,symptom_diarrhea,symptom_fever,water_dirty,water_scarcity,outbreak_risk
20.14,244.64,8.12,162,11.48,30.3,0.185,40,93.2,86.5,50.45,0,1,0,0,0
26.85,166.25,7.95,377,10.64,5.33,0.028,26,92.0,88.65,63.77,1,0,0,0,0
40.45,36.06,7.63,88,5.94,31.51,0.122,142,75.64,44.97,50.38,0,1,0,0,0
25.68,21.96,7.81,109,9.71,37.97,0.1,84,89.07,56.72,53.13,0,0,1,0,0
38.39,70.76,7.11,112,9.18,36.78,0.2,117,71.41,47.91,67.26,1,0,0,0,0
30.72,8.75,7.44,140,2.01,45.07,0.031,246,93.56,99.39,14.04,0,0,0,0,0
26.82,102.43,7.35,289,4.27,0.25,0.012,72,80.09,77.85,62.01,0,1,0,0,0
27.43,69.0,7.23,69,12.5,39.53,0.028,287,85.95,45.73,24.07,1,0,0,1,0
31.69,185.82,7.23,129,9.43,33.27,0.1,15,36.12,94.1,72.02,0,0,0,0,0
39.15,124.1,7.96,219,6.02,8.85,0.02,322,97.42,59.49,96.68,0,1,0,0,0
25.16,93.98,7.91,213,6.86,13.46,0.04,143,84.97,84.27,81.56,1,0,0,0,0
37.65,151.11,8.49,335,13.78,19.08,0.155,153,81.44,66.57,66.99,0,0,0,0,0
23.86,131.87,7.53,54,2.89,5.77,0.174,183,97.32,95.02,40.14,0,0,0,0,0
44.22,145.26,6.19,53,9.25,2.48,0.019,317,59.93,64.05,15.62,0,0,0,1,0
24.43,208.54,7.85,368,10.99,13.62,0.024,155,81.53,91.17,50.17,0,0,0,1,0
40.57,155.5,7.39,243,5.45,36.85,0.014,209,70.34,72.94,74.0,0,0,1,0,0
43.89,231.63,8.53,232,5.07,32.54,0.023,212,91.41,51.28,70.93,0,0,0,0,0
44.99,252.99,7.09,79,7.44,25.86,0.153,165,97.43,87.67,50.39,0,0,0,1,0
40.74,168.71,8.01,91,6.0,29.75,0.018,134,81.34,97.26,77.16,0,0,1,0,0
26.3,136.25,7.16,70,7.77,22.4,0.024,12,67.26,63.94,47.69,1,0,1,0,0
34.76,280.4,6.03,2,7.15,20.39,0.023,208,73.76,51.35,99.26,0,0,0,0,0
41.02,193.1,7.83,55,6.85,11.08,0.102,173,57.38,61.63,50.03,1,0,0,0,0
35.38,132.95,7.9,41,2.6,43.68,0.015,281,65.13,68.85,93.04,0,1,0,0,0
25.16,206.21,7.06,361,10.62,37.14,0.01,185,96.23,46.49,40.35,0,0,0,1,0
36.76,279.38,7.19,46,12.74,2.53,0.133,112,58.76,51.43,60.98,0,0,0,0,0
27.68,119.52,8.1,86,8.62,13.7,0.013,94,68.15,61.57,51.25,1,1,0,1,0
21.35,20.9,7.32,52,8.59,13.65,0.049,233,87.93,65.48,26.79,0,0,1,0,0
36.37,264.03,6.64,62,6.81,8.93,0.0,33,65.85,80.29,43.0,0,0,0,0,0
33.28,248.58,7.28,26,12.58,18.56,0.015,299,62.16,59.82,91.65,0,0,1,1,0
22.33,13.78,6.33,153,13.15,16.8,0.013,176,94.81,95.94,96.3,0,0,0,1,0
37.37,2.43,7.85,77,8.96,5.56,0.043,62,74.62,31.36,49.38,0,1,0,1,0
23.03,279.0,7.66,282,10.25,16.02,0.04,35,95.66,77.28,75.75,1,0,0,0,0
38.97,57.22,7.7,3,12.73,12.84,0.048,362,95.01,46.5,61.19,0,0,1,0,0
22.6,230.88,6.96,72,12.57,30.34,0.172,18,76.01,70.64,44.82,0,0,1,0,0
32.87,174.71,7.4,266,7.43,26.18,0.196,303,71.25,79.57,67.43,0,1,0,0,0
24.98,262.7,6.63,252,11.5,8.54,0.007,313,64.4,80.17,20.52,0,1,0,1,0
24.37,101.58,6.67,272,9.77,12.32,0.079,224,82.93,42.81,98.99,0,0,0,1,0
34.14,151.19,6.61,32,9.25,49.53,0.053,142,89.39,86.39,56.04,0,0,0,0,0
33.57,191.07,7.57,358,6.89,11.4,0.031,360,83.65,78.72,22.06,0,1,0,0,0
35.21,108.64,8.26,376,11.37,31.14,0.031,227,48.49,96.74,94.25,0,0,0,0,0
44.83,290.49,7.47,31,6.84,28.56,0.002,66,60.43,73.24,77.12,0,1,0,1,0
28.11,123.03,8.42,190,6.63,3.06,0.075,367,99.06,95.69,60.69,0,1,0,0,0
44.0,192.29,7.85,4,13.31,27.17,0.03,215,72.92,90.89,80.56,1,1,0,1,0
26.94,269.47,7.4,148,13.65,6.38,0.035,322,55.86,64.97,38.67,1,1,0,0,0
28.34,274.54,8.33,150,11.23,17.71,0.139,215,62.49,94.76,61.54,0,1,0,1,0
34.74,16.61,6.15,98,5.69,18.6,0.016,129,97.37,95.5,98.55,1,0,0,0,0
34.15,78.57,7.82,80,7.62,35.14,0.199,377,79.97,58.36,51.59,1,0,0,0,0
22.84,143.09,7.07,124,11.39,24.71,0.022,281,55.11,83.86,80.21,1,1,0,0,0
34.93,102.56,7.38,499,13.66,21.29,0.046,230,69.98,55.06,44.53,1,0,0,0,0
26.62,250.53,7.72,164,10.71,34.67,0.041,798,95.14,69.71,55.55,0,0,0,0,0
31.28,254.34,7.86,10,5.13,8.63,0.028,338,58.85,95.5,74.26,0,0,1,1,0
20.56,234.64,7.91,499,5.46,31.32,0.026,125,81.39,61.78,84.22,0,0,0,0,0
41.41,230.88,6.73,122,13.44,3.0,0.078,485,92.1,67.25,58.3,0,0,0,0,0
26.19,27.71,7.08,33,11.02,39.57,0.029,475,49.82,93.88,88.92,0,0,0,0,0
29.19,152.16,6.7,93,12.57,36.44,0.021,398,74.57,12.91,22.03,0,0,0,0,0
23.72,159.73,7.7,31,7.97,26.42,0.008,235,72.38,73.03,87.68,0,0,0,0,0
30.23,46.48,7.61,135,11.68,0.2,0.039,652,82.34,67.7,40.67,0,0,0,0,0
29.01,100.34,6.97,446,12.8,36.26,0.199,147,54.22,60.95,73.23,0,0,0,0,0
34.92,215.11,8.93,244,12.09,21.91,0.048,342,78.38,83.81,91.34,0,1,0,0,0
30.89,213.08,7.38,11,6.99,8.1,0.036,585,59.69,83.0,70.01,0,0,0,1,0
44.23,286.71,7.24,217,8.19,19.74,0.104,220,65.92,91.05,80.21,0,0,0,0,0
20.5,193.84,7.9,79,7.69,36.79,0.065,18,56.89,51.5,82.97,0,1,0,1,0
30.96,11.99,7.83,266,6.13,15.45,0.041,92,88.76,52.69,15.38,0,0,0,1,0
44.94,292.88,7.23,88,13.77,32.56,0.143,328,62.72,81.45,34.83,0,0,0,0,0
20.26,257.61,7.68,89,12.65,6.27,0.013,149,41.97,86.65,76.93,0,0,0,1,0
43.83,30.42,8.36,29,8.15,5.44,0.014,223,35.98,74.91,50.12,0,1,0,0,0
30.09,244.35,8.13,28,10.83,45.17,0.011,344,54.03,64.28,61.57,1,0,0,1,0
24.2,123.21,7.54,282,2.68,21.41,0.048,336,78.62,75.42,94.26,0,1,0,0,0
31.86,189.13,8.09,39,6.81,38.42,0.173,154,66.48,56.37,57.2,0,0,0,1,0
33.86,95.5,8.34,18,12.61,41.39,0.173,240,66.01,85.79,56.58,0,0,0,1,0
34.69,103.76,7.92,17,4.59,32.24,0.027,141,92.89,55.32,53.95,0,0,0,1,0
41.06,82.53,7.2,265,8.28,1.79,0.045,652,69.58,93.71,89.63,0,0,0,0,0
36.88,97.93,7.64,57,11.43,26.6,0.152,75,90.42,84.14,17.18,0,1,0,0,0
37.65,44.46,8.07,30,10.29,4.57,0.183,182,71.29,52.96,70.74,0,0,0,0,0
42.22,238.36,8.08,388,11.92,12.35,0.04,164,84.27,65.3,49.5,1,0,0,0,0
42.37,45.78,6.58,43,11.98,5.11,0.016,200,83.47,44.24,61.83,1,0,0,1,0
42.61,240.67,6.73,246,10.94,23.87,0.032,471,81.92,53.59,10.92,0,0,0,0,0
36.34,222.05,6.85,378,7.2,22.5,0.072,378,87.37,45.02,57.62,0,0,0,0,0
40.28,296.0,7.84,118,11.6,14.03,0.174,289,83.12,84.68,46.11,0,0,0,1,0
22.8,210.77,8.47,37,13.29,28.62,0.02,679,97.42,92.85,42.37,1,0,0,0,0
28.61,40.28,8.02,105,13.37,26.09,0.042,391,59.48,70.69,83.46,1,1,0,1,0
43.38,142.55,6.19,146,13.99,14.15,0.037,389,75.15,11.97,91.96,0,0,0,0,0
38.16,17.7,7.6,319,12.71,8.3,0.041,142,76.98,47.1,94.64,0,0,0,1,0
24.46,245.69,7.51,379,6.12,38.08,0.033,361,78.05,50.05,77.85,0,0,0,0,0
33.16,230.99,8.26,91,9.33,41.74,0.099,337,83.82,43.84,51.15,0,1,0,0,0
34.98,106.47,6.61,30,3.62,27.38,0.036,638,74.86,66.05,67.38,0,0,0,0,0
22.84,78.96,7.55,473,5.16,27.87,0.013,181,60.56,89.62,13.81,0,0,0,1,0
30.03,191.85,7.42,144,6.28,21.5,0.014,988,66.39,73.5,46.97,0,0,0,1,0
27.91,224.74,7.98,20,6.01,44.21,0.015,332,63.85,63.08,34.06,1,0,0,0,0
42.29,253.69,7.21,403,12.49,10.52,0.015,97,58.39,48.48,78.49,0,0,1,0,0
36.15,295.17,7.8,165,5.96,16.36,0.138,372,63.53,47.51,87.43,0,0,0,0,0
33.82,205.61,8.06,318,6.59,10.99,0.029,201,58.09,92.76,53.89,0,0,0,1,0
21.24,29.8,6.97,84,12.32,27.17,0.028,5,75.61,26.27,93.95,0,0,0,0,0
40.53,218.88,7.62,158,3.62,25.17,0.041,202,65.28,41.97,58.61,0,1,0,0,0
28.23,111.04,8.24,0,7.45,9.47,0.056,40,79.08,52.82,40.23,0,0,1,0,0
37.2,210.88,7.6,64,8.14,41.88,0.046,637,90.22,78.66,40.6,0,1,0,0,0
28.12,24.71,7.08,149,12.86,0.09,0.12,238,70.69,74.66,61.89,0,0,0,0,0
32.95,278.97,8.67,189,8.47,11.79,0.007,340,54.22,72.04,49.57,0,0,0,0,0
25.35,217.53,6.9,464,11.99,28.41,0.001,355,62.59,79.61,33.21,0,0,0,0,0
25.42,271.55,7.42,61,10.63,20.68,0.021,395,88.35,51.84,27.16,0,0,0,1,0
33.96,272.8,7.7,385,12.32,35.13,0.127,1,66.21,71.77,83.71,0,0,0,0,0
44.22,55.64,7.63,85,11.88,14.95,0.051,247,58.38,66.3,42.4,0,0,0,0,0
27.0,9.7,6.76,464,8.82,25.7,0.046,18,74.23,50.87,59.96,0,0,0,1,0
28.39,207.93,7.28,47,5.04,12.81,0.164,262,59.14,43.91,40.65,0,1,0,1,0
23.51,17.02,7.61,20,8.96,22.71,0.002,214,86.41,20.25,88.89,0,0,1,0,0
41.27,109.3,6.94,261,2.72,17.81,0.04,68,51.31,78.35,91.62,0,1,0,0,0
23.68,200.1,7.48,157,10.46,9.31,0.151,297,94.86,92.96,83.65,0,0,0,1,0
37.85,286.18,6.07,77,11.58,5.91,0.049,66,88.17,55.55,98.45,0,0,0,1,0
20.35,35.59,8.06,261,7.21,2.79,0.133,235,98.0,57.53,43.62,0,0,0,0,0
34.02,167.74,7.36,83,5.88,5.88,0.06,317,54.75,53.87,36.9,0,1,0,0,0
23.0,48.08,8.39,117,7.27,29.76,0.066,228,69.85,18.84,69.93,0,0,0,0,0
21.51,87.01,8.08,93,10.47,9.9,0.143,19,85.99,85.27,87.61,0,1,0,0,0
44.97,269.78,8.33,178,10.27,17.22,0.001,161,34.54,79.12,92.76,0,0,0,1,0
26.84,282.78,8.05,59,9.25,36.44,0.01,112,92.09,14.74,21.06,0,0,0,0,0
27.68,241.81,7.95,0,11.22,31.93,0.032,293,53.47,71.13,98.2,0,1,0,1,0
21.72,57.93,7.82,461,13.02,27.93,0.007,379,97.07,89.76,41.17,0,1,0,1,0
27.33,164.57,7.04,207,7.4,19.23,0.155,172,99.39,86.89,85.39,0,1,0,0,0
25.31,163.86,7.47,39,10.48,3.67,0.179,262,96.32,55.63,59.33,0,1,0,0,0
25.14,104.69,7.55,47,10.96,7.19,0.005,595,91.09,59.0,50.45,0,0,1,0,0
38.13,178.28,7.68,17,9.02,38.58,0.026,518,99.87,90.29,48.8,0,1,0,0,0
31.03,200.72,7.94,82,12.24,8.44,0.177,210,64.91,59.89,53.72,1,0,0,0,0
29.82,280.98,7.92,234,13.85,29.2,0.031,371,38.42,63.69,46.21,0,0,0,1,0
42.59,293.38,8.94,224,8.85,46.16,0.035,209,81.37,76.14,85.82,0,0,0,0,0
28.0,172.03,6.79,85,13.72,41.57,0.032,615,64.94,75.64,61.42,0,0,0,1,0
29.27,31.23,7.4,58,7.72,41.8,0.028,52,71.16,24.12,52.52,0,0,0,0,0
23.21,221.63,6.55,251,11.3,37.42,0.021,364,64.48,42.92,42.89,0,1,0,1,0
33.87,96.1,7.93,165,6.11,6.15,0.186,96,75.1,65.07,74.44,0,1,0,0,0
34.21,77.48,7.91,140,10.21,3.1,0.009,316,69.43,43.98,61.36,1,0,1,0,0
43.94,208.46,6.97,84,9.23,38.08,0.182,529,85.46,86.79,63.6,0,0,0,0,0
34.89,269.51,7.96,23,11.3,21.1,0.014,304,50.75,87.88,30.71,0,0,0,1,0
40.73,295.51,7.6,110,12.46,19.24,0.009,495,70.3,55.62,65.85,0,0,0,1,0
41.96,56.02,7.87,448,9.82,33.79,0.05,184,49.42,64.51,45.5,0,0,0,0,0
40.59,20.58,7.66,34,11.86,38.89,0.112,360,59.35,85.91,77.37,0,1,0,0,0
21.45,146.19,7.27,494,10.76,12.66,0.003,338,54.86,77.66,85.16,0,0,0,0,0
40.23,280.6,7.17,113,6.98,47.7,0.126,49,76.71,83.32,80.99,0,0,0,1,0
43.53,44.32,6.84,238,10.91,34.42,0.005,93,63.08,40.12,79.9,0,1,1,0,0
25.85,135.76,6.16,2,5.83,25.99,0.016,35,45.59,74.14,52.2,0,0,0,0,0
32.57,130.5,8.39,101,10.45,34.5,0.103,48,58.9,52.87,85.13,0,0,0,0,0
35.55,184.62,7.51,41,5.83,21.78,0.009,866,86.38,97.41,38.98,0,0,0,0,0
33.67,28.2,6.67,391,8.75,36.32,0.195,10,73.64,98.85,54.67,0,0,0,0,0
21.94,213.4,7.99,91,10.87,9.73,0.118,21,69.65,59.77,97.23,0,0,1,0,0
28.38,171.27,8.36,453,7.6,1.64,0.039,224,80.1,94.81,30.67,0,1,0,0,0
44.91,19.45,6.63,24,12.76,33.73,0.035,86,84.96,71.72,52.17,0,0,1,1,0
44.35,275.35,7.76,76,14.0,0.27,0.028,341,64.25,66.69,61.84,0,1,1,0,0
39.22,245.38,6.64,139,12.73,28.29,0.128,556,55.76,76.69,54.55,0,0,0,0,0
37.71,162.85,7.06,322,11.69,44.19,0.034,61,85.72,68.46,20.59,0,0,0,0,0
26.81,92.63,8.26,75,5.54,2.28,0.02,17,52.5,92.63,71.57,1,1,0,1,0
31.6,223.17,6.8,469,12.3,28.85,0.043,181,52.75,12.47,45.27,0,0,0,0,0
26.71,250.24,7.94,314,13.52,5.45,0.033,83,94.74,82.8,75.26,0,0,0,0,0
38.06,299.2,7.8,242,6.16,35.28,0.048,118,87.11,66.45,93.37,0,1,1,0,0
21.98,72.33,8.49,42,7.7,10.75,0.043,215,64.94,66.59,81.2,0,1,1,0,0
25.76,2.19,7.29,337,7.02,0.15,0.008,477,78.88,61.88,87.51,0,0,0,0,0
24.43,143.32,7.4,62,12.55,43.14,0.049,150,43.57,79.31,50.48,0,0,0,1,0
26.92,190.48,7.57,432,8.02,23.69,0.034,308,89.02,14.87,90.98,0,0,0,0,0
21.9,163.59,7.59,406,5.67,27.14,0.011,158,57.16,59.21,57.86,0,1,0,1,0
30.09,31.59,7.67,179,7.61,6.08,0.126,106,57.78,40.87,37.73,0,0,0,0,0
26.85,210.49,6.62,9,9.31,34.45,0.074,650,87.21,41.22,42.15,0,0,0,0,0
32.93,82.07,8.95,88,12.3,29.5,0.017,532,72.71,51.03,93.29,0,0,0,0,0
20.11,217.3,7.98,108,6.3,30.83,0.049,290,91.65,79.61,76.69,0,0,1,1,0
43.76,156.94,6.89,49,12.26,33.03,0.035,244,88.87,49.95,43.13,0,0,0,0,0
24.44,72.66,6.55,134,9.16,37.39,0.033,305,96.13,80.03,84.52,0,1,1,0,0
26.95,211.7,7.97,424,5.91,35.61,0.073,330,50.21,87.26,51.29,0,0,0,0,0
28.47,243.82,7.66,127,5.89,10.49,0.104,86,85.51,81.76,84.17,0,0,1,0,0
32.03,177.53,8.08,14,11.14,5.86,0.044,504,75.06,69.27,67.28,0,0,0,1,0
30.21,60.08,7.23,164,9.41,18.63,0.059,70,74.14,65.24,67.4,0,0,0,0,0
38.56,182.02,7.15,261,8.17,39.14,0.036,373,42.35,76.86,55.36,0,0,0,1,0
35.02,215.51,7.64,82,6.78,43.84,0.044,180,73.72,20.03,80.14,0,1,0,0,0
40.46,149.48,8.13,102,12.41,1.16,0.048,158,34.95,67.55,67.97,1,0,0,0,0
32.25,176.05,7.28,143,11.15,32.96,0.004,82,67.05,12.53,78.83,0,1,0,0,0
23.13,16.4,8.33,228,13.85,30.09,0.03,304,70.49,84.91,67.77,0,1,0,0,0
30.23,209.85,7.64,386,11.84,21.06,0.027,30,92.22,10.54,46.44,0,0,0,0,0
21.07,102.45,8.36,281,7.91,24.28,0.103,16,63.09,68.26,93.32,0,1,0,0,0
32.77,146.34,7.28,460,11.01,32.77,0.038,281,98.42,98.0,62.21,0,0,0,0,0
33.69,8.7,7.02,359,10.62,37.76,0.038,34,94.72,84.47,18.9,0,1,0,0,0
38.47,111.46,7.71,85,12.92,34.98,0.063,95,99.29,57.68,58.24,0,0,0,1,0
27.51,122.8,8.14,291,9.84,0.91,0.004,508,76.16,71.27,47.8,0,0,0,1,0
33.06,251.64,6.96,96,6.59,31.87,0.112,273,75.77,51.94,74.56,0,0,0,0,0
32.27,209.95,8.0,98,5.5,8.78,0.089,40,96.41,82.53,90.99,0,0,0,0,0
24.3,286.09,7.01,401,5.41,23.09,0.049,60,71.02,49.68,81.88,0,0,1,0,0
24.8,122.28,8.11,35,8.6,43.5,0.04,162,66.84,57.15,77.94,0,0,1,1,0
32.8,2.51,6.45,61,10.77,38.36,0.032,306,88.04,52.45,55.33,0,0,1,0,0
22.09,228.97,7.98,276,5.7,39.65,0.029,253,94.42,52.37,87.37,1,1,0,0,0
27.55,100.38,6.47,201,12.28,11.99,0.048,282,76.86,66.37,40.65,0,0,0,0,0
40.27,66.36,8.14,212,12.83,6.64,0.138,29,97.05,61.56,54.94,0,0,0,1,0
25.14,237.3,7.15,97,6.96,46.17,0.096,78,82.06,61.67,77.31,0,0,0,0,0
31.53,45.32,6.67,76,5.16,25.96,0.025,692,74.86,56.04,13.08,0,1,0,0,0
40.5,37.45,7.93,0,8.75,36.0,0.181,67,66.26,59.92,51.26,0,1,0,0,0
23.81,23.38,6.73,264,5.0,28.51,0.007,232,80.5,70.94,28.41,0,0,0,0,0
24.31,205.71,8.06,41,12.83,4.54,0.075,684,73.83,69.57,75.18,0,0,0,0,0
31.88,181.17,7.97,126,12.99,28.97,0.031,445,64.95,91.65,84.56,0,0,1,0,0
42.02,16.86,7.1,68,9.03,35.11,0.076,13,91.51,67.28,10.12,0,1,0,0,0
38.8,266.99,7.58,89,5.32,11.43,0.029,135,38.38,88.43,53.6,0,1,0,0,0
20.04,226.16,7.36,72,9.68,2.1,0.045,230,35.12,74.13,26.4,0,0,0,1,0
43.8,30.38,6.61,252,9.71,25.13,0.004,245,39.3,50.09,40.67,0,0,0,0,0
23.95,187.75,8.5,179,13.98,14.54,0.02,419,59.21,59.21,70.31,0,0,0,0,0
28.79,158.13,7.84,299,13.13,32.3,0.033,19,61.24,57.56,40.16,1,0,0,1,0
24.58,140.63,6.06,30,9.19,1.47,0.037,126,84.43,95.48,73.54,0,0,0,1,0
39.57,86.87,7.41,281,11.34,25.19,0.017,129,69.86,82.43,92.28,0,1,0,1,0
39.38,46.64,8.45,367,9.54,16.05,0.046,246,67.43,45.6,96.98,0,0,0,0,0
35.3,188.69,7.14,58,12.11,4.73,0.027,500,67.32,57.59,96.93,0,1,0,0,0
37.78,33.15,8.85,140,11.24,1.06,0.037,164,73.81,45.26,82.79,1,0,0,0,0
33.14,111.78,7.73,102,9.38,38.34,0.006,355,84.15,99.86,47.14,1,1,0,1,0
22.73,51.87,6.73,116,13.91,27.78,0.045,157,79.95,82.31,18.64,1,0,0,0,0
28.68,8.94,8.01,79,13.63,29.91,0.051,421,73.75,47.61,93.94,0,0,0,0,0
24.44,239.57,7.77,71,13.88,17.49,0.023,693,72.84,77.22,64.68,0,1,0,1,0
41.14,84.46,7.12,280,7.44,18.83,0.188,67,63.2,74.4,83.19,0,0,0,0,0
36.91,195.47,6.75,59,9.83,3.58,0.033,397,72.97,88.81,49.43,0,0,0,1,0
27.08,44.08,7.45,120,6.93,15.67,0.076,29,87.37,91.59,72.51,0,1,0,1,0
36.11,148.59,8.92,46,5.46,18.26,0.05,42,64.59,46.34,80.44,0,0,1,0,0
23.1,91.86,8.03,258,11.21,3.85,0.055,208,66.17,77.11,35.65,0,0,0,0,0
21.32,161.13,6.54,88,9.44,17.07,0.084,18,81.15,71.93,82.49,0,1,0,1,0
32.71,219.06,7.58,220,5.58,28.27,0.004,836,97.4,81.06,66.84,0,0,0,0,0
30.18,259.62,6.94,33,6.12,34.65,0.025,3,66.07,75.2,18.11,0,1,0,0,0
38.14,93.65,8.41,208,13.13,5.36,0.023,359,62.6,69.62,52.12,1,0,0,0,0
31.51,231.3,8.23,83,11.38,27.16,0.012,272,45.17,74.64,35.23,0,1,0,0,0
28.48,30.94,8.18,241,8.56,28.5,0.002,179,31.21,79.49,84.71,0,1,0,0,0
42.86,238.88,7.71,45,12.23,40.88,0.055,91,78.32,67.86,84.23,0,0,0,0,0
28.92,90.66,8.03,399,5.93,24.45,0.009,219,53.48,54.36,54.94,0,1,0,1,0
22.03,227.83,7.5,300,6.63,10.34,0.047,280,22.7,72.69,55.78,0,0,0,1,0
43.48,168.49,6.52,199,8.02,7.0,0.029,361,54.39,74.02,43.59,0,0,1,1,0
39.66,38.43,6.88,144,9.13,37.93,0.012,398,42.03,55.65,25.06,0,0,0,1,0
43.27,278.74,8.53,458,11.96,11.32,0.027,174,90.18,87.01,87.35,0,0,0,0,0
20.95,95.99,8.43,18,5.77,6.38,0.029,335,94.07,85.54,12.91,0,0,1,1,0
30.32,190.42,7.16,430,7.66,41.44,0.026,308,50.91,87.38,24.2,0,0,0,0,0
28.02,132.34,7.15,65,9.75,13.63,0.014,139,76.22,73.44,49.6,1,1,0,1,0
23.13,20.68,8.48,270,10.52,20.5,0.106,161,74.46,71.18,48.64,0,1,0,0,0
28.97,147.44,8.18,164,8.69,38.29,0.036,122,87.9,46.59,40.39,0,0,0,0,0
32.87,73.84,7.66,66,8.8,34.14,0.136,350,44.84,42.76,92.24,0,0,0,0,0
29.34,35.49,6.79,245,12.3,11.25,0.118,297,69.29,76.98,19.3,0,0,0,0,0
42.87,10.22,8.46,9,6.32,20.88,0.158,606,79.91,48.01,67.0,0,0,0,0,0
41.7,246.98,7.89,55,10.32,43.3,0.049,199,80.27,96.82,50.34,1,0,0,0,0
25.31,109.6,8.13,187,5.14,21.76,0.009,393,69.71,92.78,94.6,1,0,0,1,0
31.05,280.43,8.43,453,5.97,21.35,0.009,57,29.3,53.73,83.4,0,0,0,0,0
31.09,52.02,8.65,49,12.09,29.52,0.044,230,99.64,21.07,78.93,0,0,0,0,0
29.98,247.25,7.31,135,10.11,29.08,0.05,14,91.63,56.65,73.19,1,0,0,1,0
30.83,198.27,6.54,30,5.58,7.74,0.195,50,69.45,20.59,59.79,0,0,0,0,0
25.27,41.52,8.99,429,10.64,32.22,0.007,236,77.72,92.73,90.75,0,0,0,0,0
39.61,192.57,7.76,293,9.92,22.73,0.006,308,81.47,86.79,81.77,0,0,0,1,0
37.38,42.44,8.31,180,6.52,49.66,0.038,281,97.13,85.67,33.51,0,0,0,0,0
25.01,162.55,8.18,319,8.31,29.64,0.013,92,67.49,59.75,58.04,0,1,0,0,0
24.54,101.01,8.32,123,6.36,42.22,0.119,242,50.97,79.72,53.26,0,0,0,0,0
38.93,130.05,8.15,69,7.42,26.94,0.082,297,53.34,59.6,96.94,1,0,0,0,0
20.49,96.5,7.53,17,5.19,32.27,0.148,167,59.02,73.44,91.89,0,0,0,1,0
28.34,51.58,8.46,481,9.16,38.45,0.161,348,66.64,75.18,91.82,0,0,0,0,0
24.52,10.28,8.11,76,11.56,20.78,0.032,727,70.72,80.91,74.67,0,0,0,1,0
26.07,272.21,8.46,264,5.3,7.15,0.038,84,61.96,84.69,32.29,0,0,0,1,0
36.76,206.18,7.25,75,11.84,15.35,0.147,89,68.21,19.19,55.01,0,0,0,0,0
34.61,267.08,6.77,121,13.19,4.15,0.098,297,63.95,60.02,28.03,0,0,0,0,0
30.08,192.2,8.15,43,10.72,39.12,0.036,388,88.52,38.39,21.35,0,1,0,0,0
27.24,120.21,7.31,19,8.47,34.14,0.189,168,83.93,41.34,85.98,0,0,0,1,0
20.15,157.0,8.04,230,12.25,14.06,0.011,228,93.69,44.61,98.96,1,0,0,1,0
29.2,128.46,8.0,217,6.37,22.16,0.041,340,60.09,75.45,84.36,1,0,0,0,0
42.42,25.9,8.74,156,12.5,20.66,0.027,93,56.96,43.71,83.99,0,0,0,1,0
24.48,256.48,6.57,71,12.11,39.99,0.057,395,58.29,48.58,44.53,0,1,0,0,0
35.92,185.21,7.11,83,13.92,9.15,0.035,346,34.34,70.58,35.73,0,1,0,0,0
37.28,220.89,8.21,451,6.28,12.84,0.11,109,92.89,65.96,50.98,0,0,0,0,0
21.24,262.66,6.86,9,8.14,13.09,0.193,127,97.21,60.85,65.41,0,0,0,1,0
20.61,268.15,7.78,272,5.06,18.65,0.019,158,96.51,90.33,47.08,0,0,0,1,0
36.75,296.68,6.68,186,10.15,30.02,0.196,135,85.42,40.87,52.4,0,1,0,0,0
21.45,296.76,7.12,49,7.96,16.96,0.142,175,57.36,70.07,96.93,1,0,0,0,0
30.48,214.29,7.67,103,5.77,18.91,0.041,208,94.4,32.71,80.78,0,0,0,0,0
37.21,234.58,6.17,25,10.52,36.87,0.161,252,89.15,66.65,89.41,0,0,0,0,0
20.4,104.3,7.89,64,11.7,35.53,0.062,280,95.88,58.33,20.43,0,0,0,0,0
26.26,38.28,6.81,409,7.87,6.65,0.167,308,97.38,58.75,88.86,0,0,0,0,0
27.82,11.96,7.84,136,3.4,30.52,0.01,372,33.94,58.82,77.27,0,0,0,0,0
40.96,30.88,7.94,265,12.84,39.24,0.011,607,52.9,51.8,43.21,0,0,0,1,0
41.13,148.32,6.88,54,10.24,35.05,0.017,157,99.88,24.1,67.39,0,0,1,0,0
36.53,83.89,7.77,187,10.37,18.15,0.191,0,86.53,96.13,58.87,0,1,0,0,0
36.15,71.9,8.0,41,12.22,16.5,0.141,217,92.25,12.43,98.32,0,0,0,0,0
32.19,256.4,6.55,290,11.72,30.58,0.014,64,55.52,89.49,70.79,0,1,0,0,0
36.92,109.39,6.69,98,2.98,40.73,0.001,374,92.83,90.75,49.89,0,0,0,0,0
40.59,5.62,8.15,75,7.93,42.68,0.028,342,56.27,71.53,15.53,0,0,0,1,0
42.27,54.64,8.24,73,9.37,40.86,0.123,257,80.96,42.51,82.8,0,0,0,1,0
43.52,214.61,8.22,64,10.27,1.99,0.026,183,85.07,48.85,30.58,0,1,1,0,0
31.58,253.27,7.78,93,9.09,33.02,0.039,483,40.67,93.34,51.28,0,0,0,0,0
40.13,253.53,7.13,377,5.15,35.75,0.165,202,95.93,89.66,44.51,0,0,0,0,0
33.63,238.78,6.78,224,5.04,30.42,0.111,200,96.39,51.46,55.3,0,0,0,0,0
21.38,104.45,7.08,142,8.95,22.88,0.017,290,98.48,93.71,33.53,1,0,0,1,0
40.32,180.81,8.3,177,2.55,38.48,0.005,91,75.26,52.59,13.95,0,0,0,0,0
39.83,266.94,7.37,205,11.45,36.52,0.058,283,59.43,98.15,42.92,0,1,0,0,0
31.16,70.61,6.16,267,6.39,4.12,0.022,157,51.33,89.09,95.64,0,1,0,0,0
23.85,212.37,8.05,483,5.91,19.69,0.138,288,54.71,79.94,76.37,0,0,0,0,0
30.71,39.77,8.47,37,9.67,23.63,0.091,113,50.01,10.51,72.27,0,0,0,0,0
38.59,29.51,8.32,283,9.58,15.71,0.039,346,43.73,90.74,88.19,0,0,0,0,0
20.39,203.84,6.77,8,9.99,18.42,0.046,492,55.33,87.35,52.23,0,1,0,0,0
35.54,63.92,7.68,61,4.8,32.18,0.017,246,86.66,45.51,88.34,0,0,0,1,0
26.71,25.51,8.62,76,13.9,1.07,0.038,181,93.45,88.03,67.6,0,1,0,0,0
39.93,108.67,8.26,38,12.71,35.34,0.004,144,94.03,15.85,47.79,0,0,0,1,0
30.04,115.51,6.67,257,12.61,42.91,0.084,273,78.58,89.02,42.92,0,0,0,0,0
42.08,28.55,6.61,86,8.41,28.09,0.021,192,95.65,45.19,30.87,0,0,1,1,0
34.9,256.62,8.02,93,5.35,1.35,0.047,19,92.73,21.89,88.26,0,1,0,1,0
39.11,31.62,7.54,216,10.99,36.91,0.027,9,79.55,45.2,23.02,0,0,0,1,0
42.1,251.6,8.46,130,13.16,28.5,0.034,283,51.85,77.99,27.9,0,1,0,1,0
41.64,104.09,6.69,79,6.43,29.38,0.17,72,54.85,89.42,19.34,0,0,0,0,0
41.88,60.45,7.56,363,7.8,25.34,0.041,595,54.8,66.25,83.93,0,0,0,0,0
25.3,50.34,7.58,441,7.37,34.75,0.033,235,77.73,98.51,59.11,0,1,0,1,0
21.24,215.45,7.82,37,9.71,13.97,0.03,19,66.36,69.32,59.23,0,1,1,0,0
41.68,58.36,8.72,26,2.72,36.03,0.018,350,91.55,69.87,75.35,0,0,0,0,0
37.3,61.39,8.5,185,2.94,20.41,0.025,88,95.52,61.68,68.84,0,0,0,1,0
41.06,163.13,6.69,124,5.49,38.09,0.011,76,52.22,58.24,43.31,0,0,0,1,0
42.67,190.6,7.51,115,3.87,23.51,0.018,378,52.81,91.82,55.96,0,0,1,0,0
41.07,32.74,8.49,192,13.12,3.08,0.057,309,58.85,79.92,96.3,0,1,0,0,0
25.95,135.28,7.27,224,8.03,18.06,0.012,548,90.8,43.61,86.33,0,0,0,1,0
32.6,228.27,7.68,101,5.71,26.75,0.2,52,90.17,86.33,63.29,1,0,0,0,0
29.16,238.17,7.17,27,10.03,32.75,0.023,525,70.36,52.13,62.21,0,0,1,0,0
43.69,110.57,7.26,213,12.06,5.96,0.011,223,50.83,61.51,93.6,1,0,0,1,0
29.46,215.89,7.74,204,13.25,19.91,0.163,345,81.1,52.89,81.31,0,1,0,0,0
37.16,53.21,7.57,194,8.82,22.44,0.016,164,59.48,46.04,69.42,1,1,0,0,0
24.29,92.15,8.04,358,13.21,10.05,0.011,206,67.19,59.17,77.05,0,0,0,0,0
38.03,167.17,7.12,499,10.56,22.8,0.022,484,86.85,90.25,51.16,0,0,0,0,0
21.54,217.26,8.09,147,9.36,25.17,0.007,335,65.07,68.15,99.92,1,0,0,0,0
40.45,20.89,7.91,82,11.81,17.35,0.018,188,88.03,21.45,57.45,0,1,0,0,0
30.18,146.54,7.19,267,8.84,17.48,0.017,340,82.34,32.95,42.79,0,0,0,0,0
30.96,17.03,7.32,193,7.42,11.14,0.056,94,90.0,92.27,80.02,0,1,0,0,0
32.18,2.46,7.05,137,9.86,0.41,0.109,289,54.31,77.84,70.72,1,0,0,0,0
25.98,265.6,7.25,25,6.27,42.35,0.17,146,63.02,82.71,92.48,0,0,0,0,0
41.12,179.9,8.23,265,9.87,10.17,0.031,467,59.29,69.77,59.28,0,0,0,0,0
30.74,269.7,6.46,365,12.38,4.3,0.032,149,79.18,78.58,59.21,0,0,0,0,0
20.21,174.83,7.08,215,12.71,13.84,0.026,323,72.93,13.5,69.19,0,0,0,0,0
34.81,7.6,8.88,118,10.63,30.02,0.046,251,77.74,47.76,44.34,0,0,0,1,0
20.81,80.65,7.08,64,4.21,4.6,0.033,349,87.37,68.43,41.39,0,1,0,0,0
36.74,223.94,7.25,181,8.9,11.64,0.177,214,74.74,98.72,70.02,0,0,0,0,0
30.46,182.45,8.27,128,9.58,23.56,0.04,340,97.76,91.88,56.17,0,1,0,1,0
32.32,36.97,7.06,51,11.75,15.88,0.038,168,93.17,65.3,71.84,1,0,0,0,0
21.76,157.82,8.1,34,10.72,23.96,0.069,32,53.91,72.19,43.56,0,0,0,1,0
42.35,211.33,7.05,367,5.3,0.69,0.021,237,70.28,60.66,93.55,0,1,0,0,0
37.93,77.58,8.08,225,13.49,16.72,0.027,103,36.87,88.36,68.09,0,1,0,0,0
41.22,193.11,8.38,63,12.55,11.48,0.024,609,74.09,82.78,45.44,0,1,0,0,0
43.59,149.19,8.32,96,11.93,35.09,0.006,571,94.46,15.26,76.34,0,0,0,0,0
35.98,43.39,6.66,5,11.28,23.2,0.124,247,66.48,47.24,81.58,0,1,0,1,0
24.57,53.62,6.79,1,6.77,33.89,0.006,330,83.74,40.02,54.83,0,1,0,1,0
21.24,145.97,6.85,180,12.17,7.08,0.014,138,64.79,58.16,55.52,0,0,1,0,0
36.81,103.41,7.7,300,2.64,7.0,0.022,364,99.61,49.95,52.56,0,0,0,0,0
40.44,22.02,8.28,130,13.62,1.57,0.16,293,70.04,77.11,76.31,0,1,0,1,0
27.92,23.98,7.34,41,9.99,11.19,0.199,281,67.02,68.56,92.29,0,1,0,1,0
26.39,295.78,7.11,347,9.39,20.29,0.023,74,90.82,41.72,68.06,0,0,1,0,0
25.05,20.08,7.79,31,9.07,28.36,0.022,905,62.7,77.01,50.6,0,0,0,1,0
26.54,105.76,7.4,322,8.7,45.1,0.035,207,73.4,49.92,41.18,0,0,0,1,0
29.72,248.6,7.13,80,7.86,18.99,0.047,252,41.46,42.59,22.78,0,0,0,1,0
42.48,121.11,8.26,19,2.67,31.31,0.007,17,55.71,65.54,88.9,0,0,0,0,0
31.41,13.44,8.05,92,13.94,38.39,0.004,136,33.72,49.28,52.31,0,1,0,0,0
41.0,245.19,7.52,242,8.33,41.48,0.008,346,82.13,90.35,47.53,1,0,0,0,0
40.78,61.18,7.11,334,8.75,21.24,0.045,223,76.8,80.42,22.8,0,0,0,0,0
25.11,163.38,7.16,27,13.06,22.56,0.031,466,75.17,98.15,47.21,0,0,0,1,0
30.32,97.37,6.91,92,6.28,20.19,0.013,381,34.38,55.78,54.08,0,0,0,0,0
35.86,136.05,8.26,26,10.9,37.5,0.031,305,36.02,88.37,54.22,0,0,1,0,0
27.64,262.01,7.35,65,5.13,26.07,0.018,18,22.81,41.58,85.46,0,0,1,0,0
41.84,92.99,8.3,205,10.58,11.63,0.04,125,65.27,65.89,78.99,0,0,1,0,0
23.96,22.58,6.49,290,8.04,13.62,0.0,355,77.58,40.63,97.81,0,0,0,0,0
37.15,239.09,7.91,266,13.33,23.46,0.024,206,39.13,87.07,49.87,0,0,0,1,0
41.9,82.21,6.17,180,8.87,29.48,0.013,102,86.06,90.05,84.82,0,0,0,1,0
34.74,42.97,8.16,120,13.96,17.46,0.024,216,34.73,91.32,51.93,0,0,0,0,0
39.77,38.12,7.11,10,8.8,27.11,0.185,339,44.95,51.57,75.69,0,0,0,0,0
32.87,292.0,7.91,301,6.79,31.96,0.038,346,60.53,81.9,26.09,0,0,0,1,0
26.2,200.69,8.46,186,8.67,41.48,0.01,346,24.39,88.13,73.37,0,0,0,0,0
28.74,221.96,6.41,112,12.33,23.58,0.011,129,60.52,72.33,65.73,0,0,0,1,0
22.34,124.61,6.75,38,12.28,43.03,0.014,202,56.18,72.17,87.61,0,0,0,1,0
37.02,257.46,8.21,189,7.11,5.08,0.119,200,94.07,63.99,75.08,0,0,0,1,0
22.59,216.88,7.63,9,6.29,15.86,0.019,357,98.44,77.56,99.19,1,0,0,0,0
35.21,253.7,8.04,148,4.54,0.31,0.015,159,88.65,67.42,98.59,0,0,0,1,0
30.8,43.14,7.26,74,6.95,28.15,0.037,280,36.54,50.96,82.6,0,0,0,1,0
31.09,250.96,8.14,125,11.02,46.62,0.045,696,52.51,92.52,25.08,0,0,0,0,0
21.31,104.68,8.05,82,7.45,35.93,0.113,323,83.77,88.88,61.79,0,0,0,0,0
27.34,52.01,7.44,109,10.58,35.42,0.015,390,52.07,20.19,49.87,0,0,1,0,0
37.62,273.75,6.7,85,7.19,7.53,0.184,343,93.6,51.66,51.21,0,1,0,0,0
38.2,246.88,8.03,24,5.98,9.9,0.106,265,58.87,48.65,67.91,0,0,1,0,0
30.57,108.32,6.58,374,13.87,24.58,0.132,243,50.65,68.68,59.21,0,0,0,0,0
23.75,96.05,7.53,218,8.55,16.61,0.048,12,56.87,95.94,87.4,0,0,0,0,0
38.41,64.5,6.67,159,8.45,6.48,0.01,220,59.31,70.19,59.99,0,0,1,1,0
42.38,295.64,7.77,133,10.64,31.58,0.043,44,79.04,79.36,60.78,1,1,0,1,0
25.35,19.11,8.17,133,9.77,3.33,0.145,222,78.69,40.07,91.36,1,0,0,0,0
40.09,213.85,7.74,15,11.42,34.49,0.024,345,68.13,90.7,35.65,1,0,0,0,0
22.09,15.61,8.35,295,13.99,30.71,0.019,144,56.21,81.95,41.66,1,0,0,1,0
32.45,256.39,7.28,68,8.57,1.83,0.086,373,56.96,53.23,99.17,0,0,0,0,0
27.85,144.62,6.56,1,12.1,25.31,0.037,665,27.47,99.09,74.99,0,0,0,0,0
39.95,256.15,6.86,213,10.94,34.0,0.081,108,82.96,99.71,14.85,0,0,0,0,0
20.29,88.7,7.86,269,6.36,23.84,0.049,178,85.87,98.93,98.62,1,1,0,0,0
44.24,182.11,6.6,285,11.58,10.64,0.0,407,98.35,43.41,59.12,0,1,0,0,0
36.14,113.77,8.22,98,6.25,32.69,0.016,275,96.38,82.3,49.6,1,1,0,1,0
39.36,145.39,8.24,72,6.12,8.82,0.169,97,57.17,54.46,54.1,1,0,0,0,0
34.37,130.76,7.52,181,12.4,26.83,0.016,299,66.97,99.77,63.25,1,0,0,0,0
41.17,268.56,8.46,1,7.52,1.7,0.034,295,86.02,68.57,92.4,0,0,0,0,0
35.36,259.25,7.85,61,2.17,37.75,0.028,293,96.97,46.04,91.44,0,0,0,0,0
25.07,221.69,7.92,108,13.73,41.87,0.057,236,55.86,40.2,52.19,0,0,0,1,0
32.09,24.67,7.55,325,10.51,16.78,0.175,270,89.57,86.09,51.7,0,0,0,0,0
27.25,131.89,6.91,210,6.88,23.84,0.122,381,63.02,79.6,97.76,0,0,0,1,0
22.12,114.76,6.83,237,7.32,10.49,0.022,367,39.54,86.19,53.17,0,1,0,0,0
32.98,215.02,7.43,160,10.9,34.09,0.002,372,42.86,78.93,73.94,0,0,0,1,0
40.64,51.81,7.26,135,11.53,29.78,0.074,233,73.63,47.64,53.99,0,0,1,0,0
38.42,292.03,7.03,48,11.91,13.9,0.041,287,81.92,31.67,80.44,1,0,0,0,0
29.44,92.65,6.8,146,10.56,0.46,0.069,235,74.75,42.24,46.26,0,0,0,0,0
35.78,144.08,7.65,72,7.47,31.63,0.131,54,67.84,84.08,66.71,0,0,1,0,0
24.03,102.17,8.86,3,10.81,1.68,0.116,246,85.1,99.58,58.76,0,0,0,0,0
21.44,32.21,7.21,122,2.32,31.19,0.179,253,66.44,60.65,55.98,0,0,0,0,0
20.59,180.64,8.95,73,12.37,41.01,0.045,103,71.48,75.61,88.28,0,0,0,0,0
35.71,171.18,7.82,35,5.17,4.9,0.052,143,40.11,54.59,97.34,0,0,0,0,0
21.48,131.28,6.9,361,8.86,11.09,0.154,236,91.37,79.28,70.96,0,0,0,0,0
36.84,290.81,8.19,76,9.75,3.78,0.151,230,86.62,22.82,72.77,0,0,0,0,0
37.88,52.84,6.95,474,13.66,23.8,0.001,157,56.01,45.87,87.56,0,1,0,1,0
36.45,106.88,6.78,259,12.01,28.45,0.043,199,95.67,52.62,57.89,1,0,0,0,0
33.25,223.07,7.18,4,8.64,39.22,0.125,434,66.61,53.37,68.7,0,0,0,0,0
43.4,88.28,7.04,52,5.86,1.88,0.002,56,90.82,53.97,33.77,0,1,0,1,0
33.43,298.9,8.44,2,5.34,13.84,0.099,142,91.31,83.82,95.74,0,1,0,1,0
40.21,227.69,6.62,81,13.36,24.07,0.126,350,72.11,94.88,33.3,0,0,0,1,0
36.57,19.04,6.94,219,11.63,15.49,0.001,554,72.37,82.75,73.76,0,0,0,0,0
36.13,297.15,7.79,118,7.7,31.28,0.024,341,44.36,69.3,35.63,0,0,0,0,0
37.62,282.3,7.54,101,13.22,36.68,0.078,127,86.47,91.98,87.12,0,0,0,0,0
28.85,114.67,6.53,275,8.82,6.87,0.097,169,83.63,91.57,68.1,0,1,0,0,0
39.91,207.02,8.37,47,5.0,36.01,0.013,216,68.5,51.14,49.86,0,0,0,1,0
33.8,148.01,8.22,49,5.9,21.53,0.15,165,76.85,84.79,25.81,0,0,0,0,0
31.14,295.27,8.39,178,8.35,47.2,0.046,57,68.23,86.43,40.58,0,0,0,0,0
35.43,154.49,7.24,193,13.88,39.58,0.045,510,56.21,80.99,54.4,0,1,0,0,0
26.87,268.18,6.14,1,6.98,7.37,0.143,312,97.89,41.1,49.89,0,0,0,0,0
33.06,174.48,7.44,41,8.63,35.29,0.066,141,54.43,53.68,85.16,0,0,1,0,0
42.26,228.15,7.57,61,2.18,36.84,0.012,366,70.46,84.54,98.32,0,0,1,0,0
40.09,205.63,8.71,29,5.09,36.58,0.047,32,92.22,46.05,20.11,0,1,0,0,0
26.8,126.58,7.25,36,7.5,15.56,0.039,11,90.6,88.84,36.93,0,1,0,1,0
25.75,107.64,7.67,112,8.55,2.79,0.027,271,75.35,65.26,26.51,1,0,0,0,0
39.27,172.68,6.88,163,11.82,35.24,0.041,53,60.27,98.4,40.72,0,0,1,1,0
42.3,67.9,7.08,141,3.47,9.73,0.032,74,61.74,85.74,31.43,0,0,0,1,0
35.31,150.3,8.1,147,11.99,26.63,0.129,31,82.4,16.36,47.85,0,0,0,0,0
31.15,116.71,7.87,110,13.44,35.04,0.015,163,57.34,96.41,71.13,0,1,1,0,0
31.86,145.1,8.07,105,8.03,39.38,0.133,132,92.67,46.61,39.44,0,0,0,1,0
35.96,6.61,8.07,77,6.26,26.61,0.013,332,69.49,53.61,53.19,0,0,0,1,0
21.42,112.39,6.01,286,11.07,34.18,0.013,318,94.08,41.3,46.1,0,0,0,0,0
30.13,73.67,7.16,336,8.43,23.46,0.025,23,63.77,43.29,87.39,0,0,0,0,0
41.92,229.36,6.64,102,7.16,4.11,0.006,254,91.41,34.94,35.63,0,0,0,1,0
31.69,168.87,7.81,148,13.51,36.1,0.169,371,41.18,50.22,77.21,0,0,0,0,0
38.64,103.14,8.0,359,12.16,33.8,0.026,379,86.04,65.09,16.22,0,1,0,0,0
44.37,216.28,8.3,28,8.47,35.38,0.157,65,85.89,43.35,88.42,0,1,0,0,0
20.95,89.55,6.72,23,6.16,4.86,0.165,55,80.18,56.26,97.06,0,1,0,1,0
28.17,25.88,7.17,61,3.75,35.69,0.04,275,91.16,99.54,23.94,0,0,0,0,0
24.35,293.31,8.17,128,13.15,24.48,0.141,399,76.64,40.7,47.76,0,0,1,0,0
39.86,222.15,7.75,20,9.89,0.66,0.029,148,32.98,32.9,42.41,0,0,0,0,0
36.75,34.27,7.12,138,10.43,44.39,0.011,231,92.32,44.02,78.03,1,0,0,1,0
39.1,173.71,8.24,84,5.26,12.66,0.197,195,83.1,87.15,46.55,0,0,1,0,0
32.78,219.91,8.21,301,11.86,6.8,0.16,34,53.93,83.05,65.16,0,0,0,0,0
36.34,263.66,7.02,119,4.62,3.81,0.005,251,52.26,81.29,34.62,0,0,0,0,0
30.95,249.45,7.76,298,12.4,37.67,0.01,234,56.06,88.91,82.11,0,1,1,0,0
40.81,38.82,7.87,111,7.65,14.68,0.162,237,85.01,45.44,82.13,0,1,0,0,0
23.65,63.81,7.73,32,6.57,29.15,0.047,190,78.5,90.71,89.45,0,1,1,1,0
33.99,253.3,7.84,163,12.94,4.8,0.041,437,89.91,69.07,74.96,0,0,0,0,0
26.96,153.75,6.73,179,13.33,36.92,0.043,259,95.31,39.73,58.91,0,0,0,0,0
35.39,283.97,6.09,138,5.76,33.9,0.049,17,96.92,48.42,68.81,0,0,1,0,0
31.88,85.24,6.55,27,5.96,21.07,0.005,200,50.92,21.08,100.0,0,0,1,0,0
31.18,147.27,8.21,146,6.84,20.5,0.143,126,72.84,52.13,84.49,0,0,1,0,0
29.23,71.24,8.36,78,11.85,47.32,0.014,240,92.56,19.99,40.39,0,0,0,1,0
35.73,217.95,6.43,4,12.21,29.12,0.001,104,97.63,41.69,43.75,0,0,0,1,0
27.52,197.88,6.28,31,11.55,12.48,0.033,322,51.82,87.76,14.91,0,1,0,0,0
39.72,230.88,7.39,229,12.64,5.96,0.143,272,59.1,57.02,58.33,0,1,0,0,0
20.24,74.9,6.59,260,5.98,16.62,0.086,226,95.16,65.72,55.07,0,1,0,0,0
32.5,260.03,6.9,192,11.96,4.48,0.089,148,58.68,83.47,77.8,0,1,0,0,0
27.4,46.67,6.58,256,10.51,23.84,0.038,186,51.83,77.34,78.72,1,0,0,0,0
36.75,44.52,6.76,11,10.12,43.51,0.089,71,90.42,69.64,65.52,0,0,0,0,0
45.0,20.29,7.01,51,8.59,3.38,0.027,374,46.89,93.0,74.56,0,0,0,1,0
20.9,134.58,8.19,76,5.39,4.47,0.182,418,86.76,64.43,48.96,0,0,0,0,0
26.86,27.49,7.88,133,4.23,28.98,0.04,48,83.92,94.64,23.06,0,0,0,0,0
38.76,101.37,7.55,177,8.2,0.26,0.045,349,79.53,47.95,83.11,0,0,1,0,0
44.36,299.11,7.74,237,11.41,13.71,0.035,38,57.98,91.09,41.15,1,0,0,1,0
36.92,231.48,7.79,258,12.73,35.1,0.016,182,73.09,95.77,42.08,0,0,0,0,0
34.69,219.93,7.47,52,11.56,9.46,0.198,247,82.23,16.26,60.45,0,0,0,0,0
30.27,207.38,7.1,122,5.61,7.64,0.003,640,94.52,43.29,54.2,0,1,0,0,0
33.64,74.06,8.87,29,9.41,27.08,0.045,47,68.45,92.69,53.55,0,1,0,0,0
37.34,277.56,8.49,407,12.31,27.62,0.031,257,72.19,46.02,74.56,0,1,0,1,0
29.98,76.06,7.16,49,5.33,4.41,0.013,582,76.94,60.82,55.47,0,0,1,0,0
26.29,86.27,8.63,143,5.85,18.98,0.042,321,95.24,27.35,58.52,0,0,0,0,0
33.92,82.12,7.09,429,9.59,23.83,0.048,91,56.95,59.04,32.41,0,1,0,0,0
22.07,229.59,8.13,173,12.58,49.82,0.038,85,43.7,59.07,73.22,0,0,0,0,0
41.67,128.99,7.48,149,11.94,11.03,0.166,161,86.52,76.81,85.1,0,0,0,1,0
24.49,15.09,8.46,190,11.64,0.54,0.027,327,72.22,22.07,63.72,0,0,0,0,0
27.25,184.7,8.43,332,7.33,16.15,0.09,145,91.15,93.84,42.7,0,0,0,0,0
22.01,24.15,8.0,39,5.26,46.57,0.007,88,45.76,88.04,31.44,0,0,0,0,0
22.68,219.21,7.95,234,13.27,14.9,0.084,196,53.96,61.96,56.21,0,1,0,0,0
44.78,39.55,7.67,161,11.49,19.97,0.045,750,84.42,73.4,68.78,0,0,0,0,0
42.96,55.7,6.76,29,10.71,8.13,0.013,182,83.72,46.58,72.76,1,0,0,1,0
40.49,147.82,6.99,78,5.34,6.98,0.116,214,88.2,96.7,68.98,0,0,1,0,0
33.42,136.49,7.18,285,13.55,2.53,0.172,4,68.1,42.83,87.09,0,0,0,0,0
25.93,157.03,7.16,228,3.7,24.92,0.006,332,54.19,44.68,85.77,0,0,0,1,0
20.43,248.62,7.19,168,12.51,35.18,0.038,302,98.15,73.68,82.76,0,1,0,1,0
43.49,193.63,8.34,151,12.57,7.28,0.0,324,42.67,40.34,65.43,0,0,0,0,0
26.73,28.52,8.31,40,5.27,18.27,0.029,342,48.01,40.24,54.79,0,0,0,0,0
31.49,97.58,8.47,217,8.5,2.13,0.015,245,81.02,68.53,96.78,0,0,1,0,0
32.81,104.6,6.66,16,5.41,8.07,0.188,109,81.06,93.28,78.32,0,0,0,1,0
26.43,90.85,8.48,152,13.88,45.53,0.011,453,77.04,52.36,64.54,0,0,0,0,0
33.81,178.08,8.81,217,13.81,3.12,0.021,156,99.65,77.76,60.45,0,1,0,0,0
39.83,136.95,8.04,416,6.9,7.63,0.014,161,80.83,46.95,40.77,0,0,0,1,0
44.64,13.74,7.83,189,11.07,28.81,0.166,357,94.11,50.56,72.94,0,0,0,1,0
22.86,173.7,6.74,56,5.04,34.99,0.074,31,70.6,15.85,47.62,0,0,0,0,0
39.92,214.47,7.17,302,10.73,25.05,0.165,366,75.97,41.67,91.8,0,0,0,0,0
28.59,163.96,6.48,92,6.57,17.44,0.035,310,98.48,48.13,90.56,1,0,0,0,0
26.53,81.15,8.13,432,10.0,33.67,0.042,163,83.35,62.08,16.89,0,0,0,1,0
23.06,30.0,7.43,231,12.15,31.07,0.159,154,69.53,79.78,82.28,0,0,0,0,0
20.06,237.54,7.03,70,5.86,44.91,0.047,235,99.66,65.3,83.51,0,0,0,1,0
32.24,161.85,7.52,142,11.99,32.75,0.05,204,86.34,40.35,29.82,1,1,0,0,0
25.81,23.29,6.9,461,11.85,40.12,0.008,239,93.85,94.77,75.85,0,0,0,0,0
29.78,67.95,6.62,67,8.65,8.62,0.15,71,84.5,97.73,66.64,1,0,0,0,0
27.62,154.45,6.77,163,13.03,17.68,0.008,276,22.18,72.59,43.49,0,0,0,1,0
40.19,285.45,7.42,118,6.14,28.21,0.141,0,96.97,79.47,90.56,0,1,0,1,0
26.59,251.11,6.74,403,9.22,22.84,0.034,179,99.35,86.68,54.39,0,1,0,1,0
36.66,215.71,7.73,7,8.31,11.24,0.061,359,90.8,61.46,21.32,0,1,0,0,0
35.9,16.05,6.72,442,5.31,6.39,0.028,307,58.26,67.35,28.8,0,0,0,1,0
38.36,201.65,7.61,16,5.58,9.62,0.094,70,56.31,91.43,44.38,1,0,0,0,0
41.91,280.57,7.76,115,13.91,43.72,0.002,230,59.9,73.03,45.66,0,0,1,0,0
27.45,3.79,6.72,253,7.93,27.91,0.036,166,40.32,56.61,63.52,0,1,0,0,0
36.3,159.8,8.79,42,12.72,25.92,0.121,1,54.66,78.74,71.09,0,0,0,0,0
25.09,207.28,6.94,82,5.2,4.71,0.007,308,67.02,84.47,34.04,0,0,0,0,0
43.57,199.86,7.72,2,7.08,19.13,0.035,544,97.23,54.06,74.23,0,0,0,1,0
44.57,60.42,8.64,162,13.37,6.94,0.032,222,81.0,58.23,16.24,0,0,0,0,0
26.32,53.09,6.8,109,5.55,8.33,0.133,105,37.42,79.96,88.62,0,0,0,0,0
23.38,155.26,8.46,148,5.04,3.23,0.091,45,39.84,42.2,62.16,0,0,0,0,0
22.18,183.57,8.04,27,9.76,4.04,0.046,279,68.54,69.78,99.62,0,0,0,0,0
40.82,270.64,7.56,101,8.17,16.79,0.004,435,61.96,92.29,54.99,0,0,0,0,0
24.8,109.01,8.2,67,8.8,24.01,0.042,354,77.85,55.43,85.87,0,0,0,1,0
43.67,22.07,6.53,150,7.54,2.54,0.149,12,86.78,68.2,88.99,0,0,1,0,0
21.62,244.92,6.55,39,13.71,23.93,0.024,240,98.43,78.78,62.4,1,1,0,0,0
26.53,99.42,8.33,110,11.67,34.68,0.014,387,70.58,77.38,39.33,0,0,1,1,0
29.15,244.41,7.12,35,7.5,34.42,0.024,69,60.85,87.19,84.0,1,1,0,1,0
32.95,58.1,8.09,66,12.97,14.01,0.035,95,57.0,24.61,10.0,0,0,0,0,0
35.73,262.64,7.94,213,6.96,2.97,0.011,154,68.1,94.42,51.06,0,0,0,1,0
40.52,272.56,8.34,360,12.4,39.14,0.04,299,54.75,23.6,88.07,0,0,0,0,0
41.43,262.52,6.6,128,6.61,49.39,0.036,392,84.29,82.67,93.36,0,0,0,0,0
22.77,285.82,7.59,105,12.91,20.9,0.054,194,62.17,90.22,72.1,0,0,0,0,0
38.95,101.56,6.83,9,9.09,41.97,0.035,344,52.76,17.12,66.2,0,0,0,1,0
33.15,94.81,6.93,114,10.45,23.28,0.077,367,78.01,93.13,14.95,0,0,0,1,0
24.87,199.33,7.43,48,13.42,10.2,0.045,156,66.11,78.17,50.73,1,0,1,0,0
41.87,97.27,6.99,63,5.14,21.5,0.046,290,61.77,56.25,11.38,0,1,0,1,0
34.41,23.22,8.48,117,12.9,0.62,0.013,563,90.23,70.58,59.41,0,1,0,1,0
29.66,274.23,7.97,205,13.7,11.19,0.048,2,51.79,73.14,32.37,0,0,0,0,0
27.06,247.18,7.33,115,13.47,11.82,0.198,359,94.16,78.03,80.17,0,0,1,0,0
39.74,143.07,6.66,84,12.27,12.8,0.093,145,70.61,98.83,62.47,0,1,0,0,0
32.42,240.78,6.93,92,8.61,3.23,0.186,303,89.85,68.89,73.91,0,0,0,0,0
37.94,283.04,7.64,57,7.18,20.33,0.01,41,22.18,54.67,59.93,0,0,1,0,0
41.63,243.6,7.45,47,7.04,38.86,0.036,529,61.34,80.4,61.08,0,1,0,0,0
43.23,53.68,6.53,126,13.07,24.36,0.129,154,66.87,45.48,32.81,0,0,0,1,0
33.5,244.12,7.68,84,11.26,38.57,0.034,312,71.89,80.93,99.12,0,1,0,0,0
22.63,282.0,8.08,147,9.03,29.07,0.031,161,21.41,95.84,53.17,0,1,0,0,0
35.29,11.15,7.66,115,10.54,16.47,0.082,340,83.33,84.06,74.97,1,0,0,0,0
28.54,136.71,7.53,70,11.06,11.7,0.048,398,50.19,88.41,39.27,0,0,0,0,0
37.45,109.01,6.61,46,6.39,10.67,0.034,253,27.2,93.62,63.02,0,1,0,0,0
21.32,231.57,6.68,18,11.39,3.0,0.036,138,22.88,98.92,48.33,0,1,0,0,0
40.79,111.89,7.59,228,12.19,4.48,0.054,120,91.3,83.24,58.67,0,0,0,1,0
35.4,279.8,8.06,150,8.91,30.69,0.149,158,76.18,47.32,91.39,0,1,0,0,0
26.23,76.91,8.53,93,6.33,21.63,0.017,290,93.91,84.26,44.85,1,0,0,0,0
28.13,70.52,8.36,224,12.52,36.06,0.081,214,70.93,58.75,22.26,0,0,0,0,0
23.57,231.4,7.85,15,7.87,48.75,0.027,155,48.17,63.09,80.5,0,0,0,1,0
36.75,230.66,6.86,211,13.31,0.79,0.041,131,54.85,61.19,46.74,0,0,1,0,0
41.53,275.68,8.45,245,13.4,3.33,0.006,387,99.74,63.2,26.9,0,0,0,1,0
41.69,51.53,7.97,27,2.03,5.45,0.071,142,96.78,60.54,49.32,0,0,0,0,0
25.35,86.53,7.2,45,10.07,2.32,0.082,209,92.78,93.3,44.06,0,0,0,1,0
31.54,128.29,8.59,124,9.73,1.15,0.081,74,59.93,70.51,79.72,0,0,0,0,0
25.1,232.31,8.32,91,12.44,35.6,0.133,78,82.55,99.51,70.14,1,0,0,0,0
31.81,255.55,8.21,167,12.96,24.71,0.074,19,69.25,96.81,45.12,0,0,0,0,0
21.06,28.52,6.52,126,10.71,33.98,0.057,26,93.46,29.02,42.21,0,0,0,0,0
28.63,276.57,7.53,289,6.49,8.13,0.022,92,62.32,90.72,99.14,0,0,0,1,0
22.47,297.29,7.26,155,10.28,32.27,0.033,994,80.03,88.59,46.78,0,0,0,0,0
38.95,39.06,8.11,73,9.0,33.53,0.003,94,98.03,94.34,18.87,0,0,0,1,0
44.41,269.96,8.13,134,13.84,47.66,0.017,113,57.6,59.85,61.37,0,0,0,0,0
44.93,288.11,7.1,304,12.13,48.38,0.047,203,57.7,61.51,56.48,0,1,0,0,0
23.25,128.0,6.91,260,13.54,18.98,0.015,31,51.7,83.86,80.93,0,1,0,0,0
42.98,225.81,6.72,340,6.43,15.93,0.042,171,71.65,61.03,48.48,0,0,0,1,0
26.12,134.14,7.5,10,12.75,20.17,0.032,262,93.91,83.3,66.2,0,0,1,1,0
31.02,125.49,7.09,231,10.57,12.35,0.083,368,64.43,78.18,91.43,0,0,0,1,0
30.98,262.51,7.61,102,6.54,6.91,0.004,26,96.68,53.24,97.29,1,1,0,1,0
26.72,59.73,6.83,430,7.83,38.54,0.031,267,46.18,97.01,98.51,0,0,0,0,0
34.4,113.32,8.28,25,9.27,34.96,0.129,254,95.51,55.12,52.29,0,0,0,0,0
42.47,84.68,8.29,114,9.83,30.6,0.007,482,53.67,70.22,93.63,0,1,0,0,0
30.32,292.45,8.11,103,10.17,13.19,0.004,73,63.81,88.49,63.48,0,1,1,1,0
27.65,171.31,7.61,58,12.26,42.13,0.044,96,78.68,28.27,97.0,0,0,0,0,0
42.82,172.35,8.93,418,8.32,13.28,0.049,108,81.38,63.69,96.59,0,0,0,0,0
25.05,224.85,7.95,88,12.57,22.76,0.043,742,70.8,40.36,43.73,0,0,0,0,0
23.46,210.62,7.94,17,11.81,4.46,0.118,300,79.46,56.21,52.33,0,1,0,1,0
26.7,52.42,6.84,29,11.83,30.09,0.008,175,88.78,55.23,45.13,0,1,0,0,0
44.37,224.61,6.88,92,4.2,35.45,0.053,114,59.73,49.38,88.8,0,0,0,0,0
26.22,188.42,7.02,145,6.17,42.26,0.039,349,86.07,54.38,44.54,1,1,0,0,0
44.4,257.42,8.46,95,8.8,47.9,0.04,131,68.59,51.89,29.22,0,0,0,0,0
29.28,37.93,7.82,36,5.18,44.25,0.145,38,87.59,74.88,80.06,0,0,0,1,0
29.07,283.84,7.62,132,11.84,13.0,0.028,76,99.37,52.2,41.99,1,0,1,0,0
22.74,261.23,6.54,117,10.84,48.17,0.121,82,96.84,46.37,80.44,0,1,0,0,0
24.57,136.32,7.05,125,13.85,50.0,0.029,517,73.83,61.72,85.58,0,0,0,1,0
31.29,174.18,7.35,92,8.5,5.12,0.06,183,98.46,77.94,64.53,0,1,0,1,0
35.54,276.78,7.22,75,13.14,36.83,0.193,168,94.24,64.98,85.2,0,1,0,1,0
32.85,70.42,8.23,51,9.4,19.44,0.112,24,98.35,81.07,86.07,0,1,0,1,0
35.03,130.52,7.7,92,3.37,19.79,0.044,612,52.72,64.1,47.33,0,0,0,0,0
35.03,116.62,7.47,256,6.66,6.79,0.021,54,80.99,58.11,18.67,1,0,0,0,0
34.59,220.37,6.79,470,9.39,11.73,0.016,3,66.53,44.63,74.52,0,0,0,0,0
37.72,212.05,8.42,88,10.37,28.01,0.039,192,96.84,98.47,13.61,1,0,0,1,0
39.56,50.14,7.61,72,2.52,19.78,0.143,108,94.51,55.22,46.07,0,0,0,0,0
20.11,246.0,6.86,69,10.68,8.33,0.143,191,35.13,41.35,71.62,0,0,0,0,0
42.51,74.3,6.81,23,10.66,29.09,0.015,527,89.19,61.05,45.3,0,0,0,0,0
29.44,220.5,7.98,236,9.95,11.66,0.045,56,58.6,57.79,43.28,1,1,0,0,0
27.76,202.97,7.31,47,8.18,16.19,0.101,307,58.2,19.19,90.89,0,0,0,0,0
27.31,67.64,6.74,0,7.8,11.28,0.096,212,67.06,58.41,66.22,1,0,0,0,0
33.6,129.57,8.45,131,6.08,23.25,0.185,675,86.54,40.19,99.16,0,0,0,0,0
29.26,142.6,7.0,139,13.2,36.47,0.012,183,57.87,53.58,64.73,1,1,0,1,0
37.23,6.33,7.98,86,12.98,12.24,0.044,322,90.72,14.56,53.6,0,0,1,0,0
36.78,260.57,7.87,47,11.15,7.1,0.025,41,53.98,81.83,84.57,0,1,1,1,0
35.54,285.6,8.14,58,13.79,12.89,0.042,19,75.8,77.45,57.87,0,0,0,1,0
25.01,25.49,7.86,93,7.52,18.88,0.05,397,95.69,10.32,71.36,0,1,0,1,0
25.06,275.03,6.36,176,9.98,7.16,0.005,34,71.51,67.73,90.98,0,0,0,0,0
39.63,17.17,6.48,99,8.88,26.42,0.071,136,58.49,66.57,58.22,0,0,0,0,0
26.21,89.29,7.95,158,12.98,37.78,0.123,1,72.74,55.41,54.92,0,0,0,0,0
31.13,235.82,7.35,42,7.66,28.19,0.144,337,65.1,52.16,26.01,0,1,0,0,0
34.0,142.61,7.7,10,11.34,22.74,0.023,358,84.84,52.3,75.45,0,0,1,0,0
43.59,17.27,7.61,415,7.89,21.32,0.043,391,88.65,52.13,86.14,0,0,0,1,0
32.99,251.5,7.29,105,7.1,5.76,0.012,392,71.51,52.24,78.84,1,1,0,0,0
43.07,195.45,8.09,200,11.47,30.68,0.139,227,92.92,69.36,98.2,0,1,0,0,0
38.52,159.87,7.19,6,8.14,4.66,0.011,372,32.57,47.15,38.15,0,1,0,0,0
27.78,218.91,6.65,40,9.32,6.24,0.024,39,57.35,54.24,56.43,0,1,1,1,0
38.99,14.61,7.14,32,9.88,10.87,0.031,599,73.77,73.39,71.12,1,0,0,0,0
40.83,164.58,8.63,128,6.54,13.15,0.029,380,73.45,55.28,87.53,0,0,1,0,0
24.78,14.19,8.37,94,11.88,24.6,0.003,239,79.48,83.06,37.65,0,1,0,0,0
37.64,113.94,7.81,298,7.11,4.2,0.105,277,81.82,53.05,62.39,0,0,0,1,0
36.43,157.37,7.38,177,13.64,5.99,0.157,116,68.55,74.85,44.11,0,1,0,0,0
31.38,125.6,7.27,76,8.75,1.28,0.004,414,80.12,83.75,39.44,0,1,0,0,0
23.79,38.3,7.4,8,9.82,31.61,0.062,6,63.02,49.04,14.46,0,1,0,0,0
33.16,287.97,6.92,207,13.62,5.06,0.017,227,62.93,71.87,97.84,1,1,0,0,0
37.12,271.54,6.86,222,12.9,10.14,0.048,578,97.47,61.45,40.4,0,0,0,1,0
41.47,266.93,8.22,96,7.84,4.16,0.033,91,49.45,48.1,72.09,0,1,0,0,0
24.14,31.35,7.1,124,9.96,24.55,0.037,356,46.6,86.32,76.99,0,1,0,1,0
39.5,175.45,7.41,21,6.76,20.53,0.161,614,72.08,79.47,90.88,0,0,0,0,0
20.63,173.38,6.91,371,7.59,9.18,0.008,172,55.52,41.72,51.63,0,0,1,0,0
33.83,79.56,7.53,17,7.85,25.33,0.154,552,64.33,80.92,94.93,0,0,0,0,0
44.62,184.71,8.08,458,11.37,36.95,0.029,130,95.02,45.16,82.89,0,0,0,0,0
44.6,110.15,6.21,24,9.17,38.22,0.119,209,93.89,65.72,43.19,0,0,0,0,0
24.67,154.17,8.35,238,13.84,17.32,0.002,59,74.61,47.62,82.64,0,0,0,1,0
36.6,23.37,6.15,144,12.82,37.86,0.179,127,85.93,51.53,90.01,0,0,0,0,0
30.47,246.08,8.28,75,9.49,23.25,0.037,228,62.56,51.02,85.33,0,1,0,0,0
41.4,297.47,8.36,226,13.04,8.02,0.034,28,33.89,67.95,80.81,0,0,0,1,0
38.91,195.01,7.31,423,9.42,12.24,0.008,297,82.7,86.92,97.98,0,1,0,1,0
44.95,198.36,7.3,135,10.17,24.97,0.081,259,51.6,78.07,88.84,0,0,0,0,0
29.77,261.49,8.31,336,8.66,17.65,0.005,280,91.82,42.21,70.3,0,1,0,1,0
28.38,271.12,7.86,218,12.25,14.06,0.116,348,97.1,91.07,54.34,0,0,0,0,0
22.97,119.67,7.98,56,8.85,3.4,0.179,191,75.49,86.81,46.72,0,1,0,0,0
32.31,63.88,8.13,307,8.22,34.18,0.039,30,33.33,42.54,63.23,0,0,0,0,0
30.1,126.26,7.97,282,9.11,9.24,0.029,310,52.22,65.83,23.81,0,0,0,0,0
36.59,38.3,8.18,8,8.41,13.11,0.03,92,72.73,31.19,76.02,0,1,0,0,0
29.44,153.27,7.68,259,8.93,7.03,0.177,400,80.34,91.62,56.25,0,1,0,0,0
31.05,32.22,6.54,37,7.61,5.03,0.181,205,63.32,75.84,46.22,0,0,0,1,0
26.5,51.72,7.99,296,4.25,3.95,0.001,364,64.16,75.03,95.17,0,0,0,1,0
43.74,269.02,6.91,109,9.95,26.56,0.034,283,62.41,40.44,77.82,0,1,0,1,0
39.84,243.05,7.96,232,7.91,11.35,0.101,369,88.26,51.12,97.29,0,0,0,1,0
23.86,168.31,7.04,97,9.52,8.43,0.101,188,68.76,54.35,99.91,0,1,0,1,0
26.89,86.8,6.88,403,13.72,15.77,0.039,169,83.53,61.01,43.91,0,0,1,0,0
23.97,256.22,7.13,116,8.13,44.27,0.028,248,24.6,57.11,61.68,0,0,0,0,0
21.08,237.2,7.19,151,6.63,9.41,0.001,403,85.4,89.37,43.25,0,1,0,0,0
31.35,245.78,7.55,302,10.28,37.24,0.058,226,91.06,72.78,77.91,0,0,0,0,0
42.02,116.64,8.05,89,12.25,29.74,0.144,7,79.91,59.58,38.92,0,0,0,0,0
25.34,222.82,7.51,355,5.84,8.63,0.089,308,72.17,71.76,82.55,0,0,0,0,0
36.14,188.66,6.93,115,7.56,4.06,0.134,198,50.35,94.43,75.31,0,0,1,0,0
24.4,96.1,7.47,289,10.4,24.1,0.043,267,67.74,49.87,73.54,0,1,1,0,0
21.46,266.95,8.08,139,12.36,15.84,0.018,56,95.56,67.35,93.95,0,1,1,1,0
43.72,91.63,7.56,277,9.75,11.67,0.019,213,55.86,42.81,61.19,1,0,0,1,0
31.35,271.58,6.24,240,5.45,10.45,0.044,364,99.0,87.26,21.42,0,0,0,0,0
21.0,187.93,6.61,15,11.83,31.12,0.012,725,80.48,43.02,63.9,0,1,0,0,0
42.15,65.38,7.37,154,9.91,24.79,0.027,521,86.03,95.51,57.66,0,0,0,1,0
29.99,53.8,8.25,45,8.57,32.79,0.006,176,79.47,81.62,71.89,1,0,0,1,0
22.95,266.04,8.12,144,12.57,16.06,0.061,29,54.65,61.78,23.5,0,1,0,0,0
31.62,135.15,8.4,1,13.71,8.74,0.01,734,94.79,86.52,96.85,0,1,0,0,0
41.29,19.31,6.95,130,6.42,10.85,0.035,269,90.63,18.38,27.45,0,0,0,1,0
24.43,191.82,6.9,159,9.94,22.46,0.027,174,96.05,44.83,12.2,0,1,0,0,0
20.64,270.93,6.94,73,7.73,32.2,0.007,40,80.26,39.14,43.75,0,1,0,1,0
39.68,5.52,7.89,268,7.05,35.81,0.001,88,84.83,71.04,60.96,0,1,0,1,0
38.16,282.14,7.83,52,6.26,3.46,0.003,67,27.01,82.45,48.06,1,0,0,0,0
42.73,223.39,8.48,176,10.19,16.2,0.109,122,53.8,92.45,45.33,0,1,0,0,0
25.33,39.07,6.79,329,9.15,38.84,0.158,229,50.59,91.87,65.77,0,0,0,0,0
42.52,75.24,7.95,366,5.58,11.07,0.034,330,74.74,29.76,63.87,0,0,0,0,0
24.56,20.31,8.26,452,10.76,7.97,0.009,193,72.83,90.23,22.84,0,0,0,0,0
22.95,199.89,7.31,142,12.34,46.86,0.035,701,52.99,46.36,48.38,0,0,0,0,0
40.33,256.1,7.58,123,5.28,8.71,0.181,18,95.07,44.7,97.01,0,0,0,0,0
37.18,174.29,7.05,23,6.48,21.01,0.095,44,66.88,45.16,66.92,1,0,0,0,0
37.28,36.75,7.86,495,6.08,34.94,0.027,41,57.3,75.97,11.62,0,1,0,0,0
25.9,121.03,8.68,235,12.5,34.17,0.02,68,58.78,63.93,43.14,0,1,0,0,0
23.23,51.0,7.7,33,7.32,32.8,0.008,152,52.31,78.69,33.94,0,0,0,1,0
21.68,164.07,8.19,267,10.35,42.45,0.085,157,50.91,43.2,92.99,0,0,0,0,0
35.59,68.11,6.54,480,9.22,37.91,0.083,148,80.73,73.26,66.66,0,0,0,0,0
33.14,187.41,8.47,14,12.7,35.12,0.15,44,51.35,45.77,84.97,0,0,0,0,0
33.09,64.25,8.34,161,8.54,12.98,0.029,185,94.94,20.05,69.96,0,1,0,0,0
40.96,87.58,7.09,230,6.04,36.42,0.095,244,59.54,74.75,42.16,0,0,0,1,0
24.37,112.1,7.55,415,12.31,21.28,0.08,246,61.95,68.29,40.48,0,0,0,0,0
42.65,148.83,7.01,24,13.5,45.13,0.026,627,95.61,82.97,52.85,0,0,0,1,0
31.28,76.15,8.05,466,8.99,32.97,0.026,104,56.86,70.58,74.97,0,1,0,0,0
35.05,148.13,6.62,101,7.7,27.61,0.011,745,75.56,41.37,90.36,0,0,0,1,0
34.48,127.18,6.72,62,6.87,38.26,0.031,17,87.44,90.45,77.89,1,0,1,0,0
38.99,193.32,6.55,242,8.89,6.39,0.042,252,58.96,57.25,76.56,0,1,1,0,0
38.68,140.12,8.46,47,5.8,18.21,0.03,501,99.73,12.12,90.05,0,0,0,0,0
23.03,154.95,8.36,99,12.77,35.54,0.015,846,92.03,58.9,45.61,0,1,0,0,0
20.28,248.59,7.7,63,9.12,46.66,0.05,109,74.85,58.81,89.43,0,0,1,1,0
31.28,74.16,7.39,30,13.7,10.6,0.071,550,84.82,43.09,91.58,0,0,0,0,0
22.1,200.61,7.42,40,10.25,49.0,0.021,315,51.01,95.8,10.66,0,1,0,1,0
44.21,26.89,7.14,112,7.27,2.64,0.106,297,65.31,44.47,73.48,0,0,0,0,0
43.79,158.12,6.92,284,5.88,28.34,0.037,369,56.89,47.76,27.7,0,0,1,0,0
24.97,213.5,8.26,148,13.7,22.62,0.107,365,63.1,40.08,62.32,0,0,0,0,0
38.08,120.1,7.55,288,5.69,16.55,0.196,207,58.92,80.05,72.32,0,1,0,0,0
35.69,204.81,6.87,99,10.32,15.3,0.092,254,71.19,93.23,65.93,0,0,0,0,0
24.2,192.64,6.57,205,10.93,0.25,0.114,231,93.86,82.76,93.93,0,1,0,0,0
33.28,84.69,8.02,126,2.29,20.39,0.191,237,90.94,73.21,67.36,0,0,0,0,0
21.71,30.88,7.29,177,2.08,45.47,0.018,163,56.35,48.85,73.98,0,0,0,0,0
22.63,261.04,8.45,125,8.83,15.24,0.042,791,95.98,64.8,41.25,0,1,0,0,0
29.93,50.71,7.91,28,5.56,4.17,0.016,370,56.26,14.66,43.72,0,1,0,0,0
31.49,184.06,8.17,85,8.4,18.53,0.037,644,95.2,17.11,43.25,0,0,0,0,0
30.58,117.96,7.52,126,12.81,8.41,0.099,93,55.91,87.61,60.03,0,1,0,1,0
21.77,155.37,7.96,79,5.9,46.79,0.076,231,77.22,40.94,24.99,0,0,0,0,0
21.46,149.28,6.51,102,6.96,34.79,0.148,303,94.18,63.62,88.84,0,1,0,0,0
27.48,78.48,8.06,136,6.53,18.09,0.088,112,51.38,67.95,16.42,0,0,0,1,0
42.11,76.0,6.98,59,11.65,1.25,0.037,706,76.46,98.96,79.96,0,0,0,0,0
33.81,286.0,6.57,141,11.04,33.98,0.15,593,90.12,80.78,82.03,0,0,0,0,0
42.04,221.98,7.72,127,13.88,14.68,0.034,107,99.8,53.42,63.76,0,0,1,0,0
36.27,12.56,7.97,176,6.63,12.24,0.034,133,82.81,74.25,81.88,0,1,0,1,0
24.72,114.34,7.85,124,11.87,33.43,0.002,520,60.55,48.73,18.3,0,1,0,0,0
33.26,250.67,7.69,266,13.43,34.26,0.042,198,98.4,93.09,83.4,0,0,0,1,0
38.38,34.18,7.9,112,5.28,18.44,0.045,41,77.13,44.25,79.7,0,1,0,0,0
41.28,285.49,7.33,220,8.32,36.01,0.082,361,77.84,51.73,61.19,0,0,0,0,0
41.94,108.29,8.31,26,9.99,16.11,0.11,357,69.3,46.67,85.57,0,0,0,0,0
20.5,169.27,7.51,9,7.93,28.34,0.03,283,82.52,65.76,40.46,1,0,1,0,0
35.22,93.24,6.8,180,13.11,15.46,0.05,180,78.83,50.76,80.43,0,1,0,1,0
25.94,294.03,7.46,51,9.58,5.14,0.013,370,85.73,91.12,57.93,0,1,1,0,0
21.98,279.83,7.34,122,10.51,10.43,0.011,294,96.4,43.79,35.33,1,0,0,0,0
32.56,246.03,7.76,11,7.77,46.51,0.003,101,72.23,35.0,58.62,0,0,0,1,0
30.58,188.07,7.43,68,7.76,7.16,0.148,43,61.13,67.61,44.58,1,0,0,0,0
33.56,43.03,7.55,89,10.21,17.08,0.031,821,58.82,79.44,73.61,0,1,0,0,0
34.74,265.36,6.6,169,10.37,34.85,0.003,244,76.47,94.61,67.63,1,0,0,0,0
38.12,119.57,6.89,2,13.22,25.86,0.038,295,69.55,73.76,42.41,0,0,1,1,0
24.4,296.76,6.69,458,10.42,27.84,0.043,85,91.24,42.15,97.16,1,0,0,0,0
34.35,262.45,7.89,120,7.15,33.97,0.025,214,51.91,89.28,73.52,1,0,1,0,0
43.63,85.68,8.24,255,8.45,6.84,0.001,4,72.87,70.77,87.09,1,1,0,0,0
21.26,278.26,8.93,297,6.11,49.9,0.035,292,87.54,74.34,50.22,0,0,0,0,0
42.32,170.21,8.27,314,7.71,37.62,0.001,221,90.3,72.74,98.79,0,1,0,0,0
29.63,283.58,8.36,22,13.69,29.35,0.175,370,94.53,78.1,22.81,0,1,0,0,0
29.67,51.85,7.28,137,6.79,45.39,0.045,290,54.75,54.4,60.1,1,0,0,0,0
34.77,61.85,8.04,82,11.58,15.1,0.043,404,74.16,68.07,10.42,0,0,0,1,0
29.95,84.08,8.02,69,9.88,28.45,0.049,370,57.78,33.28,78.21,0,0,0,1,0
33.59,206.35,7.38,62,5.41,27.79,0.029,774,57.87,80.13,66.38,0,0,0,0,0
33.75,29.01,8.06,34,10.45,20.46,0.101,351,54.6,93.02,44.38,0,0,0,1,0
23.35,39.13,8.43,92,6.93,43.98,0.151,23,90.26,61.06,32.27,0,0,0,0,0
26.87,74.73,8.13,480,13.63,48.15,0.015,324,85.15,80.73,50.54,0,0,0,1,0
37.38,235.6,7.15,139,8.88,36.48,0.012,119,41.82,94.1,20.67,0,1,0,0,0
29.14,116.92,7.22,489,5.83,38.49,0.022,27,93.24,75.97,84.55,0,1,0,1,0
26.1,158.18,8.22,165,13.82,1.29,0.047,505,63.2,73.38,46.27,0,0,0,1,0
39.84,23.57,8.35,278,9.84,11.05,0.187,223,67.38,88.63,77.46,0,0,0,0,0
38.0,30.72,6.89,337,3.61,21.11,0.045,165,78.77,78.93,51.15,0,0,0,0,0
33.43,184.37,7.05,339,12.45,4.59,0.012,17,58.32,97.96,36.03,0,0,0,0,0
40.34,51.32,6.73,401,12.27,28.67,0.009,326,72.91,95.66,92.62,1,0,0,0,0
29.27,7.91,7.14,258,12.94,11.61,0.044,145,67.31,28.51,71.64,0,0,0,1,0
41.76,32.98,6.96,79,6.53,4.42,0.02,107,77.35,34.68,66.7,0,1,0,1,0
39.31,104.95,7.97,133,8.55,34.32,0.043,254,70.21,37.24,93.04,0,0,0,1,0
36.11,73.15,7.5,328,6.28,5.67,0.043,621,99.2,80.42,60.82,0,0,0,0,0
44.16,283.67,7.31,375,11.65,20.42,0.035,123,89.58,92.24,15.28,0,0,0,0,0
30.34,110.23,7.82,2,7.83,13.26,0.049,563,69.6,60.13,53.01,0,1,0,1,0
24.6,149.99,7.99,98,13.93,44.52,0.022,58,78.38,84.16,22.32,0,1,0,0,0
34.73,187.54,7.16,10,11.86,10.57,0.132,269,72.85,72.16,97.21,0,0,1,0,0
44.48,182.13,7.7,163,11.02,20.23,0.037,359,62.78,95.9,65.41,0,0,0,0,0
25.05,127.05,8.25,371,13.32,2.58,0.045,542,56.79,75.36,41.04,0,0,0,0,0
41.03,121.54,7.01,198,3.93,30.8,0.034,358,62.02,76.5,77.01,0,0,0,0,0
34.66,40.09,8.26,93,13.15,13.76,0.018,105,24.85,81.83,72.28,0,0,0,0,0
36.1,206.46,7.1,105,9.17,47.94,0.045,520,79.92,54.57,67.51,0,0,0,0,0
23.2,180.82,6.75,446,13.43,41.3,0.017,74,77.08,85.86,11.07,0,0,0,0,0
42.98,280.0,6.72,108,7.18,33.76,0.023,55,74.25,68.22,60.49,0,0,0,1,0
22.68,2.05,7.19,487,13.43,30.74,0.196,256,87.34,99.81,49.83,0,0,0,0,0
37.03,13.69,7.2,399,9.69,30.95,0.03,130,87.98,57.35,90.54,0,1,0,1,0
29.55,105.37,7.43,46,4.07,5.09,0.013,315,51.68,93.73,34.31,0,0,0,1,0
35.53,214.36,8.69,271,13.03,34.05,0.035,99,93.89,42.43,88.6,0,1,0,0,0
21.23,46.49,6.45,43,8.78,25.83,0.014,88,66.68,80.56,92.06,0,0,0,1,0
30.55,233.39,8.16,29,12.51,14.66,0.121,375,62.04,50.25,98.48,0,1,0,0,0
44.29,163.88,6.76,91,5.23,11.84,0.179,69,79.94,89.78,63.5,0,0,0,0,0
43.76,223.9,7.2,35,8.93,26.42,0.197,95,84.53,76.36,36.7,0,1,0,0,0
42.02,204.68,6.67,122,4.67,7.16,0.18,270,51.73,57.32,83.9,0,0,0,0,0
26.85,177.45,8.35,53,11.44,13.39,0.036,387,79.73,83.63,38.7,0,1,1,0,0
25.3,263.61,8.26,249,8.15,26.22,0.045,70,57.81,62.32,82.82,1,0,0,0,0
36.82,76.39,7.51,141,6.82,28.04,0.018,32,82.13,49.14,44.06,0,0,1,0,0
35.48,150.39,6.64,90,12.52,11.47,0.013,419,91.68,71.37,75.49,0,0,0,1,0
42.76,74.59,7.32,101,12.55,16.92,0.049,942,79.99,56.02,83.85,0,0,0,1,0
39.06,174.74,6.63,242,8.53,24.1,0.062,98,70.2,93.23,92.26,0,1,0,0,0
20.53,153.42,8.23,109,8.95,6.69,0.186,113,80.4,49.85,76.26,0,1,0,0,0
34.58,13.26,8.3,88,6.09,2.99,0.097,163,85.73,85.87,82.7,0,0,0,0,0
25.54,78.8,6.89,484,10.14,21.39,0.023,186,81.79,95.81,80.45,1,0,0,0,0
38.66,75.94,7.69,266,12.79,25.84,0.047,115,69.73,32.13,30.44,0,0,0,0,0
35.85,141.8,7.82,167,7.41,39.78,0.016,83,74.01,35.36,66.9,0,0,0,0,0
22.26,83.68,7.38,18,10.39,14.13,0.003,242,94.01,93.91,31.09,0,1,1,0,0
42.14,27.63,7.04,46,12.4,2.5,0.003,19,68.42,58.2,29.43,0,0,0,1,0
35.29,160.9,7.26,67,7.83,34.47,0.008,329,92.0,42.89,79.81,0,1,0,1,0
29.14,110.86,7.1,35,9.79,36.15,0.11,312,90.91,61.63,40.01,0,0,0,0,0
38.22,138.61,7.84,98,6.97,14.23,0.191,99,63.35,82.51,83.29,0,1,0,1,0
44.66,157.84,6.49,178,6.12,37.4,0.016,308,82.47,85.79,54.45,0,0,0,1,0
29.19,158.21,8.37,111,11.86,18.17,0.081,204,83.26,46.05,52.54,0,1,0,0,0
34.09,235.78,7.9,315,7.56,5.89,0.005,268,70.75,77.41,53.93,0,0,0,0,0
26.98,127.04,8.04,286,11.7,29.03,0.014,53,54.43,97.19,94.95,1,0,0,0,0
34.46,219.31,7.78,419,8.32,20.96,0.131,89,80.39,89.03,50.78,0,0,0,0,0
31.96,214.42,8.1,269,10.78,25.84,0.023,193,81.35,44.63,27.36,0,0,0,1,0
41.56,237.67,7.72,180,10.3,0.32,0.01,201,96.75,91.45,72.07,0,0,1,0,0
44.35,51.14,7.29,351,9.92,33.4,0.176,99,81.39,88.32,63.73,0,0,0,0,0
33.81,112.78,7.42,218,13.36,14.35,0.008,270,67.37,82.78,89.24,0,0,0,1,0
40.12,76.41,7.7,224,9.41,8.07,0.065,0,93.03,92.17,93.68,0,1,0,0,0
41.81,144.35,6.98,92,8.62,21.61,0.114,380,55.59,74.01,64.31,0,1,0,0,0
43.32,167.87,6.56,286,8.65,30.48,0.183,22,70.22,62.91,62.43,0,0,0,1,0
32.4,66.42,7.51,149,13.24,2.22,0.084,306,92.0,93.21,82.61,0,1,0,0,0
44.03,199.25,8.96,110,11.27,2.04,0.027,222,71.97,91.09,62.86,0,1,0,1,0
29.07,248.24,8.49,368,10.02,24.39,0.175,28,53.83,74.84,47.96,0,0,0,0,0
27.06,213.43,7.74,52,7.76,39.16,0.069,327,72.33,70.54,68.19,0,1,0,1,0
38.55,281.51,7.01,145,7.23,49.83,0.044,12,78.82,79.88,44.71,1,1,0,0,0
34.04,261.63,7.82,91,10.33,31.69,0.016,222,78.33,56.4,76.53,0,1,1,0,0
44.56,113.98,8.34,234,11.35,31.21,0.024,347,70.57,62.85,87.86,1,0,0,1,0
41.87,127.38,6.57,141,9.13,38.23,0.044,317,79.08,58.55,69.09,0,0,0,0,0
44.3,132.14,7.7,123,7.47,44.7,0.128,34,91.65,84.4,62.93,0,0,0,1,0
32.29,32.15,7.87,307,8.23,39.2,0.106,176,70.69,96.18,44.53,0,0,0,0,0
41.98,188.73,6.87,165,11.0,14.45,0.027,121,70.26,51.69,41.27,0,0,0,1,0
34.19,24.93,7.14,93,8.52,1.03,0.035,174,74.2,84.01,22.34,0,0,1,1,0
30.05,249.99,7.38,490,9.86,26.38,0.089,172,70.05,43.8,72.91,0,0,0,0,0
24.56,109.88,7.08,124,13.14,2.73,0.006,32,61.4,65.5,37.4,0,0,0,1,0
34.97,293.08,8.14,243,8.61,36.54,0.111,179,66.95,43.36,96.05,0,1,0,0,0
35.35,16.13,8.61,41,8.11,19.43,0.177,96,62.89,80.31,89.52,0,0,0,0,0
30.87,66.39,6.83,32,10.2,13.93,0.019,16,82.56,99.44,24.41,0,1,0,0,0
40.0,218.04,8.35,117,12.77,18.5,0.076,227,98.74,55.84,20.07,0,0,0,1,0
25.88,258.02,7.19,182,9.65,13.54,0.014,260,30.94,46.35,59.87,0,0,0,1,0
37.4,223.42,8.12,134,11.76,13.81,0.028,569,79.11,81.32,32.96,0,0,0,1,0
23.6,40.1,8.17,208,13.71,36.59,0.048,104,99.37,93.73,17.91,0,1,0,1,0
44.54,267.11,7.6,335,7.54,38.78,0.001,346,97.46,59.85,24.73,0,1,0,0,0
25.85,246.93,7.69,297,11.7,36.8,0.027,233,75.2,81.91,40.4,0,0,1,1,0
30.54,97.52,7.36,313,7.65,3.62,0.025,358,80.22,58.34,98.2,0,0,1,0,0
21.38,91.38,6.56,260,11.76,3.34,0.047,26,72.8,49.06,90.44,0,1,0,1,0
31.97,234.95,7.49,239,5.63,5.8,0.015,143,43.83,64.56,63.83,0,0,0,0,0
40.87,237.67,8.39,107,9.37,3.92,0.074,91,80.9,75.29,97.84,0,0,0,1,0
25.37,162.22,7.67,24,5.87,11.77,0.034,32,91.62,94.48,38.6,0,1,0,1,0
43.0,20.05,8.14,6,7.08,0.97,0.145,155,64.31,84.39,39.44,0,1,0,0,0
24.37,106.04,8.0,131,12.32,28.25,0.02,391,61.83,75.69,93.03,0,1,0,1,0
21.56,274.31,8.18,48,8.77,24.76,0.035,578,61.92,60.99,91.86,0,1,0,0,0
39.21,169.03,8.37,93,12.02,15.33,0.022,674,72.2,93.66,75.67,0,1,0,1,0
24.46,87.25,6.68,284,8.64,34.13,0.01,379,67.65,86.82,85.51,0,1,1,0,0
34.41,162.31,7.95,407,10.5,24.54,0.007,380,94.93,71.29,22.47,0,1,0,0,0
44.79,157.28,6.68,185,9.83,10.34,0.132,336,94.22,88.56,83.33,0,1,0,0,0
39.48,275.81,6.12,182,9.4,26.4,0.021,241,59.32,49.0,43.29,0,0,0,1,0
44.47,49.13,6.66,290,10.27,27.15,0.094,146,65.11,97.95,95.78,0,1,0,0,0
30.5,147.59,8.2,250,5.38,8.08,0.068,176,92.95,67.22,61.46,0,0,0,0,0
25.2,232.13,6.25,260,13.68,38.66,0.045,292,76.61,83.32,91.02,0,1,0,0,0
25.23,5.07,6.39,88,5.62,38.68,0.039,128,96.97,33.54,73.24,0,0,0,0,0
21.73,81.18,8.48,132,6.24,12.21,0.146,150,44.5,74.56,90.45,0,0,0,0,0
30.82,272.86,6.81,410,5.25,36.43,0.01,361,64.51,92.89,99.14,0,0,1,0,0
26.13,279.45,6.56,144,5.56,18.61,0.183,127,75.4,47.8,73.39,0,1,0,0,0
42.73,73.71,6.98,121,5.62,24.92,0.014,956,50.49,90.83,48.64,0,0,0,0,0
42.26,41.09,7.33,231,8.72,36.86,0.007,249,65.06,95.83,71.63,0,0,1,0,0
33.76,283.48,6.36,47,12.09,25.05,0.028,186,24.74,91.31,72.42,0,0,0,0,0
36.11,97.01,7.51,64,8.0,35.35,0.105,18,82.79,45.21,82.59,1,0,0,0,0
33.45,15.82,6.5,56,13.39,25.23,0.044,327,77.12,72.32,76.09,0,1,0,0,0
38.26,140.48,7.15,162,9.11,3.17,0.011,374,93.76,54.17,65.89,1,0,0,0,0
21.24,72.71,7.29,249,5.46,37.47,0.159,386,86.9,83.48,72.46,0,0,0,1,0
41.56,199.07,6.9,143,12.53,20.16,0.029,213,27.58,59.38,52.42,0,0,0,0,0
32.41,116.71,6.52,153,6.27,26.88,0.005,298,70.76,43.59,85.53,0,0,1,1,0
36.72,84.05,8.21,70,9.18,42.25,0.141,214,84.58,71.63,83.46,0,0,0,0,0
37.7,284.22,6.98,151,12.08,34.45,0.071,324,55.89,84.71,96.72,0,1,0,0,0
32.87,232.95,8.07,123,11.67,6.21,0.023,114,97.82,46.93,25.83,1,1,0,0,0
30.99,164.53,6.61,92,10.02,16.5,0.059,18,72.29,42.4,83.64,0,1,0,1,0
32.62,204.82,8.13,10,9.75,40.78,0.011,291,72.38,93.72,82.24,0,0,1,1,0
35.99,60.98,7.83,140,9.75,17.05,0.022,425,86.98,70.09,98.75,0,0,0,0,0
27.2,136.67,7.06,464,13.59,2.72,0.035,268,85.8,78.25,70.13,0,1,0,1,0
30.9,122.39,7.55,133,12.04,35.8,0.033,394,97.8,87.15,51.63,1,0,0,0,0
38.2,275.7,8.31,64,5.09,6.34,0.011,318,28.67,28.73,94.86,0,0,0,0,0
32.03,115.75,7.05,15,6.66,6.87,0.121,143,50.98,97.9,82.53,0,0,0,1,0
32.04,275.41,8.0,225,9.85,38.35,0.169,218,87.41,98.48,97.37,0,1,0,0,0
28.76,158.82,7.46,60,9.59,17.33,0.132,30,92.23,35.59,40.16,0,0,0,0,0
26.6,276.98,6.74,148,9.4,43.88,0.152,332,95.6,88.02,47.89,0,0,0,1,0
40.79,217.3,7.04,78,5.79,15.65,0.093,189,86.97,93.86,81.78,0,1,0,1,0
42.36,1.3,8.28,104,12.9,13.89,0.171,172,55.11,80.05,92.53,0,0,0,1,0
38.92,14.71,6.81,366,12.23,27.89,0.006,375,78.4,67.53,95.06,0,0,1,0,0
38.07,236.26,7.89,132,12.51,22.87,0.129,181,62.46,47.43,80.79,0,1,0,1,0
24.85,215.59,8.4,65,10.15,35.29,0.028,148,64.68,45.99,37.3,0,0,1,0,0
26.21,38.19,7.95,210,7.82,1.37,0.04,96,68.91,45.91,98.95,0,0,1,1,0
29.11,62.49,6.94,91,12.8,3.58,0.121,23,38.61,55.34,95.45,0,0,0,0,0
28.2,235.25,7.49,390,10.59,14.69,0.042,283,86.82,61.88,93.44,1,0,0,0,0
22.15,65.77,6.5,42,8.12,34.81,0.091,363,73.64,40.11,98.41,0,1,0,1,0
30.34,39.92,7.99,289,7.27,3.83,0.023,143,80.88,59.89,41.53,0,1,0,0,0
24.62,220.14,7.09,268,7.99,11.09,0.005,111,25.15,67.06,66.92,0,1,0,0,0
25.55,152.25,8.05,357,5.01,15.79,0.012,100,82.23,74.83,63.78,1,0,0,0,0
25.1,223.04,8.71,156,10.95,4.15,0.001,384,81.42,74.67,81.92,0,1,0,0,0
37.9,266.75,6.99,22,8.01,46.46,0.03,630,50.48,69.82,96.38,0,0,0,0,0
40.56,23.68,6.84,20,11.0,4.69,0.072,207,81.44,57.08,63.9,0,1,0,1,0
39.67,35.08,6.67,110,3.06,0.64,0.041,258,57.15,83.16,76.67,0,1,0,0,0
28.78,254.88,6.79,78,8.62,13.39,0.115,123,79.0,84.96,97.45,0,0,0,1,0
21.82,103.88,8.0,262,5.99,15.81,0.116,262,54.19,55.81,41.75,0,0,0,1,0
35.88,141.17,7.77,139,10.09,10.77,0.076,18,97.49,93.6,55.82,0,1,0,1,0
26.47,162.62,8.26,276,10.18,39.79,0.025,344,51.39,31.04,98.97,0,1,0,0,0
44.3,147.2,6.6,259,11.22,6.69,0.005,313,58.87,69.86,65.25,0,0,1,1,0
40.34,121.85,8.15,406,11.96,24.63,0.007,352,82.46,55.59,44.67,1,0,0,0,0
21.44,129.1,7.63,45,7.69,34.17,0.039,361,81.77,83.37,78.05,1,0,0,0,0
34.95,79.74,8.23,68,13.03,26.53,0.015,105,77.05,39.71,97.73,0,0,0,0,0
37.99,63.6,7.16,1,13.48,32.05,0.019,141,61.12,69.62,79.08,0,0,0,0,0
25.44,179.89,6.83,33,5.09,49.4,0.013,524,98.26,52.72,52.37,0,0,0,1,0
30.51,234.33,7.17,56,6.18,32.77,0.146,397,53.91,73.23,91.75,1,0,0,0,0
40.63,226.35,7.52,63,6.8,18.17,0.067,269,99.37,51.66,48.73,0,0,1,0,0
26.16,119.66,6.73,24,11.85,8.91,0.012,337,86.5,51.69,14.91,0,0,1,1,0
24.41,185.36,7.08,186,8.3,22.46,0.029,111,48.64,84.15,70.65,0,0,0,0,0
41.79,56.39,6.86,50,12.74,35.84,0.109,248,90.67,74.65,57.65,0,0,0,1,0
39.0,61.4,7.57,25,7.68,22.39,0.04,675,54.2,83.15,67.14,0,0,0,1,0
24.49,190.55,8.19,233,12.05,38.57,0.05,216,57.85,96.65,23.92,0,0,0,0,0
27.78,143.03,8.11,39,11.04,13.3,0.057,231,41.67,49.3,81.57,0,0,0,0,0
21.69,57.4,7.66,89,5.61,24.16,0.017,190,61.65,61.02,15.34,1,0,0,0,0
40.06,45.79,7.42,224,5.93,28.04,0.096,110,67.97,41.76,67.2,0,1,0,0,0
26.35,254.64,7.03,0,9.52,37.61,0.051,302,45.94,76.31,65.97,0,0,0,0,0
26.27,70.16,7.37,496,9.89,34.92,0.01,309,59.68,71.0,60.8,0,1,0,1,0
22.25,235.3,7.54,167,10.55,19.51,0.039,136,87.56,46.21,44.25,1,0,0,0,0
39.84,262.58,6.68,279,5.12,38.11,0.122,47,81.83,85.81,68.69,0,0,0,0,0
42.96,238.91,8.06,259,9.29,39.87,0.073,362,87.08,49.53,58.98,0,1,0,0,0
20.83,4.36,8.91,143,8.89,5.78,0.021,306,94.35,97.38,77.4,0,1,0,0,0
27.64,18.39,7.19,95,10.63,2.28,0.023,262,72.77,70.19,83.99,0,0,1,1,0
44.37,51.59,8.04,177,5.7,34.15,0.005,123,79.97,59.86,74.04,1,1,0,0,0
35.08,35.66,7.75,144,8.93,12.07,0.108,376,86.72,44.36,93.28,0,0,0,1,0
32.87,141.33,8.03,141,10.49,33.87,0.046,632,32.63,65.44,92.97,0,0,0,0,0
27.88,215.97,8.34,32,9.13,8.45,0.042,8,47.66,40.84,92.88,0,0,0,0,0
25.85,167.13,6.33,148,11.24,26.29,0.026,25,95.68,94.61,81.4,0,1,0,1,0
43.68,70.53,7.21,185,6.27,11.62,0.095,273,93.1,71.24,91.62,0,1,0,0,0
35.31,80.72,7.45,113,13.22,14.16,0.051,366,59.13,98.49,31.85,0,0,0,0,0
22.59,20.37,8.55,7,6.81,23.99,0.049,3,74.56,85.61,89.42,1,0,0,0,0
25.74,82.39,7.93,54,9.78,1.82,0.007,305,89.76,73.2,22.24,0,0,0,1,0
42.91,236.1,6.89,286,5.68,14.87,0.019,351,44.91,58.13,64.45,0,0,0,1,0
37.49,75.0,7.31,346,10.42,7.66,0.052,299,98.79,55.04,63.08,0,0,0,0,0
38.12,227.69,7.49,276,8.64,8.12,0.001,317,54.24,99.84,41.01,0,1,0,1,0
37.72,198.79,6.81,396,12.26,25.03,0.016,633,51.4,73.34,79.44,0,0,0,0,0
30.65,240.51,8.02,83,10.87,30.32,0.003,158,46.31,97.96,83.64,1,0,0,0,0
36.07,298.71,7.88,138,5.96,23.03,0.019,868,61.35,45.51,77.93,0,0,0,1,0
37.48,19.08,8.93,110,4.06,11.87,0.002,105,67.43,61.72,84.15,0,0,0,0,0
40.9,250.07,8.07,404,5.25,10.51,0.026,158,64.81,86.01,40.86,0,1,0,1,0
25.52,132.76,8.8,226,7.38,3.86,0.043,121,73.81,61.36,64.95,0,0,0,1,0
25.54,262.52,8.15,456,5.14,16.77,0.002,19,68.26,86.66,73.95,0,0,0,0,0
20.08,141.43,7.24,260,12.24,0.92,0.109,376,69.13,60.61,37.34,0,0,0,0,0
24.92,253.37,6.88,87,10.43,31.06,0.034,41,23.35,91.49,44.48,0,0,0,0,0
28.57,169.16,6.54,98,13.37,22.0,0.003,330,70.6,82.57,68.85,0,0,0,0,0
23.79,106.98,8.09,43,10.75,0.64,0.004,741,83.42,59.62,34.67,0,0,0,0,0
40.77,173.96,7.22,300,11.9,35.23,0.044,471,95.12,81.11,95.71,0,0,0,0,0
31.03,253.01,8.26,177,11.79,6.06,0.163,188,77.8,65.24,87.96,0,1,0,0,0
21.48,66.98,6.97,464,5.35,16.88,0.114,139,93.77,44.21,40.88,0,0,0,0,0
42.19,91.11,7.77,87,4.51,0.69,0.022,172,79.4,42.95,76.69,0,1,0,0,0
20.35,140.67,7.02,59,9.99,31.52,0.024,97,91.08,50.97,42.39,1,0,0,1,0
30.39,44.59,7.7,179,11.42,12.65,0.006,258,65.37,15.72,45.92,0,0,0,1,0
33.94,194.88,8.46,111,10.34,39.96,0.032,24,75.15,38.33,88.84,0,1,0,1,0
21.85,100.81,8.0,264,12.11,37.52,0.163,83,98.76,65.09,53.66,0,1,0,0,0
22.83,124.81,6.48,269,7.53,49.57,0.007,398,53.45,86.79,74.23,0,0,0,0,0
24.83,217.94,8.46,43,7.46,25.75,0.021,194,92.36,90.96,74.97,0,1,0,1,0
42.52,69.17,8.31,73,8.42,15.97,0.031,56,78.98,15.49,76.57,0,0,1,0,0
35.92,63.02,7.94,84,2.4,13.34,0.119,198,91.97,47.37,57.15,0,0,0,0,0
41.08,89.29,6.75,92,7.91,13.45,0.017,201,94.77,79.18,98.18,0,1,0,1,0
29.2,179.36,6.55,81,5.22,5.99,0.044,367,53.16,97.14,28.69,0,1,0,0,0
44.08,230.15,6.57,261,4.89,0.71,0.036,217,57.72,63.15,59.32,0,0,0,1,0
42.7,20.89,6.78,143,8.05,27.89,0.141,275,64.98,74.7,80.2,0,0,0,1,0
21.73,277.53,7.33,262,4.59,12.63,0.022,287,80.03,94.03,58.18,0,0,0,1,0
41.51,36.67,7.69,226,6.18,34.87,0.148,31,58.28,73.52,81.07,0,0,0,1,0
21.46,105.66,8.48,38,10.13,46.33,0.04,38,52.81,88.77,95.08,1,1,0,0,0
22.5,5.98,7.99,420,9.72,10.72,0.042,197,84.61,75.95,22.87,0,0,0,0,0
29.81,123.13,8.39,233,8.6,32.06,0.15,110,90.24,56.41,95.44,0,0,0,1,0
31.44,146.63,8.98,33,13.94,45.69,0.011,183,76.83,66.16,43.11,0,1,0,0,0
40.91,44.09,7.75,277,10.49,9.27,0.087,252,75.01,48.26,40.2,0,0,0,0,0
43.64,87.86,8.05,53,8.84,15.6,0.191,113,50.88,69.83,61.5,0,1,0,0,0
41.44,49.97,7.17,126,5.63,22.97,0.126,80,80.32,77.91,52.72,0,1,0,0,0
23.28,133.61,6.58,114,6.94,1.68,0.109,172,89.36,54.98,91.25,0,1,0,0,0
40.99,183.78,7.24,2,11.69,15.71,0.104,203,82.88,58.41,24.41,0,0,0,0,0
41.95,24.2,7.23,258,9.14,32.29,0.008,269,76.64,68.34,57.05,0,1,0,0,0
28.46,247.04,7.91,72,9.91,18.52,0.002,46,33.54,44.45,28.4,0,1,0,0,0
25.17,4.04,8.65,22,5.67,20.58,0.015,300,95.39,63.41,90.64,1,0,0,0,0
28.91,259.82,7.57,85,3.32,35.03,0.034,280,99.23,73.53,77.91,1,0,0,0,0
24.96,52.89,8.32,54,7.19,37.84,0.03,96,98.95,54.28,86.14,1,1,0,0,0
32.6,278.7,7.56,97,8.23,30.2,0.012,218,67.42,49.39,46.39,0,0,0,0,0
28.29,96.64,7.23,274,10.85,10.23,0.199,288,78.51,82.0,24.67,0,0,0,0,0
42.38,127.45,8.07,391,5.28,32.64,0.049,491,89.2,85.7,71.25,0,0,0,0,0
26.3,245.65,8.16,92,12.71,16.13,0.05,315,44.05,58.47,62.62,0,0,0,0,0
40.42,194.85,6.73,181,8.8,47.31,0.033,3,85.78,51.84,60.01,0,1,0,0,0
29.67,11.8,7.17,118,13.12,8.97,0.028,237,90.05,86.76,65.65,1,0,0,0,0
31.59,287.92,7.97,104,2.3,4.23,0.05,296,55.38,77.61,45.68,0,0,0,1,0
44.12,295.43,6.08,33,8.08,5.72,0.019,193,65.94,54.04,70.83,0,0,1,0,0
26.47,186.42,6.53,8,8.68,34.03,0.035,297,68.5,69.48,81.1,1,0,0,1,0
20.19,70.05,7.62,198,7.84,25.79,0.008,264,78.0,97.17,15.36,0,0,1,0,0
21.91,248.49,8.58,134,5.44,10.93,0.021,230,71.12,53.42,95.16,1,0,0,0,0
38.72,201.11,7.22,124,6.42,29.96,0.136,280,33.21,58.18,68.75,0,0,0,0,0
23.18,155.65,7.2,122,5.51,44.5,0.146,318,64.97,98.75,56.7,0,0,0,0,0
24.68,249.59,7.93,199,6.44,40.44,0.03,366,73.99,40.37,52.23,0,0,1,0,0
30.88,124.13,6.78,277,6.65,14.74,0.159,15,99.09,64.83,82.19,0,0,0,1,0
37.02,187.44,7.73,9,7.24,7.3,0.015,330,55.18,44.67,75.05,1,1,0,0,0
20.49,13.31,8.26,137,11.95,13.24,0.033,496,93.03,69.45,99.38,0,0,0,0,0
34.97,268.29,7.56,209,13.39,19.97,0.046,160,93.85,20.92,74.68,0,1,0,0,0
35.03,209.44,7.85,41,7.1,28.09,0.157,388,29.44,96.41,61.69,0,0,0,0,0
24.62,158.36,8.17,487,6.13,24.32,0.099,147,72.08,51.06,58.69,0,0,0,0,0
36.52,2.25,7.47,54,9.99,1.94,0.029,382,96.08,22.97,90.81,1,0,0,0,0
23.63,286.22,7.01,254,6.51,47.76,0.017,322,92.67,79.68,75.12,0,1,0,0,0
31.48,292.45,6.46,52,7.23,20.78,0.042,134,53.1,84.31,82.94,0,1,0,0,0
36.51,158.18,6.61,23,8.57,38.47,0.015,5,28.54,94.95,18.9,0,1,0,0,0
44.11,101.42,7.69,265,7.07,22.2,0.102,20,78.95,64.16,16.62,0,0,0,0,0
29.23,30.8,7.15,293,6.35,27.36,0.032,516,73.67,80.6,30.98,0,0,0,0,0
23.39,293.23,6.69,55,6.7,16.75,0.025,178,90.99,44.55,45.11,0,1,0,0,0
32.44,6.02,7.11,124,12.31,33.3,0.153,296,89.61,83.48,59.96,1,0,0,0,0
20.93,102.16,7.81,291,2.55,38.51,0.001,296,61.08,76.61,14.95,0,0,0,0,0
22.18,64.81,8.16,292,9.64,27.54,0.04,161,95.64,23.0,74.44,0,1,0,0,0
39.47,216.65,6.52,437,10.26,13.6,0.041,172,75.19,96.5,91.15,0,0,0,0,0
44.83,98.07,6.45,103,6.68,33.73,0.05,280,65.49,40.86,80.59,0,1,0,0,0
44.91,196.0,8.41,278,10.88,26.72,0.031,81,98.95,63.34,71.73,0,0,1,1,0
22.4,263.46,6.94,35,13.96,47.96,0.085,119,73.55,51.18,99.95,0,1,0,0,0
28.19,215.74,8.05,163,12.65,15.34,0.114,105,87.91,82.6,15.02,0,0,0,0,0
34.06,136.24,7.57,98,6.12,25.93,0.128,24,95.86,51.97,76.71,1,0,0,0,0
31.83,6.36,7.26,221,10.0,28.77,0.032,145,55.92,57.82,72.8,0,0,1,1,0
20.59,200.91,7.15,62,6.17,2.75,0.111,215,64.36,86.75,55.49,0,1,0,1,0
27.34,42.2,7.01,62,13.15,37.47,0.041,147,53.51,99.44,50.79,0,0,1,0,0
22.68,28.61,7.98,6,9.55,20.62,0.012,198,31.3,99.72,17.89,0,0,0,1,0
32.25,78.18,8.27,229,7.89,0.63,0.083,146,94.01,88.93,72.8,0,0,0,0,0
36.58,96.48,7.87,165,9.6,20.01,0.165,334,72.56,49.44,72.69,0,0,0,0,0
22.04,90.82,6.88,45,6.89,18.22,0.044,40,87.51,95.03,34.76,0,0,1,1,0
30.4,126.68,7.23,366,13.76,18.25,0.038,569,79.88,63.77,73.97,0,1,0,0,1
22.5,35.83,8.04,176,6.34,29.23,0.159,625,96.21,66.31,94.08,1,1,0,0,1
21.63,175.65,8.83,97,13.86,31.61,0.012,724,96.21,66.59,74.36,0,0,1,0,1
25.35,209.95,8.95,2,9.66,37.25,0.114,210,63.31,18.93,81.22,0,0,0,0,1
35.87,264.34,7.81,186,7.26,8.6,0.076,480,85.29,88.59,12.35,0,1,0,1,1
43.41,207.7,6.2,79,10.05,3.87,0.016,332,46.1,24.1,79.02,0,0,0,0,1
21.43,118.42,8.42,72,12.46,48.23,0.108,439,62.26,42.96,50.36,0,1,0,0,1
33.31,185.91,8.72,28,12.48,15.6,0.151,162,51.11,43.07,61.56,0,1,1,1,1
37.95,30.0,7.95,431,5.75,18.79,0.027,151,52.03,11.72,66.19,0,0,0,1,1
37.32,174.1,6.54,429,13.93,31.47,0.032,867,66.17,43.26,68.75,0,1,0,0,1
41.8,134.09,7.1,65,12.18,2.16,0.101,527,87.61,98.32,82.72,0,1,0,1,1
29.58,190.41,8.09,151,8.32,14.82,0.032,922,96.0,93.01,89.82,0,0,1,0,1
21.39,166.74,7.75,357,5.94,30.5,0.032,658,81.18,84.71,81.05,1,0,0,0,1
32.18,235.72,6.04,316,6.4,19.69,0.009,273,50.53,80.22,24.49,0,0,0,1,1
35.26,220.04,6.6,268,6.81,26.93,0.174,526,99.66,17.95,94.29,0,0,0,0,1
40.25,39.76,7.32,362,13.01,31.1,0.157,281,68.97,81.45,12.92,1,0,0,0,1
33.23,29.59,7.35,148,7.17,49.76,0.0,66,96.58,97.72,19.89,1,1,1,0,1
41.83,8.73,6.52,51,3.67,17.03,0.083,264,65.71,55.2,57.87,0,0,1,1,1
27.48,215.81,8.97,139,12.92,35.57,0.038,396,72.87,60.15,63.84,1,0,1,1,1
43.31,141.24,7.57,424,5.27,17.3,0.175,380,52.38,46.81,31.98,0,0,0,0,1
44.96,168.47,8.47,36,13.68,14.36,0.145,568,84.44,28.72,44.14,0,0,0,1,1
37.46,68.17,8.07,88,8.93,10.43,0.162,16,43.69,49.45,58.26,1,1,0,0,1
20.4,103.82,6.2,152,13.46,27.52,0.078,297,77.93,47.6,99.55,0,1,1,0,1
33.04,207.26,7.79,263,2.78,3.08,0.186,146,94.36,94.53,65.18,0,0,0,1,1
29.71,208.86,6.27,233,5.91,37.34,0.177,212,62.27,21.58,31.6,0,0,0,0,1
32.37,156.56,6.72,286,9.89,6.23,0.011,882,71.99,46.07,99.79,0,1,0,0,1
34.05,189.26,7.72,238,10.47,27.27,0.009,9,91.23,69.22,64.77,1,1,1,0,1
40.47,57.64,6.79,67,7.04,11.49,0.01,617,36.57,70.16,50.76,1,0,0,0,1
42.29,230.85,7.44,42,12.99,37.68,0.007,896,85.02,29.16,80.14,1,1,0,0,1
32.2,33.81,6.8,225,12.82,47.5,0.197,731,53.61,79.64,76.89,0,1,0,0,1
23.33,150.0,6.65,256,2.14,5.0,0.117,234,65.57,49.32,71.75,0,0,0,1,1
27.44,186.76,8.27,415,8.53,34.6,0.014,481,90.64,74.89,33.88,1,0,0,0,1
40.48,118.11,7.01,407,2.33,1.62,0.01,346,31.61,75.62,72.31,0,0,1,0,1
20.67,187.96,7.93,209,5.15,22.96,0.063,184,44.22,96.25,58.16,0,0,1,0,1
34.79,54.73,7.68,215,2.85,15.33,0.057,172,28.86,46.34,85.98,0,1,0,0,1
44.19,17.04,6.89,304,6.29,31.84,0.128,395,82.74,74.65,17.45,1,0,0,1,1
24.77,174.28,8.53,100,8.48,4.81,0.024,35,44.02,79.0,58.16,0,1,0,0,1
42.39,287.34,8.54,55,7.9,6.71,0.053,99,86.15,78.96,54.05,1,0,1,0,1
28.07,185.75,7.01,282,5.5,29.91,0.148,40,50.17,59.24,51.11,0,1,0,1,1
25.33,288.16,8.1,103,12.89,36.09,0.117,744,72.84,53.93,85.65,1,1,0,0,1
24.73,238.67,6.93,436,6.89,21.26,0.022,966,89.67,75.85,73.27,0,0,0,0,1
21.47,0.98,7.88,262,11.17,38.81,0.056,97,42.22,42.82,32.47,0,0,0,1,1
32.69,116.97,8.97,353,6.59,34.56,0.046,294,60.07,79.4,11.06,0,1,0,0,1
37.99,284.65,6.97,423,5.12,10.2,0.037,304,69.85,96.64,40.45,1,0,1,1,1
22.19,142.4,8.7,200,12.86,3.67,0.192,160,59.39,13.04,11.26,0,0,0,0,1
27.6,102.28,8.84,20,7.61,22.64,0.106,122,53.5,33.02,44.1,0,0,0,1,1
25.05,252.87,7.95,222,9.75,20.76,0.074,336,38.49,96.96,64.28,0,0,1,0,1
39.27,212.0,8.86,270,10.73,44.67,0.017,936,80.7,83.46,63.43,0,0,0,1,1
43.38,58.42,8.22,136,8.09,34.2,0.018,280,53.35,29.66,12.85,1,1,1,0,1
40.19,74.05,7.13,209,10.54,37.57,0.05,271,63.06,88.92,20.91,0,1,1,1,1
25.13,60.42,7.25,240,5.93,13.93,0.155,498,70.72,65.14,40.33,0,0,0,1,1
36.36,31.56,8.39,142,6.65,4.11,0.185,291,41.84,59.94,72.84,1,0,0,1,1
37.19,260.57,8.27,0,11.5,1.15,0.125,435,50.04,39.83,74.13,0,0,1,0,1
20.87,239.74,6.05,484,11.69,27.84,0.16,283,77.43,50.41,44.27,0,1,0,1,1
28.01,79.45,6.55,61,5.82,19.34,0.109,26,97.65,74.83,19.85,1,1,1,0,1
28.07,141.2,8.2,301,12.01,27.03,0.037,819,52.51,99.57,22.57,0,0,1,0,1
26.83,23.84,7.91,381,12.13,46.4,0.033,18,62.25,73.97,86.18,1,0,0,0,1
31.98,24.63,8.11,240,13.11,41.04,0.001,676,66.26,55.93,53.77,0,1,0,0,1
42.37,111.12,6.04,22,8.88,3.54,0.161,210,61.15,61.16,26.82,0,0,1,1,1
21.45,197.6,8.39,287,11.9,4.61,0.05,994,64.33,95.43,80.73,1,1,0,0,1
35.77,152.7,7.51,271,7.0,35.18,0.028,0,27.92,72.11,87.91,0,1,1,0,1
37.0,147.16,8.35,300,9.56,14.05,0.116,91,79.4,68.26,24.07,1,1,0,0,1
44.39,287.73,7.12,330,5.9,45.24,0.032,91,83.88,67.3,29.38,0,1,1,0,1
21.12,67.35,8.72,276,6.27,16.44,0.064,180,73.55,64.71,51.83,0,1,0,0,1
26.37,122.0,7.86,449,12.03,34.7,0.033,262,89.52,56.29,29.78,1,0,0,1,1
34.01,174.33,6.51,334,6.39,35.14,0.121,339,98.3,63.45,22.6,0,0,1,0,1
20.09,67.93,6.63,434,8.37,15.64,0.026,234,92.15,42.75,32.35,1,0,0,1,1
38.91,150.12,8.27,215,3.08,15.32,0.014,361,24.35,96.87,27.65,0,1,0,0,1
26.14,30.12,7.53,464,9.33,48.87,0.015,631,53.23,65.02,63.73,0,0,0,0,1
41.24,178.47,6.16,153,11.3,30.31,0.105,257,97.57,46.74,37.36,0,1,0,0,1
24.14,122.26,8.37,34,8.28,35.73,0.197,107,55.97,12.46,21.55,0,0,0,1,1
32.33,52.9,8.38,90,12.06,19.54,0.183,617,35.88,93.85,19.81,0,0,0,0,1
43.14,175.2,6.98,499,6.96,42.89,0.191,214,63.28,77.55,32.23,0,1,0,0,1
30.88,107.0,8.27,326,11.16,3.92,0.082,172,81.9,24.58,75.81,0,0,0,0,1
22.5,103.84,8.52,12,8.85,7.85,0.001,714,98.36,93.65,85.33,0,1,0,0,1
28.25,41.5,7.0,299,13.81,42.34,0.115,77,29.4,89.46,33.95,0,1,0,0,1
25.21,125.75,6.72,461,11.72,25.53,0.177,153,48.11,92.23,78.85,0,1,0,0,1
21.64,154.72,8.09,328,11.79,7.4,0.165,625,55.92,58.28,44.41,0,1,0,1,1
32.58,9.8,8.28,455,10.65,11.89,0.015,616,51.73,69.99,89.7,1,1,0,1,1
27.74,65.04,7.1,173,2.68,34.42,0.033,927,82.56,18.58,52.5,0,0,0,0,1
34.08,49.54,6.84,431,6.56,39.76,0.047,812,24.11,83.18,80.19,0,0,0,0,1
37.09,230.31,8.06,137,12.28,25.56,0.061,394,35.29,55.25,95.72,1,0,0,0,1
27.92,244.28,8.82,261,3.57,34.07,0.043,143,23.72,67.48,74.48,0,1,0,0,1
33.59,2.85,6.82,261,8.59,20.93,0.197,988,37.11,47.64,71.17,0,0,0,0,1
40.16,80.77,7.77,131,4.21,24.64,0.163,788,54.81,45.75,76.6,0,0,0,1,1
34.92,293.81,6.8,402,6.14,10.89,0.043,370,60.22,57.18,11.81,0,0,1,0,1
30.5,154.59,8.29,330,10.73,5.9,0.01,377,37.1,52.23,72.34,0,0,1,1,1
34.19,245.88,7.02,228,6.93,16.24,0.091,362,41.65,78.36,48.93,1,0,0,0,1
32.38,226.26,6.73,307,12.86,22.36,0.009,923,89.77,54.01,11.69,0,1,0,1,1
37.65,98.78,6.04,158,5.03,9.02,0.089,261,92.13,48.32,29.29,0,0,0,0,1
38.89,27.42,8.35,304,12.09,12.37,0.053,302,93.91,79.28,34.64,1,0,0,0,1
26.77,291.75,7.04,177,2.8,39.58,0.151,331,33.02,96.47,94.17,0,1,0,0,1
30.73,146.28,8.15,61,2.0,25.33,0.137,189,88.19,59.81,31.61,0,0,0,0,1
21.94,62.87,7.57,472,6.64,25.78,0.185,200,55.76,60.81,65.25,0,0,0,1,1
25.13,195.33,8.03,399,9.68,13.0,0.171,299,71.28,37.57,63.07,0,1,0,0,1
43.17,199.43,7.77,108,11.55,7.25,0.163,789,88.33,42.12,61.95,1,1,0,0,1
41.65,295.47,8.25,485,8.14,37.04,0.127,238,57.13,65.32,60.21,0,0,0,1,1
21.81,179.31,7.01,42,12.27,2.08,0.039,975,85.29,48.6,13.42,1,1,0,0,1
33.45,136.18,7.59,107,10.29,24.62,0.116,139,23.28,81.34,71.17,0,1,0,1,1
28.04,243.17,8.8,72,11.2,22.86,0.015,40,66.91,23.88,51.97,1,1,0,0,1
42.06,47.53,7.89,138,13.99,24.98,0.07,536,36.23,84.75,84.8,0,1,0,1,1
30.66,151.7,6.08,285,7.49,0.52,0.154,98,86.67,78.22,25.92,0,0,1,0,1
26.1,238.38,8.52,361,8.38,38.43,0.132,274,52.66,41.96,42.59,0,0,0,0,1
20.33,195.19,6.63,248,8.35,30.11,0.152,218,55.13,90.97,65.0,0,1,1,1,1
22.16,289.68,7.27,100,6.65,13.23,0.116,298,67.45,86.75,51.82,1,0,0,1,1
27.31,77.96,6.45,380,11.46,3.4,0.006,638,39.14,86.22,76.33,0,0,0,0,1
30.93,4.55,8.59,36,13.61,43.56,0.13,126,43.25,56.48,86.41,0,0,0,0,1
22.08,265.95,8.86,7,7.57,11.85,0.114,285,40.06,55.17,82.6,0,0,0,0,1
35.76,178.21,8.0,285,3.81,13.67,0.009,994,57.18,97.2,92.37,0,1,0,0,1
28.44,133.84,7.37,244,5.44,30.15,0.063,479,68.8,48.96,11.65,0,0,0,0,1
33.1,235.05,6.3,220,13.65,33.38,0.101,220,90.01,99.78,81.36,0,1,0,1,1
25.7,270.51,8.61,28,13.51,40.53,0.037,338,52.97,63.86,96.55,0,0,1,1,1
25.4,246.74,7.62,75,10.06,14.73,0.135,823,87.97,49.89,80.96,0,0,0,0,1
27.01,287.76,8.28,12,7.29,44.85,0.008,452,53.67,44.18,29.36,0,1,0,0,1
29.97,190.08,6.62,196,10.86,5.35,0.073,876,46.82,90.74,44.14,0,0,0,0,1
20.24,78.9,7.51,8,9.8,25.63,0.069,330,45.89,43.17,53.47,1,0,1,0,1
34.36,162.92,6.73,329,8.79,4.92,0.097,600,56.39,42.13,38.06,0,1,0,0,1
35.7,220.01,7.35,489,13.61,27.79,0.158,715,87.78,51.9,37.0,0,0,0,0,1
44.33,225.63,6.81,188,6.88,26.22,0.024,641,79.68,76.25,26.75,1,1,0,0,1
37.25,165.17,7.37,227,2.88,42.18,0.038,324,97.65,45.68,42.84,0,0,1,1,1
26.64,207.97,6.58,186,2.9,34.49,0.018,174,63.71,50.03,64.92,1,0,0,1,1
29.71,205.06,7.62,244,11.9,40.44,0.195,136,51.35,47.03,11.24,0,0,0,0,1
32.01,87.4,8.45,130,5.38,13.52,0.041,761,57.36,35.33,62.56,1,1,0,0,1
27.63,75.85,6.82,341,10.12,36.7,0.058,274,80.2,52.98,78.5,1,1,0,1,1
33.3,103.08,8.97,89,9.86,27.02,0.19,238,93.43,49.71,53.96,0,1,1,1,1
23.3,45.17,6.85,342,5.99,19.18,0.081,457,65.74,35.77,97.06,0,0,0,0,1
30.48,258.06,8.22,240,4.58,15.89,0.119,142,62.06,69.67,72.69,0,1,0,1,1
31.93,144.24,7.77,45,12.07,37.39,0.057,601,31.39,30.15,70.78,0,0,0,0,1
24.27,173.77,7.48,154,10.23,28.27,0.069,594,64.53,62.6,96.32,0,1,0,0,1
25.58,38.23,8.58,196,7.99,33.76,0.18,355,75.09,70.55,45.65,1,0,0,1,1
40.79,197.01,7.62,4,2.13,12.25,0.003,231,50.91,83.77,80.81,1,1,0,1,1
25.56,0.47,8.68,16,12.54,38.8,0.159,228,70.3,63.45,53.97,0,1,0,0,1
30.02,11.18,7.07,190,7.34,15.99,0.019,147,75.74,56.22,62.33,0,1,1,1,1
21.55,206.76,7.75,51,3.78,30.17,0.174,164,58.85,12.05,69.18,0,0,1,0,1
44.29,53.45,8.91,149,6.42,6.83,0.16,124,77.84,44.43,15.68,0,0,0,1,1
21.51,174.15,7.44,158,3.62,26.29,0.038,201,78.95,59.19,16.23,0,0,1,1,1
36.4,96.9,8.16,253,6.65,17.09,0.031,512,23.26,82.67,77.11,1,0,0,0,1
31.84,40.02,7.98,286,7.5,36.15,0.172,292,82.05,93.78,49.93,0,1,0,1,1
34.5,71.2,8.73,55,6.01,26.21,0.187,43,81.05,87.23,46.46,1,0,0,0,1
34.04,95.4,8.34,251,7.94,19.96,0.088,891,53.29,92.56,23.39,0,0,0,0,1
26.53,266.66,6.97,33,10.36,11.5,0.098,193,57.64,99.23,28.97,1,0,0,0,1
21.83,274.07,6.94,176,5.23,13.93,0.074,294,63.38,47.65,13.52,1,0,0,1,1
26.52,7.47,6.86,14,9.74,26.96,0.189,462,79.88,66.88,69.04,1,1,0,0,1
34.11,219.47,8.28,126,10.7,42.01,0.103,664,73.28,78.62,36.04,1,0,0,0,1
32.62,296.22,7.31,217,9.08,20.35,0.157,30,77.17,73.25,97.54,1,1,0,1,1
37.07,220.29,6.93,35,9.68,4.42,0.005,859,88.53,33.69,79.09,1,0,0,1,1
40.18,100.54,7.12,239,8.83,25.87,0.055,398,55.8,48.56,59.67,0,0,1,1,1
22.26,238.03,7.22,348,4.68,33.41,0.142,352,72.38,78.23,99.74,0,0,0,0,1
25.51,266.09,7.47,389,11.13,10.65,0.013,367,91.78,51.63,14.11,1,0,0,1,1
44.14,189.3,8.09,68,4.09,14.64,0.138,55,57.81,84.2,78.72,0,0,0,1,1
26.5,254.92,6.75,107,5.47,43.02,0.056,215,35.94,98.0,95.25,1,1,0,0,1
43.94,59.56,8.87,102,9.72,24.69,0.175,627,63.26,81.61,50.95,1,0,0,0,1
23.62,14.93,7.66,162,6.7,15.43,0.18,23,43.72,57.45,93.02,0,0,1,0,1
37.68,270.81,7.57,349,9.76,32.62,0.002,896,87.06,80.92,56.15,0,0,1,0,1
36.76,109.69,7.88,22,12.39,19.77,0.016,25,84.1,18.18,81.96,1,1,1,1,1
27.69,31.49,7.75,118,5.32,38.04,0.074,471,80.58,72.31,30.77,0,0,0,1,1
25.69,89.98,7.8,195,4.78,9.38,0.071,267,75.81,40.33,63.12,0,1,0,1,1
28.58,287.78,7.17,124,9.13,15.22,0.076,117,80.72,69.22,61.53,1,1,1,1,1
23.68,64.88,6.59,44,7.64,9.18,0.19,642,73.76,81.79,13.32,0,1,0,1,1
34.18,160.26,6.76,357,13.8,44.65,0.111,331,92.36,82.55,56.07,0,0,1,1,1
39.08,64.18,6.76,52,9.04,2.27,0.109,560,39.96,94.04,72.32,0,1,0,0,1
24.8,37.02,8.71,135,12.5,11.94,0.012,429,80.75,77.74,51.87,1,0,0,0,1
41.92,31.42,7.6,19,9.84,20.29,0.06,371,84.95,99.86,61.9,1,1,1,0,1
40.19,67.65,8.44,46,12.48,2.22,0.119,321,86.77,97.06,71.5,0,0,1,1,1
24.21,199.17,6.71,114,2.43,25.46,0.116,343,93.4,45.89,11.34,1,1,0,0,1
24.86,111.11,7.21,261,9.32,39.4,0.142,159,65.66,98.38,28.06,1,0,0,0,1
32.29,39.35,8.81,105,7.71,21.6,0.029,364,31.08,90.93,15.26,1,1,0,0,1
41.87,120.12,8.71,242,11.47,22.02,0.079,305,26.33,95.92,14.88,0,0,0,0,1
36.75,290.21,7.66,8,13.03,14.49,0.12,683,54.23,41.54,46.38,0,1,1,0,1
25.77,155.97,6.69,240,13.5,26.96,0.048,338,58.22,32.62,43.07,1,1,0,1,1
23.69,9.73,7.89,106,4.38,3.4,0.046,489,92.86,33.11,71.84,0,0,0,1,1
31.97,47.03,7.55,48,2.71,27.3,0.173,323,57.69,79.17,75.49,0,0,0,1,1
30.55,77.43,8.27,167,12.34,3.89,0.082,355,96.66,48.19,67.9,1,1,0,1,1
29.33,38.1,6.81,274,10.42,5.51,0.182,181,60.8,27.26,92.79,0,1,0,0,1
28.4,245.12,8.34,372,12.55,24.75,0.102,15,44.55,51.03,42.67,0,0,0,0,1
38.31,84.21,6.9,146,9.54,0.07,0.084,38,81.78,89.0,86.17,1,1,0,1,1
30.73,130.05,7.3,34,6.1,37.44,0.022,486,65.06,62.62,26.0,1,1,0,1,1
32.6,163.34,8.27,232,6.16,44.94,0.161,53,27.52,78.93,69.69,0,0,1,0,1
28.25,39.06,8.49,1,12.48,7.41,0.071,270,67.81,58.37,70.54,0,0,1,1,1
34.9,213.38,7.82,271,6.07,43.8,0.199,606,65.77,46.24,20.54,0,1,0,0,1
21.72,131.19,8.19,37,3.26,2.84,0.159,422,65.77,47.8,47.29,0,1,0,0,1
42.59,93.86,8.19,148,10.95,25.94,0.041,378,39.37,84.3,21.81,0,1,1,0,1
20.99,106.2,7.12,82,6.59,37.92,0.167,805,26.78,64.99,59.36,0,1,0,0,1
31.59,61.78,8.28,321,7.66,8.5,0.006,165,74.0,12.63,35.46,0,0,1,0,1
34.45,189.94,7.96,304,9.55,12.75,0.013,341,74.03,88.6,45.62,1,0,1,1,1
33.27,253.97,8.19,466,8.8,15.54,0.191,369,49.17,86.3,82.86,0,1,0,0,1
39.02,7.92,6.82,420,5.81,25.04,0.019,929,85.01,55.1,86.23,1,0,0,0,1
43.08,112.86,6.28,202,6.29,11.48,0.155,446,85.44,79.64,97.07,0,0,0,0,1
33.14,69.82,8.37,479,5.13,19.36,0.193,843,90.29,57.79,48.25,0,0,0,0,1
32.21,273.14,8.45,244,13.05,27.68,0.156,202,79.79,50.23,12.75,0,0,0,1,1
35.45,10.48,8.37,269,7.83,44.75,0.076,362,25.69,77.49,58.83,0,0,0,0,1
23.34,45.84,7.99,43,13.63,0.01,0.033,758,87.36,90.0,10.93,0,1,1,0,1
34.14,291.93,8.64,146,12.97,27.8,0.158,83,73.17,85.99,94.26,0,0,0,1,1
32.76,212.3,8.81,134,8.69,36.88,0.072,477,90.66,49.6,34.27,0,1,0,0,1
22.88,57.42,7.69,74,13.22,41.98,0.075,373,52.36,57.46,21.7,1,1,0,1,1
21.76,246.11,8.13,405,12.66,14.79,0.136,348,91.79,80.39,43.66,0,1,1,0,1
28.57,93.78,8.19,141,4.12,27.9,0.026,150,98.26,11.46,87.38,0,0,0,1,1
29.59,231.16,7.36,439,8.43,14.9,0.03,519,31.08,65.17,14.35,0,0,0,1,1
44.26,94.95,7.69,102,6.61,3.86,0.149,15,99.13,32.2,21.73,0,0,0,0,1
34.93,42.89,8.64,104,5.3,26.5,0.172,25,55.0,42.24,44.49,0,1,0,0,1
20.87,218.34,7.04,453,5.43,37.41,0.151,18,89.54,78.42,61.59,0,1,1,0,1
23.74,264.38,8.86,166,8.16,2.27,0.102,382,93.22,37.16,14.07,0,0,0,0,1
31.42,180.81,7.98,355,3.49,3.09,0.133,21,57.43,81.41,75.56,0,0,0,1,1
21.5,280.06,6.85,242,6.07,7.2,0.156,973,71.24,70.24,26.37,0,0,0,1,1
34.53,286.78,8.77,235,12.75,37.71,0.001,35,94.46,26.51,41.24,1,0,0,0,1
36.92,257.85,6.6,390,8.12,49.79,0.024,62,81.13,91.52,28.3,1,1,0,1,1
44.54,218.31,7.06,45,12.83,39.74,0.102,651,84.77,52.16,51.79,1,0,0,1,1
39.21,146.95,7.94,247,2.08,12.88,0.013,600,88.11,78.14,45.56,0,0,0,0,1
40.67,36.47,8.78,341,11.71,18.49,0.017,265,54.43,60.41,50.89,0,1,1,1,1
29.22,107.3,7.34,126,11.45,44.94,0.063,24,65.07,84.4,43.62,0,1,1,0,1
37.3,195.56,7.39,44,9.94,29.06,0.105,380,75.37,68.19,25.04,1,1,0,0,1
39.42,198.19,6.73,153,3.64,2.76,0.11,367,74.52,78.32,36.11,1,0,0,0,1
37.87,73.15,8.33,364,10.32,5.03,0.002,357,64.3,24.81,57.52,1,0,0,1,1
30.3,140.53,6.12,381,12.37,0.46,0.03,349,81.44,66.67,69.49,0,1,0,1,1
37.44,278.83,6.82,2,11.94,23.16,0.08,5,74.79,21.15,87.01,0,0,0,1,1
27.11,76.97,6.74,265,11.41,11.64,0.073,125,73.88,13.09,76.99,0,1,0,1,1
28.06,186.59,7.35,56,10.79,2.85,0.175,387,73.91,39.85,23.2,0,0,1,0,1
24.59,227.32,8.28,398,10.97,35.8,0.021,347,23.97,70.86,83.0,1,0,0,1,1
38.09,193.27,6.09,28,11.11,8.19,0.127,97,55.53,93.03,93.03,1,0,0,1,1
22.32,66.26,8.28,78,9.01,41.6,0.154,855,51.06,99.63,57.77,1,0,0,0,1
20.48,190.43,7.05,16,6.9,7.15,0.041,562,57.57,90.0,32.65,0,0,1,1,1
35.81,292.97,7.83,463,5.89,38.72,0.13,43,27.05,57.92,85.66,0,0,1,0,1
29.89,123.92,7.14,137,7.7,48.99,0.128,343,66.38,72.39,90.92,0,1,1,1,1
27.67,201.1,7.95,362,9.42,24.6,0.05,330,98.47,57.45,98.98,0,1,1,0,1
27.26,198.45,7.11,180,6.78,15.87,0.051,534,55.49,96.33,61.32,0,0,1,0,1
24.97,44.78,8.15,327,12.51,47.94,0.112,287,59.47,50.57,80.0,0,0,1,0,1
33.02,35.96,7.78,24,8.94,12.61,0.114,989,63.75,38.27,53.9,0,0,0,1,1
21.31,151.33,6.62,144,12.75,6.86,0.119,66,53.77,62.87,93.1,1,0,0,1,1
33.98,181.13,8.13,442,4.71,15.59,0.127,6,86.16,86.96,45.93,0,0,0,0,1
38.17,190.47,7.56,231,13.62,30.27,0.195,438,71.38,93.34,57.6,1,0,0,1,1
30.93,239.6,7.59,1,13.35,30.16,0.126,676,21.98,98.84,91.56,0,0,0,0,1
43.18,291.2,6.78,103,10.85,10.41,0.073,7,24.7,18.72,80.74,0,1,0,1,1
30.37,96.14,6.22,157,9.07,1.6,0.093,357,91.6,94.75,29.67,1,0,0,0,1
27.33,282.36,8.18,24,8.04,8.11,0.153,147,21.83,84.09,48.43,0,1,1,0,1
41.72,249.78,8.04,93,3.84,2.81,0.097,381,81.33,14.01,15.26,0,0,0,0,1
41.11,58.6,7.62,317,11.21,49.99,0.028,396,66.71,14.83,69.43,0,0,1,1,1
32.99,60.64,6.13,134,13.23,20.87,0.026,76,72.28,76.41,75.55,1,0,1,0,1
29.31,95.18,7.88,16,13.26,3.88,0.096,366,49.48,75.43,56.48,0,1,0,1,1
35.01,207.8,8.58,173,9.42,25.48,0.028,126,52.03,57.06,77.36,0,1,1,1,1
34.25,61.69,7.62,448,11.36,15.6,0.083,97,65.63,46.38,90.12,1,0,0,0,1
41.92,63.45,7.35,297,7.59,24.27,0.152,887,85.44,87.93,52.99,1,0,0,0,1
38.03,299.27,7.07,410,6.48,40.15,0.057,14,80.16,27.61,64.77,0,0,0,0,1
26.72,100.2,8.72,116,8.77,29.83,0.115,297,78.06,72.17,76.46,0,0,0,1,1
40.58,95.37,7.31,111,5.86,45.19,0.141,103,51.04,76.54,94.38,0,1,1,1,1
23.31,292.0,7.86,360,12.89,12.48,0.142,176,75.65,41.78,53.02,1,0,0,0,1
27.6,210.23,7.34,128,8.09,23.6,0.197,655,94.34,15.69,75.76,0,0,0,1,1
30.08,47.64,8.2,162,9.04,24.78,0.14,143,92.9,56.14,10.84,1,1,0,0,1
35.94,274.62,7.56,247,11.9,23.62,0.174,22,84.92,60.87,75.88,0,1,1,0,1
24.33,281.32,6.88,421,8.37,3.46,0.093,263,76.84,63.5,41.01,1,1,0,0,1
28.51,25.14,7.66,195,6.5,25.34,0.04,107,23.07,63.28,37.72,1,0,1,0,1
25.92,96.06,8.03,426,8.93,9.52,0.032,958,74.52,66.96,24.82,0,1,0,1,1
43.39,71.0,6.94,200,12.6,13.46,0.172,982,89.17,65.49,57.67,0,0,1,0,1
26.92,225.53,6.86,12,10.43,23.31,0.173,661,51.35,93.89,43.32,0,0,1,1,1
43.24,260.94,7.05,318,9.82,37.33,0.035,566,94.97,14.71,76.67,0,1,0,0,1
38.72,257.32,8.47,452,10.65,15.26,0.082,228,45.48,72.69,48.22,0,0,0,1,1
24.46,187.28,6.95,221,6.98,39.79,0.012,186,32.73,44.72,81.33,0,0,1,1,1
39.98,99.81,7.46,169,11.55,16.4,0.099,16,43.12,62.61,18.38,1,0,0,0,1
25.47,183.25,8.42,27,8.4,30.28,0.039,599,92.86,11.7,74.0,1,1,0,0,1
30.6,43.5,8.27,15,3.78,27.84,0.107,56,89.16,96.27,65.61,0,0,1,1,1
28.43,124.58,6.99,323,8.26,32.74,0.182,338,41.76,84.94,93.12,0,1,0,1,1
38.92,278.31,6.35,2,13.78,7.68,0.177,231,96.44,89.18,42.56,1,1,0,0,1
28.51,22.16,8.09,26,6.29,33.44,0.166,281,39.19,85.13,74.97,1,0,1,0,1
44.05,188.91,7.49,52,11.85,4.12,0.084,371,90.65,33.61,51.34,0,0,1,1,1
25.38,32.75,8.16,151,11.17,5.58,0.172,287,37.07,94.26,83.53,1,0,0,1,1
21.96,141.24,8.96,420,8.54,20.8,0.085,155,52.14,78.25,97.85,0,0,0,1,1
41.62,248.13,6.3,51,13.26,37.37,0.183,686,86.45,52.13,73.41,0,1,0,1,1
20.84,95.91,6.65,86,11.18,11.23,0.109,460,70.02,86.32,65.85,0,0,0,1,1
36.57,285.21,6.52,486,13.99,7.81,0.151,2,74.85,45.26,81.53,0,1,0,0,1
21.88,281.95,6.18,67,10.04,17.72,0.197,59,66.96,88.93,58.5,0,1,0,1,1
33.01,295.43,8.15,143,7.11,22.96,0.143,51,31.73,68.34,86.14,1,0,0,1,1
39.24,154.55,7.97,262,9.7,12.0,0.162,989,93.04,75.24,45.86,0,0,0,1,1
35.66,225.52,7.95,34,9.73,22.04,0.035,870,76.51,54.96,52.28,0,1,1,1,1
43.45,85.98,7.45,336,8.9,1.6,0.16,51,22.61,61.98,83.69,0,0,0,1,1
29.03,198.08,7.14,99,6.6,2.42,0.124,451,57.68,30.69,61.4,0,1,0,0,1
31.52,139.4,6.76,200,11.82,19.07,0.192,457,95.89,48.27,71.98,1,0,0,1,1
33.15,148.15,6.36,50,10.32,13.15,0.036,541,82.64,84.6,88.01,1,1,0,1,1
41.86,212.43,8.19,347,11.11,37.17,0.124,190,21.82,48.84,82.53,0,0,0,0,1
34.39,60.6,8.22,319,11.78,38.19,0.002,312,22.33,33.82,81.95,0,1,0,1,1
23.55,152.79,6.61,254,11.85,37.05,0.085,139,58.16,10.31,28.06,0,1,0,1,1
23.25,226.84,8.45,239,6.36,30.27,0.128,221,33.34,52.14,13.45,0,0,0,0,1
30.51,258.65,6.04,133,10.87,21.08,0.017,991,94.12,42.91,83.11,1,0,0,0,1
30.5,201.94,8.31,139,12.95,39.85,0.007,393,84.07,25.68,21.66,1,1,1,0,1
36.95,279.37,7.57,319,8.52,22.54,0.121,121,77.92,77.72,75.08,0,1,0,0,1
42.12,73.97,8.39,333,6.13,16.58,0.125,340,67.22,93.93,20.27,1,0,0,0,1
27.03,174.92,8.54,11,5.26,7.75,0.083,934,97.5,45.75,52.74,0,0,0,1,1
39.59,87.5,7.93,429,10.41,37.01,0.138,610,96.49,86.87,26.33,0,0,0,1,1
38.4,185.13,8.25,215,7.22,13.34,0.176,147,21.06,73.52,36.73,0,1,0,1,1
40.73,121.95,6.85,10,7.81,31.18,0.047,590,39.27,60.04,24.94,0,1,0,0,1
27.63,92.44,6.58,306,11.14,29.89,0.009,320,50.63,40.3,29.75,1,0,1,0,1
27.57,39.92,7.66,333,8.07,47.25,0.006,542,55.45,75.97,17.47,0,0,0,0,1
43.52,26.08,8.61,14,11.39,4.81,0.013,503,85.03,29.19,47.74,0,1,0,0,1
31.44,171.14,7.97,11,8.97,29.47,0.017,532,96.61,36.17,82.2,0,0,1,0,1
38.81,82.03,7.91,197,10.72,49.3,0.03,89,42.73,51.88,74.95,0,0,1,1,1
39.89,88.74,7.07,107,5.84,29.87,0.021,41,21.22,45.11,44.29,1,0,0,1,1
22.87,85.49,8.6,473,11.21,26.29,0.061,1,63.48,60.86,66.0,0,1,0,1,1
40.31,165.14,7.95,327,13.17,43.19,0.004,282,76.65,71.86,87.0,1,0,1,1,1
30.4,251.12,8.36,261,5.79,8.69,0.156,95,24.45,44.72,81.72,1,1,0,0,1
31.79,165.13,7.78,284,9.14,19.76,0.109,463,78.52,42.06,11.54,0,0,0,1,1
38.82,247.06,7.72,127,7.95,22.39,0.107,20,74.29,56.52,60.68,0,1,1,1,1
27.23,115.43,6.08,60,9.93,26.09,0.162,89,72.46,73.57,24.83,0,1,1,0,1
38.69,27.25,6.86,14,9.91,28.75,0.111,136,74.85,89.2,91.19,0,1,1,0,1
20.17,260.25,8.49,43,7.9,40.76,0.18,648,91.58,71.79,93.75,0,0,1,1,1
41.31,48.81,7.91,219,8.0,31.0,0.104,214,53.64,46.15,45.54,1,0,0,1,1
33.51,277.03,8.13,73,10.65,1.52,0.105,859,97.29,29.1,97.41,0,0,0,0,1
27.26,98.96,8.5,157,8.62,39.93,0.106,12,43.28,74.74,75.48,0,1,0,0,1
30.09,252.22,7.68,9,3.99,29.55,0.033,145,49.96,34.68,84.52,0,1,0,0,1
34.81,44.03,6.71,133,9.31,39.78,0.185,803,97.66,84.17,84.48,0,0,0,1,1
20.11,5.25,7.61,47,4.8,12.73,0.176,182,64.0,76.82,75.5,0,0,0,1,1
35.7,85.94,7.11,392,10.8,3.47,0.014,178,86.51,53.59,80.41,0,0,1,1,1
42.18,267.21,6.86,379,12.41,21.44,0.054,66,82.97,45.22,81.2,0,1,0,0,1
44.73,212.92,6.54,221,13.61,10.19,0.015,663,68.58,14.81,58.1,0,0,1,0,1
21.58,163.19,7.13,11,8.18,0.32,0.017,292,57.54,15.24,62.14,1,1,1,0,1
30.21,236.99,8.22,361,9.61,7.19,0.142,53,44.8,40.74,97.27,0,1,0,0,1
31.22,233.84,6.66,124,13.6,41.7,0.018,325,37.66,40.4,25.86,0,0,0,1,1
39.66,139.77,8.58,121,8.44,46.95,0.051,381,82.3,47.21,16.55,0,0,0,0,1
41.03,269.62,6.95,125,7.49,48.48,0.022,718,81.45,50.41,44.01,0,1,1,0,1
27.5,180.97,7.7,280,12.94,0.61,0.123,188,88.73,78.32,31.95,1,1,0,0,1
24.62,227.43,7.17,407,11.09,37.69,0.121,739,55.03,72.5,40.31,0,0,0,0,1
35.93,20.37,8.07,121,5.34,27.8,0.032,415,99.51,37.32,58.97,1,0,1,0,1
28.7,187.53,6.64,166,13.2,11.06,0.128,162,80.68,14.49,43.28,0,0,1,1,1
33.92,100.31,7.66,97,2.1,49.56,0.018,663,46.28,58.63,97.01,0,0,0,1,1
21.7,89.44,6.69,158,7.55,47.68,0.119,592,71.91,71.77,40.24,0,1,0,0,1
23.95,234.81,6.76,455,8.19,5.59,0.064,236,46.31,66.04,11.56,0,1,0,0,1
28.23,295.98,7.44,15,10.87,39.7,0.125,256,80.8,53.03,77.56,1,0,1,1,1
35.86,135.0,8.4,270,5.39,16.59,0.152,197,70.33,54.37,77.36,1,1,0,0,1
32.64,22.99,6.94,152,10.95,42.44,0.143,235,95.03,89.06,35.73,0,1,0,0,1
36.74,21.11,6.96,163,5.34,9.46,0.167,514,96.2,56.29,60.85,1,0,0,0,1
21.85,162.27,7.39,200,10.28,7.74,0.004,643,67.2,57.87,17.26,1,0,1,0,1
32.43,219.17,6.54,150,11.23,36.04,0.008,115,89.08,22.38,29.53,0,1,1,0,1
36.51,261.92,6.73,344,11.36,45.86,0.2,393,86.86,52.78,10.04,0,0,0,1,1
27.45,221.44,6.59,480,6.41,49.69,0.092,292,81.48,89.61,62.63,0,0,1,0,1
35.26,121.78,6.44,129,9.57,6.31,0.099,93,65.93,68.34,81.02,1,1,0,0,1
24.7,127.31,6.46,51,3.67,22.26,0.143,393,90.26,96.05,69.9,0,1,0,1,1
21.15,227.69,6.76,207,3.55,11.38,0.019,335,21.31,90.92,93.37,1,0,0,0,1
38.87,46.07,8.07,362,6.61,24.16,0.043,359,90.62,66.94,92.25,0,1,1,1,1
25.66,202.08,7.78,494,12.06,14.96,0.057,521,97.48,48.76,61.5,0,0,0,1,1
29.53,196.91,7.71,99,8.01,24.21,0.036,549,85.64,77.57,75.75,1,1,0,1,1
29.01,76.05,7.77,139,3.23,43.3,0.036,956,85.01,85.81,97.82,0,1,0,1,1
29.49,296.42,8.27,14,7.42,2.57,0.021,760,31.37,59.62,37.76,0,0,1,0,1
29.81,15.6,8.05,468,12.49,39.57,0.098,211,30.77,62.96,45.65,1,0,0,0,1
21.53,105.99,7.78,15,10.85,37.01,0.035,586,71.45,51.93,66.63,1,0,1,0,1
39.62,253.73,7.11,20,6.91,15.39,0.189,18,38.01,42.76,97.42,0,1,1,1,1
25.76,134.74,7.5,229,9.25,24.23,0.111,802,57.16,69.97,54.26,0,1,0,1,1
41.6,66.55,8.13,199,7.69,48.51,0.187,95,83.83,47.26,69.55,1,1,0,0,1
29.3,54.04,6.9,449,11.4,3.56,0.042,646,85.52,62.13,92.24,1,1,0,0,1
39.76,28.69,7.83,387,10.73,25.09,0.179,526,77.74,71.17,76.55,0,1,0,0,1
42.62,225.93,8.92,273,10.98,26.17,0.038,3,80.56,29.01,93.57,1,1,0,0,1
27.95,12.27,8.6,442,11.05,35.31,0.055,361,73.19,52.8,87.86,0,0,1,0,1
39.86,102.02,8.94,34,12.66,15.49,0.198,685,66.74,73.14,30.17,0,1,0,0,1
41.04,222.11,7.67,50,7.12,5.01,0.108,199,85.29,71.42,57.31,1,1,0,0,1
34.41,285.01,6.7,7,5.7,23.9,0.036,637,62.38,63.47,84.83,1,0,1,0,1
38.39,179.09,7.15,139,9.79,35.45,0.196,971,73.63,89.18,50.79,1,1,0,0,1
28.72,145.82,8.41,477,11.15,46.7,0.028,165,74.24,71.9,73.12,1,0,1,0,1
29.28,122.37,6.1,247,6.75,11.75,0.139,471,87.96,70.65,65.76,0,1,0,0,1
29.11,250.46,7.08,295,5.01,23.12,0.165,135,88.33,95.07,20.15,0,0,1,0,1
41.47,3.78,7.71,419,10.2,19.12,0.083,132,83.12,93.58,91.21,0,1,0,0,1
30.86,234.0,8.71,132,9.51,10.19,0.095,106,84.01,90.18,57.96,1,0,0,0,1
40.13,272.62,8.09,293,12.68,28.05,0.021,129,55.75,21.35,41.21,1,1,1,0,1
21.06,266.44,7.8,73,11.91,20.53,0.119,819,91.36,98.07,62.13,0,1,0,1,1
21.46,151.05,7.94,369,12.58,31.23,0.055,688,87.2,51.67,86.83,1,0,0,0,1
44.83,139.26,7.32,352,13.74,33.98,0.067,5,54.98,79.74,57.4,1,1,0,1,1
37.62,113.97,8.64,72,9.51,37.27,0.043,677,91.73,63.85,30.25,0,0,0,0,1
37.3,211.15,8.43,18,13.58,33.1,0.002,717,81.05,16.37,14.77,0,0,0,1,1
24.47,83.38,7.69,369,7.6,15.51,0.034,37,59.74,23.64,19.71,0,1,0,0,1
37.16,203.92,7.48,106,7.88,2.42,0.063,829,40.27,65.24,91.42,0,1,0,0,1
32.27,27.77,6.79,88,8.93,0.58,0.094,74,98.52,67.8,78.72,1,0,0,1,1
23.1,20.57,8.16,221,8.61,26.95,0.069,375,67.76,71.82,45.07,0,1,0,1,1
25.62,118.6,8.15,485,10.51,1.09,0.09,449,82.66,62.51,84.85,1,0,0,0,1
37.99,58.58,8.18,65,13.99,39.54,0.126,279,79.68,14.27,32.77,0,0,1,0,1
43.67,280.42,6.98,134,5.45,33.16,0.17,495,68.71,94.1,92.14,0,0,1,1,1
41.91,200.21,7.87,227,3.52,49.42,0.098,353,90.94,48.0,58.58,0,0,1,0,1
34.67,136.57,7.44,14,8.68,12.2,0.07,435,99.81,12.04,93.38,1,0,0,0,1
21.81,9.34,6.49,470,9.33,32.54,0.08,661,99.42,59.86,83.16,0,0,0,0,1
30.84,35.69,7.21,397,10.32,38.5,0.107,321,53.41,62.11,86.85,0,1,1,1,1
20.86,38.06,7.99,7,13.32,39.01,0.105,685,63.86,77.75,17.65,1,0,0,0,1
35.96,294.47,8.13,75,13.46,37.37,0.0,753,54.85,20.92,45.99,0,0,0,1,1
39.05,228.2,6.76,303,5.39,24.96,0.099,129,78.77,66.26,79.97,0,1,0,1,1
29.34,160.61,7.73,383,7.81,1.27,0.047,37,81.34,65.36,91.92,1,1,1,0,1
39.95,101.21,6.73,275,9.22,16.54,0.061,531,50.68,83.51,26.74,0,1,0,1,1
42.88,196.99,7.92,292,3.41,9.36,0.016,403,90.63,56.9,30.25,0,0,0,0,1
35.39,100.6,8.5,149,7.06,0.1,0.154,828,73.22,37.56,90.9,0,1,0,0,1
40.96,245.48,7.55,101,3.68,8.04,0.121,596,84.39,43.65,37.06,0,1,0,0,1
21.56,258.58,7.86,289,12.71,2.26,0.123,161,51.17,77.5,58.13,0,1,1,0,1
42.77,49.15,6.61,445,7.07,4.44,0.111,835,96.93,52.05,77.25,0,0,0,0,1
42.88,57.15,7.66,249,8.97,30.29,0.029,581,50.36,65.29,57.22,1,1,0,1,1
37.05,290.6,8.6,115,7.79,8.77,0.176,211,94.58,48.68,92.81,0,0,1,0,1
34.79,178.32,7.68,336,6.01,8.15,0.066,257,73.55,47.23,50.15,0,1,0,0,1
32.59,65.37,7.44,419,3.59,42.7,0.035,461,80.55,43.46,37.28,0,0,0,0,1
29.9,232.44,6.04,168,5.45,13.55,0.095,247,45.2,66.23,55.36,0,0,0,0,1
27.83,93.78,7.31,419,10.82,34.54,0.092,677,60.01,77.02,79.14,0,1,0,0,1
37.79,169.05,6.88,248,8.18,21.3,0.184,818,50.8,71.92,79.51,1,0,0,0,1
43.47,188.87,8.82,43,2.9,16.11,0.029,28,94.16,11.51,76.86,0,0,1,0,1
25.53,295.42,8.29,113,7.52,22.69,0.01,958,85.63,14.97,93.65,0,0,1,1,1
32.74,166.57,8.8,380,5.78,23.19,0.014,101,52.18,44.09,27.91,0,1,0,1,1
20.29,187.76,7.77,462,7.01,6.79,0.014,416,84.51,91.76,83.81,1,0,0,0,1
20.47,256.96,7.97,330,3.94,11.29,0.031,111,38.6,75.23,85.03,1,0,0,0,1
28.65,141.85,6.91,151,4.62,29.74,0.19,373,83.31,45.06,32.68,1,0,0,0,1
25.79,94.11,6.73,34,11.83,38.31,0.112,575,68.67,99.87,81.73,1,0,1,0,1
29.55,103.7,7.73,58,13.43,17.77,0.092,736,89.76,24.24,62.46,0,1,0,0,1
35.2,203.13,6.57,116,8.71,17.73,0.151,573,88.88,51.93,56.05,0,1,0,1,1
42.89,94.24,8.25,33,13.3,48.4,0.044,871,50.78,38.6,30.05,0,1,0,0,1
33.08,214.1,7.46,18,11.48,36.32,0.036,207,39.58,37.44,56.01,0,0,0,1,1
38.74,28.8,6.7,416,12.9,6.34,0.197,222,74.14,56.98,72.69,1,1,0,1,1
37.44,53.72,6.5,17,12.31,14.18,0.196,366,29.92,65.45,95.95,0,0,0,1,1
24.13,203.37,7.5,172,3.29,5.43,0.044,377,27.53,46.33,56.0,1,0,0,1,1
21.38,161.91,7.08,168,12.45,29.61,0.03,140,70.58,16.09,90.8,1,0,1,0,1
38.49,159.52,8.47,390,11.8,13.3,0.12,163,57.29,91.15,66.42,0,1,0,1,1
39.99,154.74,8.31,93,11.5,2.93,0.196,385,77.99,33.12,40.75,0,1,1,1,1
21.93,120.42,6.92,480,11.9,5.07,0.154,239,73.04,10.52,23.79,0,0,0,1,1
28.28,39.5,7.38,460,2.72,7.11,0.044,267,59.72,90.73,78.15,1,0,0,1,1
34.57,117.91,7.17,216,5.99,42.08,0.051,381,73.63,44.66,97.14,1,1,0,0,1
27.13,66.84,6.09,334,12.5,2.29,0.08,42,57.69,85.65,43.86,1,0,0,0,1
26.79,270.68,7.49,477,2.09,31.97,0.01,368,53.76,22.13,33.21,0,1,0,0,1
29.51,36.94,8.13,405,12.58,43.78,0.086,279,98.45,69.43,33.28,0,1,0,1,1
23.76,276.87,7.43,354,2.69,31.53,0.151,46,82.32,64.81,91.32,0,0,0,1,1
31.64,17.44,7.47,4,5.17,9.3,0.15,445,57.04,42.79,95.83,1,1,0,0,1
29.91,65.97,7.83,17,9.98,4.1,0.128,224,53.83,70.01,94.35,1,0,1,1,1
41.8,17.33,7.37,79,9.05,48.1,0.071,616,26.41,79.33,54.23,0,0,0,1,1
23.89,254.39,6.78,65,6.54,5.86,0.139,392,31.52,82.92,23.61,1,1,0,0,1
30.17,16.27,6.68,243,6.65,18.63,0.075,399,36.6,57.89,89.75,0,1,0,0,1
35.21,179.83,8.74,4,7.39,43.92,0.025,128,64.22,56.81,28.98,0,1,1,0,1
32.93,82.18,7.72,180,10.52,33.91,0.04,889,76.6,66.66,42.85,1,0,1,0,1
20.21,291.71,6.03,134,12.65,38.88,0.01,72,93.14,36.0,50.42,0,1,0,1,1
25.85,89.8,6.53,232,7.26,7.14,0.144,573,89.67,52.41,19.93,0,0,0,1,1
42.81,9.43,6.37,203,13.04,33.5,0.004,578,51.68,92.74,71.34,1,0,0,0,1
33.43,58.34,8.99,279,8.47,37.94,0.019,909,55.54,43.82,99.72,0,1,0,1,1
40.36,7.19,6.0,140,6.29,24.91,0.092,81,74.83,99.2,27.64,1,0,0,1,1
44.15,17.97,8.47,264,7.27,33.55,0.182,544,99.18,55.5,79.03,1,1,0,0,1
22.11,75.28,8.2,380,8.28,22.33,0.153,411,99.81,60.13,17.2,0,0,0,0,1
24.35,233.44,8.49,394,9.43,12.22,0.155,125,36.32,51.6,48.29,0,0,1,0,1
40.06,237.57,7.53,132,6.67,39.87,0.023,790,62.18,95.45,33.72,0,1,1,1,1
37.03,145.83,7.42,178,11.99,23.56,0.023,558,53.75,10.33,87.47,0,0,0,0,1
21.45,193.6,8.27,11,4.22,2.19,0.017,879,67.36,59.66,18.27,0,0,0,0,1
33.97,188.3,8.21,93,3.34,11.96,0.188,432,64.3,85.04,88.41,0,0,0,0,1
42.01,151.28,6.55,436,13.69,33.06,0.109,365,63.63,52.09,33.31,0,0,1,1,1
42.99,115.16,6.76,14,4.86,27.29,0.028,969,54.23,41.94,98.74,0,0,1,1,1
23.13,105.21,8.76,40,3.61,12.0,0.071,61,64.85,29.38,40.69,0,0,0,0,1
34.4,280.44,6.98,428,8.17,4.31,0.117,125,93.65,17.73,77.19,0,0,1,0,1
36.51,276.31,6.42,237,9.71,36.03,0.075,290,56.6,49.31,15.19,1,0,0,0,1
24.14,66.31,7.49,212,13.72,20.57,0.092,186,88.11,86.78,71.51,1,0,0,0,1
37.94,199.91,8.5,85,10.64,3.95,0.189,695,96.82,81.62,50.69,0,0,1,1,1
38.77,279.5,7.09,79,7.12,40.17,0.133,455,50.6,14.84,53.71,0,0,0,1,1
31.18,111.68,6.06,249,7.0,22.26,0.11,197,51.58,75.08,83.57,1,0,0,1,1
44.6,206.37,7.51,371,3.33,35.25,0.041,707,77.72,88.73,80.82,0,0,0,0,1
37.24,8.79,6.98,103,2.08,33.4,0.183,601,77.78,45.47,48.35,0,1,0,0,1
40.94,172.41,7.85,36,13.62,20.45,0.11,585,95.28,40.83,30.31,0,0,0,1,1
41.09,291.07,7.94,58,6.59,46.18,0.047,833,50.96,83.25,17.75,0,1,1,0,1
36.85,113.65,7.82,349,13.91,6.44,0.16,22,50.16,60.36,38.39,1,0,0,0,1
20.06,289.16,7.95,317,7.41,25.76,0.113,161,77.46,85.58,60.23,1,1,0,0,1
23.36,192.12,6.52,128,4.18,47.86,0.018,311,22.83,41.67,53.78,0,1,1,0,1
34.69,285.33,7.62,193,9.45,21.81,0.01,278,47.01,41.8,30.67,1,0,0,0,1
44.4,162.86,8.74,78,13.51,45.77,0.055,354,77.03,97.62,80.88,0,1,0,1,1
41.98,154.87,7.73,40,13.7,25.92,0.128,884,30.77,50.34,95.64,0,0,0,0,1
21.15,200.74,6.62,199,7.26,8.67,0.125,806,50.95,90.91,21.99,0,0,0,1,1
29.92,52.11,8.53,103,10.2,18.43,0.013,24,72.21,72.78,46.99,1,0,1,0,1
28.82,262.57,7.03,294,6.68,17.01,0.043,307,65.99,85.35,17.97,1,1,0,0,1
43.66,192.76,7.4,280,5.71,11.02,0.119,96,79.43,65.02,73.34,0,1,0,1,1
41.99,287.81,6.48,220,12.75,43.67,0.024,179,82.06,33.05,31.88,0,1,0,0,1
29.97,277.79,7.84,64,4.96,32.52,0.003,107,52.98,55.58,70.12,1,0,1,1,1
34.9,19.9,7.23,9,6.76,22.96,0.142,632,72.32,73.93,99.91,1,0,0,0,1
37.65,25.74,7.92,21,10.14,23.24,0.068,707,58.86,75.45,85.33,0,0,1,0,1
43.57,271.32,6.92,424,13.22,20.5,0.122,270,60.07,19.62,75.78,0,0,0,1,1
38.56,141.06,7.33,150,5.91,24.2,0.166,390,51.39,89.42,31.78,1,0,1,1,1
26.31,135.65,6.45,121,9.95,23.56,0.056,619,56.84,55.24,82.39,0,1,0,1,1
27.38,122.87,6.81,80,6.65,19.83,0.078,668,43.15,65.13,52.51,0,0,1,0,1
23.44,188.2,7.28,266,5.77,48.08,0.002,869,96.82,83.13,79.62,0,0,0,0,1
34.77,130.18,7.61,16,7.26,40.48,0.016,606,38.58,59.1,92.81,0,1,0,1,1
36.23,212.13,8.4,483,14.0,4.43,0.104,90,74.07,96.49,16.87,0,1,1,0,1
28.95,89.86,8.06,116,12.69,15.11,0.016,309,52.88,33.16,21.18,0,1,1,0,1
24.89,74.53,7.0,415,2.71,34.62,0.001,166,90.26,20.07,39.37,0,1,0,0,1
39.93,185.25,7.89,383,11.19,17.41,0.017,136,24.66,95.5,63.65,0,0,1,0,1
39.93,118.5,7.36,127,4.71,35.83,0.19,267,68.51,86.43,46.92,0,0,0,1,1
39.64,292.26,6.05,384,11.95,47.87,0.004,336,92.78,89.65,79.35,0,1,0,1,1
35.9,172.61,7.28,110,12.48,3.63,0.014,942,55.4,57.36,51.2,1,1,0,0,1
21.76,15.4,8.64,496,6.37,33.04,0.007,196,76.12,93.17,66.69,0,1,0,0,1
40.68,92.57,7.38,10,13.74,34.93,0.056,656,43.5,77.17,41.15,1,0,0,0,1
26.04,244.09,7.51,328,11.22,21.92,0.019,8,96.2,42.77,31.06,0,0,1,1,1
28.6,268.54,8.14,366,8.2,44.11,0.028,131,37.14,10.8,63.06,0,0,0,1,1
38.3,296.51,8.39,34,10.1,14.2,0.016,321,61.44,89.57,11.6,1,0,1,1,1
43.33,167.72,6.61,288,10.76,42.95,0.151,328,96.89,84.04,93.4,0,0,1,0,1
31.37,32.7,8.91,249,9.41,3.46,0.04,501,77.43,72.39,32.65,0,1,0,0,1
44.78,285.1,7.82,166,12.25,35.04,0.068,261,38.59,11.27,58.04,0,0,0,0,1
22.51,97.59,6.62,359,3.84,16.14,0.0,620,75.18,97.62,95.8,1,0,0,0,1
36.02,46.85,7.26,21,12.6,5.14,0.03,842,76.03,59.29,92.59,1,0,1,1,1
35.26,267.39,8.48,161,13.73,42.62,0.059,24,53.03,67.39,99.18,0,0,0,1,1
38.98,257.81,8.43,464,3.42,1.8,0.025,165,28.1,82.16,69.8,0,0,1,0,1
41.2,225.75,6.57,462,12.08,19.92,0.164,186,74.31,41.36,81.67,0,1,1,1,1
26.61,132.71,7.46,27,13.04,24.38,0.18,635,32.79,65.29,93.91,0,1,0,1,1
35.95,20.08,7.95,147,5.06,6.12,0.002,417,46.02,24.63,73.47,0,0,0,1,1
20.51,0.03,7.43,38,6.72,38.81,0.152,79,79.58,43.04,37.74,0,0,1,1,1
20.69,265.02,7.5,303,8.55,28.42,0.163,220,58.94,67.66,38.6,0,1,0,1,1
31.41,6.21,7.19,55,12.0,34.96,0.024,170,38.75,13.57,22.75,0,0,1,1,1
38.97,220.75,8.9,31,12.08,48.87,0.126,47,68.8,77.45,44.41,0,1,1,0,1
27.5,206.15,7.7,122,10.46,9.56,0.088,1,22.12,84.24,87.19,0,0,1,0,1
32.53,186.6,6.46,78,6.11,17.02,0.102,385,70.65,97.51,61.4,0,0,1,0,1
37.53,13.35,6.9,244,5.95,47.19,0.115,119,54.2,54.52,66.92,1,1,0,1,1
29.99,231.53,6.22,126,10.6,9.44,0.01,208,78.46,68.21,78.79,0,1,1,0,1
35.87,197.0,7.65,435,9.74,25.94,0.136,18,53.87,40.3,84.63,0,0,1,0,1
39.7,122.53,7.11,303,7.14,4.5,0.106,228,51.91,85.36,13.47,0,1,1,0,1
30.35,39.81,8.6,3,11.31,14.81,0.081,105,72.06,64.61,66.95,0,0,1,0,1
30.69,141.55,6.88,476,11.86,15.16,0.055,637,82.82,87.12,32.46,0,0,0,1,1
25.72,174.35,7.58,449,8.91,43.35,0.15,232,65.31,75.09,26.77,0,1,0,1,1
44.91,167.95,8.92,448,5.18,3.1,0.112,92,81.22,77.51,26.69,0,0,0,1,1
42.09,156.42,6.04,45,10.61,18.86,0.0,515,57.23,67.72,23.88,0,1,1,0,1
27.19,119.75,7.8,206,13.18,31.32,0.129,19,52.46,92.43,97.4,0,1,0,1,1
36.01,114.22,8.69,482,13.46,40.06,0.048,254,76.54,80.21,76.06,0,0,1,1,1
21.57,152.11,6.58,74,2.85,6.15,0.038,793,57.66,48.18,73.4,1,0,0,0,1
29.06,294.59,8.14,18,2.75,30.09,0.117,344,60.51,99.33,12.88,1,1,0,0,1
41.91,138.64,7.59,63,12.02,14.04,0.042,720,52.5,75.43,34.44,1,0,0,0,1
21.03,150.3,7.18,1,2.46,16.2,0.068,196,61.71,97.46,86.78,1,1,0,1,1
20.56,283.98,6.56,135,4.2,1.02,0.197,395,96.89,26.55,72.85,0,0,0,0,1
27.54,179.44,7.65,396,5.81,25.06,0.189,146,85.07,90.35,33.34,0,0,1,1,1
29.81,295.65,6.95,49,6.0,32.39,0.069,840,90.76,89.36,71.06,0,0,1,0,1
32.71,156.62,7.53,491,8.61,36.5,0.043,148,43.65,80.51,91.11,0,0,0,1,1
25.19,258.86,7.32,231,7.82,32.54,0.074,186,73.09,42.95,83.81,1,0,0,1,1
21.28,31.92,6.5,406,7.37,26.4,0.048,316,84.5,63.29,25.18,0,1,1,1,1
43.66,135.57,6.87,129,3.46,18.16,0.07,331,96.49,85.94,41.97,0,1,0,1,1
32.02,236.66,7.91,6,4.6,23.64,0.155,183,65.29,66.71,74.61,1,0,1,0,1
39.31,168.8,6.55,27,9.46,4.95,0.104,591,79.08,62.34,81.5,0,1,1,0,1
42.49,201.05,8.35,387,8.71,46.84,0.039,103,74.66,85.81,57.73,0,1,1,1,1
33.28,3.33,7.81,120,13.11,14.24,0.069,436,57.56,63.92,79.78,0,0,0,1,1
40.44,50.73,7.31,123,7.93,9.78,0.125,378,77.18,86.62,78.77,1,1,1,0,1
26.42,243.77,8.63,145,2.29,40.27,0.043,65,70.4,48.73,47.31,1,0,0,0,1
28.08,297.4,8.31,111,10.5,7.16,0.015,54,21.29,30.84,58.23,1,0,1,0,1
27.68,238.48,6.94,238,13.41,28.93,0.132,301,80.36,71.78,82.24,0,0,1,1,1
34.0,226.47,6.89,196,13.94,37.96,0.182,525,74.62,86.58,83.2,0,1,0,1,1
41.33,57.45,6.58,221,12.23,44.55,0.098,75,26.47,56.24,85.27,0,0,0,1,1
20.35,158.88,8.24,207,6.36,25.34,0.027,242,96.92,10.27,14.35,1,0,1,0,1
21.5,250.93,6.69,201,6.25,35.46,0.161,328,55.24,46.29,88.59,0,1,0,1,1
25.4,21.66,7.66,219,5.67,22.64,0.033,541,41.85,72.42,23.36,0,0,0,0,1
25.41,3.16,8.9,300,5.38,23.08,0.013,127,51.22,48.03,94.32,0,1,1,0,1
23.41,85.22,7.23,457,5.05,6.28,0.098,174,24.79,77.06,56.81,0,1,0,0,1
39.02,252.98,8.72,171,7.42,21.1,0.131,192,36.61,62.79,23.16,0,0,0,0,1
35.15,15.18,7.59,494,2.78,22.66,0.05,214,94.38,84.04,66.39,0,0,1,1,1
35.88,35.73,7.46,121,11.75,20.72,0.162,339,32.25,89.98,64.53,0,0,1,1,1
27.32,40.53,6.55,345,8.53,44.92,0.026,145,53.87,80.76,68.33,0,1,0,1,1
26.22,37.55,8.36,237,11.9,22.26,0.002,744,78.28,68.39,56.08,0,0,1,0,1
39.45,64.43,7.34,412,12.5,21.74,0.183,268,69.89,54.7,27.99,1,0,0,0,1
32.89,290.31,6.82,334,5.9,11.6,0.076,143,65.81,44.5,93.08,0,0,1,0,1
27.36,157.64,7.17,385,6.14,31.27,0.015,393,20.68,97.64,40.88,1,0,0,1,1
32.94,75.86,8.19,89,6.12,28.81,0.088,552,31.67,56.84,44.5,0,1,0,0,1
30.55,267.33,8.91,71,13.12,30.51,0.131,461,70.25,64.45,66.17,1,0,0,0,1
27.88,223.5,8.72,318,9.04,19.67,0.021,140,62.91,28.67,91.3,0,0,0,0,1
38.73,7.61,8.16,26,13.31,10.12,0.196,832,73.52,56.43,73.78,1,1,0,0,1
42.19,54.12,8.92,454,6.75,4.75,0.174,4,62.82,83.05,97.86,0,1,0,1,1
38.65,49.27,7.62,317,6.57,35.07,0.001,362,90.43,49.88,41.43,1,1,0,0,1
31.72,138.57,8.49,264,12.46,28.7,0.1,189,96.35,59.98,74.01,1,1,0,0,1
30.13,207.62,7.15,449,10.47,4.79,0.025,142,74.74,73.42,32.95,1,0,1,0,1
28.52,278.07,6.83,445,7.52,31.38,0.018,674,77.93,99.31,64.58,0,0,0,1,1
30.07,246.9,6.04,90,9.27,21.27,0.016,34,56.6,44.95,70.14,0,1,1,0,1
28.61,77.19,7.42,61,7.26,4.43,0.128,645,96.62,43.28,72.02,1,0,0,1,1
38.2,42.48,8.25,90,8.24,23.13,0.198,0,25.08,49.71,17.35,1,0,0,1,1
36.42,163.26,8.53,9,9.12,46.29,0.012,293,97.04,42.07,63.01,1,0,0,1,1
35.07,218.87,7.96,210,7.11,7.11,0.155,255,99.6,85.31,62.6,0,1,0,1,1
39.26,40.52,7.53,440,10.21,14.9,0.181,419,79.1,99.34,39.64,0,0,0,0,1
41.88,177.65,6.74,33,12.39,12.7,0.045,863,51.93,66.2,54.08,0,0,1,0,1
25.74,158.68,7.01,95,12.73,28.78,0.171,280,35.79,43.45,96.86,0,1,0,1,1
20.13,213.94,8.27,445,5.42,37.91,0.182,128,63.05,82.9,36.9,0,1,0,1,1
44.15,106.88,6.82,181,7.47,42.42,0.089,679,51.7,45.29,30.09,0,1,0,0,1
28.65,75.66,6.77,285,6.83,18.94,0.092,692,97.94,55.29,57.84,0,0,1,0,1
33.17,200.18,7.53,259,12.9,35.24,0.089,310,30.62,46.86,62.81,0,1,0,0,1
34.45,16.68,6.19,73,6.08,32.22,0.002,823,89.67,97.75,49.84,0,0,1,0,1
23.52,20.41,7.12,268,13.12,9.0,0.092,248,45.9,88.4,53.17,0,1,1,0,1
34.28,125.19,7.59,247,5.48,13.74,0.098,56,77.36,88.0,85.89,1,1,0,1,1
30.95,59.37,8.56,46,13.99,8.76,0.154,48,66.19,36.9,44.42,0,0,1,0,1
26.57,58.46,7.07,440,13.1,11.35,0.192,261,30.88,63.36,53.99,0,0,0,1,1
20.33,84.64,7.49,63,12.13,38.22,0.052,734,38.65,43.73,96.16,0,1,0,0,1
30.46,0.32,8.24,107,10.84,45.5,0.172,133,20.47,86.64,18.47,0,0,0,1,1
32.35,36.95,7.64,97,12.25,43.37,0.0,143,43.24,57.95,72.72,0,0,1,0,1
32.52,241.77,7.39,52,7.41,21.71,0.103,782,62.82,95.78,92.58,0,1,0,0,1
36.99,125.53,7.03,224,3.33,6.75,0.092,113,43.94,69.47,64.94,0,1,0,0,1
37.95,185.19,8.46,96,11.31,44.01,0.062,538,79.67,78.2,16.61,0,0,1,0,1
30.74,155.81,6.62,351,2.49,17.63,0.031,196,86.62,58.96,20.73,1,0,0,1,1
29.85,48.8,8.12,448,8.8,22.37,0.112,617,85.97,89.37,71.51,0,1,0,0,1
41.56,167.58,7.73,147,10.39,33.13,0.2,333,99.17,90.9,37.59,1,1,0,0,1
38.56,55.43,6.37,126,12.14,31.6,0.01,75,92.13,44.1,81.01,1,1,1,0,1
22.74,256.23,7.72,165,3.12,5.96,0.028,170,83.32,88.82,79.69,0,1,0,1,1
38.93,53.49,7.48,7,4.2,19.8,0.164,126,86.15,77.33,75.75,1,1,0,1,1
35.23,41.15,8.03,276,13.07,12.21,0.101,171,91.65,57.36,88.86,1,0,0,1,1
22.28,261.69,7.4,32,5.61,15.09,0.099,112,99.25,28.36,25.42,0,0,1,0,1
39.48,83.71,7.24,144,9.53,44.58,0.107,385,90.37,45.25,33.44,0,0,1,0,1
28.53,87.64,6.39,319,3.33,11.42,0.01,127,59.54,42.22,53.12,0,0,0,1,1
28.12,52.57,8.8,37,12.2,9.79,0.017,471,70.86,51.61,46.85,1,1,0,0,1
33.08,0.03,7.11,412,2.56,14.18,0.156,266,56.81,93.66,40.3,0,0,0,0,1
25.24,236.81,7.44,259,7.71,2.87,0.075,260,73.09,67.48,44.91,1,1,1,0,1
24.26,257.89,7.84,445,12.05,21.5,0.004,899,64.8,79.58,75.2,1,0,0,0,1
20.77,15.45,8.31,269,8.21,6.91,0.002,270,26.88,94.26,46.88,0,1,0,1,1
32.23,85.93,8.36,37,11.14,18.34,0.121,812,81.68,24.63,40.02,0,0,0,1,1
22.98,73.06,7.82,175,5.22,12.54,0.06,140,72.53,53.37,45.7,1,0,1,0,1
43.04,261.01,7.74,253,11.22,17.45,0.014,314,32.92,97.86,20.96,0,0,1,0,1
35.07,19.15,7.58,69,5.41,22.5,0.096,25,74.31,73.08,75.63,1,0,1,1,1
29.45,150.86,7.18,304,9.7,25.99,0.123,392,62.69,47.95,35.34,0,0,1,1,1
22.19,89.16,6.76,67,7.03,3.05,0.124,816,24.87,84.16,51.02,0,0,0,0,1
29.4,187.02,6.28,400,6.02,6.13,0.166,348,86.86,45.88,10.5,0,0,0,0,1
40.2,7.61,6.02,276,12.23,29.66,0.042,252,55.93,47.94,67.1,1,1,0,0,1
39.85,146.46,8.92,323,5.74,46.12,0.021,226,63.87,91.11,61.23,0,1,1,0,1
37.74,52.9,7.05,231,5.63,19.46,0.063,350,22.24,73.19,96.71,0,0,1,1,1
43.88,116.74,7.67,38,8.88,10.14,0.009,627,37.32,86.04,19.79,0,0,1,1,1
41.32,268.41,8.06,454,10.04,38.48,0.007,285,21.67,81.98,15.84,0,0,1,0,1
42.95,281.25,8.61,416,11.69,1.55,0.127,400,57.31,75.94,93.45,0,1,0,0,1
28.31,65.76,6.37,268,11.95,4.37,0.122,155,63.12,14.18,53.26,0,0,0,0,1
24.95,172.05,7.54,481,3.16,31.38,0.148,242,80.74,59.83,70.98,0,0,0,0,1
36.73,213.57,8.37,108,12.39,36.99,0.098,482,40.14,71.78,66.93,0,1,0,1,1
27.44,38.57,6.52,482,10.23,7.67,0.183,831,84.03,60.72,89.56,0,1,0,0,1
32.07,137.29,6.77,387,10.46,7.07,0.09,461,63.13,42.97,41.3,0,0,0,0,1
42.33,216.56,6.53,296,5.36,7.18,0.182,606,85.83,94.97,89.56,0,0,0,1,1
43.97,246.64,6.67,102,5.89,24.82,0.081,161,78.74,81.35,63.5,1,0,1,1,1
38.94,67.62,8.93,38,6.14,19.67,0.033,835,72.24,82.17,92.39,0,1,1,0,1
37.0,37.12,8.56,365,6.95,34.22,0.024,520,74.14,30.12,65.73,0,0,0,0,1
32.81,90.81,8.43,173,5.67,20.59,0.036,217,94.8,82.96,87.05,0,1,1,1,1
27.53,59.63,6.7,197,6.36,33.67,0.035,684,72.04,47.01,26.02,0,1,0,0,1
30.83,87.6,6.88,93,7.79,0.05,0.102,262,74.6,98.25,67.69,1,1,1,0,1
24.67,12.0,8.47,468,12.9,43.19,0.112,360,60.01,78.25,99.41,1,1,0,0,1
40.15,76.88,8.73,234,11.11,6.0,0.188,123,93.22,55.01,65.0,0,0,0,1,1
36.49,284.48,7.23,457,11.41,41.47,0.03,210,77.37,83.55,73.1,0,1,1,1,1
32.58,215.37,7.58,206,8.2,33.37,0.096,993,62.65,62.91,41.05,1,0,0,0,1
24.24,83.19,7.26,73,6.64,2.48,0.159,293,82.4,22.58,55.44,1,1,0,1,1
36.02,83.43,8.2,26,12.51,16.62,0.121,81,41.89,26.54,88.19,0,1,0,1,1
36.16,105.65,8.48,51,8.93,3.39,0.046,454,96.63,85.18,96.9,0,1,1,1,1
32.9,259.12,7.6,163,9.62,42.79,0.185,117,81.29,21.7,76.16,0,1,0,1,1
27.59,66.55,8.35,69,6.77,44.47,0.014,42,77.96,11.72,22.72,1,0,0,1,1
23.29,216.7,8.75,8,2.85,20.89,0.181,68,63.48,71.93,82.64,0,0,0,1,1
34.76,258.56,8.48,354,8.55,14.53,0.125,54,89.13,99.72,64.68,1,1,0,1,1
38.09,272.31,7.84,50,12.31,34.6,0.001,446,63.19,85.77,19.68,0,1,1,0,1
23.13,240.26,7.18,197,10.54,28.02,0.096,302,53.03,52.78,96.73,0,1,1,1,1
31.27,195.14,6.82,263,2.44,36.41,0.005,335,72.67,79.01,48.8,1,1,0,0,1
40.61,10.43,7.75,224,2.68,8.62,0.106,150,68.3,59.16,24.88,0,0,0,0,1
30.31,218.65,8.74,237,5.83,26.75,0.017,317,47.23,57.45,38.65,0,0,1,0,1
34.93,21.95,6.73,457,8.98,8.43,0.04,402,63.18,89.36,87.17,0,1,0,0,1
25.58,249.13,8.28,248,7.99,24.33,0.15,200,35.64,37.91,52.58,0,1,0,0,1
35.15,150.97,8.14,374,10.56,5.69,0.107,685,57.19,47.28,18.5,0,0,0,1,1
28.13,202.24,7.81,268,12.11,33.76,0.012,420,77.16,22.19,71.44,0,0,0,1,1
26.98,188.36,7.35,104,11.67,3.99,0.123,603,71.52,97.77,48.89,1,0,0,0,1
26.92,250.46,7.45,154,5.02,4.0,0.102,131,50.16,62.11,39.49,0,1,0,1,1
32.98,217.57,7.81,166,12.14,20.63,0.052,197,91.3,29.99,58.99,0,1,1,0,1
39.01,143.85,7.19,89,8.88,36.6,0.065,207,59.15,81.17,85.91,0,0,1,1,1
26.9,79.42,6.8,485,4.0,39.92,0.04,116,48.53,51.97,65.37,0,1,0,0,1
26.22,112.29,6.1,475,12.29,24.71,0.081,340,71.67,69.05,92.11,1,0,0,0,1
23.52,80.63,8.44,72,4.51,38.98,0.085,24,77.84,34.71,36.38,0,1,0,0,1
40.41,212.86,8.23,35,8.78,23.6,0.172,178,50.87,28.21,20.27,0,0,1,0,1
39.69,32.45,8.26,270,3.5,36.09,0.128,268,81.14,73.74,49.63,1,1,0,0,1
22.36,203.39,8.33,476,11.26,32.84,0.038,286,79.26,53.55,27.77,0,0,1,0,1
39.61,266.85,8.04,4,7.47,37.63,0.141,509,73.87,91.11,37.93,0,1,1,0,1
35.55,199.38,8.67,71,8.11,16.63,0.04,317,66.25,10.16,57.86,0,1,1,0,1
27.7,112.89,8.42,61,11.43,10.12,0.141,339,86.03,88.42,90.65,0,1,1,1,1
31.72,17.17,7.18,378,13.1,25.33,0.069,43,34.85,58.92,59.72,0,0,0,0,1
27.02,159.09,7.6,19,12.76,1.9,0.179,934,97.61,74.04,93.08,0,0,0,0,1
43.57,168.87,7.84,160,9.48,40.92,0.098,151,80.26,66.71,25.38,0,0,0,0,1
22.48,30.46,6.52,79,8.87,42.04,0.015,898,82.45,82.85,97.95,0,1,0,0,1
42.22,138.9,7.22,396,5.47,48.85,0.038,153,49.56,95.51,59.31,1,0,0,0,1
23.27,291.51,8.15,82,6.66,0.92,0.043,453,87.27,83.12,31.48,1,0,1,0,1
38.6,34.57,8.38,103,10.5,3.18,0.005,773,33.4,19.13,10.64,0,0,0,0,1
25.39,157.47,8.47,196,5.35,37.3,0.055,351,26.92,97.5,23.89,0,0,0,0,1
40.34,173.68,6.85,259,4.35,3.09,0.008,239,91.97,89.25,61.25,1,0,0,0,1
21.6,79.96,7.97,354,11.22,39.57,0.032,813,83.13,85.01,83.22,0,1,0,1,1
37.62,277.5,8.42,194,9.39,27.73,0.08,69,22.9,77.42,83.86,0,1,1,0,1
24.73,218.6,7.02,174,13.26,14.12,0.159,255,92.23,19.42,61.66,0,0,0,1,1
32.05,119.82,8.86,390,9.46,43.01,0.002,72,59.26,59.37,53.08,0,0,0,1,1
27.39,131.97,8.38,144,3.21,32.81,0.073,92,56.55,82.0,59.33,1,0,0,1,1
25.66,147.29,6.08,182,10.48,3.64,0.09,338,70.59,88.5,61.04,0,0,0,1,1
34.68,90.08,6.82,53,12.72,0.66,0.185,363,52.24,47.79,90.14,1,1,1,1,1
25.68,195.63,6.68,463,10.25,23.08,0.054,271,63.66,66.02,96.61,0,0,1,0,1
20.75,227.42,7.42,198,9.88,23.15,0.09,270,51.74,31.35,75.51,0,1,1,0,1
43.77,39.37,8.21,99,12.81,45.18,0.16,130,40.45,77.82,23.89,0,1,0,0,1
22.99,188.83,6.81,491,8.34,16.26,0.029,128,35.38,71.2,10.08,0,0,0,0,1
23.13,261.69,7.94,155,13.98,15.59,0.193,251,37.08,89.15,67.56,0,0,1,0,1
38.86,27.44,8.37,296,9.76,5.26,0.121,920,62.34,78.11,53.24,0,0,0,1,1
43.8,155.55,7.79,8,12.83,31.29,0.173,143,36.62,69.99,48.61,0,0,1,1,1
21.82,126.24,6.85,498,5.7,39.33,0.198,527,54.06,80.81,83.02,0,0,1,0,1
33.47,74.85,6.67,325,8.8,21.53,0.088,123,46.79,51.89,56.63,0,1,0,1,1
24.5,180.7,8.49,340,12.99,43.63,0.062,66,72.8,52.89,72.0,1,0,0,0,1
35.8,110.97,6.49,62,10.44,18.51,0.18,314,81.01,57.44,51.61,1,1,0,1,1
35.34,93.26,6.19,62,9.1,0.02,0.019,573,94.31,75.24,64.27,0,1,0,1,1
44.33,146.38,6.53,343,5.88,17.82,0.142,453,99.95,94.08,45.85,0,1,0,0,1
21.02,213.86,6.9,128,10.06,38.24,0.032,33,54.75,36.95,98.36,0,1,1,0,1
26.61,285.62,6.44,163,8.14,36.12,0.087,354,52.01,45.51,77.66,0,0,0,0,1
41.75,74.83,6.02,258,8.11,30.55,0.005,552,79.8,70.84,55.31,0,0,0,1,1
35.78,165.16,7.47,126,5.51,27.02,0.152,876,74.83,38.98,61.61,0,0,0,1,1
24.66,209.36,7.66,83,3.69,36.99,0.035,158,53.02,16.36,25.82,1,1,0,0,1
23.29,253.16,7.03,221,7.5,39.13,0.01,631,96.52,56.0,57.79,1,0,0,0,1
27.17,110.67,7.07,211,11.76,22.85,0.134,116,95.45,82.25,28.11,1,0,1,0,1
28.07,244.11,8.0,51,13.69,43.36,0.129,104,65.31,16.1,67.86,1,0,0,1,1
44.7,109.37,8.33,197,8.21,31.63,0.141,657,88.16,58.05,72.51,1,1,0,0,1
37.42,209.44,8.77,91,4.79,23.59,0.036,698,56.72,46.77,73.16,0,0,1,0,1
29.1,143.79,6.29,300,6.48,39.25,0.018,609,53.07,97.77,70.65,0,0,1,0,1
25.85,80.9,7.76,120,12.64,19.21,0.174,350,53.36,93.69,85.29,0,1,1,1,1
22.97,279.58,8.37,387,12.08,12.26,0.118,236,94.67,45.6,40.64,0,1,0,0,1
44.67,229.45,7.14,268,7.83,16.86,0.132,328,51.26,14.89,86.32,0,1,1,0,1
28.07,35.86,6.56,274,10.69,2.6,0.148,211,63.51,45.5,88.17,0,0,1,1,1
41.63,68.3,7.67,227,12.45,29.38,0.141,354,23.21,81.1,44.54,1,1,0,0,1
25.94,75.58,6.72,159,4.82,19.69,0.119,149,73.56,92.84,91.12,0,1,0,1,1
42.08,30.1,8.43,365,8.21,43.12,0.029,128,78.68,46.96,31.84,1,0,0,0,1
40.32,41.87,7.06,338,4.09,11.33,0.014,719,83.29,45.74,97.72,0,1,0,0,1
42.04,84.91,7.29,272,2.08,1.95,0.026,310,97.6,49.56,33.76,0,1,0,0,1
34.42,102.34,6.54,484,5.51,10.34,0.182,310,95.04,75.22,96.45,1,0,0,1,1
25.88,256.32,7.45,245,6.24,42.5,0.017,880,64.29,80.08,80.01,0,1,0,0,1
28.3,206.4,6.35,116,9.51,33.04,0.139,300,95.55,41.98,65.78,1,1,0,0,1
28.75,239.74,7.48,282,11.47,21.3,0.073,303,21.59,54.08,17.05,0,1,0,1,1
25.31,7.72,7.85,52,4.34,36.85,0.031,261,48.26,58.52,63.42,0,0,0,1,1
40.19,149.14,8.91,279,3.29,33.74,0.041,330,40.71,61.65,72.4,0,0,0,1,1
21.79,8.69,7.36,30,9.6,36.56,0.119,486,35.45,43.62,85.08,0,0,0,0,1
23.83,211.24,7.03,98,4.5,16.02,0.165,225,89.89,97.95,61.6,1,1,0,0,1
25.48,295.63,8.14,375,8.28,28.84,0.188,400,61.42,92.85,65.38,0,0,1,0,1
42.07,299.55,6.51,410,4.68,13.95,0.007,322,39.16,68.42,23.99,0,0,0,1,1
24.86,19.05,8.43,497,7.96,42.63,0.111,4,84.37,63.15,61.25,0,1,1,0,1
32.16,142.39,8.07,437,8.01,28.72,0.062,348,95.74,95.98,26.22,1,1,0,0,1
43.29,296.23,8.76,170,3.85,8.08,0.135,323,95.02,97.16,28.15,0,0,0,0,1
44.51,10.3,8.92,157,8.72,4.54,0.139,312,31.54,96.51,19.47,0,0,0,0,1
31.19,46.85,7.1,11,6.55,46.75,0.137,630,60.12,48.53,94.67,1,0,0,1,1
25.73,62.03,8.32,380,8.96,11.24,0.076,57,41.74,70.94,78.27,0,0,0,1,1
21.14,231.52,7.87,105,2.15,30.75,0.047,148,56.95,90.99,32.02,1,1,0,0,1
20.66,80.23,7.33,377,10.0,38.45,0.001,581,82.26,78.16,96.65,1,0,0,1,1
21.68,297.12,7.61,92,9.13,20.3,0.068,723,65.85,30.47,50.9,0,1,0,0,1
31.64,245.73,7.17,76,6.41,15.44,0.026,133,83.95,51.08,62.82,1,0,1,1,1
38.68,24.22,8.12,52,5.58,27.07,0.009,44,72.18,43.97,66.29,1,1,1,1,1
36.2,224.06,8.16,115,10.69,20.18,0.086,177,37.45,72.46,42.51,0,1,0,1,1
31.98,75.3,8.65,472,7.74,24.01,0.045,271,26.52,90.13,44.78,1,0,0,0,1
21.92,151.72,6.44,290,9.46,0.91,0.038,683,88.23,79.58,69.71,1,0,0,0,1
32.88,243.78,7.43,265,2.35,16.62,0.008,562,80.38,97.45,40.52,0,1,0,0,1
41.05,39.26,8.46,391,11.37,39.81,0.12,272,84.85,88.6,22.29,1,1,0,0,1
36.92,122.94,7.62,45,8.03,49.25,0.035,293,59.14,79.74,69.91,1,1,0,1,1
41.92,209.05,8.52,91,5.33,36.71,0.154,236,97.17,85.26,34.66,0,0,0,1,1
23.79,117.48,6.74,98,5.76,11.37,0.107,299,43.87,95.76,28.59,0,1,1,0,1
24.36,269.66,6.55,63,13.4,7.65,0.13,699,54.25,80.03,98.34,1,0,0,0,1
42.99,280.2,7.34,27,6.12,48.95,0.007,796,32.26,67.17,99.79,1,0,0,0,1
24.73,61.85,8.03,144,2.34,8.82,0.029,582,54.43,96.91,69.53,0,0,0,1,1
34.65,7.97,8.1,95,11.77,9.66,0.058,790,60.63,56.1,66.14,0,0,1,0,1
20.83,203.82,8.05,118,7.3,20.03,0.031,657,29.91,66.49,82.29,1,1,0,0,1
20.05,40.69,6.54,457,5.11,20.55,0.046,241,58.14,61.56,98.15,1,1,0,0,1
33.63,166.14,7.2,490,7.71,31.35,0.187,205,83.45,72.77,34.76,0,0,0,1,1
24.89,221.89,7.62,417,9.0,32.7,0.039,786,79.73,53.96,94.28,0,1,0,1,1
39.78,75.32,8.41,5,9.7,16.49,0.133,16,81.68,36.0,92.49,0,1,0,0,1
25.71,96.63,7.7,288,13.21,26.18,0.042,335,29.71,13.7,78.76,0,0,0,0,1
38.57,100.29,7.93,451,12.7,11.06,0.077,629,82.63,83.78,94.71,0,1,0,0,1
37.55,281.17,8.45,490,12.62,27.26,0.048,976,76.47,52.55,79.31,0,1,0,1,1
20.6,289.63,8.62,21,6.5,37.23,0.085,564,68.45,77.66,42.61,0,0,0,0,1
23.14,156.13,8.31,131,5.39,8.55,0.05,644,74.61,68.34,86.88,1,1,1,0,1
33.37,224.75,7.8,221,9.58,19.28,0.007,979,41.58,43.78,18.22,0,1,0,0,1
28.42,129.91,6.67,412,7.7,7.53,0.008,521,94.53,61.38,25.66,1,0,0,1,1
21.58,175.88,8.5,214,7.9,30.36,0.023,111,27.19,19.19,32.92,0,0,0,0,1
24.41,110.89,6.96,162,12.43,21.7,0.075,83,63.33,36.73,46.07,0,1,1,0,1
42.03,103.08,8.4,213,8.66,34.82,0.144,109,47.85,99.18,47.55,1,0,0,1,1
39.25,122.22,6.83,85,2.27,35.82,0.036,134,54.57,84.89,95.81,1,0,1,0,1
26.31,261.55,6.04,134,13.23,29.02,0.041,208,70.57,35.14,29.03,0,0,0,0,1
23.96,33.42,6.58,277,7.95,21.59,0.185,243,44.13,29.54,23.65,0,0,0,0,1
32.91,152.2,6.38,20,6.68,6.13,0.015,296,91.0,75.4,86.08,0,0,1,1,1
32.56,67.6,7.34,181,7.15,34.25,0.125,31,64.94,59.61,76.12,0,0,1,0,1
25.84,186.3,8.11,76,7.53,24.53,0.081,612,86.63,27.98,77.88,1,0,0,0,1
34.14,1.58,7.8,367,12.73,4.03,0.002,311,67.54,85.3,11.37,0,1,0,1,1
21.48,63.69,7.28,191,12.09,26.69,0.097,685,75.44,74.35,89.11,0,0,0,1,1
20.77,170.65,6.89,303,11.76,2.95,0.073,201,99.43,91.56,70.21,0,1,1,1,1
39.55,256.91,8.23,142,9.49,22.79,0.136,472,97.59,61.1,26.23,0,0,1,0,1
29.61,185.78,6.87,72,11.83,18.84,0.196,802,58.42,40.17,41.04,0,1,0,0,1
40.67,250.17,8.75,334,11.5,2.9,0.02,204,62.14,59.14,88.12,0,0,0,1,1
43.28,298.26,7.96,410,10.06,28.4,0.185,572,35.42,60.93,49.0,0,0,0,0,1
20.13,256.03,8.63,152,11.52,8.67,0.091,88,84.57,89.55,64.99,1,0,0,0,1
33.07,238.62,6.02,273,5.28,24.33,0.1,711,80.84,71.29,77.26,0,0,0,0,1
35.5,4.39,8.25,243,5.53,4.8,0.016,121,79.09,27.74,95.47,0,1,1,0,1
43.29,268.03,6.67,199,6.82,23.86,0.015,459,54.83,37.24,99.4,0,1,0,1,1
36.81,20.23,7.04,461,11.22,34.54,0.153,552,51.4,87.49,43.5,0,0,1,0,1
28.98,229.77,6.65,58,8.04,44.61,0.021,720,86.74,90.99,70.03,0,1,0,0,1
27.03,128.92,8.14,142,8.91,46.68,0.067,32,24.71,89.98,23.46,0,0,0,1,1
41.0,207.33,7.82,245,11.18,15.31,0.119,201,62.04,99.74,65.68,1,0,0,1,1
39.65,8.76,7.06,140,5.88,35.36,0.154,644,89.71,90.87,54.08,1,0,0,1,1
22.09,113.46,7.5,229,5.63,0.84,0.146,198,49.51,80.96,66.84,0,0,0,0,1
27.61,251.95,8.69,32,12.17,36.08,0.104,691,68.34,48.63,57.92,0,0,0,0,1
35.24,153.08,6.48,172,13.97,48.91,0.039,265,82.38,93.22,82.69,0,0,0,1,1
38.97,256.27,6.71,267,5.09,45.05,0.175,325,57.07,48.83,19.58,1,1,0,0,1
40.97,226.59,7.17,179,13.38,46.03,0.134,160,22.03,85.05,94.52,1,0,0,0,1
20.07,118.95,6.53,241,11.77,33.68,0.196,350,48.79,85.63,51.94,0,0,0,0,1
43.13,24.99,8.34,323,5.62,38.23,0.014,246,24.01,80.18,64.5,0,0,0,1,1
41.04,7.9,6.85,211,2.3,6.01,0.19,227,84.75,56.0,88.33,1,0,0,0,1
29.21,57.94,7.46,413,7.46,3.51,0.094,155,70.57,56.72,19.31,0,0,1,0,1
34.89,133.12,8.08,82,11.07,25.4,0.171,923,79.9,19.74,76.69,0,0,0,1,1
38.28,2.54,6.98,49,6.87,2.24,0.103,207,46.78,72.53,60.79,0,1,1,1,1
21.96,23.34,7.67,51,10.95,37.73,0.088,436,88.22,29.72,67.14,0,1,0,0,1
33.52,147.55,7.6,85,2.4,31.46,0.038,7,91.61,48.82,76.34,1,0,1,0,1
44.28,19.54,6.66,127,12.96,6.4,0.022,535,87.62,52.19,33.67,0,0,1,1,1
43.53,69.89,8.77,72,2.74,28.74,0.02,270,63.29,75.11,77.78,0,1,1,1,1
40.86,5.02,7.64,427,10.77,4.25,0.007,923,86.61,76.1,10.33,0,0,1,0,1
23.57,175.07,7.03,76,7.29,37.32,0.176,74,35.16,70.7,58.91,0,1,0,1,1
41.08,193.26,7.37,184,4.27,13.89,0.086,417,54.65,82.37,63.24,0,1,0,0,1
38.8,147.65,7.81,240,10.31,40.58,0.175,540,92.25,95.55,25.6,0,0,0,1,1
34.19,265.55,8.6,120,8.99,42.57,0.182,98,90.02,54.93,91.62,0,0,1,1,1
30.37,78.34,6.88,264,7.04,15.93,0.098,692,56.4,73.71,93.82,0,0,1,0,1
40.89,236.13,7.13,203,11.94,6.65,0.028,546,84.1,61.88,94.47,1,0,1,0,1
28.58,135.94,6.61,115,2.85,1.54,0.013,266,69.67,70.13,44.33,1,1,1,1,1
42.11,65.73,6.84,276,10.34,14.19,0.171,873,91.82,67.42,70.24,1,0,0,0,1
23.76,223.11,7.27,278,4.09,37.78,0.156,272,91.87,53.14,66.47,1,0,0,1,1
37.63,122.15,6.55,112,3.94,24.41,0.115,119,51.83,94.89,36.04,0,0,1,0,1
35.7,276.87,7.05,328,5.55,32.07,0.11,197,84.97,41.03,61.58,1,0,0,0,1
27.34,32.1,8.83,139,5.05,27.31,0.03,475,66.96,69.59,48.57,0,1,1,1,1
37.75,264.72,6.1,101,6.22,13.64,0.089,22,66.58,45.65,61.46,1,1,0,1,1
41.11,123.61,8.23,80,10.45,19.5,0.054,55,45.86,48.74,68.65,1,0,0,1,1
32.5,273.35,6.34,104,13.05,13.32,0.18,855,74.41,58.63,85.85,0,0,0,1,1
38.02,35.57,8.85,57,7.8,27.87,0.034,371,67.22,96.89,37.49,1,1,0,0,1
35.18,9.3,6.86,180,5.32,30.63,0.123,224,93.98,32.81,82.11,1,0,0,1,1
33.85,168.6,7.11,63,7.99,29.64,0.129,379,95.4,90.17,18.46,0,0,1,0,1
29.48,211.98,7.44,232,12.41,0.48,0.183,517,70.85,44.88,99.75,1,0,0,0,1
34.66,228.29,7.76,388,5.9,42.48,0.088,964,78.13,96.15,65.07,0,0,0,0,1
43.01,131.23,8.03,464,11.47,39.21,0.185,578,79.79,79.73,87.35,0,0,0,0,1
41.94,254.73,8.24,223,7.38,9.71,0.139,206,55.9,36.63,58.02,0,1,0,1,1
35.83,278.08,7.62,468,12.06,32.8,0.191,35,55.71,54.43,44.8,0,1,1,1,1
40.82,192.5,6.71,270,5.11,28.81,0.021,518,79.92,68.25,52.08,0,0,1,1,1
44.25,291.61,8.12,359,12.3,38.85,0.171,370,60.2,48.23,44.28,1,1,0,0,1
25.59,89.39,8.42,289,11.98,32.15,0.055,130,40.66,94.86,96.89,0,0,1,0,1
23.46,188.02,6.57,65,12.94,43.07,0.048,341,36.25,30.24,46.62,0,1,0,1,1
20.02,261.02,7.82,75,10.56,17.24,0.144,286,51.69,90.56,27.27,1,1,1,0,1
29.59,251.68,7.91,496,8.35,22.61,0.035,244,64.37,61.69,66.71,1,0,1,1,1
40.38,68.47,7.2,300,9.72,30.73,0.1,570,81.47,96.18,24.16,0,0,0,1,1
27.2,118.91,8.52,295,2.6,38.51,0.167,344,53.54,86.1,71.25,0,0,0,1,1
35.59,60.48,8.38,303,6.19,25.27,0.013,218,82.76,81.91,51.06,1,1,1,1,1
30.44,31.17,6.23,184,3.66,32.21,0.004,29,80.44,74.62,19.0,1,0,0,0,1
27.36,157.01,8.9,175,5.82,17.24,0.022,552,36.25,79.77,59.27,0,1,0,0,1
26.75,214.91,6.71,36,12.28,46.39,0.142,628,78.61,95.55,87.72,0,1,0,0,1
34.41,178.35,8.21,180,10.77,42.73,0.056,330,44.56,43.65,65.66,0,1,0,1,1
31.36,200.81,8.84,167,3.56,0.47,0.024,513,85.84,71.1,75.15,0,1,0,0,1
36.74,202.39,7.33,454,5.87,37.51,0.007,523,68.62,89.04,85.91,1,1,0,0,1
29.42,246.5,7.27,66,5.67,29.79,0.139,93,39.96,67.55,61.72,0,0,1,0,1
22.59,173.95,8.64,161,9.07,5.61,0.138,269,68.34,98.08,65.21,0,1,0,1,1
44.65,130.18,7.82,150,4.29,18.66,0.018,486,67.28,46.39,82.13,1,0,0,1,1
44.65,202.85,6.18,267,5.79,8.87,0.088,41,68.06,89.99,98.85,0,0,0,0,1
40.93,13.82,8.53,40,4.92,13.31,0.012,215,72.01,99.22,36.44,0,1,0,0,1
30.61,265.55,7.84,24,5.65,26.96,0.112,11,84.67,33.0,31.01,1,0,0,1,1
30.68,51.71,7.39,31,8.89,20.98,0.002,568,99.26,87.32,82.27,1,1,1,0,1
35.99,239.72,7.41,74,7.07,1.3,0.006,504,26.78,90.06,13.18,0,1,0,0,1
40.15,267.41,8.28,338,11.01,19.63,0.108,363,68.06,44.86,61.78,0,0,1,0,1
37.47,163.21,6.67,47,5.51,30.01,0.029,916,66.68,48.65,46.88,1,1,0,0,1
30.91,140.4,8.43,274,8.47,31.02,0.132,646,85.02,93.65,45.62,0,1,1,0,1
26.81,285.55,7.44,467,10.01,16.4,0.168,410,57.89,44.61,83.07,0,0,0,1,1
37.47,15.16,8.17,314,12.32,26.02,0.156,119,77.91,81.77,65.94,1,1,0,0,1
23.61,244.52,7.08,116,8.16,19.27,0.126,228,73.64,15.08,15.95,0,0,1,0,1
23.4,113.15,8.03,85,5.42,32.84,0.044,835,92.51,29.85,75.54,0,1,0,1,1
42.75,47.54,8.12,51,8.73,24.21,0.027,423,56.84,76.69,95.37,0,0,1,1,1
38.87,262.41,7.16,317,13.49,14.72,0.016,237,97.4,61.66,76.88,1,1,0,0,1
32.41,203.75,7.58,274,6.86,34.21,0.166,267,88.55,55.91,82.11,0,1,1,0,1
20.36,70.11,8.38,413,6.85,39.94,0.077,323,74.56,40.99,88.64,0,0,1,1,1
37.08,250.28,6.82,46,3.99,28.42,0.048,343,87.47,89.22,85.77,1,1,0,1,1
25.22,234.81,7.13,432,3.3,27.5,0.196,176,52.35,61.49,77.28,0,0,0,0,1
37.79,289.56,7.54,252,11.66,27.1,0.044,447,70.28,39.05,52.05,0,1,1,0,1
23.7,244.54,8.23,464,12.09,13.36,0.163,46,33.53,80.45,88.45,1,0,0,0,1
28.32,293.77,6.3,248,10.39,39.35,0.045,655,69.79,93.66,25.35,0,0,0,1,1
38.11,72.01,6.79,498,9.55,0.23,0.098,255,64.49,60.2,39.54,0,0,1,1,1
29.18,215.11,6.96,398,9.93,36.11,0.039,790,64.7,89.28,40.19,0,0,1,0,1
34.46,77.63,7.93,156,10.47,11.63,0.12,141,45.93,94.54,43.16,1,0,0,1,1
24.85,3.25,7.52,67,10.16,48.03,0.047,604,48.73,60.96,42.84,0,0,0,1,1
30.78,217.12,6.38,78,5.86,29.8,0.067,315,62.51,96.79,87.52,1,0,1,0,1
32.72,275.74,7.27,190,10.02,9.14,0.149,630,51.16,65.38,87.34,0,0,0,1,1
30.42,74.89,6.98,296,13.65,6.33,0.07,451,84.24,20.68,14.63,0,0,0,0,1
29.85,3.31,6.95,98,13.86,43.82,0.126,240,93.29,49.64,27.02,0,1,1,1,1
44.0,91.58,8.15,260,8.28,31.46,0.061,115,45.03,68.01,74.56,1,0,0,0,1
43.05,122.46,8.37,441,7.78,38.85,0.124,181,61.21,57.57,38.42,0,0,0,1,1
21.62,34.19,6.21,456,6.79,17.57,0.048,314,29.77,97.95,43.13,0,1,0,1,1
25.24,174.96,6.8,289,11.75,37.45,0.051,105,31.93,86.46,16.22,0,0,1,0,1
29.82,285.77,7.22,428,6.75,18.01,0.086,240,43.68,45.93,83.72,0,1,0,0,1
39.35,178.06,7.97,264,5.37,24.24,0.051,77,46.83,52.97,45.29,0,1,0,1,1
41.46,206.1,6.68,219,4.12,36.26,0.042,891,64.24,57.08,47.13,0,0,0,0,1
39.4,245.61,6.27,405,11.8,14.62,0.025,259,81.18,21.7,66.86,0,1,0,1,1
29.1,154.17,7.24,184,8.53,30.16,0.084,35,37.56,46.57,94.47,0,0,1,0,1
41.21,57.02,6.98,55,8.19,18.8,0.127,38,34.78,74.57,39.87,0,0,0,1,1
21.18,235.03,8.01,224,8.67,48.0,0.002,612,73.85,99.1,89.96,1,1,0,0,1
26.81,228.9,6.01,57,10.85,38.81,0.017,12,92.71,22.74,84.23,1,1,0,1,1
37.51,289.16,6.19,458,8.13,3.8,0.045,950,80.06,69.92,47.33,0,0,0,0,1
44.33,17.16,8.33,193,11.13,42.86,0.033,322,70.87,72.7,34.17,1,1,0,1,1
26.69,199.78,8.44,254,5.76,7.24,0.028,576,42.2,66.88,31.2,0,0,0,1,1
26.2,88.04,8.67,126,6.8,31.48,0.062,226,71.56,26.52,47.47,1,0,0,0,1
41.39,218.15,7.48,408,7.47,12.07,0.163,340,96.36,83.09,23.06,0,0,1,1,1
24.58,6.49,7.25,147,6.58,23.64,0.074,768,76.26,64.5,93.32,0,1,0,1,1
31.4,158.5,7.67,62,12.39,44.62,0.115,671,93.98,79.56,88.59,1,1,0,0,1
32.11,0.5,6.84,72,10.35,15.57,0.185,415,50.52,52.95,12.25,1,0,0,1,1
36.79,15.84,6.68,152,11.35,10.05,0.14,348,40.61,77.1,76.02,0,0,0,1,1
32.76,210.73,7.86,87,6.46,5.97,0.056,306,84.67,21.94,56.47,1,1,0,1,1
44.56,130.3,8.47,370,6.0,7.03,0.109,921,91.92,73.44,81.0,0,0,0,1,1
31.96,87.63,7.39,134,8.48,13.63,0.0,883,51.2,68.55,11.17,1,1,0,1,1
20.74,176.92,6.37,84,12.74,3.93,0.015,58,76.54,11.76,82.7,0,1,1,1,1
39.67,153.71,6.94,128,11.66,22.35,0.015,189,69.48,70.64,49.4,1,1,1,1,1
39.28,109.96,8.05,1,8.49,17.04,0.024,596,45.38,51.69,47.44,1,0,1,0,1
24.58,22.23,7.35,255,9.83,34.33,0.012,704,98.51,12.21,12.63,0,0,0,1,1
22.61,299.66,8.54,348,12.14,12.78,0.062,189,67.67,39.35,46.4,0,0,0,0,1
29.36,7.22,6.89,393,13.16,4.33,0.154,171,36.77,56.33,60.32,1,0,0,0,1
39.79,272.31,7.31,493,8.5,4.62,0.042,661,20.88,70.07,17.06,0,0,0,1,1
39.52,211.09,6.68,316,9.2,18.32,0.028,146,43.2,12.47,20.83,0,1,0,0,1
22.11,203.44,7.0,308,5.87,30.16,0.01,609,69.47,53.54,48.11,0,1,1,1,1
44.12,251.69,8.34,311,8.21,7.04,0.093,37,51.8,47.61,74.61,0,0,1,1,1
38.01,62.15,6.75,280,13.59,0.66,0.046,316,68.1,49.18,64.17,1,0,1,0,1
36.51,147.12,6.33,435,6.61,22.04,0.187,299,90.54,50.95,56.57,1,0,0,0,1
33.98,96.18,6.37,2,6.32,20.47,0.035,65,70.24,87.95,15.3,1,1,0,1,1
37.25,60.62,7.67,95,5.56,42.86,0.05,363,48.25,89.69,18.43,1,0,0,0,1
38.25,263.51,8.42,292,5.14,45.82,0.176,445,85.41,52.46,51.79,0,0,1,0,1
39.26,117.94,8.03,221,6.85,45.6,0.046,678,26.82,97.55,13.01,0,0,0,1,1
43.9,197.04,8.54,146,13.08,33.96,0.07,374,98.37,59.22,38.54,0,1,0,1,1
21.25,182.1,7.35,22,11.72,11.28,0.035,437,20.89,94.39,79.8,0,1,1,1,1
41.33,66.95,7.94,379,11.42,30.03,0.043,0,74.37,15.33,75.52,0,1,0,1,1
24.02,48.42,6.33,345,7.16,35.26,0.114,240,69.75,50.58,38.54,0,1,0,0,1
33.22,152.36,8.1,108,4.64,45.11,0.143,680,60.85,74.4,66.16,0,0,0,1,1
39.61,153.62,8.41,257,10.79,10.59,0.03,585,52.34,31.15,72.94,0,0,0,0,1
22.24,186.4,6.38,62,12.43,26.98,0.041,265,80.86,31.19,94.56,0,0,1,0,1
27.63,97.15,7.86,259,12.99,10.74,0.152,223,89.42,17.23,81.56,0,0,1,0,1
26.93,96.17,6.36,187,7.1,8.77,0.099,49,32.3,90.24,82.24,0,0,0,1,1
30.28,193.35,6.73,477,12.04,18.63,0.14,240,63.86,92.5,37.8,1,0,0,1,1
28.72,222.85,8.05,238,7.8,33.0,0.027,368,82.64,80.75,21.98,0,0,1,1,1
20.04,144.22,8.64,173,5.08,46.01,0.047,66,73.17,90.6,94.82,0,1,1,1,1
23.79,117.16,8.92,190,10.75,37.58,0.044,533,55.35,74.5,94.56,0,1,1,0,1
33.51,281.74,8.48,468,11.14,17.83,0.034,213,89.15,47.81,40.87,1,1,1,1,1
39.29,32.77,8.55,245,7.1,9.56,0.045,383,50.45,84.92,68.54,1,1,0,1,1
42.15,264.11,8.05,328,12.3,48.43,0.162,262,64.3,15.53,60.39,0,0,0,1,1
28.76,20.85,7.04,430,11.08,28.13,0.013,90,33.91,53.48,70.43,0,1,0,0,1
30.83,161.16,7.58,433,4.95,13.62,0.033,316,92.74,25.46,72.02,0,0,0,1,1
41.65,135.05,7.66,381,9.99,39.43,0.168,94,74.47,95.64,43.72,0,0,1,1,1
27.53,150.74,6.82,225,3.36,30.3,0.111,384,78.3,44.43,60.21,1,1,0,0,1
41.8,151.51,8.45,235,5.97,47.73,0.19,361,72.31,20.48,85.48,0,1,0,0,1
21.52,123.28,7.95,197,9.06,12.36,0.1,23,39.28,18.28,94.66,0,0,0,0,1
30.86,89.01,7.51,396,2.1,19.35,0.139,8,84.43,47.36,82.97,0,0,1,0,1
23.44,262.13,8.6,103,2.64,12.1,0.02,204,95.28,75.42,80.54,0,1,1,0,1
44.28,76.62,7.48,281,13.47,17.35,0.047,653,86.82,51.38,83.95,0,1,1,1,1
30.93,160.92,6.61,362,11.24,0.61,0.1,25,97.52,45.77,38.29,1,0,0,1,1
34.97,269.21,7.58,262,3.34,36.47,0.105,277,32.11,48.41,24.46,0,0,0,0,1
36.93,44.31,8.35,239,2.81,2.27,0.039,503,85.23,95.96,81.87,0,0,1,0,1
22.38,295.96,6.65,312,10.67,38.05,0.016,994,70.36,29.24,41.16,0,0,0,0,1
39.08,163.19,7.36,49,10.0,3.79,0.004,882,69.76,22.69,43.11,1,1,0,0,1
29.91,138.87,8.44,344,4.14,43.82,0.185,94,90.15,85.12,45.36,0,0,0,1,1
39.9,277.69,8.55,225,7.04,24.2,0.145,319,78.91,94.06,99.08,0,1,0,1,1
24.23,91.63,8.95,137,8.05,33.8,0.163,469,52.97,81.67,35.19,0,0,0,1,1
41.08,30.93,8.29,42,11.6,27.84,0.017,541,30.72,88.42,84.6,1,1,0,1,1
25.15,293.47,6.76,353,7.41,42.6,0.045,875,41.63,97.68,52.48,0,0,0,0,1
24.25,214.7,7.31,181,12.78,15.62,0.102,313,73.84,73.66,75.39,1,0,1,1,1
29.4,0.57,8.46,275,13.05,8.44,0.095,411,73.32,84.74,18.32,0,0,1,0,1
36.47,85.82,7.07,363,10.5,36.24,0.002,780,98.59,85.8,46.29,1,1,0,0,1
41.39,262.84,8.25,420,12.49,8.62,0.062,460,56.43,40.74,97.49,0,1,0,0,1
28.86,233.46,6.28,50,3.57,37.47,0.018,512,60.4,54.42,71.02,0,1,0,0,1
32.82,107.69,6.58,499,7.6,9.31,0.194,141,85.29,86.85,75.21,0,0,0,1,1
35.6,47.2,6.7,81,13.49,15.32,0.023,362,45.5,88.44,94.52,1,0,1,0,1
36.72,102.46,6.97,176,7.99,10.54,0.106,638,79.27,96.47,71.62,0,0,1,1,1
35.04,132.6,6.57,21,5.66,16.17,0.005,705,21.89,63.79,44.75,1,0,0,0,1
39.37,258.59,8.19,119,4.5,31.35,0.037,272,82.81,53.64,72.42,0,0,1,1,1
36.14,80.76,7.43,359,8.37,18.58,0.013,936,81.22,45.05,86.48,0,1,0,1,1
33.29,89.22,6.51,62,9.49,20.79,0.001,824,87.83,41.25,35.47,1,1,0,0,1
28.41,221.32,6.99,231,4.36,10.37,0.07,231,56.33,73.98,96.27,1,1,0,0,1
20.17,183.43,6.76,148,9.39,15.1,0.019,227,24.77,99.85,61.88,1,1,1,0,1
37.1,213.15,7.08,6,6.17,11.25,0.023,343,43.71,65.17,55.96,1,0,0,1,1
43.21,30.64,7.18,86,6.07,10.07,0.065,617,59.53,88.51,76.98,0,1,0,0,1
27.35,214.94,8.52,24,8.49,11.25,0.095,788,79.1,58.34,74.09,0,1,0,0,1
23.93,283.33,7.38,499,4.63,24.02,0.047,58,69.57,84.74,50.59,1,0,0,1,1
43.99,240.09,6.7,463,6.03,25.14,0.114,239,45.24,86.78,40.83,1,0,0,0,1
37.9,267.54,7.2,164,7.75,18.63,0.172,174,77.81,32.31,48.67,0,0,0,0,1
36.45,167.6,6.53,194,12.07,41.66,0.014,987,81.92,66.74,80.06,0,0,0,1,1
36.0,112.43,7.59,426,10.56,41.79,0.163,234,60.92,44.4,55.28,1,0,0,1,1
41.67,106.67,8.67,66,8.39,30.09,0.023,768,98.6,45.26,56.74,0,1,0,0,1
40.68,55.76,7.41,171,7.79,32.93,0.111,212,73.61,96.3,64.93,1,0,0,0,1
39.55,228.69,8.3,280,3.22,10.37,0.021,14,70.76,93.26,19.42,0,1,0,0,1
31.47,277.32,8.14,364,10.56,44.34,0.005,847,70.31,95.64,65.0,1,0,0,0,1
43.05,170.98,7.62,44,13.27,24.86,0.044,670,41.99,96.6,42.65,1,0,0,0,1
30.23,39.71,7.89,306,5.96,38.43,0.064,0,46.65,94.03,32.29,0,0,0,0,1
31.19,256.58,7.2,13,5.33,22.09,0.18,613,29.58,18.12,98.65,0,0,0,0,1
25.91,50.4,7.23,44,4.32,11.84,0.003,312,29.83,29.93,29.44,0,0,0,0,1
25.47,218.75,7.3,16,3.94,2.44,0.015,380,64.94,82.05,48.05,1,1,1,1,1
39.26,175.64,6.68,153,5.77,11.49,0.019,724,79.21,85.26,95.87,0,1,0,1,1
41.95,91.35,7.01,271,4.31,26.94,0.028,390,58.97,86.53,85.19,1,0,0,1,1
20.83,89.65,7.63,297,9.62,30.97,0.057,907,91.88,49.1,16.92,0,0,0,0,1
29.56,179.75,8.23,260,10.62,17.75,0.052,60,84.43,34.37,83.42,1,0,0,1,1
44.8,234.6,6.9,112,9.09,21.09,0.02,766,96.09,60.44,72.26,0,1,1,1,1
24.45,6.22,8.06,66,6.91,5.13,0.099,325,89.27,24.41,56.08,1,1,0,0,1
34.48,281.08,6.8,23,12.39,28.42,0.164,689,92.88,89.32,34.29,1,0,0,1,1
36.44,1.89,7.39,137,9.39,14.78,0.092,592,75.95,85.81,70.24,0,1,1,1,1
33.77,123.43,6.58,287,7.55,35.55,0.159,323,70.35,30.83,81.82,0,0,1,1,1
20.08,244.56,8.14,457,13.31,4.93,0.034,60,58.78,99.52,15.91,1,0,0,1,1
37.79,259.78,8.25,166,8.74,19.63,0.038,856,51.54,94.47,50.62,0,1,1,0,1
20.29,274.12,7.15,230,13.35,30.02,0.087,115,77.73,36.85,25.03,0,0,1,0,1
22.05,89.4,6.9,446,13.58,28.9,0.027,939,40.62,70.7,86.57,0,1,0,0,1
23.51,53.88,7.36,473,9.99,27.4,0.137,542,92.13,73.55,56.7,0,0,0,0,1
25.13,148.77,8.03,427,13.2,19.79,0.197,168,64.3,15.24,59.38,0,1,0,0,1
38.37,291.81,6.99,66,3.17,18.13,0.122,556,86.75,52.11,67.6,0,0,0,1,1
27.56,109.58,6.88,478,7.08,44.51,0.003,68,39.65,22.69,78.28,0,0,0,0,1
20.68,29.74,7.01,320,6.96,17.3,0.187,176,91.52,26.85,14.97,0,1,0,0,1
44.23,55.8,6.1,96,12.89,20.42,0.021,382,50.44,27.93,38.78,0,0,0,1,1
41.31,273.3,6.49,31,12.92,5.75,0.106,680,50.05,48.45,78.14,0,1,0,1,1
41.73,297.52,7.48,450,5.9,9.72,0.024,103,45.93,52.11,41.1,0,1,0,0,1
41.06,18.69,6.51,317,9.5,17.33,0.103,326,69.12,75.36,13.8,0,1,0,1,1
29.48,289.91,7.18,341,8.91,21.49,0.182,949,87.63,89.79,72.71,0,1,0,0,1
36.66,0.21,6.5,384,7.25,9.98,0.018,176,92.06,60.3,39.61,1,1,1,0,1
23.9,42.23,8.28,161,7.31,26.13,0.001,943,48.93,93.58,97.51,0,0,0,1,1
33.99,19.66,6.04,270,8.88,33.29,0.185,23,96.29,96.07,80.05,1,0,0,1,1
24.31,197.72,6.76,55,8.99,19.85,0.007,495,29.44,18.38,46.63,0,0,0,0,1
24.63,271.42,7.83,139,12.85,18.29,0.15,412,54.73,69.09,43.1,0,1,0,1,1
36.1,271.83,7.9,97,3.17,15.45,0.044,302,87.87,78.04,12.4,0,1,0,1,1
35.49,53.05,8.95,33,12.89,26.2,0.066,34,80.35,15.23,56.44,0,1,0,0,1
21.71,156.5,7.67,114,7.63,25.65,0.073,260,42.2,95.04,77.9,0,0,0,1,1
29.92,256.9,7.24,94,8.28,13.31,0.018,699,55.96,54.55,35.94,1,0,0,1,1
20.91,244.67,8.17,68,6.57,14.61,0.189,394,78.55,16.0,48.86,0,1,0,0,1
31.05,284.93,7.47,144,6.02,33.09,0.079,693,79.91,72.1,73.52,0,0,0,1,1
41.75,280.97,6.37,53,5.45,4.07,0.176,66,71.1,48.96,64.6,0,0,1,0,1
41.84,115.28,6.66,16,5.44,9.76,0.122,218,97.44,21.64,87.77,0,1,0,1,1
38.68,206.48,7.91,119,9.13,47.84,0.158,93,48.07,12.41,92.24,0,0,0,0,1
44.76,185.05,7.02,304,12.88,1.91,0.021,311,81.38,58.75,33.55,0,1,0,1,1
31.99,162.53,7.99,438,2.19,10.96,0.01,50,65.51,99.95,12.38,0,0,1,1,1
41.97,206.32,6.9,405,5.87,39.63,0.146,332,73.98,96.15,10.18,0,1,0,1,1
43.78,187.68,7.87,325,8.37,27.51,0.005,663,58.24,84.65,57.29,1,1,0,0,1
20.98,90.48,7.32,20,9.01,9.18,0.047,750,62.5,27.2,42.92,0,1,1,0,1
20.57,131.27,8.65,253,7.73,21.29,0.105,270,73.69,57.73,88.43,0,1,0,0,1
24.94,292.52,7.53,9,8.96,35.52,0.005,21,64.05,16.02,36.87,1,1,0,0,1
38.29,233.23,7.45,208,5.53,26.9,0.186,682,22.07,88.71,10.93,0,1,0,0,2
43.17,266.21,6.94,302,2.19,25.84,0.081,533,63.53,88.76,36.27,1,0,0,0,2
37.15,116.41,7.4,341,3.51,35.35,0.069,942,79.43,21.08,33.15,0,1,1,1,2
24.82,86.22,8.72,366,3.35,37.0,0.038,293,77.66,15.94,71.0,0,0,0,1,2
37.79,26.75,6.24,88,10.64,46.85,0.068,845,20.06,94.46,46.79,0,1,1,1,2
42.35,62.07,8.89,326,11.26,2.36,0.106,804,93.6,85.77,64.71,1,0,1,0,2
44.61,211.21,8.97,369,7.79,31.27,0.069,633,83.43,68.16,14.73,1,1,1,1,2
42.99,197.45,8.78,240,13.29,32.1,0.072,309,55.3,14.57,40.41,1,0,1,0,2
23.69,37.32,6.69,122,5.55,16.03,0.185,12,27.08,64.71,11.43,1,1,1,0,2
28.99,205.15,6.67,485,6.71,36.44,0.198,741,28.48,62.53,20.34,1,1,1,1,2
29.52,216.25,7.75,280,10.09,31.7,0.141,472,66.84,63.53,39.6,1,1,1,0,2
44.68,51.3,6.95,12,2.25,2.94,0.097,173,67.57,21.42,10.4,1,1,0,1,2
38.51,186.09,7.95,55,13.99,31.53,0.122,387,38.37,76.97,39.32,1,1,1,0,2
44.07,107.99,8.18,22,4.59,41.01,0.026,730,33.03,65.01,24.89,1,1,1,0,2
43.17,34.79,6.95,324,9.46,38.54,0.139,295,48.08,94.83,38.93,1,0,0,0,2
33.8,93.38,8.22,203,2.57,20.92,0.023,125,34.78,24.52,95.29,1,0,0,0,2
39.57,104.01,7.19,158,12.79,18.81,0.11,542,50.73,57.4,77.45,1,1,1,1,2
26.47,193.97,6.43,191,4.84,42.61,0.027,718,55.63,71.6,84.11,1,1,1,1,2
26.82,215.96,7.65,254,2.04,26.64,0.094,922,78.9,58.93,12.47,0,1,0,0,2
39.31,99.75,7.8,438,6.2,42.12,0.193,186,43.28,74.33,12.39,1,0,1,0,2
20.49,133.97,7.39,436,13.82,8.25,0.128,60,27.05,91.61,70.68,0,1,1,0,2
33.12,244.05,6.32,108,13.25,19.64,0.16,800,65.65,71.39,45.87,1,0,0,0,2
40.65,157.14,8.12,168,7.86,18.38,0.126,892,56.6,29.76,56.03,0,1,1,1,2
43.23,104.05,6.04,245,7.31,0.12,0.055,558,93.77,25.42,37.47,1,0,1,1,2
27.08,204.66,6.67,481,4.3,16.78,0.108,697,32.39,50.43,73.46,0,0,0,0,2
22.56,12.43,7.32,470,8.6,49.61,0.088,922,42.93,54.47,47.88,1,1,0,1,2
36.39,128.69,6.56,456,6.31,36.54,0.173,341,94.02,27.93,92.69,1,0,0,1,2
32.12,34.48,7.09,314,12.65,35.44,0.042,977,25.9,59.4,86.55,0,0,1,1,2
37.06,173.99,6.29,437,3.87,2.22,0.006,986,72.08,82.61,86.0,1,0,0,0,2
27.09,219.93,8.54,281,5.1,40.54,0.188,818,34.98,52.83,76.53,1,0,0,1,2
43.47,171.7,6.65,297,11.48,48.26,0.137,504,55.1,78.99,79.92,1,1,0,0,2
37.66,254.14,6.7,59,11.36,4.27,0.172,735,46.29,21.93,34.81,0,0,0,0,2
44.39,271.56,7.71,434,13.84,37.08,0.115,571,71.22,75.96,33.4,1,1,1,1,2
42.52,139.8,7.55,58,5.67,14.1,0.084,780,48.74,89.82,67.96,1,1,1,0,2
43.01,34.52,8.75,443,10.5,29.1,0.108,964,36.2,42.08,17.4,1,0,0,0,2
20.29,77.83,6.81,12,6.54,30.61,0.166,770,79.87,52.17,87.66,1,1,0,1,2
40.73,164.23,6.85,108,12.51,0.96,0.164,722,99.45,79.96,67.43,1,1,1,1,2
28.17,113.6,7.16,401,4.97,31.67,0.197,61,22.29,81.12,73.72,1,1,0,0,2
31.11,147.65,8.77,487,9.36,2.75,0.16,827,22.81,98.9,78.06,1,0,0,0,2
25.0,17.77,8.72,296,9.19,0.32,0.149,629,21.63,39.11,79.7,0,0,0,1,2
40.54,284.35,8.38,6,12.55,9.7,0.151,536,24.29,20.37,12.67,0,0,0,1,2
36.08,31.97,8.66,146,5.77,15.45,0.07,725,61.72,62.15,83.08,1,0,1,1,2
34.95,51.53,8.41,470,6.59,22.43,0.108,243,99.66,30.52,72.58,1,1,1,1,2
33.57,8.1,6.32,452,3.77,34.54,0.167,978,97.48,72.44,82.82,0,1,0,0,2
44.28,42.36,7.68,47,6.83,41.42,0.025,767,72.46,15.56,59.53,1,0,1,0,2
39.97,139.57,7.61,453,5.16,39.9,0.089,719,35.97,86.08,74.47,1,0,1,1,2
39.5,64.17,8.81,31,4.0,33.85,0.149,92,22.95,66.13,32.19,1,1,0,1,2
29.64,136.66,6.47,177,9.55,8.35,0.141,981,40.69,93.33,57.97,0,1,0,0,2
33.14,89.57,8.65,422,13.84,33.63,0.029,905,23.74,73.79,88.66,1,1,0,1,2
22.86,186.34,8.67,404,4.57,37.49,0.134,811,89.91,57.44,86.93,1,0,1,0,2
37.5,118.66,6.97,399,9.85,0.4,0.091,118,39.05,77.57,38.57,1,0,1,0,2
32.11,213.02,7.84,368,8.61,12.8,0.058,616,46.74,53.03,43.89,0,0,1,1,2
30.68,270.21,6.36,189,5.05,39.58,0.087,991,96.19,42.05,36.59,1,1,1,1,2
35.8,102.85,7.59,346,5.89,44.96,0.154,984,40.86,90.85,24.83,0,1,0,1,2
36.76,165.93,9.0,350,4.57,22.39,0.126,414,88.88,74.19,60.43,0,0,0,1,2
30.14,156.69,6.82,335,4.52,31.81,0.063,766,83.91,11.34,31.92,1,0,0,0,2
36.34,230.99,6.32,86,10.59,31.32,0.11,757,35.42,78.86,31.08,0,1,0,1,2
42.07,187.57,7.39,25,2.78,43.25,0.093,16,30.24,38.59,72.99,0,1,1,0,2
29.88,136.53,6.35,224,8.08,24.06,0.172,605,60.56,19.56,25.1,1,1,0,0,2
20.57,251.01,8.69,43,8.01,34.14,0.002,41,48.08,38.26,34.99,0,0,1,1,2
33.13,143.96,7.74,455,11.58,44.31,0.008,266,74.18,21.73,63.4,1,1,1,1,2
31.59,129.39,6.78,459,11.83,0.15,0.138,431,42.92,61.9,94.67,0,0,0,1,2
43.84,237.16,6.03,492,11.51,5.87,0.028,549,75.84,17.18,41.82,0,1,1,1,2
24.44,206.71,7.55,155,9.3,3.04,0.058,378,33.65,52.94,29.85,1,0,1,0,2
38.63,183.84,7.09,241,6.32,48.37,0.188,271,78.02,16.05,23.77,1,1,0,1,2
21.81,176.56,6.85,108,2.32,19.0,0.152,614,45.49,84.89,75.2,0,1,1,1,2
23.29,297.79,8.63,195,2.22,2.56,0.119,947,83.45,81.67,82.45,0,1,0,0,2
35.13,99.37,6.19,440,12.31,5.53,0.05,47,25.7,87.32,35.36,0,1,1,1,2
41.39,292.93,8.19,40,13.59,38.85,0.146,534,35.06,16.42,59.22,1,0,1,1,2
42.65,253.49,6.85,39,6.85,6.96,0.147,888,40.55,57.81,26.0,0,0,0,1,2
33.62,212.67,7.68,466,4.44,21.27,0.2,346,30.37,11.73,13.22,1,1,0,1,2
40.04,184.85,7.13,371,3.02,21.97,0.148,349,56.73,41.14,31.45,1,0,0,1,2
23.55,141.63,8.56,159,11.47,23.72,0.108,581,39.88,41.09,17.64,0,0,1,1,2
39.57,194.82,8.36,40,11.48,11.0,0.1,648,79.58,20.42,53.53,1,1,0,1,2
38.74,111.1,6.52,299,4.45,37.62,0.057,75,83.11,77.58,92.84,1,1,1,1,2
43.66,49.72,7.27,401,9.33,25.43,0.127,557,41.69,85.79,98.27,1,0,0,0,2
24.02,197.46,7.02,116,2.04,44.49,0.09,841,70.12,24.39,41.2,1,1,1,0,2
44.16,175.43,6.73,345,11.07,7.66,0.082,198,40.41,97.84,53.73,0,1,1,0,2
36.55,225.1,6.31,148,13.8,42.92,0.163,806,61.76,74.2,74.26,0,1,1,1,2
41.52,236.88,8.49,289,2.89,12.58,0.097,176,36.53,49.82,53.78,0,1,1,0,2
28.69,276.68,8.78,146,9.26,27.59,0.05,623,28.43,33.3,87.89,1,1,1,0,2
36.91,284.05,6.58,15,13.57,33.0,0.158,950,81.21,25.18,95.73,1,1,0,1,2
25.03,203.71,8.75,14,9.32,27.2,0.039,658,22.04,12.75,30.72,0,1,0,0,2
30.23,240.53,6.66,79,9.37,47.18,0.138,489,28.11,72.83,27.16,1,1,0,0,2
34.35,258.28,8.67,383,9.61,25.66,0.015,958,96.38,49.35,64.39,1,0,1,1,2
28.18,271.06,6.71,171,9.81,3.5,0.188,250,29.02,58.7,76.94,0,1,1,1,2
42.69,252.16,7.41,17,4.24,34.77,0.079,951,82.33,65.54,83.92,1,1,0,0,2
44.4,119.48,8.55,182,2.29,25.17,0.155,563,71.52,50.54,31.13,0,0,0,1,2
34.07,53.72,7.5,170,8.75,10.96,0.04,817,45.7,19.6,71.22,0,0,0,1,2
22.5,275.72,6.29,258,13.19,10.82,0.199,20,37.57,74.36,64.09,0,0,1,1,2
29.09,134.39,6.89,427,10.61,38.93,0.126,381,75.65,14.77,86.56,1,1,1,1,2
44.52,0.24,7.57,70,10.09,33.59,0.134,447,28.25,12.78,89.08,1,1,1,1,2
27.54,124.97,6.93,386,3.44,18.4,0.101,758,22.32,52.45,62.58,0,1,1,1,2
33.1,91.26,8.12,182,5.17,41.93,0.1,339,56.15,15.9,73.66,1,1,0,0,2
43.3,233.73,8.87,398,7.57,45.77,0.169,991,83.04,23.21,19.21,1,1,1,0,2
31.95,142.43,7.58,483,2.32,7.04,0.046,685,56.78,64.17,65.93,1,0,0,1,2
27.23,214.67,6.3,79,3.78,28.72,0.174,136,45.09,52.05,30.84,1,0,1,1,2
28.14,213.63,8.54,38,11.52,16.75,0.12,962,66.26,99.39,29.81,1,0,0,1,2
28.07,121.5,8.75,30,4.67,34.31,0.02,327,35.53,12.57,82.74,0,1,0,1,2
43.77,244.53,7.17,12,6.08,25.25,0.13,520,30.34,72.07,34.83,0,1,1,0,2
24.6,55.59,8.6,50,7.34,39.25,0.028,543,62.93,88.21,78.21,1,1,1,1,2
30.22,219.85,7.03,316,2.16,36.57,0.194,100,49.77,27.55,42.69,0,1,0,1,2
33.3,199.36,8.42,228,13.81,24.89,0.104,939,61.85,43.91,21.38,1,0,1,0,2
21.22,277.67,6.73,494,8.17,48.21,0.186,713,63.21,14.55,76.12,1,0,0,0,2
30.89,286.91,8.57,83,4.94,22.18,0.175,87,72.65,79.45,91.11,0,0,1,1,2
36.09,142.38,6.19,379,3.25,21.87,0.052,792,41.07,61.57,35.52,0,1,1,0,2
23.34,58.53,8.38,239,8.84,36.8,0.185,20,35.55,13.64,98.36,1,0,1,0,2
23.93,20.68,8.08,494,10.68,34.56,0.079,911,49.89,92.71,77.0,0,1,0,1,2
40.53,264.43,6.55,110,9.25,7.87,0.052,809,86.19,46.85,62.27,1,0,1,1,2
34.79,68.35,7.41,482,3.9,21.77,0.095,767,57.35,96.84,54.71,0,0,0,0,2
28.22,231.17,7.67,313,6.15,45.95,0.06,377,75.07,82.56,67.11,1,1,1,1,2
35.14,115.79,6.04,297,3.78,38.22,0.108,663,50.79,45.13,90.32,1,1,0,1,2
34.41,246.35,7.58,377,12.89,48.16,0.001,734,71.93,39.18,31.48,1,0,1,1,2
36.39,124.4,6.78,128,8.28,28.28,0.184,457,30.87,63.98,49.84,0,1,1,1,2
31.73,226.23,8.99,388,3.5,24.84,0.131,437,90.76,34.94,35.04,1,1,1,0,2
25.14,31.04,6.61,275,3.89,46.13,0.17,386,47.62,70.61,44.23,0,0,1,1,2
42.56,41.68,6.3,262,4.11,29.11,0.15,748,63.58,74.08,81.76,0,0,1,0,2
31.35,181.11,6.45,407,4.64,48.85,0.046,321,63.96,96.64,50.76,1,0,1,1,2
25.43,20.79,6.92,244,13.2,41.73,0.025,822,81.63,20.75,49.83,1,1,1,1,2
35.9,106.6,6.87,83,9.24,13.94,0.099,409,35.18,14.77,29.14,1,0,0,0,2
40.26,260.67,8.98,221,10.52,11.98,0.16,466,68.05,64.42,48.06,1,0,0,1,2
40.58,175.07,6.67,487,11.46,48.61,0.098,383,71.31,17.39,94.68,1,1,0,0,2
39.08,282.02,8.26,131,11.7,45.26,0.038,800,97.06,52.65,34.36,1,0,1,1,2
22.66,10.85,6.48,199,7.79,7.89,0.129,843,62.08,17.53,29.82,1,1,0,0,2
30.39,134.28,8.41,158,11.68,16.42,0.146,426,28.0,76.2,47.56,1,1,1,1,2
30.33,46.97,6.35,335,12.33,28.99,0.146,926,38.5,81.33,39.1,1,0,1,1,2
34.2,133.2,6.11,116,10.78,35.69,0.097,475,84.21,76.49,88.22,1,0,1,1,2
29.65,152.15,6.16,334,4.19,28.54,0.128,763,48.22,27.05,32.96,1,1,1,0,2
41.31,228.58,8.04,92,13.31,5.85,0.15,651,57.84,79.16,13.71,0,1,1,1,2
38.06,138.08,8.59,159,7.34,40.96,0.103,273,34.87,55.48,32.04,0,1,1,1,2
23.31,90.43,8.09,443,10.5,35.39,0.114,89,71.16,19.9,21.39,1,1,1,1,2
24.51,222.35,8.74,19,5.67,19.23,0.135,895,30.47,66.57,67.46,1,1,1,0,2
41.39,161.51,8.76,149,13.93,36.53,0.034,621,36.78,33.1,83.25,1,1,1,0,2
42.3,171.25,6.89,172,13.6,45.58,0.072,249,27.31,77.13,38.91,1,0,1,1,2
42.74,61.03,7.62,430,4.01,7.84,0.101,782,76.07,33.77,51.73,0,1,0,1,2
26.84,180.18,8.75,209,10.65,39.52,0.083,746,51.38,24.66,12.92,1,1,1,0,2
37.2,252.4,8.03,453,5.01,5.78,0.078,138,44.92,47.9,87.64,1,0,1,1,2
36.41,297.29,6.07,273,2.96,18.95,0.051,924,29.97,69.36,63.37,0,0,0,1,2
35.9,222.57,6.54,367,3.52,47.53,0.022,271,76.73,86.61,18.77,1,1,1,1,2
41.29,15.16,8.06,67,4.62,42.04,0.063,869,38.27,34.94,61.32,1,0,0,1,2
24.56,156.98,6.66,261,9.29,7.51,0.043,956,81.52,60.11,38.63,1,0,1,0,2
25.31,280.66,6.21,399,2.26,3.93,0.087,731,99.63,48.96,59.69,1,0,1,0,2
30.1,216.86,6.38,327,8.59,8.95,0.01,644,49.14,91.49,98.44,1,0,1,1,2
26.35,206.81,8.71,478,2.45,26.39,0.056,618,68.03,54.65,64.28,0,1,1,1,2
24.8,274.36,8.36,411,6.69,47.5,0.125,648,68.06,42.17,44.68,0,1,1,1,2
43.26,299.71,8.72,337,5.34,7.61,0.131,19,79.1,93.81,25.77,0,0,1,1,2
31.57,214.0,8.92,148,6.98,30.2,0.167,673,29.98,16.33,73.59,1,1,1,1,2
30.03,139.62,6.94,117,6.14,5.92,0.104,851,39.19,99.61,72.67,1,1,1,0,2
39.35,47.6,8.02,346,5.69,26.66,0.132,545,95.41,26.21,91.19,1,0,0,1,2
22.15,145.71,8.91,22,13.34,0.55,0.013,837,46.89,31.7,80.96,1,0,0,1,2
20.75,284.45,6.83,383,4.85,14.27,0.165,948,38.44,99.6,54.18,0,0,1,0,2
22.95,149.91,8.08,121,6.79,6.43,0.044,94,29.5,36.99,58.93,1,1,1,1,2
22.83,283.38,8.34,320,5.25,4.45,0.167,359,39.22,75.51,92.2,1,1,1,1,2
28.61,282.51,6.68,216,10.11,19.18,0.064,993,62.12,22.34,92.74,0,1,1,1,2
29.2,149.52,6.02,18,9.96,22.96,0.158,437,82.08,45.7,63.46,0,0,1,1,2
24.08,71.58,6.24,208,3.86,4.79,0.179,888,67.16,90.5,49.93,1,1,0,0,2
40.67,164.28,6.55,396,6.34,4.77,0.099,592,87.28,81.47,67.77,1,1,1,1,2
25.17,64.11,8.79,76,13.37,38.13,0.074,935,99.99,94.3,87.52,0,0,1,0,2
22.14,3.57,7.52,445,3.81,11.09,0.199,75,66.29,80.56,87.64,1,1,1,1,2
31.45,32.69,7.63,147,8.13,48.57,0.117,749,58.12,79.55,13.13,0,1,0,1,2
35.93,106.39,7.57,107,2.05,25.8,0.043,433,72.13,23.66,42.39,1,0,1,0,2
24.39,6.51,6.99,65,7.8,2.9,0.105,865,67.03,26.2,43.34,0,1,1,0,2
42.12,169.65,6.43,58,9.5,19.86,0.1,483,32.38,87.74,84.27,1,1,1,0,2
37.03,67.16,6.52,308,9.73,2.2,0.173,224,77.69,26.89,14.03,1,1,0,1,2
36.9,215.62,7.22,189,12.0,45.63,0.006,495,20.88,72.83,69.75,1,1,0,1,2
23.17,10.73,8.57,266,3.05,33.05,0.113,288,58.07,58.78,49.64,1,1,0,0,2
44.71,104.77,7.24,292,9.05,12.64,0.102,589,34.29,14.99,56.34,0,0,0,0,2
24.4,110.61,6.18,397,5.73,9.8,0.038,891,47.24,48.23,15.84,1,1,1,1,2
26.94,169.21,6.42,367,10.24,23.61,0.125,697,82.91,82.48,23.33,0,0,1,1,2
37.53,197.56,7.72,119,10.66,18.63,0.091,779,36.54,34.79,72.37,0,1,0,0,2
44.74,121.82,6.92,73,11.75,9.54,0.05,980,21.71,32.1,64.11,1,0,1,0,2
34.16,286.79,8.5,434,3.45,31.95,0.137,16,64.39,38.44,97.82,0,1,1,0,2
23.31,199.43,8.2,104,6.15,10.85,0.183,614,38.86,41.25,43.22,1,1,1,0,2
34.53,204.96,7.26,187,3.57,3.09,0.165,672,74.78,71.45,43.21,1,1,1,1,2
23.98,249.6,6.23,185,13.48,30.52,0.02,930,31.52,68.45,29.49,0,0,1,1,2
31.98,245.4,6.77,139,12.29,29.63,0.166,504,22.22,10.9,52.94,0,0,1,0,2
43.03,131.65,6.46,201,4.35,28.95,0.042,934,23.38,28.8,29.41,0,1,1,0,2
23.31,38.9,7.89,287,7.94,46.2,0.014,867,44.71,97.86,53.5,1,0,0,0,2
20.7,281.76,8.75,462,7.74,7.04,0.104,733,41.71,20.85,57.62,0,1,0,0,2
27.65,93.31,7.71,397,5.1,13.61,0.066,322,34.73,89.04,43.17,0,0,1,1,2
42.8,277.36,8.19,390,3.75,11.33,0.058,794,38.26,20.96,80.39,1,0,0,0,2
21.18,229.68,6.23,399,4.67,24.34,0.028,619,26.95,28.27,97.7,0,0,0,1,2
25.03,136.07,6.29,459,11.77,37.6,0.004,778,43.2,42.86,48.57,1,1,1,1,2
22.12,78.5,8.26,386,4.23,6.04,0.197,583,43.53,91.95,42.47,0,0,0,1,2
30.57,157.36,8.53,445,5.25,17.26,0.132,102,35.83,13.1,69.69,1,1,1,0,2
31.93,53.22,6.22,226,12.74,44.58,0.104,996,25.73,79.28,12.84,1,1,1,0,2
26.37,44.03,8.06,54,10.94,44.55,0.176,4,90.54,73.88,19.64,1,1,1,0,2
40.96,56.5,7.67,452,5.41,40.73,0.143,854,41.32,91.44,83.82,0,1,1,0,2
31.04,139.21,7.73,185,9.31,34.0,0.07,159,76.17,20.2,51.84,0,1,1,1,2
32.06,285.5,7.2,242,2.49,34.48,0.099,718,58.54,43.18,34.71,0,0,0,0,2
27.14,104.01,6.75,355,8.85,21.01,0.119,427,51.99,13.46,71.49,0,0,0,1,2
30.08,250.97,7.32,120,5.68,49.55,0.142,71,98.73,23.39,69.36,1,1,1,1,2
32.78,9.6,7.5,94,12.34,44.31,0.065,574,66.71,30.16,33.01,1,1,0,0,2
36.56,16.72,7.1,487,4.56,1.64,0.192,281,20.1,97.33,41.57,1,1,1,0,2
43.98,67.73,7.58,58,4.44,46.68,0.122,282,30.28,19.33,52.37,0,1,1,0,2
35.97,250.82,6.43,215,9.11,26.49,0.141,708,52.53,22.67,45.97,1,1,1,1,2
42.43,116.6,7.11,386,7.63,19.42,0.136,815,28.52,33.29,15.68,1,1,1,0,2
30.03,208.1,8.86,123,3.5,16.07,0.014,73,49.61,93.74,24.9,1,1,0,1,2
36.87,235.57,7.36,188,8.99,29.88,0.111,502,42.44,30.73,84.02,1,0,1,1,2
35.18,31.36,7.03,73,12.88,9.18,0.132,990,77.12,26.73,33.28,1,1,1,1,2
35.54,92.88,7.45,383,12.55,1.37,0.14,711,88.15,95.59,78.67,0,1,1,1,2
42.76,157.43,7.69,448,9.52,19.76,0.044,968,33.88,42.27,59.65,1,0,0,0,2
36.72,183.55,6.94,494,11.92,33.52,0.192,766,94.66,47.17,22.28,0,1,0,1,2
44.45,157.5,8.7,414,13.33,39.18,0.091,48,31.69,51.67,92.28,1,0,0,0,2
30.38,185.73,6.74,432,4.17,25.45,0.016,593,23.7,74.94,13.34,1,0,1,1,2
30.83,34.62,6.33,497,13.32,33.9,0.058,667,74.96,28.59,68.26,1,1,1,0,2
25.41,75.72,8.95,12,10.63,19.62,0.075,830,92.51,92.01,98.64,0,1,0,1,2
32.78,281.27,6.23,243,3.31,9.42,0.057,446,35.1,11.47,41.7,1,1,1,1,2
34.09,271.1,8.63,494,4.29,6.69,0.02,524,31.67,58.39,67.56,0,0,1,1,2
21.9,98.45,7.59,360,4.24,36.92,0.197,477,85.75,14.52,60.1,1,0,1,0,2
39.47,267.02,7.13,57,6.92,7.79,0.017,794,34.43,31.95,44.99,0,0,1,1,2
43.92,74.89,8.59,269,10.74,39.1,0.021,471,25.1,60.6,53.7,0,1,1,0,2
20.23,105.73,8.32,424,10.74,49.89,0.036,680,33.08,73.4,35.18,1,1,0,1,2
27.12,19.48,7.2,116,6.75,5.98,0.092,297,29.68,33.0,32.46,0,0,1,1,2
23.56,90.12,6.71,154,13.09,40.85,0.131,765,33.13,43.66,74.67,0,1,0,0,2
31.69,111.03,7.91,71,5.15,24.2,0.075,865,68.06,64.88,79.19,1,1,1,0,2
21.49,102.78,8.84,462,4.66,19.26,0.121,669,76.41,46.66,47.95,0,1,1,1,2
27.17,260.45,6.59,410,11.09,48.7,0.102,201,46.82,41.8,19.92,1,1,0,1,2
43.09,74.28,6.31,156,8.14,43.23,0.156,412,98.38,57.21,70.89,0,1,0,0,2
40.45,69.88,7.01,222,11.98,10.64,0.143,654,31.15,86.13,24.72,0,0,0,1,2
33.31,286.73,7.72,356,3.74,9.21,0.095,73,77.13,65.98,27.84,1,0,0,1,2
22.04,287.5,6.68,231,11.79,7.85,0.037,154,53.91,36.82,96.39,1,1,1,1,2
35.85,215.43,7.18,123,2.75,19.79,0.092,117,20.97,15.12,56.74,0,1,0,1,2
40.92,13.03,7.64,262,6.66,38.08,0.077,996,99.91,34.07,14.91,0,0,1,1,2
28.74,45.46,8.45,336,4.21,21.77,0.075,600,60.4,58.54,56.54,1,0,0,1,2
29.66,45.94,7.98,396,2.77,1.87,0.048,204,84.88,42.83,84.11,1,0,1,1,2
42.66,264.09,8.43,283,4.31,20.01,0.016,53,91.21,90.36,16.33,1,1,1,1,2
21.97,191.87,8.83,24,11.67,4.99,0.058,592,91.74,26.16,97.94,1,1,1,1,2
22.66,182.07,6.12,44,13.26,6.54,0.112,881,32.64,27.47,71.67,0,0,1,1,2
28.61,68.85,8.52,260,12.74,26.05,0.058,586,65.2,60.87,23.74,1,1,0,1,2
21.32,186.54,6.51,445,11.9,37.63,0.077,729,88.63,84.87,57.54,1,1,1,1,2
20.91,264.94,8.86,496,9.84,24.5,0.141,456,35.63,91.81,24.85,1,0,1,0,2
27.47,265.21,6.75,385,10.21,35.32,0.166,770,84.66,45.05,44.3,1,1,0,0,2
33.33,65.87,8.43,365,5.47,10.7,0.174,281,51.02,29.25,44.42,1,1,0,0,2
31.45,151.37,8.2,54,12.28,25.41,0.2,709,22.68,39.06,10.32,1,0,0,1,2
34.54,247.36,8.9,424,12.43,4.85,0.164,829,63.35,33.75,66.38,1,0,0,0,2
26.36,245.84,6.74,4,7.7,0.15,0.104,618,64.61,11.31,67.84,0,1,1,1,2
32.43,178.54,7.76,157,6.89,19.72,0.081,637,63.77,51.52,20.33,1,0,1,0,2
27.53,185.89,7.45,337,8.12,26.37,0.15,256,34.56,91.73,69.01,0,1,1,1,2
35.26,234.51,7.58,157,4.44,0.42,0.006,651,25.58,23.78,38.24,1,1,0,0,2
20.44,15.58,6.73,333,10.59,37.35,0.118,807,52.4,52.36,77.54,1,0,0,1,2
33.59,257.96,7.18,75,9.6,22.21,0.132,782,89.93,99.16,40.68,1,1,0,1,2
25.02,205.38,7.1,157,2.3,36.03,0.119,904,22.95,85.28,80.09,0,0,0,0,2
38.01,50.9,6.41,474,12.81,1.35,0.1,516,86.95,18.26,34.68,0,1,0,0,2
39.31,267.61,7.45,270,11.06,43.45,0.132,856,97.3,78.76,16.26,0,0,1,1,2
43.48,24.08,8.22,286,4.15,10.29,0.156,1,86.14,56.14,48.42,1,1,1,1,2
24.37,64.01,8.19,495,6.29,1.95,0.174,302,63.76,49.24,10.67,0,1,1,1,2
42.36,33.86,7.03,323,8.83,1.5,0.168,680,71.76,56.79,82.27,1,0,1,1,2
25.52,299.08,8.83,176,9.26,32.61,0.097,652,65.97,13.36,41.96,1,1,0,0,2
27.36,90.51,7.64,452,3.2,40.53,0.119,984,23.06,26.51,82.32,0,1,0,0,2
37.93,76.22,8.79,125,13.53,3.45,0.062,691,69.68,64.26,74.6,1,0,1,1,2
35.68,85.52,8.84,256,9.8,26.48,0.137,387,22.5,65.99,10.92,0,0,1,1,2
38.14,98.85,6.75,230,6.57,12.59,0.114,649,27.16,99.06,47.29,0,1,0,1,2
38.49,115.47,6.34,248,9.72,10.25,0.066,318,32.12,40.77,72.73,1,1,1,0,2
23.35,236.52,7.39,16,6.81,41.75,0.09,944,94.59,65.19,94.96,1,0,1,0,2
24.65,146.78,7.33,322,6.19,6.54,0.13,754,24.26,52.07,13.37,1,1,1,1,2
41.39,40.87,7.28,87,2.66,14.92,0.19,509,29.65,20.04,10.53,1,0,0,0,2
22.06,262.82,6.69,61,3.27,7.95,0.127,866,55.03,87.79,16.76,0,1,0,0,2
44.02,62.14,8.66,261,8.76,9.28,0.137,470,47.68,92.49,78.38,0,1,1,0,2
31.25,283.1,7.14,331,9.98,1.48,0.104,977,54.39,16.59,12.14,1,0,1,0,2
32.97,49.29,7.33,181,11.68,35.54,0.15,27,37.81,88.46,33.83,1,1,0,1,2
23.12,148.09,8.95,275,4.21,0.15,0.004,942,80.14,39.9,63.36,0,0,1,1,2
38.36,188.14,7.69,476,3.01,34.27,0.068,25,82.87,10.17,89.97,1,0,1,1,2
27.03,166.31,6.67,81,4.36,5.04,0.16,863,68.68,21.87,39.27,1,1,1,0,2
36.72,279.48,6.93,383,10.25,41.08,0.139,952,78.81,57.92,47.23,1,0,1,0,2
25.65,107.18,7.51,455,13.91,26.71,0.069,437,27.55,89.27,82.3,1,0,0,1,2
43.32,158.33,7.66,455,9.89,6.62,0.168,873,41.72,93.61,40.63,0,1,0,1,2
27.72,80.15,8.31,380,5.3,34.02,0.077,616,70.99,66.75,21.13,1,1,0,1,2
38.46,289.5,6.38,359,13.12,5.6,0.199,854,90.43,70.56,52.46,0,1,1,0,2
27.52,121.97,6.23,473,3.0,14.96,0.142,247,77.77,57.93,52.42,0,1,0,0,2
43.9,295.28,6.67,2,8.78,6.54,0.171,817,71.98,29.29,43.74,1,0,1,1,2
42.84,18.95,6.42,120,4.63,43.83,0.11,127,75.16,57.17,98.82,0,0,1,0,2
43.94,91.09,8.38,487,5.45,19.39,0.045,741,25.02,30.09,52.42,0,0,1,1,2
30.25,105.8,7.35,499,9.95,18.03,0.132,566,37.45,81.06,76.21,0,1,0,0,2
28.33,221.71,8.06,367,9.18,20.24,0.088,618,56.95,69.15,32.34,0,0,1,0,2
24.68,94.89,8.65,294,4.34,47.9,0.045,751,89.97,78.31,56.35,0,0,1,1,2
29.94,70.7,7.72,362,10.94,44.92,0.191,54,77.35,69.75,99.02,1,1,1,0,2
20.18,181.47,8.47,191,10.25,42.31,0.169,512,30.37,14.41,23.75,1,0,1,0,2
20.37,93.3,6.77,248,9.26,25.84,0.127,827,39.85,38.25,31.17,1,0,1,1,2
21.05,12.35,7.54,153,5.16,16.2,0.017,610,57.43,52.48,88.2,1,1,1,1,2
20.8,209.83,8.79,274,5.98,36.16,0.16,961,63.17,79.4,61.49,0,1,1,1,2
23.97,163.31,8.81,329,7.42,48.32,0.125,428,49.66,22.07,39.22,1,1,1,0,2
37.9,59.2,6.28,58,6.75,14.19,0.07,180,30.15,35.18,39.89,1,0,1,1,2
34.24,294.0,7.14,87,7.56,49.41,0.171,473,62.39,87.2,64.89,0,1,1,1,2
25.75,259.27,6.85,468,3.02,37.33,0.158,838,27.79,52.07,79.16,1,0,1,0,2
42.47,96.56,7.58,402,6.46,40.01,0.141,204,97.29,70.93,20.49,1,1,1,0,2
34.53,286.23,8.28,451,3.54,26.53,0.021,124,83.56,23.45,19.9,1,1,1,1,2
40.48,237.19,6.57,1,3.59,0.1,0.066,276,23.16,11.81,44.72,0,0,0,1,2
28.74,93.46,9.0,394,13.96,35.86,0.061,202,47.63,67.18,64.35,0,0,0,1,2
36.81,210.67,8.26,188,11.43,37.64,0.057,803,54.34,27.32,18.09,1,0,1,1,2
24.42,137.53,6.28,473,13.72,10.21,0.135,595,68.13,16.4,66.74,1,0,1,1,2
20.19,68.58,6.08,380,6.38,20.13,0.082,194,93.96,86.62,12.51,1,0,1,0,2
25.21,29.85,8.66,31,2.02,40.43,0.196,272,27.17,25.61,50.89,1,0,1,0,2
39.26,274.2,8.76,57,13.8,4.6,0.198,54,88.44,18.35,16.07,0,1,1,1,2
24.39,163.86,6.63,345,5.24,31.34,0.189,323,20.25,31.03,11.84,1,0,0,0,2
25.08,203.03,7.65,283,2.22,39.75,0.044,707,81.15,89.65,63.07,1,0,0,1,2
38.02,90.9,7.22,236,11.46,15.08,0.174,289,92.19,71.78,83.86,1,1,1,1,2
35.48,229.25,6.43,384,9.29,0.4,0.146,580,26.23,56.99,96.94,0,1,1,1,2
27.77,174.82,7.63,350,4.09,41.59,0.108,212,55.75,19.73,71.42,0,0,1,0,2
34.52,42.54,8.4,315,8.06,27.08,0.079,709,46.96,65.06,33.62,1,1,1,0,2
36.88,296.8,6.85,463,2.5,31.33,0.155,34,81.14,68.04,82.49,0,0,1,1,2
43.69,168.05,8.12,133,2.22,32.74,0.085,231,90.83,27.66,26.41,0,0,1,0,2
27.4,58.78,7.73,1,11.87,6.01,0.092,328,73.59,12.94,20.71,1,0,1,1,2
20.75,97.97,8.19,37,8.76,3.81,0.046,428,34.61,11.09,63.84,1,1,1,1,2
27.16,110.46,7.22,473,13.49,41.43,0.086,599,90.55,93.16,73.57,0,1,1,1,2
38.94,282.97,6.48,218,5.29,45.64,0.105,562,35.12,99.42,63.38,0,1,1,1,2
23.1,96.26,8.27,134,11.36,18.66,0.145,765,92.77,29.47,89.87,1,1,1,1,2
26.58,284.77,8.81,281,13.73,40.87,0.134,466,37.78,35.16,82.87,0,1,1,1,2
28.99,50.96,6.89,413,9.52,17.72,0.058,507,74.39,93.9,41.32,0,1,1,0,2
21.94,281.7,8.54,417,11.21,37.25,0.112,11,64.74,42.07,47.81,0,1,1,0,2
30.27,297.58,8.89,488,8.82,38.62,0.033,611,27.34,63.19,87.71,0,1,1,0,2
26.37,205.86,8.36,326,5.76,41.09,0.127,889,51.71,74.66,80.69,0,1,0,1,2
26.57,238.13,6.97,173,10.28,46.41,0.192,840,20.17,26.18,82.86,1,1,0,0,2
32.49,67.34,6.35,257,12.54,36.89,0.022,626,92.1,11.47,79.47,0,0,1,1,2
27.23,17.69,7.1,339,12.27,31.38,0.117,475,73.51,38.68,37.11,1,1,1,0,2
41.8,254.05,8.52,468,4.35,24.37,0.02,475,79.87,47.49,19.47,1,0,0,1,2
25.93,264.57,7.95,28,9.28,26.55,0.198,859,32.88,90.61,85.25,0,1,1,0,2
42.21,126.97,8.83,296,4.18,4.88,0.005,842,33.01,28.07,60.76,1,1,0,0,2
32.95,257.02,6.53,342,3.43,25.66,0.019,39,31.99,60.39,91.1,1,1,1,1,2
39.11,232.16,7.65,303,6.82,21.42,0.186,28,40.71,79.99,86.75,1,0,1,1,2
35.37,102.96,8.29,217,2.83,35.89,0.008,666,50.4,20.5,29.34,0,0,1,1,2
21.92,101.77,6.24,367,5.45,15.55,0.042,981,84.56,65.32,94.71,1,0,0,1,2
30.45,95.25,6.67,469,4.13,14.29,0.035,375,53.5,88.28,57.75,1,1,1,1,2
28.13,63.25,7.02,325,9.05,45.08,0.144,306,48.57,62.43,69.82,1,1,0,0,2
24.1,41.89,7.57,254,2.95,24.54,0.078,863,52.79,95.25,27.42,1,1,0,1,2
23.15,137.9,7.27,158,13.04,7.96,0.173,595,74.79,64.45,35.45,0,1,1,1,2
44.42,225.66,7.71,129,4.15,9.57,0.096,680,73.23,21.99,99.26,1,1,0,1,2
21.34,10.53,8.79,229,7.88,44.72,0.083,716,91.96,79.01,20.51,0,1,0,0,2
25.83,147.88,6.2,170,8.03,15.42,0.06,671,50.18,84.56,20.06,0,0,1,1,2
27.65,286.26,8.94,190,13.99,1.62,0.194,437,84.97,36.53,26.5,1,0,0,0,2
37.39,2.8,7.57,59,13.51,48.7,0.2,664,56.42,51.3,67.52,1,1,1,0,2
42.13,273.73,6.06,302,4.73,44.48,0.041,301,56.98,42.85,28.07,0,1,0,1,2
30.69,270.29,7.6,349,11.86,19.47,0.119,962,99.31,69.04,71.69,0,1,0,1,2
34.67,11.6,8.75,63,11.61,26.22,0.177,16,90.59,35.54,81.14,1,0,1,0,2
40.91,42.32,8.58,380,13.88,46.94,0.096,886,63.61,40.85,78.36,1,1,1,1,2
26.76,174.06,7.65,40,13.33,3.34,0.156,812,52.74,82.27,33.29,1,0,1,0,2
43.71,50.89,7.75,465,4.43,2.63,0.085,811,46.86,25.49,31.96,0,0,1,0,2
43.39,231.63,8.95,151,10.39,9.8,0.134,774,55.74,13.56,66.57,1,1,0,1,2
35.29,78.97,6.89,188,13.51,43.09,0.19,769,88.28,93.85,12.78,0,1,1,0,2
21.53,17.71,7.9,323,5.52,42.89,0.189,450,59.67,15.89,74.14,1,0,1,0,2
26.86,210.55,6.78,391,6.25,40.94,0.177,824,48.32,84.96,77.3,0,1,0,0,2
31.42,184.92,6.38,73,4.18,24.01,0.009,138,56.37,33.72,64.27,1,0,1,1,2
30.34,232.66,6.7,464,10.92,49.18,0.172,508,55.86,82.21,51.29,1,0,1,1,2
29.56,0.75,7.12,96,6.12,42.25,0.019,939,20.93,19.81,28.03,0,1,1,1,2
41.12,35.87,8.67,20,7.05,33.2,0.007,497,26.37,86.91,61.26,1,1,0,1,2
36.71,166.99,8.45,361,9.44,26.08,0.157,648,25.23,77.66,72.35,1,0,1,0,2
20.13,283.61,6.36,241,5.04,43.9,0.146,35,62.04,90.87,97.15,1,1,0,1,2
33.47,142.44,8.81,400,12.91,30.1,0.125,91,32.12,56.07,56.58,0,0,0,1,2
41.31,280.36,7.68,216,5.15,48.52,0.161,683,76.51,84.8,37.04,0,1,1,1,2
42.35,54.78,6.04,116,6.91,43.81,0.066,198,67.86,44.95,93.01,0,1,1,1,2
44.68,80.56,7.13,336,9.0,24.81,0.077,470,64.77,13.23,27.62,0,1,1,1,2
26.7,279.87,8.85,219,7.69,42.41,0.074,640,52.23,64.37,95.55,1,0,0,1,2
43.66,72.49,6.93,265,8.8,41.55,0.107,461,21.47,30.93,67.5,0,0,0,1,2
31.55,75.36,8.08,142,2.07,6.16,0.082,584,40.93,57.36,11.04,1,0,0,0,2
42.09,139.72,7.53,401,12.68,36.88,0.076,787,27.17,87.21,14.14,0,1,0,0,2
24.59,275.33,6.73,454,7.27,13.64,0.116,604,77.71,52.69,91.14,0,1,1,0,2
34.25,119.73,7.09,306,12.48,21.77,0.188,868,46.37,23.77,26.43,1,1,0,1,2
26.87,240.79,7.05,365,3.53,34.08,0.047,933,91.53,24.41,88.17,1,0,1,0,2
25.97,156.22,6.22,178,5.54,33.15,0.069,913,73.34,65.88,74.35,0,0,1,0,2
43.28,99.53,6.37,164,13.81,32.44,0.06,70,78.89,88.05,60.96,1,1,0,1,2
38.71,228.59,8.83,459,11.91,7.86,0.049,258,48.16,99.15,19.5,1,0,1,0,2
22.57,164.74,6.55,369,10.83,42.23,0.058,907,54.1,72.45,34.4,0,1,0,1,2
33.21,207.43,8.35,53,7.03,49.45,0.178,933,22.11,99.51,32.35,1,0,1,0,2
27.75,129.4,8.85,173,11.47,2.05,0.001,371,40.76,33.31,61.51,1,1,0,0,2
20.71,120.78,6.85,350,3.18,25.98,0.132,603,26.76,62.82,29.24,0,1,1,1,2
40.88,81.14,7.06,25,2.75,9.97,0.112,223,56.37,36.31,94.1,0,1,1,0,2
20.34,113.47,8.87,191,9.03,9.87,0.112,12,86.12,27.78,47.29,0,1,1,1,2
21.64,107.55,8.86,475,2.86,2.37,0.127,382,28.16,18.51,16.76,1,1,1,1,2
32.82,153.55,8.6,454,13.19,26.51,0.089,389,40.78,39.42,81.71,0,0,0,1,2
25.36,167.44,8.07,468,3.33,27.04,0.178,234,43.25,54.07,98.18,1,0,0,0,2
41.98,61.6,6.14,168,13.82,40.76,0.072,81,89.33,25.42,37.56,0,1,0,1,2
29.29,172.44,7.73,297,10.58,25.82,0.121,702,54.52,90.77,21.82,1,0,0,0,2
21.95,51.56,7.53,398,6.84,19.09,0.119,687,47.2,14.97,82.28,1,0,0,0,2
37.2,2.81,7.91,167,10.04,11.04,0.141,731,25.52,79.41,76.35,0,0,0,1,2
38.56,278.95,6.09,88,12.67,28.47,0.07,135,82.61,87.22,24.34,1,1,1,0,2
32.55,49.55,8.24,492,8.06,5.43,0.062,210,33.18,37.12,13.45,0,0,0,1,2
34.12,4.91,7.51,229,3.79,13.5,0.027,708,96.8,11.23,20.34,1,1,0,1,2
25.95,40.61,8.17,235,13.12,40.21,0.133,774,52.78,34.88,51.75,1,0,0,1,2
24.22,54.24,8.94,397,5.51,40.92,0.015,910,87.53,25.51,47.47,1,0,0,1,2
30.12,100.52,6.95,2,2.37,6.06,0.072,127,39.52,30.73,36.43,0,1,0,1,2
26.1,240.97,6.2,259,13.57,30.06,0.079,993,58.65,12.52,94.06,1,1,0,1,2
21.79,132.35,7.27,103,4.42,3.86,0.191,497,49.1,75.59,31.76,0,1,0,1,2
30.29,219.38,6.38,233,4.8,27.34,0.026,699,35.72,12.0,12.26,1,1,1,1,2
36.1,125.81,8.03,358,6.59,9.17,0.186,753,21.77,86.1,73.24,1,0,0,0,2
38.94,70.83,7.25,399,4.57,34.68,0.168,411,36.98,90.77,42.46,1,1,1,1,2
38.9,199.53,7.9,409,10.26,45.74,0.042,823,84.83,41.28,66.32,1,1,0,1,2
21.08,117.3,6.5,483,3.33,31.28,0.075,750,40.99,46.1,50.12,1,1,0,0,2
27.1,271.13,7.87,367,5.63,48.65,0.145,323,35.84,67.34,96.72,0,1,0,1,2
32.01,227.03,8.98,269,4.45,5.9,0.061,441,87.03,50.44,29.48,1,0,0,0,2
28.49,250.63,8.72,339,6.46,20.17,0.137,725,83.76,93.92,42.41,1,0,0,1,2
44.89,33.87,7.47,214,2.23,41.51,0.148,477,34.95,58.17,80.44,1,1,0,1,2
24.35,193.24,8.65,290,10.02,37.54,0.056,732,93.18,54.28,32.32,0,0,1,1,2
27.58,39.8,7.95,295,6.8,36.84,0.01,799,57.84,15.62,94.44,0,1,1,1,2
22.09,182.08,7.72,43,3.42,9.66,0.092,551,65.7,95.05,83.17,1,0,1,0,2
32.35,204.61,6.91,96,10.77,44.77,0.197,903,51.19,11.42,70.45,0,1,0,1,2
29.58,263.82,6.19,225,7.1,48.1,0.075,75,65.37,64.73,76.48,0,1,1,1,2
40.12,273.73,8.96,296,12.15,33.88,0.137,344,33.07,41.94,62.08,1,1,0,1,2
26.66,191.36,8.83,367,4.59,41.59,0.103,97,36.87,65.15,75.0,1,1,1,0,2
31.77,4.0,6.01,348,3.24,39.73,0.071,287,70.17,90.75,93.08,1,1,1,1,2
44.95,285.83,7.35,301,6.89,6.01,0.143,447,20.5,70.84,34.87,1,1,0,1,2
23.4,279.05,8.54,395,13.46,44.45,0.164,167,25.77,51.96,17.91,0,0,0,1,2
21.62,68.58,6.39,216,5.97,42.77,0.063,962,65.72,74.67,67.96,0,1,0,0,2
43.9,220.91,8.16,327,4.87,40.9,0.164,912,21.86,98.63,64.79,0,1,1,0,2
23.71,51.73,6.23,34,7.9,39.84,0.053,547,74.99,12.38,78.96,0,0,1,0,2
42.34,282.48,8.23,283,4.42,37.1,0.142,397,25.84,47.19,34.1,0,0,0,1,2
26.45,290.58,8.36,451,10.08,16.4,0.154,595,61.47,95.77,73.54,0,0,1,1,2
26.67,296.8,8.18,66,13.09,27.24,0.115,725,96.62,17.33,97.83,0,1,0,1,2
38.57,13.56,8.84,206,12.48,14.27,0.09,102,55.01,16.11,64.64,1,0,0,0,2
39.29,156.17,8.13,278,2.12,41.6,0.054,923,60.1,68.49,89.45,0,0,1,0,2
36.78,271.28,8.0,423,4.75,15.61,0.108,111,24.44,86.89,25.82,0,1,1,1,2
43.77,142.21,8.32,475,7.92,42.47,0.032,93,68.91,31.35,23.09,0,1,1,1,2
43.56,240.81,8.62,82,4.86,4.56,0.095,303,67.26,86.35,37.08,0,1,1,1,2
38.86,235.09,8.98,457,10.59,39.06,0.054,812,77.82,82.1,88.53,0,1,1,0,2
25.49,43.22,6.51,358,13.39,11.36,0.076,618,83.74,29.42,14.93,0,1,1,0,2
24.5,4.83,6.5,317,11.77,12.4,0.107,458,83.15,49.84,84.47,1,0,0,1,2
32.97,217.56,6.6,447,10.06,4.13,0.048,673,63.97,60.6,16.04,1,0,1,0,2
21.45,19.27,6.03,255,5.88,1.63,0.024,375,77.82,31.2,67.74,1,0,1,1,2
27.32,61.52,8.19,217,5.41,41.55,0.122,990,27.64,36.91,21.36,0,1,0,0,2
25.79,66.21,8.45,347,4.61,25.5,0.056,716,72.19,58.57,23.69,0,0,0,1,2
28.59,133.35,8.58,218,11.92,46.37,0.124,232,55.91,21.42,78.35,1,0,1,1,2
43.12,94.06,6.83,379,11.14,42.22,0.131,20,92.58,20.14,52.39,1,0,0,0,2
37.3,123.11,8.7,35,3.42,49.13,0.01,137,23.54,35.35,45.82,0,0,1,0,2
25.99,144.85,7.16,473,5.68,18.46,0.132,210,34.6,25.82,95.35,1,1,0,0,2
32.75,75.05,6.56,437,4.88,42.33,0.01,863,78.93,98.15,16.45,1,1,0,1,2
43.18,260.26,8.12,482,11.48,11.1,0.081,285,80.54,68.12,94.05,1,0,1,1,2
38.26,87.67,8.14,124,11.67,24.42,0.02,776,46.55,96.59,31.92,0,1,1,0,2
29.7,253.77,7.85,398,3.42,26.64,0.134,245,95.36,14.16,49.51,0,1,1,1,2
44.88,137.3,7.42,478,10.62,16.88,0.13,809,70.96,84.62,82.97,1,0,0,0,2
40.99,270.06,7.7,64,10.75,30.08,0.127,779,25.6,29.06,94.46,1,1,1,1,2
25.03,108.88,6.59,53,3.57,40.96,0.103,947,50.03,63.73,17.53,0,0,1,1,2
36.62,43.04,6.31,337,12.98,3.64,0.063,549,90.69,70.59,64.78,1,1,1,1,2
32.67,269.36,8.62,119,2.32,3.64,0.092,725,26.29,58.8,40.59,0,1,1,1,2
34.86,118.4,8.41,232,7.85,49.64,0.144,535,36.61,35.9,31.34,1,0,0,1,2
28.98,58.72,7.94,58,12.66,12.53,0.178,595,44.19,17.07,75.47,0,0,0,1,2
22.7,182.53,6.39,297,12.4,14.29,0.095,586,69.8,99.45,54.75,1,0,0,1,2
39.62,77.94,6.49,342,11.06,41.99,0.141,551,79.54,67.09,41.27,1,1,0,0,2
41.4,171.32,7.69,334,4.17,33.19,0.141,260,57.89,14.78,43.69,1,1,1,0,2
36.27,273.68,8.06,407,7.43,9.14,0.112,892,90.26,59.25,15.48,0,0,1,1,2
42.03,280.56,8.63,493,10.16,12.05,0.126,477,91.02,54.27,41.91,0,0,0,1,2
33.16,212.98,8.05,462,4.18,1.45,0.06,994,32.14,83.43,55.52,1,1,1,0,2
29.98,221.97,8.88,64,10.04,38.0,0.184,64,94.63,36.79,53.7,1,1,1,0,2
31.77,130.81,8.03,6,6.8,45.36,0.062,658,57.96,26.8,79.61,0,1,0,1,2
44.54,281.1,6.37,258,3.23,6.88,0.135,255,74.8,56.44,58.26,1,0,1,1,2
33.11,34.72,8.11,374,12.92,6.64,0.115,977,95.99,44.36,49.28,1,0,1,1,2
29.4,136.92,8.38,425,8.67,13.5,0.09,684,96.82,30.44,60.93,1,1,0,1,2
22.88,147.37,6.99,174,10.78,40.02,0.083,272,89.19,48.73,89.17,1,0,1,1,2
37.61,155.22,7.35,169,13.63,11.65,0.103,920,64.51,29.38,80.63,1,1,1,1,2
28.64,122.29,8.94,431,9.91,35.28,0.152,761,20.9,79.06,46.09,1,0,1,0,2
25.1,269.73,7.41,373,9.66,31.32,0.171,824,63.8,30.06,79.58,0,1,0,0,2
44.62,87.76,8.45,79,12.13,12.22,0.106,231,39.88,24.62,75.18,1,0,1,1,2
21.11,1.91,8.3,370,4.32,7.54,0.086,36,69.41,70.24,34.35,0,1,1,0,2
29.58,218.95,6.93,213,3.64,14.86,0.139,124,84.92,22.13,86.62,0,1,1,1,2
32.65,136.31,6.73,195,4.38,46.71,0.019,726,30.24,65.14,64.67,0,1,0,1,2
40.61,100.66,8.26,471,10.06,0.2,0.135,861,42.77,10.45,27.48,0,0,1,1,2
40.23,278.82,8.55,471,9.4,36.28,0.079,782,36.35,51.83,85.17,0,1,0,0,2
24.32,139.39,6.82,100,9.68,14.19,0.077,540,42.6,37.3,82.92,1,0,1,0,2
20.74,31.42,8.42,168,13.66,40.63,0.178,10,41.48,35.39,58.12,1,1,1,0,2
32.46,73.11,7.43,342,5.24,10.84,0.071,268,39.32,18.67,30.07,0,0,1,1,2
38.23,267.01,7.29,355,11.22,15.68,0.141,628,40.45,66.27,91.45,0,1,1,0,2
44.54,160.14,8.25,454,8.96,42.19,0.193,897,92.84,53.78,49.04,1,1,0,1,2
24.54,84.46,8.59,162,13.06,17.09,0.15,791,86.06,49.42,86.46,1,1,1,0,2
40.0,126.7,8.73,499,5.89,34.46,0.187,717,76.12,64.09,46.63,0,0,0,0,2
22.47,103.76,6.84,421,8.18,19.43,0.095,743,58.61,73.3,34.35,0,1,1,0,2
41.37,273.87,7.47,458,11.81,44.96,0.006,990,71.72,35.35,33.68,1,1,0,1,2
42.12,33.85,8.44,409,10.91,2.78,0.167,627,55.07,65.4,80.05,1,1,1,1,2
20.07,31.97,6.05,407,9.22,40.9,0.002,358,97.06,53.08,27.16,1,0,0,1,2
38.13,250.31,8.86,32,13.15,32.49,0.094,80,86.86,96.8,34.42,1,1,1,1,2
23.17,229.58,7.99,109,3.44,15.52,0.119,96,90.96,64.05,89.97,1,1,1,1,2
27.84,39.42,7.21,496,5.8,0.26,0.122,47,22.44,32.83,59.73,0,1,1,0,2
44.28,169.24,6.84,106,5.95,11.3,0.115,924,88.71,32.75,21.94,1,1,0,0,2
25.57,247.02,7.49,295,4.38,4.33,0.169,601,58.08,65.09,20.46,1,0,0,1,2
21.24,120.55,6.88,299,10.26,10.55,0.152,699,33.01,71.25,82.91,1,1,1,0,2
36.94,83.44,7.53,481,10.4,17.41,0.114,411,66.46,63.43,23.89,1,1,0,0,2
34.33,160.52,8.85,156,8.84,5.43,0.111,905,40.04,56.08,11.71,1,0,1,0,2
34.23,174.39,8.07,128,4.65,36.94,0.18,466,47.73,60.14,99.64,1,1,1,0,2
34.74,223.12,8.11,369,12.52,3.83,0.109,653,29.7,90.17,14.19,1,1,0,0,2
39.96,87.95,6.51,53,12.39,11.18,0.159,923,50.22,72.63,29.71,0,0,1,1,2
25.7,43.46,7.33,240,4.8,38.89,0.158,778,50.11,29.0,25.66,1,1,1,0,2
26.99,266.99,6.96,257,2.27,6.0,0.033,75,34.46,43.09,50.48,1,0,1,1,2
32.4,214.66,8.11,415,11.22,22.65,0.168,553,70.33,27.37,24.69,1,0,0,1,2
40.14,64.3,6.12,191,10.66,35.55,0.156,567,39.16,58.87,22.86,0,0,0,0,2
28.05,212.67,8.69,228,2.48,18.34,0.017,385,41.25,36.54,18.53,0,0,1,0,2
41.75,53.24,8.12,230,9.08,1.4,0.114,478,83.49,28.93,12.14,0,0,0,1,2
37.17,136.72,6.1,328,8.59,9.77,0.171,497,95.27,49.13,23.84,1,1,0,1,2
43.9,99.52,7.46,279,4.23,22.6,0.059,30,40.85,30.24,83.1,1,1,0,1,2
25.46,7.79,8.6,209,2.69,44.32,0.071,280,26.28,14.87,23.02,1,1,1,0,2
37.5,146.08,6.89,468,6.39,20.79,0.169,419,90.75,94.96,33.7,0,1,1,0,2
27.51,297.06,7.02,463,11.1,0.76,0.015,676,36.45,57.54,83.21,1,1,0,1,2
42.91,164.02,6.4,220,6.63,27.73,0.095,383,38.68,78.6,47.8,0,1,1,1,2
29.3,167.0,8.22,294,13.95,49.08,0.108,557,39.43,48.36,81.82,1,0,1,1,2
35.52,215.01,8.21,428,6.75,29.9,0.088,912,89.99,43.29,68.49,1,0,1,1,2
28.66,169.76,8.2,139,3.17,0.31,0.114,527,74.67,41.25,63.38,1,1,0,1,2
22.68,231.76,8.06,445,13.37,20.28,0.027,826,31.32,95.55,79.15,1,1,1,0,2
40.5,90.2,7.36,403,10.02,17.63,0.061,799,21.86,97.2,96.85,1,1,0,0,2
31.58,179.28,6.56,468,2.54,17.89,0.149,705,83.33,54.24,70.64,1,1,0,0,2
31.42,189.01,6.62,70,11.46,6.27,0.148,995,95.13,31.85,99.12,0,0,1,1,2
28.01,177.0,6.04,162,3.34,36.96,0.061,671,67.41,28.6,31.45,0,1,0,1,2
44.88,200.24,7.06,289,12.47,45.63,0.073,164,37.08,25.23,77.49,1,0,1,1,2
29.74,247.05,8.85,39,12.52,9.11,0.087,375,99.37,33.72,19.72,1,1,1,1,2
31.17,76.08,6.86,251,13.47,13.89,0.011,733,25.99,33.36,38.01,1,0,0,1,2
34.67,58.97,6.1,129,3.09,33.13,0.08,535,95.09,70.53,68.2,1,0,0,0,2
20.53,4.69,7.75,354,7.23,2.78,0.163,66,22.93,97.9,32.36,1,1,1,1,2
25.82,181.52,6.21,232,11.57,32.57,0.115,707,46.11,73.0,35.0,0,0,0,0,2
36.79,252.04,8.72,201,7.96,7.56,0.105,903,86.33,89.76,59.83,1,0,0,0,2
44.65,144.33,7.2,346,3.68,20.62,0.049,435,63.44,25.19,32.54,1,1,1,0,2
42.12,85.7,8.71,218,5.72,45.13,0.1,540,28.76,67.04,10.75,0,0,0,0,2
41.65,151.93,8.06,488,12.99,41.4,0.061,573,28.3,70.14,99.68,1,1,0,1,2
41.23,42.45,7.4,187,8.63,3.02,0.186,985,92.66,90.03,60.67,1,1,1,1,2
38.34,212.81,6.56,402,13.71,43.4,0.152,971,70.66,40.03,73.04,1,1,1,1,2
31.29,163.14,8.04,332,3.72,7.36,0.162,837,32.45,14.58,36.58,0,1,0,0,2
34.42,189.71,8.76,429,6.01,47.16,0.015,411,81.5,45.91,41.38,1,1,0,1,2
35.67,5.85,8.44,244,7.1,41.16,0.138,535,71.62,65.79,49.82,1,0,0,1,2
43.48,53.34,8.55,103,8.84,11.46,0.013,948,82.09,39.39,91.34,1,0,1,1,2
43.65,222.68,6.45,206,11.33,35.24,0.152,986,43.26,51.77,59.36,1,1,1,0,2
25.07,236.19,6.31,157,12.17,1.22,0.012,497,81.69,27.18,45.55,0,1,0,1,2
30.72,153.72,6.47,340,13.29,40.41,0.065,773,71.0,28.0,50.47,0,1,1,0,2
41.86,48.08,7.88,306,2.13,25.25,0.018,773,49.38,32.22,83.62,0,0,1,0,2
20.05,193.15,7.92,485,8.43,19.48,0.166,513,30.66,81.56,96.34,1,0,1,0,2
41.36,288.0,8.45,386,6.25,23.7,0.097,714,31.0,42.42,85.81,1,0,1,1,2
34.89,87.71,6.61,405,4.5,16.22,0.194,469,59.67,75.46,54.19,0,0,0,1,2
36.42,52.78,8.92,49,6.68,34.85,0.138,922,48.49,35.5,54.58,0,0,0,1,2
32.19,72.07,7.48,459,6.31,18.11,0.065,875,79.54,60.87,14.72,1,0,1,1,2
37.53,110.39,8.7,123,13.6,40.41,0.007,857,65.51,34.8,50.54,0,0,1,0,2
29.25,74.89,7.92,221,2.84,5.86,0.182,794,27.02,66.61,48.89,1,1,1,1,2
25.05,247.27,8.62,197,2.83,12.19,0.14,987,62.51,87.54,27.14,1,0,1,0,2
39.11,8.41,7.74,235,12.32,23.85,0.187,644,37.16,19.18,43.0,0,0,1,0,2
25.23,278.02,6.4,71,3.11,25.88,0.124,90,76.15,66.64,94.89,0,1,1,0,2
42.31,68.47,8.6,403,12.36,24.02,0.178,938,64.73,75.54,26.91,1,0,0,0,2
28.63,73.47,7.85,230,7.89,11.33,0.164,388,26.78,37.0,72.17,1,1,0,1,2
44.02,212.32,8.94,266,13.97,0.01,0.116,897,39.36,69.88,59.06,0,0,1,1,2
35.01,255.29,8.3,157,10.18,32.97,0.056,418,51.71,40.19,21.92,1,0,0,1,2
27.34,200.29,6.28,75,5.7,1.28,0.185,472,21.54,95.83,29.86,0,0,1,1,2
21.56,103.46,6.71,51,3.92,23.63,0.06,666,57.53,17.58,18.03,0,0,0,1,2
37.4,7.27,6.78,368,5.1,44.85,0.113,572,37.38,55.48,80.08,0,0,1,1,2
33.85,212.42,8.46,435,13.58,30.56,0.138,18,25.45,52.05,32.31,0,1,0,1,2
38.87,264.74,6.54,459,13.43,41.48,0.158,994,37.81,70.11,80.29,1,0,1,1,2
40.77,174.16,6.21,128,9.56,48.46,0.049,144,33.37,77.73,66.07,1,1,1,0,2
28.97,90.39,6.96,159,4.62,6.82,0.093,928,25.4,88.9,90.73,1,0,1,1,2
32.8,135.61,8.48,44,7.76,40.92,0.184,474,79.01,60.03,77.58,1,1,1,0,2
26.24,252.13,7.74,338,8.96,45.63,0.138,162,81.09,54.15,64.77,1,1,1,1,2
29.87,132.91,6.99,89,6.28,46.26,0.173,319,85.84,31.46,29.91,0,0,1,1,2
24.06,170.18,8.18,243,6.61,23.27,0.123,989,66.4,41.21,45.46,1,1,1,1,2
39.8,74.95,7.05,6,6.45,16.18,0.195,725,21.08,75.29,69.09,0,1,0,1,2
37.27,72.7,8.13,448,4.72,11.24,0.124,453,25.88,98.57,97.7,1,0,1,0,2
20.74,258.66,8.61,19,2.74,40.72,0.108,953,27.19,53.69,68.04,1,0,1,0,2
35.5,273.51,8.0,405,8.98,45.17,0.188,103,62.24,37.04,63.15,1,0,0,0,2
33.22,235.88,7.15,115,12.0,26.17,0.195,923,96.21,86.75,31.03,1,1,1,1,2
41.41,105.08,7.28,357,10.35,15.05,0.109,62,45.71,66.68,11.17,1,0,0,1,2
40.17,167.01,7.35,212,12.38,22.35,0.103,795,21.65,28.46,77.87,0,0,0,1,2
29.49,58.26,7.52,429,7.23,35.37,0.184,173,57.72,34.08,53.53,1,0,1,0,2
27.85,108.91,8.93,250,8.76,35.12,0.135,899,90.96,66.04,16.02,1,1,0,0,2
30.42,15.17,7.48,428,2.98,41.0,0.017,511,92.24,10.78,20.37,0,0,1,0,2
21.53,282.5,7.55,27,12.31,42.96,0.06,463,21.74,88.8,56.57,1,1,1,0,2
27.01,125.43,7.13,452,10.34,31.17,0.093,628,76.42,80.59,74.15,0,0,1,1,2
44.57,171.44,8.84,22,4.75,39.93,0.104,773,93.07,39.61,48.56,0,0,0,1,2
31.71,254.56,8.33,464,8.63,21.31,0.11,761,83.22,70.51,54.66,1,0,1,0,2
28.52,47.1,7.42,426,8.25,36.81,0.13,935,70.86,91.19,94.34,1,0,1,0,2
25.91,194.99,6.45,203,13.92,44.44,0.112,703,32.53,77.6,94.3,0,0,0,0,2
20.09,65.53,7.99,119,7.73,31.35,0.132,644,74.44,26.86,61.05,1,0,1,0,2
35.15,94.16,7.1,452,10.62,8.97,0.073,623,60.74,35.39,51.52,1,1,0,0,2
21.6,160.17,6.65,416,8.37,20.88,0.048,650,35.9,64.79,59.06,1,0,1,0,2
28.23,84.65,7.67,135,3.99,30.92,0.126,959,26.17,43.45,99.31,1,1,0,1,2
42.05,99.16,7.12,273,10.79,33.32,0.002,541,37.73,32.88,90.6,0,0,1,0,2
29.13,289.7,8.08,176,11.11,12.68,0.12,990,63.33,52.54,40.07,1,1,0,1,2
22.35,282.93,6.22,42,13.38,12.05,0.058,699,85.41,14.46,45.22,1,1,1,1,2
44.14,61.68,9.0,50,7.91,48.34,0.11,994,74.16,48.78,94.66,1,1,0,1,2
38.61,77.63,8.12,95,4.4,43.28,0.118,34,53.75,10.42,11.46,1,0,0,0,2
25.91,207.65,6.78,240,9.12,8.65,0.06,803,50.12,11.84,93.74,0,1,0,1,2
33.31,95.38,7.07,329,7.08,48.24,0.142,309,28.2,41.91,83.56,1,1,0,1,2
33.5,265.67,6.06,187,9.72,3.39,0.135,725,47.47,67.6,58.67,0,0,1,0,2
28.99,239.39,8.93,367,5.59,14.98,0.174,812,34.82,18.21,29.43,1,0,0,1,2
39.06,131.1,8.62,332,9.3,43.56,0.199,723,94.81,84.92,67.57,0,0,0,0,2
39.9,225.06,7.17,143,2.43,42.28,0.022,343,56.81,35.68,70.18,0,1,1,1,2
32.22,140.94,6.8,456,6.44,8.36,0.083,73,23.29,81.53,38.91,0,0,1,0,2
29.95,156.07,8.66,353,4.88,49.71,0.151,168,86.51,65.73,65.94,0,1,0,1,2
28.82,145.74,8.62,384,12.34,11.55,0.057,974,66.6,59.8,47.47,1,0,1,1,2
23.62,270.09,8.16,272,9.68,9.39,0.145,102,94.5,28.89,71.97,1,0,1,1,2
20.34,205.79,8.97,27,3.74,27.08,0.185,136,29.33,51.95,77.53,0,0,0,1,2
20.31,162.04,6.71,97,10.84,34.03,0.167,987,26.46,16.35,32.42,1,0,1,1,2
27.52,101.29,8.24,369,3.05,11.53,0.175,651,89.13,35.8,65.74,0,1,0,0,2
41.37,52.55,6.84,396,9.85,46.02,0.148,466,98.55,47.93,28.44,0,1,1,1,2
22.66,29.92,7.85,12,2.84,27.01,0.119,225,79.7,13.6,68.14,1,0,1,1,2
44.51,101.6,8.74,490,11.75,14.88,0.168,435,98.43,63.58,25.17,0,1,0,1,2
29.02,248.41,6.92,228,2.62,37.87,0.029,518,74.44,20.19,61.89,1,1,1,0,2
30.89,290.21,7.86,206,6.3,44.0,0.113,455,48.94,94.25,20.21,0,1,0,1,2
41.58,254.19,8.91,491,3.9,37.31,0.014,167,73.31,61.25,99.18,1,1,0,0,2
21.97,285.71,7.67,318,6.91,42.43,0.199,673,30.23,22.57,74.49,0,0,0,1,2
41.64,154.72,6.32,370,5.97,19.4,0.182,949,62.78,62.98,30.72,0,1,1,1,2
28.24,33.65,6.59,218,3.34,27.14,0.085,554,87.92,98.64,14.7,0,1,1,1,2
20.91,244.16,6.3,266,4.16,27.2,0.018,453,92.23,66.43,63.49,0,0,1,1,2
26.73,140.19,8.1,58,9.86,34.44,0.2,888,43.05,82.92,31.95,1,1,0,1,2
30.78,188.78,6.36,338,12.66,15.45,0.043,440,47.06,40.11,84.48,1,1,1,0,2
42.53,194.45,8.91,451,8.53,10.86,0.141,105,49.03,58.58,32.12,1,0,1,0,2
31.58,165.11,6.21,427,7.77,11.49,0.007,324,59.51,88.9,45.96,1,0,1,1,2
30.82,91.81,6.64,291,7.16,27.94,0.114,286,32.72,19.62,17.37,1,0,1,0,2
23.12,231.34,6.07,109,5.78,33.24,0.053,294,30.01,31.79,69.85,1,1,1,1,2
41.95,26.51,6.08,43,13.38,7.89,0.072,451,75.85,26.72,70.32,0,0,1,0,2
27.72,269.22,8.35,266,8.66,38.67,0.12,512,78.94,31.44,42.51,1,1,1,0,2
21.84,258.75,6.76,444,9.47,46.35,0.15,687,80.63,96.72,39.88,1,0,0,0,2
29.05,5.22,6.61,370,6.29,35.47,0.077,275,44.71,20.16,98.27,1,0,0,0,2
29.91,30.68,6.94,203,7.02,13.37,0.169,898,57.43,55.06,13.4,0,1,0,1,2
20.14,133.7,7.25,441,5.33,6.82,0.045,811,68.2,95.97,12.83,1,1,0,0,2
33.58,111.32,7.12,480,5.59,37.07,0.178,323,43.59,34.35,22.86,0,0,1,0,2
34.02,261.19,7.02,25,6.41,19.28,0.134,849,20.07,69.96,62.38,0,1,0,1,2
34.02,296.82,6.22,139,11.2,4.98,0.119,126,28.53,74.72,52.49,0,0,1,1,2
23.4,60.34,6.85,323,3.99,1.14,0.065,279,56.44,52.83,63.75,1,0,1,0,2
43.74,212.15,8.68,256,7.94,13.86,0.036,233,45.51,19.09,93.09,1,0,0,1,2
44.46,181.5,6.09,321,9.08,15.7,0.022,337,42.62,35.06,24.41,1,0,0,0,2
35.31,189.43,6.25,117,13.82,1.14,0.131,556,38.49,28.55,40.34,1,0,1,0,2
21.39,38.72,6.05,161,12.56,44.23,0.167,739,33.13,53.75,11.48,0,0,1,0,2
29.33,299.32,8.94,311,11.57,24.3,0.121,567,35.36,32.05,82.76,0,1,0,1,2
25.56,5.98,6.45,361,8.12,13.78,0.159,607,49.82,54.43,76.7,0,1,0,0,2
22.75,183.4,6.29,179,7.24,22.96,0.173,458,70.86,21.41,21.04,0,0,0,1,2
24.92,138.94,6.96,434,2.1,3.38,0.167,286,96.92,16.75,43.56,0,1,1,1,2
24.04,198.82,8.04,127,2.78,27.51,0.199,193,39.23,14.14,83.67,1,1,1,0,2
21.23,88.92,7.46,307,11.12,11.78,0.108,592,99.54,17.36,68.67,0,0,1,0,2
35.27,115.88,6.06,488,5.05,40.91,0.065,636,96.95,87.3,40.97,0,0,0,0,2
24.44,22.88,7.9,321,10.52,40.78,0.048,595,51.11,41.97,27.3,1,1,0,0,2
39.47,222.26,8.34,37,8.25,6.79,0.121,880,46.31,25.59,91.02,1,0,1,1,2
29.94,127.11,8.97,271,7.29,20.52,0.116,199,97.11,30.75,33.47,0,1,0,1,2
29.02,127.94,7.43,78,13.86,0.56,0.071,46,34.53,38.1,69.14,1,0,1,0,2
37.6,108.24,8.47,423,13.12,23.52,0.087,870,43.25,98.67,72.57,0,0,0,0,2
20.25,95.73,6.1,328,7.2,27.72,0.056,35,60.37,54.52,11.7,0,1,1,1,2
43.02,71.96,8.33,113,12.15,15.9,0.113,895,36.13,18.38,48.49,1,0,0,0,2
27.8,190.15,7.75,226,6.26,38.74,0.168,724,52.26,73.89,95.86,0,1,1,0,2
43.5,113.61,8.73,18,12.32,22.63,0.153,39,58.6,37.55,90.39,0,1,1,1,2
32.67,240.24,6.32,320,5.45,19.56,0.141,749,57.82,77.25,23.46,0,0,0,1,2
29.79,298.0,6.07,232,8.37,45.81,0.19,684,29.09,26.53,35.91,0,0,1,0,2
31.47,239.66,7.09,83,11.44,17.68,0.01,4,41.92,70.32,25.58,1,1,1,1,2
33.49,271.49,6.07,198,4.41,17.22,0.076,182,52.3,27.03,84.38,0,0,1,0,2
25.85,43.54,6.34,431,2.19,38.11,0.138,209,57.03,81.07,66.15,1,1,0,1,2
26.48,220.07,8.7,103,3.56,8.57,0.157,511,30.38,28.46,12.37,0,0,1,1,2
38.91,65.91,7.01,85,2.04,19.22,0.099,792,96.05,91.77,30.74,0,1,1,0,2
44.18,94.88,7.12,129,13.9,26.02,0.117,963,65.55,72.46,26.68,1,0,1,0,2
22.43,197.93,8.47,165,7.91,6.1,0.086,567,50.07,67.32,70.08,0,1,1,1,2
33.39,87.97,7.29,182,11.05,6.22,0.105,477,45.81,91.23,61.97,0,1,1,1,2
38.16,168.84,6.42,147,10.2,8.42,0.085,343,22.48,91.1,23.02,0,0,1,1,2
26.31,111.84,7.67,326,13.93,0.96,0.034,50,38.13,45.6,56.53,1,1,1,1,2
36.6,241.64,8.96,457,11.84,27.6,0.057,626,69.53,36.82,43.87,1,1,1,1,2
40.62,133.66,7.03,421,12.4,41.88,0.166,765,36.79,79.5,93.07,0,1,0,1,2
22.98,14.8,6.04,417,4.55,28.71,0.126,464,61.2,27.38,61.19,1,0,0,1,2
33.31,292.14,7.56,231,5.08,44.33,0.11,125,96.6,33.16,26.88,0,0,1,1,2
25.5,102.04,8.62,326,8.89,41.31,0.028,442,23.22,91.73,71.27,1,0,1,1,2
34.57,154.21,8.43,2,2.03,35.48,0.035,693,38.05,70.13,53.44,1,0,1,1,2
36.62,139.92,8.26,214,2.21,9.41,0.008,431,29.77,55.22,63.81,1,0,1,0,2
27.06,177.7,8.16,328,3.99,46.17,0.183,305,27.25,36.18,77.78,1,1,0,1,2
40.8,159.65,6.13,327,3.23,47.59,0.078,507,64.02,85.16,32.99,1,0,1,1,2
39.75,245.3,6.35,101,10.82,16.72,0.114,511,25.07,77.1,81.91,0,0,1,0,2
41.79,242.76,6.86,433,13.42,26.55,0.169,434,72.86,22.48,81.24,1,1,0,0,2
24.79,122.71,8.87,203,10.32,17.35,0.04,615,35.74,37.04,57.79,0,0,1,0,2
29.53,210.6,6.76,368,4.38,38.53,0.084,520,62.29,17.98,44.74,1,1,1,0,2
37.19,65.97,8.11,121,4.34,17.83,0.081,332,99.63,10.76,43.57,1,0,1,1,2
31.31,159.14,7.6,95,9.58,48.08,0.13,448,98.66,34.54,70.14,0,0,1,1,2
24.71,286.25,7.8,278,9.29,41.23,0.104,132,44.02,80.25,15.8,1,1,0,0,2
43.36,207.46,8.98,106,3.07,14.35,0.036,287,55.45,26.68,62.56,0,1,1,1,2
36.82,280.77,6.97,452,5.91,23.63,0.133,748,49.16,21.53,56.38,1,1,0,1,2
30.57,212.78,6.34,346,4.47,21.11,0.177,133,91.78,26.76,90.17,1,1,0,1,2
44.89,64.8,7.6,76,2.51,25.18,0.189,775,77.55,41.54,32.48,0,1,1,1,2
29.23,157.12,6.5,67,4.37,35.19,0.107,636,68.16,96.78,31.22,0,0,1,1,2
29.89,29.87,6.36,407,6.94,4.64,0.107,40,26.45,42.84,14.03,0,1,1,1,2
32.68,145.35,7.2,423,8.71,34.36,0.138,292,40.71,32.36,86.22,0,1,1,1,2
33.02,72.85,8.02,422,4.42,23.15,0.153,156,81.82,57.39,73.48,0,1,1,1,2
35.07,138.0,6.33,74,9.24,13.69,0.143,272,39.09,26.83,31.93,1,0,0,1,2
40.67,146.48,8.45,26,2.55,13.92,0.105,870,78.44,69.24,36.41,1,0,1,0,2
42.71,175.15,8.35,434,2.85,20.23,0.132,678,38.94,14.76,15.63,1,1,0,1,2
32.63,162.77,7.63,187,8.05,39.23,0.009,860,41.01,26.48,93.4,0,0,1,1,2
36.24,108.68,6.43,94,8.87,49.94,0.141,490,54.56,70.29,24.36,1,1,0,1,2
34.84,174.2,7.44,186,12.72,37.28,0.163,23,80.19,38.87,76.15,1,1,0,1,2
28.12,103.13,7.72,114,4.55,30.18,0.063,830,64.35,80.42,77.92,0,1,1,1,2
43.89,152.7,6.97,283,3.36,17.02,0.116,307,69.04,19.59,42.25,0,0,1,1,2
29.37,4.45,8.97,406,8.33,11.77,0.171,858,20.49,93.25,74.7,1,0,0,0,2
37.41,195.55,8.13,64,13.1,12.07,0.107,292,20.33,60.46,17.61,1,1,1,0,2
30.27,282.13,8.43,274,12.73,32.99,0.113,908,83.58,86.39,57.39,1,1,0,1,2
25.83,28.98,8.9,467,7.1,39.87,0.113,877,63.3,89.64,46.47,1,1,0,0,2
25.24,277.22,7.2,426,5.73,35.19,0.129,76,38.65,97.34,93.6,1,0,1,1,2
32.39,66.97,7.33,415,13.91,43.93,0.17,450,92.85,48.45,28.85,1,1,0,0,2
26.63,276.22,6.88,260,4.39,48.74,0.003,42,97.24,29.69,32.47,0,0,1,0,2
44.82,195.54,6.76,30,3.72,13.22,0.164,851,52.14,39.23,39.23,1,1,1,1,2
42.93,241.97,7.33,248,2.53,24.38,0.077,4,31.44,97.51,36.44,0,1,0,1,2
26.83,279.18,8.62,355,4.85,27.47,0.139,313,61.19,67.76,88.41,1,0,0,1,2
29.9,249.29,6.04,37,3.86,39.6,0.185,199,84.78,30.07,88.59,1,0,0,1,2
37.12,156.41,8.95,262,8.3,23.21,0.12,474,51.56,37.91,70.91,0,1,1,1,2
34.84,297.68,6.1,450,4.76,32.76,0.067,59,91.49,36.48,36.6,1,1,1,0,2
31.94,230.65,8.33,380,6.18,47.22,0.176,550,97.86,60.53,87.51,1,1,0,1,2
41.06,236.89,7.55,228,5.63,35.28,0.054,975,26.9,17.48,22.19,1,0,0,0,2
24.51,55.57,8.87,42,4.88,4.58,0.052,36,20.97,98.44,12.73,0,0,0,1,2
30.39,151.77,7.02,458,3.06,37.45,0.14,912,44.95,91.66,80.06,1,0,1,1,2
25.5,32.78,8.52,103,9.65,43.27,0.084,155,94.5,91.29,31.57,0,0,1,1,2
41.97,172.03,7.76,330,8.83,36.75,0.194,20,22.3,14.37,68.07,1,1,0,0,2
31.9,18.44,8.27,58,8.5,23.46,0.126,134,24.54,53.25,35.96,1,1,1,1,2
30.76,181.86,7.25,483,3.78,48.22,0.118,300,70.18,11.27,77.75,1,0,1,0,2
37.51,128.55,7.85,268,7.13,47.17,0.065,3,93.9,48.18,83.66,1,1,1,1,2
37.72,44.75,6.05,141,4.29,25.49,0.127,901,56.24,30.94,46.91,0,1,0,0,2
26.42,282.77,6.74,446,7.51,15.0,0.141,130,83.17,15.46,37.9,1,0,0,1,2
20.79,134.74,8.31,176,6.7,44.96,0.129,450,52.83,17.97,42.5,1,0,0,0,2
23.59,267.07,6.61,106,9.16,14.48,0.042,748,35.51,54.88,36.9,1,1,0,1,2
22.82,35.17,7.24,131,2.25,11.45,0.175,630,70.7,21.53,19.38,1,0,1,1,2
35.87,113.2,6.22,420,8.26,18.36,0.156,163,23.27,10.59,73.66,1,1,0,1,2
30.97,48.71,7.37,321,12.4,4.12,0.183,450,47.05,51.21,98.55,0,1,0,1,2
33.16,294.35,7.23,32,4.63,45.91,0.079,109,31.09,66.59,73.27,1,0,0,0,2
42.81,132.5,6.97,467,6.85,22.81,0.158,313,41.45,60.41,39.54,1,1,1,1,2
34.06,32.23,7.45,386,2.02,4.12,0.119,116,37.01,84.05,58.08,0,0,0,1,2
21.88,251.56,8.18,452,9.46,20.23,0.128,779,52.7,85.9,49.55,1,1,1,1,2
31.56,240.8,6.39,434,6.64,16.98,0.042,665,54.66,66.46,81.43,1,0,0,1,2
42.8,89.23,8.83,73,11.38,32.02,0.089,720,77.2,30.57,96.25,1,0,0,1,2
36.83,200.08,7.0,241,10.89,0.03,0.179,700,98.96,20.29,59.76,1,0,1,1,2
25.91,7.81,8.24,345,9.56,17.37,0.126,54,20.21,62.81,23.39,1,1,1,1,2
37.55,89.02,8.66,384,10.15,26.53,0.11,349,29.49,94.94,29.81,0,0,0,1,2
38.31,248.51,6.47,316,4.15,24.82,0.113,958,38.3,63.7,91.4,0,1,1,0,2
34.99,225.13,7.83,361,8.39,27.67,0.163,778,65.44,35.62,51.89,0,0,0,0,2
44.96,174.53,6.31,372,9.29,10.24,0.066,197,35.32,52.19,45.39,1,0,0,0,2
29.84,52.92,6.7,466,13.82,28.36,0.167,630,63.89,47.38,12.21,1,0,1,0,2
35.28,129.53,6.61,289,10.88,20.87,0.102,773,49.12,88.74,50.47,1,1,1,1,2
42.18,69.18,7.33,324,4.79,48.11,0.111,616,29.94,64.79,11.53,0,1,1,0,2
33.25,22.34,6.47,445,7.57,44.29,0.065,605,34.17,51.62,28.4,0,0,0,1,2
21.74,250.76,7.55,331,3.93,18.11,0.083,115,85.9,22.43,33.98,1,1,1,1,2
22.07,110.62,6.44,433,11.8,29.69,0.177,789,88.91,17.39,72.45,1,0,1,0,2
20.61,113.49,7.59,134,13.76,7.82,0.19,440,32.69,38.02,99.5,1,1,0,1,2
41.41,85.68,8.3,123,2.12,42.73,0.142,258,28.93,13.1,64.34,0,1,1,0,2
31.3,105.16,7.34,481,5.59,0.51,0.076,737,36.53,90.47,44.88,0,0,0,0,2
31.55,212.29,7.26,399,8.59,3.96,0.045,743,65.35,76.29,96.92,0,1,1,1,2
21.56,135.96,8.16,197,13.48,30.77,0.039,615,95.0,25.28,73.89,0,1,1,1,2
27.35,107.77,8.54,350,10.87,31.61,0.108,548,86.66,96.03,94.53,0,1,1,1,2
31.86,201.17,8.13,322,5.74,18.5,0.099,606,27.07,14.51,40.13,0,0,0,1,2
28.9,123.25,8.55,481,3.18,15.56,0.195,543,49.09,35.72,13.1,1,1,1,0,2
23.66,64.42,6.11,286,5.9,44.73,0.073,419,24.26,98.18,55.31,0,0,0,0,2
22.43,61.68,6.62,75,3.62,11.35,0.081,960,20.31,34.83,27.51,0,1,0,0,2
23.23,284.03,8.99,195,2.27,15.97,0.086,572,34.89,96.91,53.18,0,1,0,0,2
24.91,19.85,6.33,47,8.84,2.84,0.107,960,55.0,19.34,22.39,0,0,1,0,2
32.33,22.4,8.33,256,4.63,30.12,0.002,589,36.61,35.35,11.6,1,0,0,0,2
42.88,155.04,7.74,452,9.28,49.11,0.086,612,88.89,85.05,16.08,1,1,0,0,2
21.34,34.24,6.53,26,10.71,5.24,0.015,872,87.51,76.27,61.23,1,1,1,1,2
24.85,119.52,7.79,74,6.85,14.35,0.066,232,39.8,20.63,87.24,0,1,1,0,2
25.5,86.29,6.89,34,3.11,46.78,0.125,421,95.29,32.26,82.92,0,1,0,1,2
25.53,251.74,8.96,362,8.32,4.99,0.019,480,29.69,59.26,35.21,0,1,1,0,2
44.42,191.65,6.96,334,12.41,44.97,0.132,956,89.89,87.54,45.58,1,0,1,0,2
32.85,151.8,6.38,340,6.15,39.34,0.153,49,40.58,93.98,28.1,0,0,0,0,2
30.57,68.18,8.62,368,3.8,43.29,0.08,342,79.62,56.55,74.07,1,0,0,1,2
38.96,36.02,8.53,151,12.53,15.33,0.184,60,23.31,49.63,79.91,1,0,1,1,2
40.96,273.61,6.83,119,7.21,3.74,0.173,993,27.64,60.79,72.03,1,0,1,1,2
29.56,135.17,7.46,452,12.91,21.66,0.04,150,94.54,14.35,87.9,1,1,1,0,2
33.91,204.04,8.6,27,10.2,37.63,0.191,881,95.43,32.69,43.51,0,1,1,1,2
20.98,13.45,7.69,316,5.15,15.28,0.066,582,62.34,51.4,83.45,0,1,1,1,2
39.93,214.34,8.51,1,3.58,21.28,0.065,317,97.3,34.48,36.18,0,0,0,1,2
32.33,162.1,8.82,274,11.15,30.65,0.18,987,93.36,85.2,71.63,1,1,0,0,2
25.83,63.29,8.49,11,5.44,43.21,0.119,591,43.23,19.65,71.83,0,0,1,0,2
20.43,96.64,7.61,290,4.22,6.03,0.072,882,87.88,26.93,47.81,1,0,1,1,2
24.85,147.15,7.75,321,8.97,39.59,0.089,252,21.25,62.37,85.13,1,1,0,1,2
27.31,154.23,6.5,268,7.26,25.88,0.105,549,73.69,35.26,23.94,1,1,1,1,2
26.03,55.07,6.29,492,10.49,17.18,0.125,989,46.17,51.4,56.25,0,1,1,0,2
37.44,72.14,6.08,278,6.72,11.49,0.083,298,25.64,90.31,93.96,0,1,0,1,2
22.84,28.72,6.2,35,13.76,48.52,0.061,520,48.72,10.28,81.84,1,1,1,1,2
34.28,283.72,6.1,42,4.4,35.0,0.059,827,22.2,85.94,51.13,1,1,0,0,2
29.77,173.27,6.79,96,6.46,38.8,0.165,240,74.85,39.6,96.48,1,0,1,1,2
23.47,297.82,8.75,257,5.9,8.1,0.176,806,22.83,36.22,57.31,1,0,0,1,2
22.42,157.9,7.42,150,7.74,40.48,0.163,276,25.3,32.55,47.5,0,1,1,0,2
29.56,215.42,7.36,216,2.82,8.81,0.019,200,33.73,90.05,63.12,1,1,1,0,2
41.35,32.15,6.01,474,13.44,30.96,0.015,381,46.82,55.79,42.85,1,1,0,0,2
28.8,187.15,6.19,495,13.62,14.23,0.003,537,20.73,24.03,89.76,1,1,0,1,2
40.16,65.74,7.84,140,6.51,34.48,0.01,27,33.68,10.05,71.03,1,1,1,1,2
43.06,13.17,8.74,424,11.64,34.84,0.059,248,43.61,48.29,67.04,0,1,1,0,2
42.48,252.63,6.54,383,12.7,29.49,0.118,422,29.63,43.86,45.12,1,0,1,1,2
37.57,103.01,8.89,175,9.28,48.99,0.198,352,99.1,57.84,86.75,1,1,1,1,2
34.76,21.2,6.15,305,11.27,49.9,0.013,826,20.94,94.7,35.65,0,1,1,0,2
39.32,92.03,6.65,309,12.78,11.52,0.119,464,84.14,41.91,99.98,0,1,1,1,2
29.84,54.14,6.86,172,11.64,1.74,0.182,123,71.55,20.34,37.49,0,1,1,0,2
29.32,281.49,6.77,282,7.88,16.8,0.174,301,29.19,57.91,46.33,1,0,1,1,2
32.94,170.84,7.87,192,4.34,9.33,0.101,912,80.62,28.54,60.39,0,1,1,0,2
39.54,280.1,7.41,185,3.1,22.41,0.107,723,79.71,82.7,94.53,0,0,1,1,2
22.13,168.14,7.55,265,7.32,17.19,0.164,510,38.68,57.37,53.82,1,1,0,0,2
32.72,114.14,8.59,386,9.98,23.13,0.054,911,36.5,90.19,20.01,1,1,1,1,2
23.13,176.97,8.84,485,5.25,2.26,0.088,115,55.46,18.88,39.52,1,1,1,0,2
27.08,210.48,8.97,399,8.15,9.48,0.184,951,42.3,39.48,85.37,1,0,1,0,2
24.03,131.24,8.85,456,8.26,4.29,0.156,254,34.04,11.26,16.13,1,1,0,0,2
36.39,45.84,7.84,274,5.78,37.43,0.071,805,58.05,68.48,81.52,0,1,1,1,2
32.28,23.56,7.18,370,8.98,21.12,0.02,637,26.22,50.0,69.35,1,1,0,0,2
43.68,10.62,7.21,371,2.25,9.35,0.171,583,78.59,23.2,79.36,0,0,1,1,2
43.08,298.27,8.96,143,10.06,10.19,0.056,755,92.38,42.18,12.75,1,0,0,1,2
20.97,276.08,7.73,282,7.29,8.79,0.116,54,31.01,17.76,51.85,0,0,1,0,2
22.11,279.23,8.32,481,2.32,48.46,0.182,460,50.45,57.9,87.89,0,1,0,1,2
43.76,64.24,8.14,145,5.72,20.54,0.126,57,47.85,14.68,11.41,0,1,0,1,2
37.25,211.76,6.07,34,9.85,18.2,0.195,887,75.16,34.52,69.46,0,1,0,0,2
32.39,249.58,8.57,348,13.16,0.89,0.119,998,39.39,15.29,82.84,0,1,0,1,2
33.32,85.35,7.63,33,8.62,38.99,0.126,680,24.18,74.69,57.19,1,1,0,1,2
41.89,175.13,7.1,299,2.55,37.2,0.129,992,89.12,87.63,48.13,1,0,1,1,2
27.84,288.65,7.18,242,7.54,1.52,0.047,802,42.28,18.16,39.43,0,0,1,1,2
34.14,24.68,6.58,207,9.8,46.94,0.181,74,50.68,22.87,34.01,0,0,1,0,2
39.0,277.99,7.96,99,8.96,22.9,0.066,460,26.1,15.87,85.46,0,0,1,1,2
24.54,198.48,8.16,480,13.04,40.64,0.037,653,77.07,84.54,92.91,1,0,1,0,2
28.8,137.45,6.45,136,8.24,14.92,0.064,956,42.81,59.97,24.37,1,0,0,0,2
39.94,287.31,8.49,12,6.79,41.73,0.103,462,41.73,75.79,70.05,1,1,1,0,2
34.33,73.2,7.38,400,5.3,22.63,0.102,687,75.78,18.79,22.8,0,0,0,0,2
25.2,268.25,8.5,234,5.69,19.34,0.061,429,26.48,41.19,19.67,1,0,1,1,2
23.48,131.12,9.0,440,11.32,49.7,0.072,148,88.05,31.83,20.2,0,1,0,0,2
30.51,29.96,6.66,416,9.3,47.88,0.136,57,77.58,12.46,65.58,1,0,1,1,2
32.08,4.54,6.55,484,13.04,6.88,0.172,753,84.31,18.4,57.59,1,0,0,1,2
33.54,222.22,7.63,351,7.86,41.68,0.064,988,81.44,77.16,39.36,1,0,0,1,2
41.67,154.06,8.32,216,6.01,30.8,0.144,434,90.15,38.36,26.53,0,0,1,1,2
38.96,123.79,8.76,58,3.75,38.88,0.114,348,24.27,37.68,32.23,0,1,1,1,2
31.1,94.16,6.81,377,13.97,38.97,0.197,349,33.39,13.3,18.84,0,1,1,1,2
21.28,101.08,6.72,25,3.09,20.07,0.134,452,73.94,92.58,18.06,1,0,0,0,2
42.64,51.37,8.53,64,2.25,38.04,0.178,716,57.39,25.46,13.27,1,0,0,0,2
36.98,94.59,6.9,202,5.8,19.49,0.2,912,34.1,54.61,10.16,0,0,0,1,2
30.08,157.07,8.32,110,13.85,34.53,0.089,656,45.44,60.13,16.66,1,0,0,1,2
26.16,119.93,8.2,464,8.97,23.43,0.069,120,53.21,24.71,16.47,0,0,1,1,2
32.25,16.93,8.21,79,7.64,47.79,0.172,278,38.19,65.63,48.0,1,1,1,1,2
42.3,274.3,7.72,137,12.29,4.57,0.01,922,79.61,93.8,25.15,1,1,1,0,2
38.09,117.39,6.19,424,2.99,21.58,0.165,117,84.57,68.45,18.53,1,0,1,0,2
34.49,136.57,7.69,482,10.35,16.52,0.145,556,40.81,48.79,96.21,0,1,0,0,2
34.03,250.26,6.77,83,3.32,45.3,0.07,535,88.77,17.8,70.67,0,0,0,1,2
30.48,107.45,8.82,490,12.1,44.95,0.001,637,93.65,65.61,18.49,1,1,0,0,2
38.15,101.04,8.68,80,12.7,6.39,0.028,157,33.28,11.78,21.52,1,0,0,1,2
33.0,280.54,6.74,381,4.64,9.67,0.016,458,66.33,65.88,36.93,1,0,1,1,2
34.36,138.87,7.74,380,8.55,33.16,0.096,370,55.66,39.82,33.83,0,0,1,1,2
43.47,59.4,8.44,45,4.46,2.81,0.072,599,70.3,38.19,47.96,1,1,0,1,2
44.36,29.82,7.69,402,5.05,37.03,0.046,449,58.61,43.78,40.22,1,1,1,1,2
25.05,152.79,8.38,453,6.89,8.66,0.056,134,91.18,20.5,96.47,0,1,1,0,2
35.67,61.78,6.39,432,10.48,14.63,0.091,478,23.54,68.81,88.52,0,0,0,0,2
21.52,116.35,7.82,157,4.14,49.97,0.071,761,46.2,12.33,17.59,1,1,0,1,2
38.92,137.98,8.62,371,6.7,43.88,0.039,346,27.55,67.48,78.93,0,0,1,0,2
30.31,176.32,8.37,4,2.78,38.34,0.064,911,36.05,99.22,65.13,0,1,0,0,2
39.29,81.85,6.04,301,13.42,39.44,0.175,931,26.11,87.72,39.22,1,1,0,0,2
29.51,211.58,7.9,237,2.81,49.04,0.188,667,85.05,29.04,92.38,0,0,0,0,2
35.65,49.27,7.58,91,3.72,24.25,0.173,449,88.86,13.03,16.18,0,0,1,0,2
36.01,276.37,6.15,446,5.39,28.26,0.035,253,51.22,86.07,12.88,1,1,0,1,2
30.37,58.13,8.05,437,8.04,18.43,0.039,821,20.03,33.26,18.52,1,1,1,0,2
35.35,83.91,7.76,101,6.67,5.97,0.013,679,32.43,45.7,11.23,1,1,1,0,2
20.0,159.15,8.91,314,5.11,36.3,0.016,632,45.87,22.0,82.15,1,1,0,0,2
37.84,241.41,6.92,248,2.06,38.67,0.143,176,30.11,73.79,30.72,1,1,0,0,2
22.12,92.02,8.79,138,8.25,31.87,0.127,858,64.56,61.69,89.97,1,1,0,0,2
27.12,134.02,7.35,248,8.52,27.8,0.132,260,37.41,11.84,93.58,1,1,0,1,2
21.52,200.18,7.86,456,2.62,15.47,0.177,561,98.02,59.08,58.0,0,0,0,1,2
38.91,127.06,7.57,59,3.2,47.02,0.084,749,44.85,42.68,89.37,1,1,0,1,2
20.31,229.93,6.98,332,5.62,33.69,0.189,500,68.46,16.33,98.42,0,0,1,1,2
25.98,46.78,8.03,261,7.7,31.54,0.139,150,29.14,27.82,34.54,0,0,1,1,2
20.77,241.26,6.44,21,2.11,46.85,0.127,209,25.02,38.96,97.6,1,0,0,0,2
43.99,242.24,6.27,355,10.46,8.01,0.03,110,87.04,14.69,24.79,1,0,0,1,2
21.0,204.2,6.55,445,2.66,23.65,0.153,709,86.1,83.18,27.46,1,1,0,1,2
24.31,120.06,7.71,264,4.99,8.69,0.021,751,37.68,84.85,39.56,0,1,1,1,2
23.61,251.65,8.24,384,8.59,7.12,0.126,635,97.64,38.95,81.68,0,0,1,1,2
22.44,279.66,7.34,358,4.39,6.68,0.041,953,23.62,70.01,18.17,1,1,0,0,2
35.93,290.93,8.21,87,3.46,38.34,0.047,698,56.82,33.99,55.58,0,1,1,1,2
29.21,241.95,7.91,232,7.09,40.91,0.049,189,25.53,23.58,31.78,0,0,1,1,2
31.74,183.55,8.91,446,5.96,7.98,0.114,235,61.77,62.07,79.09,1,1,0,1,2
37.76,176.26,6.35,132,8.31,20.34,0.111,687,34.68,31.04,53.2,1,0,0,0,2
24.87,67.98,7.86,111,3.3,42.5,0.003,976,37.95,10.3,71.71,1,0,0,1,2
34.64,57.39,6.24,467,13.11,16.21,0.173,558,63.27,30.24,33.95,1,0,1,1,2
37.24,169.79,6.46,133,2.17,11.07,0.081,238,60.21,30.25,41.13,0,1,0,0,2
35.41,226.09,8.55,213,6.22,41.53,0.115,775,55.97,19.85,36.2,1,1,1,1,2
38.43,46.75,7.0,5,8.97,11.61,0.11,131,43.9,21.38,66.47,1,0,0,1,2
44.41,61.8,8.3,317,11.09,2.64,0.085,370,52.7,88.7,10.15,1,0,1,0,2
35.83,240.97,6.89,148,7.8,13.64,0.085,733,25.39,89.47,71.22,1,0,1,1,2
22.39,277.37,8.93,311,8.31,9.65,0.033,935,79.61,63.54,35.71,1,1,0,0,2
42.21,143.85,8.31,361,2.83,36.34,0.1,740,86.77,90.81,71.1,1,0,0,1,2
39.63,71.81,7.43,380,7.55,3.83,0.196,622,22.0,48.81,22.22,1,0,1,0,2
36.23,238.69,7.55,196,8.96,24.53,0.139,724,91.06,16.41,99.76,1,1,0,1,2
29.39,293.58,6.67,232,13.93,45.73,0.073,673,67.27,21.65,10.21,1,0,1,1,2
20.54,48.95,7.8,460,3.8,42.89,0.162,557,65.13,29.25,97.77,0,1,1,0,2
42.76,152.3,7.49,442,13.22,26.11,0.177,161,42.07,35.66,89.23,0,1,0,1,2
32.63,206.87,6.38,478,9.99,32.01,0.053,153,39.01,75.78,86.39,1,0,1,1,2
25.53,167.37,6.31,252,6.27,30.45,0.097,128,55.74,33.22,51.69,1,0,1,0,2
42.56,89.12,8.25,90,5.04,42.44,0.126,15,41.16,95.12,39.57,0,1,1,0,2
23.71,286.32,7.52,469,2.74,35.53,0.155,938,66.53,99.51,54.76,0,1,0,0,2
37.28,185.43,6.15,436,13.92,30.69,0.076,132,25.4,80.83,96.45,0,1,1,1,2
21.25,19.87,8.9,245,12.56,37.84,0.054,877,88.56,29.58,40.39,0,0,0,1,2
39.04,228.95,7.44,482,11.78,49.52,0.043,335,46.36,23.92,61.41,1,1,0,0,2
40.18,261.68,6.75,229,3.36,41.04,0.11,963,53.5,42.23,10.71,0,1,0,0,2
35.8,54.94,7.97,163,5.77,34.36,0.114,300,90.4,17.76,10.18,1,1,1,0,2
40.5,237.64,6.22,330,2.8,17.09,0.094,975,42.55,31.31,46.51,0,1,0,1,2
27.28,17.82,7.87,223,13.7,47.57,0.053,673,28.15,26.26,95.54,0,0,1,1,2
41.67,159.79,6.96,224,5.92,10.01,0.144,608,71.75,31.84,36.16,1,0,1,0,2
34.88,254.1,7.46,165,11.95,34.19,0.079,773,49.22,75.51,61.63,0,1,1,1,2
39.55,247.59,8.83,68,4.4,9.09,0.024,686,82.13,33.23,22.37,0,0,1,1,2
28.83,120.68,7.78,464,4.44,12.01,0.147,499,48.97,51.33,66.28,0,0,1,1,2
34.47,33.77,8.32,427,7.91,25.52,0.084,162,39.22,11.28,93.51,0,0,1,1,2
21.97,45.25,7.98,241,2.59,15.16,0.126,735,76.38,23.82,64.44,1,1,1,1,2
25.55,270.38,6.31,148,7.35,6.31,0.108,625,87.32,10.22,87.09,1,1,1,0,2
29.49,22.04,6.2,385,2.03,36.13,0.125,206,81.01,53.99,48.91,0,0,1,1,2
44.17,274.09,8.96,112,13.38,39.76,0.035,810,76.1,39.23,33.71,1,1,0,1,2
40.73,65.21,7.56,133,8.66,22.25,0.187,270,21.75,24.44,25.74,0,1,1,1,2
23.58,128.93,7.35,259,8.26,26.11,0.107,509,61.25,85.39,51.54,1,1,1,0,2
40.67,242.4,7.98,377,13.34,13.11,0.011,982,72.06,22.92,22.76,0,0,1,1,2
31.2,168.07,7.57,129,7.32,12.06,0.166,626,41.01,66.97,29.09,0,1,0,1,2
38.11,52.45,6.79,98,3.41,27.69,0.123,227,47.46,99.91,39.67,0,1,1,0,2
44.63,288.44,7.21,286,13.0,10.26,0.109,640,50.09,40.95,18.75,1,1,0,0,2
34.12,24.19,8.23,173,2.47,6.13,0.138,981,58.43,60.7,37.77,0,1,0,1,2
32.77,236.42,7.0,260,6.39,45.46,0.085,691,57.75,31.43,74.14,1,1,0,1,2
34.07,199.48,8.0,265,10.95,40.28,0.142,234,83.84,31.57,47.01,1,1,0,1,2
33.57,206.15,6.45,171,9.28,47.44,0.056,142,35.73,24.08,50.55,0,0,0,1,2
26.7,252.84,6.48,419,6.62,6.08,0.114,573,57.11,44.4,28.88,1,0,0,1,2
26.8,288.53,6.94,291,6.02,15.11,0.127,484,51.48,16.7,61.71,1,0,1,0,2
43.97,35.9,6.87,205,8.01,22.73,0.194,333,37.74,33.79,38.71,0,0,0,1,2
36.83,265.03,7.46,445,3.7,2.05,0.2,98,70.17,29.59,48.73,0,0,1,0,2
38.98,285.45,7.96,296,4.13,20.37,0.13,659,51.98,66.03,34.11,0,1,0,1,2
33.29,281.45,8.02,311,7.26,38.13,0.02,528,38.09,27.85,48.58,1,0,0,0,2
28.73,173.48,6.04,291,13.99,13.59,0.17,95,20.67,19.48,59.73,1,0,0,1,2
36.88,260.86,6.51,357,11.27,12.79,0.127,222,82.38,12.98,69.36,1,0,0,1,2
24.73,76.43,7.1,404,8.85,34.53,0.168,419,40.38,21.22,24.12,1,0,0,1,2
20.07,240.36,6.76,237,4.48,28.91,0.114,738,35.28,83.67,59.31,1,0,0,1,2
40.09,112.75,7.13,295,10.86,28.91,0.162,512,62.05,35.02,33.65,0,1,1,0,2
25.54,243.69,6.79,424,11.56,3.22,0.069,665,88.86,75.97,92.73,1,1,1,0,2
38.95,117.11,6.83,269,3.93,9.42,0.192,822,30.7,35.88,96.16,0,0,1,1,2
31.76,2.01,6.08,72,2.56,20.41,0.188,519,40.3,69.62,65.46,1,0,1,1,2
42.35,149.79,7.43,443,6.07,44.99,0.158,857,81.81,79.64,84.51,1,1,1,0,2
35.25,132.38,8.28,280,2.29,24.18,0.196,619,96.15,52.88,77.66,0,1,0,1,2
41.9,104.64,8.71,142,4.77,37.3,0.027,155,32.7,29.16,74.24,1,0,1,0,2
35.42,37.74,8.14,96,11.58,18.15,0.185,20,57.6,87.5,23.66,1,1,1,1,2
27.33,9.93,6.19,84,2.75,30.35,0.167,789,92.75,51.79,35.85,1,1,0,1,2
29.12,156.81,8.28,238,12.74,11.47,0.041,600,59.65,38.72,39.06,1,0,1,0,2
43.3,265.43,6.02,74,5.57,23.35,0.087,407,29.34,58.41,97.81,0,1,1,0,2
23.13,200.29,6.6,441,4.04,47.58,0.095,777,97.0,16.99,32.53,0,1,1,0,2
31.59,156.31,6.02,437,11.22,36.64,0.129,477,92.08,44.75,99.38,1,1,0,1,2
21.71,26.43,8.68,366,6.14,15.45,0.059,143,23.89,88.63,33.81,0,0,0,0,2
26.92,61.77,7.9,312,10.09,21.04,0.044,33,49.82,63.82,28.06,1,0,1,0,2
29.28,210.26,7.45,351,11.78,24.47,0.095,75,77.35,39.23,30.37,1,1,1,0,2
33.99,165.75,8.27,377,12.33,5.29,0.083,741,39.86,73.33,96.35,0,1,0,1,2
31.53,214.36,8.86,430,10.27,11.94,0.085,108,44.53,53.14,23.69,0,0,1,1,2
37.5,259.55,7.74,8,10.73,40.25,0.082,529,36.37,63.69,63.24,0,1,1,0,2
29.03,243.03,6.14,299,12.33,19.09,0.165,479,99.8,76.3,20.25,1,1,1,0,2
35.26,44.24,7.06,431,11.33,2.36,0.079,536,77.28,64.64,35.05,1,0,0,1,2
23.56,113.31,6.87,277,4.91,46.0,0.149,186,23.79,93.74,35.18,0,1,0,0,2
31.95,168.24,7.45,469,10.9,40.26,0.041,811,62.54,49.36,14.9,0,1,1,0,2
20.91,1.4,7.67,329,8.17,47.46,0.087,112,22.68,10.45,39.35,0,0,0,1,2
23.94,105.3,8.89,264,8.07,13.32,0.055,162,73.44,45.91,88.1,1,0,1,0,2
35.16,226.65,8.74,473,9.76,3.99,0.1,574,95.3,29.17,92.94,1,1,1,1,2
44.44,203.65,8.44,161,3.53,6.21,0.061,555,21.23,72.88,46.87,0,0,1,1,2
37.17,217.46,7.74,97,6.37,32.95,0.151,471,38.95,13.32,60.85,1,0,1,0,2
39.37,201.77,6.07,469,8.55,28.61,0.174,997,57.31,24.09,88.28,1,1,1,1,2
28.19,219.04,8.48,316,11.81,16.52,0.081,669,27.23,95.32,26.39,0,0,0,0,2
31.26,50.27,8.04,311,10.41,9.01,0.009,646,92.17,91.73,48.16,1,0,1,1,2
28.88,233.92,6.28,176,8.0,6.04,0.173,963,64.09,24.87,16.9,1,0,0,1,2
28.54,121.86,7.72,396,4.89,41.0,0.126,472,80.88,89.18,49.67,1,0,0,0,2
26.4,243.94,7.9,149,10.63,32.12,0.125,808,98.84,63.22,24.94,0,1,1,1,2
33.02,237.6,7.5,234,3.55,26.54,0.003,922,23.94,78.09,52.73,0,0,1,1,2
37.72,84.07,8.75,139,7.35,10.58,0.088,791,49.67,76.94,19.19,1,1,0,0,2
41.27,124.66,6.21,402,4.14,5.62,0.155,303,49.11,48.83,66.21,1,0,1,1,2
25.38,230.51,8.85,265,8.6,32.67,0.143,897,24.54,44.95,10.29,0,0,0,0,2
34.09,56.88,8.88,368,6.91,2.39,0.001,642,59.68,72.32,24.02,1,1,0,0,2
37.14,88.77,6.21,3,8.1,20.14,0.086,40,49.55,14.74,81.74,0,0,1,1,2
20.01,4.56,8.2,465,9.39,2.46,0.19,962,72.91,87.23,92.53,1,1,1,0,2
27.6,150.68,7.19,146,13.0,47.79,0.036,867,95.58,70.32,35.6,1,0,1,0,2
20.36,131.67,6.78,104,8.17,7.2,0.067,773,42.89,50.86,64.37,0,0,1,1,2
31.19,239.46,8.55,402,12.53,26.98,0.051,659,76.18,25.64,40.0,1,1,0,0,2
34.67,139.19,6.77,137,3.48,12.83,0.099,376,44.1,64.85,29.09,0,1,1,0,2
41.6,296.04,7.92,339,8.5,42.52,0.123,773,57.15,78.17,77.46,0,0,1,1,2
34.81,285.97,7.83,380,12.94,33.27,0.174,54,38.84,87.4,14.29,1,1,1,1,2
42.63,212.39,6.49,458,11.63,8.69,0.18,959,45.67,71.5,25.3,0,1,0,0,2
36.79,3.43,6.06,416,3.84,0.66,0.081,623,85.88,79.4,65.85,0,1,1,0,2
24.48,95.36,6.78,438,8.33,2.8,0.09,868,28.53,63.9,77.87,0,1,0,1,2
36.94,130.36,7.55,395,3.78,26.44,0.147,847,55.26,72.94,27.38,1,1,0,1,2
26.21,127.53,8.02,274,7.19,44.16,0.076,566,76.73,19.7,14.58,0,1,1,0,2
44.46,279.68,6.1,159,3.54,21.25,0.058,765,39.94,25.68,60.34,1,1,1,0,2
20.06,268.21,8.91,442,8.9,43.15,0.047,861,82.66,79.49,28.84,1,1,0,1,2
33.81,76.04,6.4,165,9.21,6.36,0.189,916,33.26,49.06,73.92,1,0,0,1,2
22.25,115.62,7.04,63,4.84,22.36,0.042,857,55.18,64.12,73.88,1,1,0,1,2
25.46,1.13,8.48,232,3.39,40.57,0.169,606,61.75,37.98,85.38,1,0,1,1,2
33.7,278.14,8.98,192,10.51,40.43,0.038,674,25.92,22.23,41.59,0,1,1,0,2
35.88,182.18,8.93,372,2.87,47.69,0.175,77,36.03,44.54,91.54,0,0,1,1,2
44.75,154.75,8.84,377,2.25,23.82,0.132,716,24.34,62.35,50.71,1,0,1,0,2
30.88,210.73,6.91,351,12.74,6.66,0.115,614,44.84,70.75,58.13,1,1,1,0,2
33.82,27.08,7.68,345,5.12,49.33,0.08,998,56.21,44.98,60.74,0,0,1,0,2
20.04,263.67,6.46,243,6.48,23.39,0.129,133,35.81,60.37,66.5,0,0,1,0,2
36.51,55.0,6.11,9,4.94,37.52,0.044,548,78.76,76.88,27.91,1,1,0,0,2
22.2,38.34,7.32,122,10.97,42.1,0.115,341,42.03,65.0,56.29,0,1,1,1,2
40.52,144.67,8.63,195,2.85,45.72,0.193,576,72.92,24.75,37.11,1,1,1,0,2
29.74,204.84,6.96,327,7.0,3.21,0.049,651,46.98,59.87,35.1,0,1,0,1,2
25.8,39.57,8.26,225,10.14,2.89,0.113,718,51.04,10.05,88.87,1,1,0,1,2
33.34,94.99,6.72,417,3.51,7.94,0.132,74,79.65,76.62,27.28,0,1,0,1,2
37.8,139.25,6.13,279,12.5,26.42,0.059,761,66.93,93.74,20.09,1,0,0,1,2
34.67,255.53,8.92,268,8.22,6.7,0.138,582,70.54,68.14,77.85,1,0,0,0,2
34.05,137.06,7.39,447,2.33,25.62,0.036,759,22.11,63.49,89.51,1,1,0,0,2
41.23,185.92,6.2,107,6.57,39.14,0.131,552,60.77,88.55,27.11,1,1,1,0,2
29.26,204.13,8.8,139,2.11,26.84,0.156,209,23.66,49.04,71.53,1,0,1,0,2
38.16,47.61,6.86,467,4.91,11.72,0.167,598,31.81,97.84,38.9,0,0,1,1,2
38.54,274.95,6.06,41,3.18,4.4,0.023,674,80.67,20.67,43.92,1,0,1,0,2
24.27,143.65,8.16,97,6.57,46.96,0.056,783,28.49,22.95,86.07,0,1,1,1,2
31.15,94.61,6.61,190,7.27,46.15,0.144,862,76.78,74.47,74.05,0,1,1,0,2
42.27,109.28,8.71,414,9.23,5.33,0.139,22,34.71,11.84,40.51,0,1,1,0,2
33.52,88.94,6.7,463,9.1,48.69,0.187,730,26.51,49.03,18.39,0,1,0,0,2
32.18,45.96,6.07,159,4.78,40.38,0.09,964,32.11,14.39,46.64,1,0,1,0,2
23.0,205.65,7.16,376,13.12,3.03,0.124,993,99.64,52.31,54.91,0,1,1,0,2
27.18,32.26,7.38,489,7.88,37.3,0.158,845,54.57,14.76,17.77,0,1,0,0,2
31.83,145.59,7.24,415,13.01,17.37,0.036,294,37.0,38.6,15.7,1,0,1,0,2
37.14,272.96,8.93,337,4.53,30.73,0.023,111,20.08,43.81,75.53,1,0,1,0,2
34.87,2.44,7.3,122,10.63,37.19,0.142,159,35.16,30.89,16.93,1,1,0,1,2
41.6,120.59,7.11,349,4.48,1.34,0.193,746,74.92,51.15,98.47,0,1,0,0,2
40.48,283.77,8.1,162,8.59,47.38,0.083,704,49.09,85.89,38.68,0,1,0,1,2
27.6,14.91,8.84,290,12.55,19.28,0.154,778,37.64,72.73,44.0,0,0,1,0,2
22.25,260.33,6.44,437,5.07,41.33,0.146,253,90.19,65.48,49.04,1,1,1,0,2
41.4,240.7,6.28,40,4.4,47.28,0.007,336,70.03,89.46,39.4,1,1,0,1,2
33.16,52.86,8.97,267,10.39,7.12,0.152,463,64.91,10.26,91.22,0,1,1,0,2
25.98,98.27,6.6,227,13.03,39.62,0.149,491,85.53,81.68,59.0,1,0,1,1,2
38.13,136.89,7.23,3,5.03,26.43,0.077,961,49.71,94.89,15.73,1,1,1,1,2
33.6,9.51,6.94,149,7.87,24.13,0.151,979,74.98,29.85,14.96,0,1,0,1,2
35.42,94.1,6.48,338,6.22,31.81,0.126,670,26.32,63.6,76.04,1,1,0,0,2
20.29,190.09,6.65,47,13.71,8.84,0.051,695,70.88,41.86,86.11,1,1,1,0,2
41.65,95.94,8.79,413,8.34,6.13,0.17,610,41.92,30.19,52.73,1,0,1,1,2
28.61,100.34,8.94,124,13.84,24.18,0.167,266,49.62,59.59,76.76,1,1,1,1,2
22.83,80.55,8.95,294,6.22,14.4,0.158,682,55.78,84.82,45.26,0,1,1,0,2
41.3,139.52,6.32,62,9.62,15.18,0.185,67,39.98,41.5,51.82,1,1,1,0,2
