temperature,rainfall,ph,turbidity,dissolved_oxygen,nitrate,lead,bacterial_count,clean_water_percentage,sanitation_level,healthcare_access,symptom_diarrhea,symptom_fever,water_dirty,water_scarcity,outbreak_risk
29.36,112.09,8.05,332,7.04,39.17,0.001,363,64.54,78.54,63.85,0,1,0,1,0
43.77,99.87,6.15,90,4.13,23.61,0.076,294,47.9,47.86,23.37,1,0,0,0,1
38.3,52.85,6.71,165,3.25,27.53,0.153,421,34.86,25.88,52.86,0,1,1,1,1
34.97,182.18,7.82,160,5.15,43.98,0.09,5,60.01,74.24,26.01,0,1,1,1,0
23.9,142.99,7.19,5,10.9,24.65,0.114,857,47.31,32.2,89.31,1,0,0,0,0
23.9,259.71,8.08,140,2.88,17.55,0.118,592,23.1,80.44,72.76,1,1,1,1,2
21.45,9.63,8.86,204,7.38,39.85,0.018,855,78.04,40.49,12.82,0,1,1,1,1
41.65,193.16,5.91,460,11.91,2.52,0.035,585,78.61,24.11,10.15,1,1,1,0,2
35.03,228.88,7.98,19,5.22,47.92,0.183,479,69.51,32.92,98.54,0,0,0,1,0
37.7,227.85,6.31,99,5.62,17.0,0.092,826,87.27,34.0,13.59,0,1,1,0,0
20.51,265.82,6.95,164,12.61,31.48,0.084,514,36.25,44.09,87.93,0,1,0,0,2
44.25,218.71,5.62,44,9.8,34.27,0.15,914,42.9,33.16,96.02,0,1,0,0,1
40.81,278.34,5.98,456,11.57,6.85,0.009,226,56.69,30.3,37.73,0,0,0,1,2
25.31,99.8,6.62,336,5.47,41.14,0.168,666,24.81,45.26,58.61,1,1,1,0,0
24.55,150.96,6.7,226,13.96,28.61,0.134,280,90.68,88.13,68.27,1,1,1,1,1
24.59,4.22,8.65,314,3.69,16.4,0.029,724,59.25,16.34,56.84,0,0,1,1,2
27.61,2.09,8.1,51,13.54,42.53,0.013,705,45.97,36.66,29.22,1,1,0,0,2
33.12,72.04,8.9,145,12.83,31.25,0.001,339,58.24,60.61,62.31,1,1,1,1,2
30.8,30.24,7.6,280,8.62,39.29,0.059,406,46.01,88.7,33.28,1,1,1,1,0
27.28,78.06,6.35,122,9.02,49.62,0.065,891,42.9,35.57,24.85,0,1,0,0,2
35.3,53.11,6.65,206,11.3,6.51,0.035,574,55.84,41.39,55.5,0,0,1,1,0
23.49,8.56,6.62,470,5.68,37.48,0.057,441,58.55,81.82,43.48,0,0,1,0,0
27.3,272.79,6.64,384,8.33,37.88,0.112,736,54.67,43.53,12.47,1,1,0,1,0
29.16,2.47,7.86,296,12.83,43.73,0.023,817,63.83,86.64,95.47,1,0,0,1,2
31.4,220.82,7.36,101,2.82,20.4,0.04,391,82.67,50.97,13.56,1,1,1,0,0
39.63,45.64,6.85,273,12.87,43.48,0.112,887,24.58,61.22,91.27,0,0,0,1,2
24.99,273.67,6.02,128,10.75,31.99,0.141,434,84.92,60.48,27.08,1,0,0,1,2
32.86,267.84,5.58,166,11.24,3.44,0.186,100,38.28,20.74,22.77,1,0,0,1,1
34.81,196.17,6.27,201,2.78,1.58,0.102,247,40.17,41.94,16.22,0,0,1,0,2
21.16,201.67,5.88,414,4.25,24.07,0.023,297,67.96,31.74,48.31,1,1,1,0,1
35.19,1.6,8.25,101,13.1,39.29,0.118,989,98.05,71.47,62.82,1,0,0,0,1
24.26,295.46,5.89,70,3.49,19.21,0.199,830,21.39,94.03,91.34,0,0,1,0,1
21.63,263.35,8.03,421,9.57,42.59,0.177,414,73.85,29.12,80.54,0,0,1,1,0
43.72,268.53,6.85,7,11.39,24.61,0.156,104,75.75,18.21,24.37,0,0,0,1,1
44.14,197.77,5.76,161,4.78,1.31,0.147,58,65.89,55.59,25.1,0,0,1,0,2
40.21,103.44,8.34,72,10.39,48.68,0.151,209,20.78,45.18,10.73,0,1,0,0,0
27.62,268.09,7.53,344,2.79,24.48,0.018,94,68.51,13.21,71.9,1,0,0,0,0
22.44,87.46,6.33,26,7.99,32.51,0.104,601,29.2,92.95,11.57,1,0,1,1,1
37.11,168.81,8.63,168,6.01,9.96,0.138,343,26.25,94.61,22.47,0,1,1,1,0
31.0,29.92,5.66,262,9.75,14.87,0.015,50,75.68,86.54,67.11,0,1,0,0,2
23.05,276.59,6.21,287,12.67,24.21,0.183,952,76.02,35.25,23.52,1,1,1,1,0
32.38,42.23,8.13,72,3.51,42.81,0.026,900,91.19,21.02,23.79,1,0,0,1,0
20.86,67.47,7.98,208,7.4,5.1,0.018,500,20.27,63.32,31.06,0,0,0,0,0
42.73,167.44,6.51,98,7.08,39.02,0.025,714,50.3,35.34,44.67,1,0,1,0,0
26.47,229.23,5.72,367,5.89,28.97,0.085,563,20.98,28.15,10.71,1,0,1,1,0
36.56,185.81,8.5,399,7.76,24.98,0.109,983,49.17,67.72,77.15,1,1,1,1,0
27.79,69.64,6.6,385,12.57,43.83,0.019,704,59.33,77.53,79.64,0,1,0,1,2
33.0,0.28,6.18,426,13.68,5.91,0.157,139,62.38,57.46,43.01,0,0,1,1,0
33.67,227.15,7.31,30,2.03,49.54,0.04,101,48.47,38.8,81.83,1,0,0,1,2
24.62,295.56,8.69,335,10.87,42.73,0.112,918,78.02,56.13,35.63,1,0,1,1,1
44.24,242.97,5.65,430,9.38,16.29,0.098,119,53.25,63.98,98.71,0,0,0,0,0
39.38,138.06,8.18,32,13.93,22.58,0.181,307,61.37,14.67,45.8,0,1,0,0,2
43.49,271.13,7.5,212,3.08,1.25,0.179,875,84.01,49.94,70.19,1,0,1,0,1
42.37,122.95,6.99,144,11.74,26.38,0.048,472,33.94,63.85,39.02,1,0,0,0,0
34.95,157.48,8.1,98,13.21,27.39,0.108,446,45.67,21.65,50.57,0,1,1,0,0
43.05,143.14,8.88,309,12.95,46.33,0.197,75,61.71,50.4,68.06,1,0,1,1,0
22.21,134.29,6.3,309,8.73,19.4,0.066,642,81.41,41.21,41.28,0,0,1,1,1
24.9,232.56,6.0,434,5.93,28.53,0.015,151,54.03,88.11,69.09,1,0,0,1,2
21.13,158.03,8.7,179,9.68,37.03,0.144,729,25.82,54.04,23.14,1,0,0,1,2
28.13,95.02,7.84,134,5.67,30.43,0.101,590,99.11,48.36,53.54,1,1,0,1,1
29.72,77.45,7.03,437,6.95,7.81,0.188,862,76.63,31.95,34.56,0,1,1,1,1
26.78,11.32,7.51,476,7.35,8.59,0.115,490,77.82,96.17,92.8,1,0,1,1,0
40.72,174.96,8.11,394,5.62,6.92,0.102,937,57.21,96.5,84.22,0,0,1,1,2
28.92,68.99,8.21,189,6.1,10.89,0.183,404,63.76,43.01,53.87,0,1,1,0,0
27.02,44.44,8.72,29,2.09,16.42,0.076,251,99.52,93.61,50.84,1,1,0,1,2
33.57,196.15,6.99,81,5.56,36.98,0.119,724,67.61,65.67,85.06,0,1,0,0,0
23.52,204.36,6.53,56,7.67,3.05,0.169,374,37.51,80.29,72.14,0,0,1,1,1
40.05,225.65,7.74,173,4.08,41.02,0.12,340,97.15,18.09,71.5,1,1,0,1,2
21.86,151.07,6.96,207,11.67,13.12,0.06,118,63.02,11.92,59.34,1,1,1,1,0
44.67,268.22,7.58,325,8.45,30.67,0.112,152,21.65,56.27,87.61,0,1,1,1,1
39.31,280.9,6.97,321,11.53,27.64,0.086,523,65.87,16.83,27.05,0,1,0,0,2
24.97,242.21,6.04,182,3.54,7.7,0.197,815,25.64,90.25,87.57,1,0,1,0,0
20.14,190.68,7.14,234,11.85,14.36,0.01,612,62.21,83.81,56.87,0,1,0,1,0
40.39,91.12,7.92,106,13.5,14.8,0.154,721,86.03,74.33,65.92,1,1,0,1,1
37.67,294.88,8.3,185,6.23,31.19,0.005,73,63.11,12.83,96.62,1,0,0,1,0
38.23,82.24,7.23,265,5.41,39.43,0.121,709,49.88,51.25,48.21,1,0,1,0,1
39.28,60.8,6.08,131,9.76,49.81,0.086,696,90.61,17.03,70.12,0,0,1,1,0
21.85,132.65,6.95,496,9.63,4.79,0.182,796,94.21,93.58,56.99,1,1,1,1,2
28.96,17.05,8.25,329,3.35,46.93,0.108,156,47.8,65.14,93.84,0,1,1,0,1
22.9,293.55,6.95,328,13.12,28.08,0.165,220,59.92,24.09,53.89,1,1,0,0,1
41.58,176.53,7.94,317,7.75,17.84,0.134,173,98.63,60.45,33.05,1,1,0,0,0
35.58,167.09,7.28,364,11.17,14.23,0.089,237,34.25,20.67,53.45,1,1,0,1,0
28.27,196.74,6.34,170,6.31,10.45,0.068,520,43.85,23.11,92.51,1,0,1,0,2
21.59,149.11,8.29,297,5.14,27.85,0.023,763,54.27,17.29,55.06,0,1,0,0,1
27.77,9.62,5.79,23,3.34,47.3,0.003,543,28.07,88.46,23.15,1,1,1,0,0
28.13,183.69,7.34,260,5.29,9.11,0.0,495,41.76,59.11,58.74,1,0,0,1,1
38.24,214.85,6.23,354,13.92,21.81,0.045,140,63.58,39.51,44.88,0,1,1,1,2
35.94,125.02,5.73,195,9.9,10.19,0.112,877,38.28,10.06,68.48,1,0,1,0,2
42.18,227.19,7.26,98,11.63,8.78,0.195,180,74.9,52.48,31.72,1,0,0,1,0
31.81,68.1,7.25,489,13.5,43.34,0.141,842,47.81,56.15,39.01,0,0,1,1,2
22.99,66.38,7.97,375,2.95,13.1,0.014,97,27.18,40.29,56.49,1,1,0,0,0
37.83,48.43,8.11,332,3.98,12.4,0.129,309,81.16,53.59,20.65,1,0,1,0,1
39.02,111.6,8.05,100,13.14,45.49,0.097,379,65.39,19.07,28.95,0,0,0,0,1
34.03,254.1,6.93,351,8.77,19.3,0.127,371,85.99,92.99,82.12,0,1,0,0,0
39.27,248.37,7.71,428,9.62,0.44,0.125,412,48.81,33.25,94.53,0,0,0,0,1
32.34,114.85,7.52,442,7.13,36.06,0.029,690,21.55,95.36,97.26,0,1,1,1,1
33.07,176.74,6.98,119,11.77,25.85,0.184,459,23.74,54.36,94.35,0,1,1,0,0
30.69,216.24,7.59,320,8.21,38.71,0.111,176,83.64,87.11,94.78,1,0,0,0,0
20.64,72.36,8.82,446,11.91,28.51,0.14,862,52.85,61.95,83.9,0,1,0,1,2
22.7,50.44,6.18,376,13.91,17.56,0.077,936,98.11,86.0,76.21,0,1,0,1,2
20.79,291.63,8.67,202,9.76,3.33,0.024,469,86.42,10.91,30.87,0,0,1,0,1
35.91,185.27,5.69,89,8.35,43.3,0.138,729,21.29,26.78,49.76,0,0,1,0,0
27.86,294.42,6.58,194,6.38,10.35,0.188,779,89.6,41.85,45.82,1,0,1,0,2
32.71,101.33,6.51,176,4.34,48.57,0.116,802,37.03,36.65,75.73,0,0,1,1,1
42.69,210.91,7.69,114,9.88,12.29,0.04,368,58.9,95.21,52.78,1,1,0,0,0
26.23,66.78,5.96,332,2.75,41.35,0.125,485,60.49,45.52,42.42,1,0,1,1,0
30.26,78.36,8.59,31,13.48,39.44,0.086,771,24.78,97.49,83.27,1,1,0,0,0
38.89,153.57,8.4,367,9.77,23.14,0.08,556,30.05,68.59,77.49,1,1,0,0,1
25.72,95.89,7.78,433,13.51,20.09,0.183,816,53.84,85.2,43.19,0,0,1,0,2
21.92,50.29,7.1,214,5.27,35.16,0.147,969,71.41,45.45,47.74,1,1,0,1,0
27.24,78.86,8.77,441,13.36,26.43,0.102,243,41.15,27.11,90.39,0,0,0,1,1
24.03,10.72,8.41,307,9.35,31.6,0.084,126,62.11,14.54,75.94,0,0,1,0,1
43.24,211.33,7.25,278,11.72,23.51,0.049,657,50.33,69.08,72.1,0,0,0,1,1
40.2,147.63,7.96,242,4.15,27.86,0.069,813,70.43,97.46,74.05,1,0,0,0,2
35.84,28.27,7.48,285,8.0,9.46,0.108,111,53.95,20.64,19.21,0,0,1,1,2
41.79,51.51,7.56,69,8.83,2.77,0.01,978,88.13,79.46,60.72,1,0,0,0,2
40.09,30.76,6.66,70,6.71,17.8,0.072,441,98.7,42.82,36.19,0,1,1,0,1
24.66,183.78,7.12,110,5.04,23.29,0.099,270,93.04,99.41,17.63,0,1,0,0,1
42.31,28.26,5.77,157,12.86,45.3,0.122,313,33.49,88.3,75.8,1,1,1,0,2
33.48,226.28,6.75,36,3.02,20.7,0.149,662,56.57,30.77,37.39,0,0,0,0,0
40.19,6.15,7.94,303,3.85,21.7,0.003,406,56.71,78.92,37.91,0,0,0,0,1
42.4,74.81,8.84,415,5.85,33.74,0.059,852,87.24,76.08,67.59,0,0,0,1,2
27.95,267.2,8.87,325,13.04,10.34,0.052,921,48.58,78.71,69.96,1,0,1,1,1
22.75,215.56,7.45,34,8.77,43.58,0.104,236,63.97,17.45,52.67,1,0,1,1,0
25.7,21.89,7.62,479,6.48,21.38,0.093,161,68.74,82.85,60.08,1,1,0,0,1
30.68,246.34,6.15,459,6.83,46.54,0.016,380,28.92,33.53,86.4,1,1,0,0,2
40.45,147.91,7.93,323,12.05,13.56,0.152,808,64.64,63.14,19.64,0,1,1,0,0
41.52,254.03,5.75,415,2.32,23.28,0.137,460,39.75,20.39,15.88,0,0,0,1,0
20.17,180.22,6.5,58,2.14,38.91,0.164,312,36.53,60.23,69.06,0,0,0,0,0
32.77,204.55,7.84,373,2.55,27.8,0.022,280,40.03,91.58,64.34,1,0,0,1,1
30.44,298.05,6.59,418,7.63,33.06,0.101,949,27.95,25.95,26.73,0,0,1,0,1
25.55,69.7,5.67,367,8.97,14.03,0.121,555,25.58,86.95,56.97,0,0,1,0,1
23.0,187.18,8.41,399,9.49,16.42,0.01,992,71.75,49.19,77.11,1,0,1,1,0
28.44,138.1,6.59,374,10.77,25.38,0.192,731,95.28,39.01,75.85,0,1,1,0,2
43.57,11.84,5.72,370,4.28,10.12,0.159,140,75.04,15.14,63.62,1,1,1,0,2
28.08,4.34,5.76,206,5.15,6.32,0.049,53,44.95,57.57,21.74,0,1,1,0,0
32.97,35.77,6.38,360,4.92,42.19,0.126,538,46.8,27.99,37.36,1,0,1,0,0
37.58,194.73,6.12,435,3.79,38.74,0.029,519,63.31,94.61,46.52,0,0,0,1,0
29.09,170.15,8.21,65,4.93,46.6,0.175,483,89.3,31.43,80.94,0,0,1,0,2
44.29,166.03,6.63,261,9.36,29.33,0.02,501,36.2,62.81,58.94,1,0,0,1,2
44.06,9.56,8.32,269,6.4,21.01,0.181,170,57.48,60.27,75.99,1,1,0,0,1
26.29,140.79,6.11,232,11.21,5.15,0.166,375,59.92,40.31,93.12,1,1,0,0,0
32.43,277.39,7.23,156,8.44,42.52,0.096,709,94.5,86.69,66.15,1,1,0,0,0
27.52,119.28,7.91,105,4.54,22.81,0.131,76,62.89,26.49,31.34,0,1,1,1,2
27.12,187.48,7.78,153,7.61,28.06,0.049,851,82.47,83.54,22.56,0,0,0,0,1
20.92,233.95,7.6,17,9.12,15.68,0.077,182,27.02,28.67,10.05,1,1,1,0,1
35.24,235.18,8.74,494,12.39,26.19,0.043,703,46.15,13.52,25.81,1,1,0,1,0
32.57,155.78,6.3,259,12.0,39.09,0.106,4,68.91,94.95,34.23,1,1,0,0,0
21.29,257.39,7.23,484,7.12,35.61,0.064,570,74.21,67.36,34.28,0,1,1,0,0
26.97,117.41,8.59,312,9.77,49.45,0.07,236,90.82,66.74,70.04,0,1,1,0,0
42.71,266.61,5.77,118,5.57,24.78,0.089,666,67.23,33.85,23.52,1,1,1,1,0
25.99,72.07,5.7,308,9.6,26.48,0.175,498,43.17,22.53,49.19,0,0,0,1,2
23.62,84.06,6.32,101,12.95,2.64,0.11,18,63.13,73.55,10.44,1,0,1,0,2
32.24,15.94,7.72,24,9.49,19.47,0.161,64,76.92,56.69,33.5,1,1,0,0,1
44.64,238.67,6.41,430,5.65,46.11,0.17,835,82.75,38.61,13.69,0,0,1,1,2
26.05,125.12,6.17,179,9.73,17.52,0.049,321,95.57,38.51,73.86,0,0,1,0,2
36.8,68.73,7.11,476,12.83,38.31,0.156,235,35.26,90.03,41.89,0,0,0,0,2
39.04,69.54,7.65,161,3.64,48.88,0.13,665,72.88,90.07,53.21,1,1,1,0,1
25.94,270.42,6.37,399,7.79,6.34,0.101,288,36.02,34.72,78.53,1,0,0,1,1
38.21,250.17,6.55,484,5.85,16.7,0.018,235,45.43,81.47,87.66,0,1,0,0,1
29.19,166.06,7.65,349,4.9,23.72,0.114,748,31.42,30.4,56.5,0,1,1,1,1
35.81,184.83,8.81,214,6.75,11.87,0.031,421,81.84,82.72,68.48,0,0,1,1,1
35.84,142.3,7.86,382,6.73,0.62,0.163,390,93.12,21.37,76.24,0,0,0,1,2
33.39,117.5,8.24,123,4.53,23.43,0.187,732,22.39,78.23,35.68,1,0,0,1,2
22.26,274.64,6.78,291,6.84,26.83,0.096,755,85.08,60.01,73.65,0,1,1,0,0
40.88,37.68,6.45,155,9.6,31.27,0.088,4,39.34,20.59,68.83,0,1,0,0,1
28.02,125.53,7.09,192,2.31,41.36,0.098,136,58.96,65.42,49.88,0,0,1,1,1
24.66,103.37,8.32,327,13.87,12.65,0.013,396,79.86,27.32,40.67,0,0,1,1,1
21.02,149.45,7.1,52,5.55,3.05,0.047,749,60.55,27.47,97.63,0,0,0,1,1
34.77,137.29,8.46,169,9.48,4.49,0.188,935,38.5,50.26,98.77,0,1,1,1,1
36.94,155.67,8.96,334,5.4,24.87,0.069,47,92.49,96.79,72.56,0,0,1,1,1
20.41,41.98,5.75,97,6.72,46.11,0.118,557,67.49,90.3,44.57,1,1,1,0,2
32.8,153.94,5.66,146,8.59,49.11,0.13,63,94.5,84.38,77.64,1,1,1,0,1
25.66,72.73,6.02,299,9.34,10.25,0.175,703,87.73,86.6,71.13,0,1,1,0,2
36.13,55.3,6.85,29,11.25,7.6,0.048,540,90.13,54.76,59.05,1,1,0,0,2
24.36,19.45,5.96,73,11.5,17.67,0.178,529,48.94,43.73,21.87,1,0,0,1,1
37.27,228.8,8.55,171,8.22,23.19,0.078,669,98.99,89.56,95.19,1,1,0,1,0
29.67,128.23,5.58,372,2.91,40.4,0.184,713,88.19,17.28,30.95,1,1,1,1,2
43.42,187.99,6.61,410,8.69,38.73,0.082,18,47.01,99.65,45.39,0,1,1,1,2
23.44,218.28,6.15,83,7.73,46.13,0.021,175,91.71,59.77,40.82,1,1,1,1,2
28.53,203.79,8.76,472,4.58,42.91,0.01,776,80.42,58.64,23.84,1,1,0,1,2
22.84,141.15,7.84,72,2.12,21.94,0.193,724,78.01,36.28,12.21,0,0,1,0,2
43.12,116.37,8.69,231,5.79,0.95,0.024,512,20.5,25.33,93.68,0,1,0,1,0
41.93,112.79,8.9,289,5.11,11.83,0.108,744,21.81,71.23,76.55,0,1,1,0,0
26.45,192.01,7.24,126,7.79,30.5,0.105,759,75.58,42.55,11.86,1,0,1,1,0
36.5,148.44,6.32,84,11.14,25.07,0.08,217,42.29,37.22,71.9,1,1,0,0,0
40.43,254.74,6.18,253,7.27,12.01,0.084,973,24.68,24.61,21.67,1,1,1,0,0
33.88,262.41,6.28,151,13.42,6.58,0.095,550,42.88,58.16,75.16,0,1,0,0,2
33.24,51.17,7.98,311,4.66,10.8,0.02,732,87.03,62.95,55.47,0,0,0,0,2
26.05,40.87,5.64,6,4.65,12.99,0.158,566,57.65,49.88,98.01,1,0,0,1,1
22.33,189.12,5.68,451,9.25,43.36,0.075,759,69.25,11.08,48.91,1,0,0,1,2
42.43,90.37,7.63,306,12.76,35.51,0.049,490,84.04,54.25,77.41,0,1,1,1,1
42.51,5.57,7.75,135,10.06,27.62,0.064,307,45.87,34.48,13.72,0,1,0,1,1
35.83,266.59,7.83,183,10.08,1.05,0.122,454,20.89,22.48,94.2,0,0,0,0,0
28.48,68.07,6.8,460,11.68,41.06,0.155,831,45.87,61.98,60.62,1,1,0,0,0
28.73,278.78,8.32,313,10.02,27.62,0.031,23,96.53,70.41,38.28,1,0,0,0,0
38.15,215.23,7.37,340,11.11,31.37,0.119,282,58.58,56.69,21.42,1,1,1,0,0
42.43,228.8,5.87,226,12.39,3.28,0.084,745,65.58,65.29,67.67,0,1,0,0,0
42.18,60.44,8.29,324,2.09,40.74,0.172,370,80.83,64.59,77.17,1,0,1,1,1
39.5,70.26,8.84,243,12.63,41.6,0.19,577,29.19,21.18,17.68,0,0,0,0,0
36.05,156.38,5.71,263,4.58,44.17,0.136,705,78.71,29.42,24.82,1,1,0,0,2
22.1,51.63,6.87,449,12.95,26.4,0.118,118,43.82,10.85,44.69,0,1,0,1,1
24.04,91.63,7.21,250,5.19,19.7,0.156,248,51.05,98.37,86.66,1,1,0,0,2
42.46,96.44,6.01,407,7.46,3.65,0.099,61,41.56,29.01,98.46,1,1,0,1,0
35.16,47.89,8.54,169,13.21,9.69,0.011,399,32.28,83.32,77.05,0,1,0,1,2
20.23,61.55,6.49,53,3.32,11.28,0.14,139,48.92,80.31,10.5,0,1,1,1,1
22.54,236.57,8.24,399,10.94,3.13,0.116,551,27.57,73.45,91.31,1,0,0,1,2
36.59,50.16,7.85,131,6.71,7.72,0.03,217,87.58,50.48,12.39,0,0,0,0,2
20.13,8.54,7.59,314,2.29,44.34,0.043,9,44.48,62.55,90.74,1,1,0,1,0
24.02,188.81,6.17,93,13.27,27.27,0.046,959,72.29,26.77,46.93,1,0,0,0,0
33.72,292.79,6.27,45,3.41,38.22,0.146,566,43.74,19.55,76.76,1,0,1,0,1
37.3,99.36,5.67,349,11.29,13.75,0.104,846,36.86,41.66,17.84,1,1,0,1,1
36.3,35.6,6.34,98,6.61,6.73,0.01,88,77.09,84.3,24.84,0,1,1,1,0
25.61,171.12,6.71,233,11.73,18.66,0.168,515,69.92,60.76,50.57,1,0,0,0,0
37.8,271.91,8.42,268,11.0,39.65,0.129,473,37.45,78.75,13.47,1,0,1,1,2
25.93,235.22,6.78,36,9.6,14.87,0.147,252,68.97,90.13,45.08,1,1,1,0,1
28.13,186.75,8.14,437,13.27,10.23,0.187,382,20.4,60.45,77.68,1,0,0,0,0
38.66,94.52,7.04,432,3.19,1.12,0.052,22,34.15,43.06,68.92,1,0,1,0,2
36.24,162.56,8.25,496,11.58,31.2,0.118,612,78.22,87.01,41.66,1,0,0,1,1
41.23,27.37,8.92,74,10.05,21.79,0.152,560,52.81,30.67,10.8,1,1,0,1,1
36.44,203.68,6.34,57,5.78,12.94,0.103,361,36.29,12.23,34.27,0,0,0,1,0
34.21,217.53,8.52,18,8.55,25.99,0.097,771,60.47,14.56,79.86,0,0,0,0,0
22.34,289.51,7.68,401,9.74,35.03,0.186,384,57.22,62.4,40.65,1,0,1,0,1
29.19,78.12,8.36,187,10.84,12.37,0.049,960,70.71,90.31,43.97,0,0,0,1,2
26.63,5.54,7.78,400,4.24,30.44,0.131,678,25.8,60.78,16.68,1,1,0,1,2
26.1,163.68,6.98,138,3.23,13.01,0.194,386,85.55,46.83,64.15,0,0,1,1,2
44.33,212.04,6.3,142,3.22,49.33,0.044,239,24.66,61.94,65.97,0,0,1,0,2
29.83,237.12,5.75,455,5.53,36.62,0.092,824,56.31,70.4,48.78,0,1,1,1,1
42.3,58.12,7.37,107,3.85,30.13,0.195,314,76.84,78.26,78.45,0,0,0,0,1
35.78,78.53,8.97,220,8.43,8.62,0.007,623,47.58,41.26,88.92,0,0,1,1,2
39.87,153.78,8.08,144,7.24,29.32,0.126,206,92.81,44.82,77.55,0,0,1,0,0
32.57,99.18,6.65,345,12.72,40.02,0.081,758,80.42,12.13,58.99,0,1,0,1,1
34.42,258.15,8.4,375,10.61,36.86,0.154,234,54.08,68.47,94.21,0,0,0,1,1
32.31,142.13,8.19,4,4.47,38.9,0.065,885,34.71,79.91,44.4,0,1,0,0,1
24.88,239.87,6.49,444,2.55,15.89,0.075,273,23.48,55.98,68.93,1,1,1,0,2
38.06,174.19,5.55,387,10.51,16.41,0.103,148,84.13,43.89,61.77,0,1,0,1,2
27.02,231.93,5.91,55,12.15,26.94,0.069,567,35.54,39.98,85.74,0,1,1,0,2
20.61,99.8,8.57,254,10.41,13.93,0.052,691,41.57,68.05,54.96,1,1,1,0,0
36.14,249.42,8.43,471,9.73,5.65,0.071,893,20.83,39.77,59.81,0,0,1,1,2
24.43,82.37,6.53,458,4.99,23.06,0.182,903,21.46,63.92,50.84,1,0,1,0,2
43.51,163.83,6.5,221,7.94,0.1,0.069,280,38.43,93.43,22.65,0,0,1,0,1
43.85,64.2,8.28,359,10.7,38.04,0.18,159,89.83,39.76,89.78,1,1,1,1,0
42.87,142.66,8.78,47,4.32,37.48,0.041,887,82.47,16.15,87.56,0,0,1,0,2
29.25,95.45,8.23,303,7.72,27.6,0.134,69,81.59,88.66,73.22,1,1,0,1,2
20.39,80.01,7.62,162,3.4,37.38,0.149,807,86.16,34.62,41.3,0,1,1,0,0
43.21,290.1,6.35,235,8.37,31.23,0.022,339,34.93,98.97,41.96,0,0,0,1,0
30.7,48.02,7.34,247,8.88,34.87,0.109,240,98.33,85.61,13.24,0,0,1,1,2
44.17,236.2,6.32,364,8.42,3.23,0.003,924,38.58,48.42,16.99,1,1,1,1,2
44.09,295.25,8.33,416,7.63,44.06,0.186,708,31.99,66.54,56.24,1,1,0,0,2
41.33,5.97,6.85,99,9.05,32.2,0.105,162,43.57,34.98,14.48,1,1,0,1,0
27.36,209.71,8.42,20,13.96,30.53,0.007,82,62.44,17.58,18.93,0,1,0,0,2
29.63,75.87,6.84,101,9.47,19.36,0.137,614,29.95,57.32,32.61,0,0,0,1,2
41.28,12.15,8.38,4,11.03,1.41,0.177,459,79.09,48.22,43.63,1,0,0,0,0
27.92,120.87,6.67,447,4.31,45.07,0.148,160,49.72,97.29,54.04,1,0,1,1,0
24.24,280.57,7.04,196,8.36,49.28,0.027,866,65.47,63.77,39.21,1,1,1,1,2
33.92,3.53,7.65,148,2.09,40.39,0.108,873,78.74,77.24,94.66,1,1,0,1,2
43.4,176.37,5.75,344,2.38,45.75,0.147,613,92.15,22.17,95.58,0,1,0,1,1
37.4,150.42,8.82,329,5.87,6.05,0.16,239,85.55,75.13,15.04,0,1,1,0,1
34.25,262.02,7.51,377,7.6,6.43,0.003,941,63.0,15.07,98.69,1,1,0,1,0
22.43,25.2,7.28,210,8.91,43.98,0.057,711,99.29,65.18,25.56,1,0,1,0,0
35.38,204.46,8.44,159,12.66,2.88,0.177,485,62.38,85.47,39.82,0,0,0,0,2
44.75,204.03,8.53,145,11.26,4.66,0.052,670,62.88,53.48,85.33,1,0,1,0,2
23.5,200.72,7.33,57,5.6,40.84,0.095,202,32.68,29.36,71.89,1,1,1,0,1
32.96,282.7,8.75,353,10.92,27.85,0.139,835,31.9,49.93,15.24,0,0,1,0,2
41.93,246.93,5.73,239,8.59,19.59,0.197,423,33.5,85.7,79.71,0,1,1,0,1
38.52,12.59,5.9,78,11.35,27.67,0.085,196,67.35,74.3,69.69,0,0,1,1,0
37.43,141.32,7.59,151,6.93,43.94,0.101,41,53.21,64.49,95.54,0,1,0,0,0
37.56,119.39,6.74,4,3.1,37.86,0.112,213,50.87,72.45,91.9,1,1,0,0,0
28.99,93.04,7.12,382,9.42,34.58,0.047,683,30.2,85.08,97.77,0,0,1,0,1
27.34,135.4,6.65,180,8.68,48.84,0.074,252,50.49,23.67,50.94,0,0,1,1,0
40.23,115.26,6.92,351,13.44,26.07,0.087,16,50.24,85.77,73.59,0,1,0,1,0
40.25,129.7,8.38,200,3.95,0.32,0.004,659,69.67,82.59,96.57,0,1,1,0,2
41.68,293.78,7.58,438,9.87,21.45,0.002,115,51.07,52.97,10.19,0,0,0,1,0
42.83,26.59,8.99,132,7.69,4.83,0.045,891,53.5,46.26,81.0,1,1,0,1,2
32.78,276.67,8.25,452,6.55,5.82,0.102,203,41.8,93.93,14.86,1,1,0,0,2
32.54,144.07,6.46,121,11.53,12.75,0.191,692,30.52,83.75,99.9,1,0,0,1,2
39.96,187.12,6.43,168,11.73,19.07,0.195,811,44.0,98.98,11.25,0,1,0,0,1
36.25,249.05,6.68,488,10.58,24.08,0.129,912,23.42,67.76,59.92,0,1,1,1,0
37.55,108.14,8.45,353,3.0,8.49,0.165,794,36.3,12.84,56.88,1,0,1,0,0
39.89,129.13,5.6,390,6.14,15.59,0.18,150,46.0,23.85,37.43,1,1,1,1,0
42.25,122.86,6.31,345,2.56,13.83,0.168,245,31.65,83.83,75.91,1,0,0,1,2
28.45,112.42,8.67,384,6.12,18.26,0.109,57,73.2,67.51,33.13,0,1,0,0,0
29.39,277.66,7.74,307,9.78,5.4,0.141,708,42.46,27.82,36.17,0,1,1,1,1
22.35,248.68,6.29,97,8.22,19.87,0.001,506,69.24,11.07,26.23,0,1,0,1,1
34.46,32.7,6.27,281,10.44,27.72,0.13,240,71.51,33.66,74.27,0,1,0,0,1
20.9,32.44,8.52,376,8.62,4.85,0.085,695,55.78,22.38,25.3,1,1,0,0,0
31.64,128.36,8.63,479,8.67,26.04,0.129,91,55.93,88.86,90.79,1,0,1,1,2
33.57,29.6,6.4,446,8.13,37.8,0.139,612,66.52,89.45,35.91,1,1,0,1,2
27.16,185.73,6.97,267,6.37,0.41,0.02,605,41.0,85.81,56.68,1,1,0,0,2
34.77,43.11,8.42,325,7.36,2.38,0.175,940,21.7,18.51,52.76,1,1,0,1,1
20.76,156.71,8.2,339,3.35,23.32,0.035,924,71.6,22.15,73.21,0,0,0,1,1
20.93,2.17,8.35,18,12.01,43.64,0.002,397,68.68,22.2,31.06,1,0,0,0,1
40.57,94.98,7.31,463,12.67,49.89,0.086,391,58.11,33.26,85.48,1,1,1,0,2
29.0,203.16,8.69,131,11.2,4.67,0.018,45,90.06,16.56,76.41,0,1,1,0,1
23.18,145.21,6.64,95,9.0,0.92,0.191,154,60.69,98.34,40.84,0,1,0,1,0
33.06,293.48,6.05,209,8.83,11.44,0.057,69,44.28,86.96,20.83,0,1,0,1,2
39.25,262.23,7.98,4,7.64,23.37,0.045,902,77.08,16.23,55.43,1,0,0,1,2
25.4,107.72,7.39,376,4.78,28.59,0.052,510,96.99,22.93,98.25,1,1,1,0,1
35.57,13.65,8.49,127,6.61,48.67,0.057,281,78.95,33.61,12.18,0,0,0,0,0
22.13,253.69,5.78,53,13.88,44.42,0.013,425,92.71,79.75,86.04,1,1,1,0,1
21.29,273.37,8.45,497,3.75,28.1,0.108,29,29.02,74.27,72.98,1,1,0,1,1
33.28,246.19,6.53,197,8.51,18.09,0.004,720,29.68,66.75,26.49,1,0,0,1,2
33.52,38.38,7.79,440,12.4,16.06,0.149,261,32.37,92.1,52.88,0,1,0,1,1
35.94,299.37,5.64,205,7.44,28.63,0.154,322,76.23,13.27,66.49,0,0,0,1,1
38.15,77.58,7.63,179,9.27,36.07,0.08,82,51.18,24.52,72.7,0,1,1,1,1
44.4,217.26,8.01,240,11.93,24.08,0.194,466,58.22,27.08,92.92,1,1,1,1,1
32.91,272.41,6.79,273,8.57,15.22,0.156,949,40.95,15.37,88.58,0,0,1,0,0
28.07,70.71,6.25,319,10.78,30.66,0.025,215,78.89,65.65,39.56,1,0,0,1,2
39.88,272.48,7.38,137,6.17,27.9,0.196,731,87.63,28.87,20.8,1,0,1,1,0
26.77,92.84,8.42,22,10.8,21.37,0.169,802,32.82,53.44,19.38,1,0,0,1,1
30.97,292.92,6.63,119,2.49,37.42,0.141,34,35.42,71.69,97.19,0,1,0,0,1
21.96,84.38,6.38,114,3.83,14.11,0.131,4,47.15,63.59,96.02,1,1,0,0,0
20.63,286.03,6.48,81,9.65,24.25,0.121,869,42.41,36.11,83.76,1,1,1,0,1
44.07,16.06,8.82,195,7.39,47.02,0.198,5,62.52,47.28,98.24,0,1,0,0,2
40.9,212.78,6.76,179,11.94,36.14,0.096,246,80.21,40.58,34.68,1,0,0,1,1
37.4,159.63,5.51,351,6.1,19.4,0.033,92,83.46,86.72,84.3,1,0,1,0,2
30.22,143.36,8.24,174,11.21,27.31,0.059,790,36.68,47.79,55.2,0,0,0,0,0
24.33,67.05,7.95,197,3.67,20.27,0.075,314,34.05,15.55,81.93,0,1,0,0,1
23.91,211.68,5.95,25,13.16,5.63,0.063,434,49.1,65.74,64.97,1,0,1,1,0
26.26,57.24,8.95,453,7.02,16.75,0.006,189,31.82,27.79,86.16,1,1,0,0,2
33.73,165.85,7.63,98,4.77,43.02,0.015,868,27.34,40.48,45.76,0,1,1,0,2
37.86,75.97,7.25,232,11.47,23.06,0.001,543,39.41,39.49,99.02,1,0,0,0,2
36.5,286.69,6.84,426,13.37,29.23,0.136,768,51.52,16.52,29.73,1,1,0,0,2
27.0,8.59,8.65,452,13.02,9.07,0.133,432,67.03,95.59,70.53,1,0,0,1,2
43.87,59.92,6.35,190,4.86,17.81,0.014,225,77.86,59.24,82.23,1,0,0,0,2
38.45,72.69,6.5,461,10.06,46.46,0.063,235,37.82,24.06,62.72,1,0,0,0,1
33.86,124.22,5.93,65,8.56,15.71,0.057,539,85.49,60.02,36.13,1,0,0,0,1
35.29,69.82,8.16,245,10.7,12.53,0.091,881,22.69,50.64,60.52,1,1,0,0,2
30.49,147.4,7.58,498,7.84,2.79,0.072,198,55.52,41.04,55.42,1,0,0,1,2
26.19,261.74,7.63,103,7.64,4.86,0.164,420,70.65,52.52,27.11,0,1,1,0,1
28.9,213.62,6.26,190,12.59,29.24,0.177,540,43.3,70.27,78.69,0,1,0,1,0
38.95,173.99,7.78,140,12.46,33.0,0.041,146,74.7,27.96,34.05,0,1,1,0,0
20.36,26.7,8.18,178,11.45,32.08,0.024,111,89.36,58.41,84.89,1,0,1,0,0
22.9,208.2,6.75,260,10.46,26.99,0.168,107,27.15,83.17,29.29,1,0,0,0,1
21.15,49.92,8.3,174,10.14,24.55,0.1,530,61.0,30.02,55.21,1,0,0,1,1
21.02,235.91,6.72,419,2.67,3.61,0.065,434,21.5,56.4,72.57,1,0,0,1,2
41.39,75.02,8.15,163,10.99,42.03,0.01,467,42.37,96.92,99.62,1,0,0,1,1
37.59,125.11,5.62,433,9.66,25.65,0.121,372,30.96,82.05,34.39,0,0,1,0,1
31.85,105.14,7.43,439,5.63,6.6,0.042,270,69.94,63.37,67.2,0,1,1,1,1
22.45,257.64,8.89,18,11.84,6.79,0.008,919,39.89,77.42,23.8,1,0,1,1,0
32.29,37.96,8.93,19,11.99,25.65,0.089,872,42.59,57.31,83.77,1,0,0,0,0
31.84,169.69,6.49,405,13.19,12.23,0.119,188,36.45,98.79,87.53,0,1,0,0,2
24.33,42.62,7.04,286,7.02,46.1,0.034,564,39.5,25.23,89.92,0,1,1,1,2
30.85,211.44,5.72,360,8.61,24.95,0.13,711,38.01,74.76,95.1,0,1,0,0,1
29.96,271.52,8.56,238,12.87,48.92,0.038,511,75.83,10.54,42.01,1,1,0,0,0
35.4,130.38,7.49,445,5.8,36.71,0.004,114,96.46,21.31,69.98,1,1,1,0,1
35.88,146.43,6.85,43,11.56,40.53,0.03,698,59.22,74.96,38.42,1,1,0,1,1
21.13,278.23,5.89,195,13.9,19.44,0.117,6,68.03,78.34,82.34,1,0,0,0,0
29.37,156.3,8.81,194,9.82,6.7,0.127,466,85.45,13.55,47.4,1,1,0,1,0
35.65,146.28,7.36,356,13.8,34.48,0.173,347,58.09,40.05,59.94,1,1,0,0,0
32.58,173.5,6.49,344,8.19,20.35,0.012,75,44.16,20.64,21.97,1,1,1,1,2
41.41,206.77,6.73,48,3.84,47.44,0.191,857,96.08,90.11,86.54,1,0,1,1,1
36.47,32.07,6.45,484,4.11,9.68,0.104,610,92.49,50.85,53.47,0,1,1,0,0
24.07,246.33,7.61,58,10.78,31.33,0.049,579,37.63,49.83,67.64,1,0,0,1,0
21.76,130.65,8.75,131,2.01,43.3,0.073,33,76.25,84.15,70.24,1,1,1,0,2
36.06,21.7,8.5,372,9.94,20.14,0.011,518,71.77,72.58,34.68,1,0,1,1,1
20.66,235.85,7.11,166,3.82,47.68,0.022,437,71.97,93.01,81.55,0,1,0,1,2
34.64,113.08,8.39,134,13.81,3.83,0.176,730,86.45,94.48,84.97,0,0,1,0,2
43.51,30.11,6.98,454,3.96,29.35,0.021,450,73.93,38.19,56.42,1,1,1,0,1
34.39,190.13,6.38,432,8.63,38.87,0.011,352,61.44,68.35,91.22,0,0,0,1,0
29.7,264.04,8.94,88,10.03,10.09,0.12,139,87.69,58.76,24.48,0,1,0,1,0
36.08,266.33,6.56,270,11.83,2.89,0.077,313,41.19,63.62,47.3,0,1,1,1,0
31.46,287.3,6.63,262,7.51,3.99,0.081,466,74.34,66.28,13.99,1,1,0,0,2
33.64,260.31,8.96,430,13.21,15.96,0.024,819,76.12,15.4,45.87,1,0,1,0,2
43.54,0.64,5.97,115,7.76,11.16,0.009,633,89.63,90.56,99.73,0,1,0,1,0
29.65,114.07,8.16,195,5.02,11.19,0.173,208,99.86,22.63,51.69,0,0,0,1,0
44.03,245.56,8.78,353,9.12,22.93,0.078,823,64.6,48.2,47.73,0,1,0,0,0
42.63,109.88,7.29,373,9.9,4.25,0.022,81,58.75,36.29,71.9,0,1,0,0,1
24.89,180.46,5.51,428,8.09,49.78,0.04,770,68.05,59.84,14.37,1,1,0,0,1
21.73,181.9,6.81,107,10.8,34.79,0.021,396,72.69,96.53,41.84,0,1,1,0,2
22.52,109.51,5.89,361,7.05,1.51,0.096,95,77.04,47.12,57.98,1,0,1,1,1
20.46,271.34,6.96,402,2.05,34.6,0.161,318,42.5,64.29,53.57,1,0,0,1,0
22.36,150.97,8.27,46,5.17,39.59,0.079,388,58.96,22.7,67.82,1,1,0,1,1
37.08,139.44,7.04,240,13.35,9.54,0.124,664,49.67,51.67,22.5,1,0,1,0,0
21.78,299.25,7.01,308,11.16,42.01,0.135,85,23.1,92.42,46.24,0,0,0,1,0
27.97,148.05,7.45,229,4.27,30.59,0.142,370,68.76,93.92,67.02,1,1,1,0,2
41.12,53.52,7.54,410,2.8,41.04,0.121,882,89.99,59.18,37.15,1,1,1,1,0
20.58,153.92,8.5,388,6.21,35.83,0.111,71,93.72,79.17,65.16,0,0,1,0,0
40.36,244.21,6.58,244,12.04,35.23,0.096,51,61.39,10.29,96.25,0,1,1,0,1
27.05,233.06,8.38,315,3.27,7.91,0.095,463,81.27,57.84,93.73,0,0,1,0,1
22.95,236.57,7.48,249,8.52,15.79,0.067,95,76.99,75.92,75.3,0,0,0,0,2
37.42,212.41,6.55,76,5.3,26.16,0.101,260,38.31,39.69,25.99,1,1,1,1,1
35.72,76.27,6.53,61,10.72,5.63,0.096,867,25.03,91.1,80.58,1,1,1,1,2
41.94,258.63,6.76,58,2.0,23.92,0.064,826,79.83,80.17,50.2,1,1,0,1,0
38.38,268.03,7.68,237,5.33,22.27,0.06,792,42.62,79.27,95.66,0,1,0,0,2
40.09,58.25,6.31,188,10.15,11.6,0.089,335,63.95,11.91,65.03,0,1,1,0,0
27.05,39.14,8.72,55,8.56,9.99,0.161,855,61.93,26.55,29.59,0,1,0,1,1
24.44,292.68,7.51,77,11.35,12.37,0.05,13,85.43,74.22,38.12,0,0,1,0,1
38.77,260.5,8.72,221,3.89,30.26,0.169,716,71.57,60.55,38.72,1,1,0,0,1
40.17,267.97,5.66,46,8.37,20.75,0.145,470,87.77,62.06,34.87,1,0,0,0,2
44.76,265.91,6.7,431,4.35,20.7,0.052,563,80.18,11.33,79.46,0,1,0,1,1
30.32,162.51,5.58,137,9.67,9.09,0.003,280,99.99,49.78,40.31,1,1,0,0,1
29.3,193.92,6.45,415,3.58,39.37,0.015,218,89.11,80.78,27.61,1,1,1,1,1
39.41,163.61,8.52,448,3.78,35.02,0.177,71,36.89,69.72,63.65,0,1,0,1,0
28.52,15.36,5.63,23,5.94,21.45,0.161,55,96.91,61.52,51.83,1,0,1,1,1
43.27,223.65,7.03,28,6.82,7.11,0.076,209,47.21,72.69,12.0,0,0,1,0,0
41.46,151.6,5.91,490,7.98,35.74,0.012,292,68.63,86.59,35.12,1,0,0,1,0
30.72,194.31,6.96,134,8.97,44.94,0.162,709,95.31,86.46,13.44,0,0,0,0,2
38.77,150.79,8.44,350,7.63,8.91,0.051,389,37.13,51.04,79.03,1,1,0,0,1
38.86,147.54,7.68,400,2.55,30.13,0.191,408,88.58,37.7,95.59,1,1,0,0,1
22.58,51.54,8.08,349,6.12,21.22,0.105,403,96.25,42.97,55.02,1,1,0,1,2
42.56,83.61,6.72,280,2.74,4.38,0.143,790,88.3,56.92,60.23,1,0,0,1,0
32.63,47.66,8.81,475,3.42,36.29,0.092,568,85.53,18.04,86.06,1,1,0,1,2
40.66,58.7,7.98,291,3.11,3.56,0.006,180,41.17,63.19,11.71,1,1,0,1,1
28.0,291.89,6.98,188,3.9,35.11,0.013,954,52.57,50.79,24.61,0,0,0,0,0
42.39,45.93,6.99,70,11.76,14.06,0.195,117,80.83,78.3,68.89,0,0,0,0,2
29.73,80.78,8.72,418,9.53,28.28,0.082,336,29.45,34.65,76.76,1,0,0,1,0
20.27,177.18,7.52,375,8.08,8.02,0.037,223,91.07,15.97,66.36,0,0,1,0,1
42.63,183.05,7.97,467,10.79,18.54,0.144,316,36.82,90.51,94.53,1,1,0,0,2
22.28,46.19,6.96,205,13.53,5.2,0.176,822,65.18,16.13,45.31,0,0,1,1,0
27.98,238.12,6.28,241,7.01,23.37,0.053,335,28.4,93.46,59.96,0,0,1,0,0
43.75,235.56,8.03,305,6.41,10.66,0.114,484,34.82,54.77,96.08,1,0,0,0,2
43.77,71.2,7.63,183,13.73,9.4,0.049,275,66.84,15.07,90.97,1,1,1,0,0
34.34,86.6,7.25,477,11.26,5.36,0.165,258,70.77,21.33,12.77,0,0,0,0,0
35.8,281.4,7.68,127,11.33,38.27,0.017,832,41.58,57.97,41.69,1,1,1,0,1
31.21,247.7,6.23,448,9.2,31.98,0.075,292,29.53,11.42,76.51,0,1,0,1,2
27.33,209.34,8.28,229,8.08,7.85,0.076,162,63.96,92.36,10.08,0,1,0,1,2
28.22,24.67,8.82,40,8.61,23.62,0.127,503,87.25,81.66,87.67,0,1,0,0,0
36.81,125.48,8.62,280,9.83,33.04,0.036,635,36.12,55.41,55.19,1,1,0,0,0
38.81,167.79,6.63,161,6.52,43.9,0.095,510,75.33,93.36,17.79,1,1,0,0,2
39.79,56.22,6.92,391,11.39,2.98,0.11,527,50.87,33.38,49.82,0,0,1,0,0
39.74,134.47,8.33,311,12.91,18.12,0.178,367,95.45,86.81,54.34,1,0,0,0,0
22.28,180.31,7.58,339,8.86,30.8,0.105,3,26.61,82.46,43.02,0,0,1,1,0
32.36,98.21,7.42,157,6.58,0.78,0.026,770,23.2,62.36,50.89,0,0,0,1,1
21.44,234.28,8.74,323,10.35,12.18,0.02,619,29.94,38.7,90.23,0,1,1,0,0
33.74,252.13,7.38,20,4.19,37.25,0.185,272,82.6,60.25,39.17,1,1,1,0,0
31.04,97.08,7.3,346,13.62,17.79,0.196,683,93.82,96.15,96.48,1,0,0,1,2
42.19,251.6,5.65,9,9.9,4.22,0.033,190,85.8,17.61,71.83,1,1,0,0,0
28.77,31.07,5.74,86,2.81,31.33,0.15,97,77.43,28.09,90.64,1,0,0,1,2
22.93,251.32,5.53,32,8.36,12.5,0.05,681,24.61,67.95,28.81,0,0,1,1,2
23.57,45.83,8.7,458,11.0,35.08,0.167,609,37.1,71.06,54.27,0,1,0,1,2
39.04,24.88,6.93,360,5.33,45.01,0.019,656,94.83,24.8,60.89,0,1,1,1,0
35.46,192.53,7.14,338,2.61,26.39,0.087,535,69.82,82.57,17.68,0,1,0,1,0
22.53,141.58,8.46,202,7.87,29.96,0.119,676,57.47,93.56,54.43,1,0,0,1,1
22.1,272.37,7.63,3,12.0,25.72,0.171,257,72.18,17.17,87.49,0,1,1,0,0
37.52,108.96,7.63,22,5.02,40.87,0.171,631,34.29,97.68,14.7,0,0,1,1,2
21.82,86.15,6.54,196,10.6,12.09,0.037,781,91.43,35.31,67.81,1,0,0,1,0
40.55,150.22,8.42,308,6.89,20.08,0.193,393,72.5,37.8,98.99,1,1,1,0,2
37.66,136.78,6.08,368,2.72,44.75,0.128,782,57.7,14.04,57.47,1,0,1,0,0
22.03,103.33,5.69,497,5.65,36.18,0.132,548,56.59,54.77,37.3,1,0,1,1,0
22.12,208.12,6.17,388,5.77,16.0,0.178,313,85.79,95.93,62.65,0,0,1,0,0
44.67,227.87,6.44,273,12.86,41.63,0.064,429,44.63,24.49,58.73,0,0,1,1,2
29.36,255.9,6.49,272,13.78,11.94,0.083,692,30.97,61.92,19.46,1,1,1,1,0
29.27,291.86,7.85,441,4.52,31.71,0.197,593,34.85,34.7,29.29,0,0,1,1,1
40.32,80.0,6.26,450,7.17,47.82,0.003,253,26.49,11.68,70.25,0,0,0,0,0
43.68,214.83,7.87,106,13.72,28.74,0.173,823,60.63,98.84,63.33,1,1,0,0,1
44.65,118.28,5.82,368,6.89,39.97,0.169,748,74.18,74.46,40.99,1,0,1,1,2
38.83,203.12,6.02,377,6.19,36.77,0.052,524,94.72,76.19,98.07,0,1,1,1,2
29.41,142.79,7.28,199,3.32,43.29,0.164,674,80.07,69.67,68.03,1,1,1,0,2
22.09,298.13,8.73,439,11.04,48.44,0.066,163,66.65,22.94,30.77,1,0,0,0,0
39.43,218.67,8.51,423,7.36,1.12,0.126,996,89.12,28.6,52.41,1,1,0,1,2
33.96,285.75,8.89,342,9.66,1.39,0.089,329,91.38,44.71,74.04,1,0,1,1,0
30.61,250.49,7.78,214,8.12,29.72,0.02,504,76.99,99.59,70.48,1,0,1,1,2
42.66,270.87,7.87,1,4.09,47.71,0.179,348,24.5,70.53,32.17,1,0,1,1,2
22.78,244.33,7.69,120,4.12,24.28,0.109,929,43.34,49.81,68.31,1,1,0,0,1
32.32,137.75,7.68,102,13.28,41.99,0.096,535,46.89,53.63,39.96,1,1,0,1,1
20.28,75.54,6.01,148,12.67,38.4,0.176,180,99.79,93.0,51.18,0,1,1,0,2
31.72,111.1,7.4,435,9.33,24.91,0.066,538,57.13,27.68,70.22,1,0,1,0,1
21.41,6.07,6.85,151,2.01,25.66,0.114,456,80.95,38.88,62.29,1,0,1,1,2
22.97,157.2,7.05,52,7.2,21.8,0.176,968,85.1,43.38,74.15,1,0,1,1,2
22.94,151.52,7.33,165,8.37,12.61,0.069,73,72.26,90.79,44.37,0,1,1,1,0
36.23,157.58,5.95,403,7.39,42.94,0.159,139,21.46,79.91,77.68,0,1,1,1,1
38.65,292.21,6.76,305,13.11,10.48,0.103,654,21.55,63.17,11.41,0,1,0,0,1
34.58,273.44,5.72,166,2.49,45.35,0.032,2,85.5,38.33,26.92,1,1,0,0,2
44.05,48.51,8.93,315,9.86,17.99,0.008,795,79.14,28.2,97.59,1,0,0,0,2
29.37,110.66,5.91,369,5.77,1.32,0.145,264,62.89,39.77,17.81,1,1,1,0,2
27.14,127.19,6.4,474,8.71,8.42,0.052,422,39.91,93.65,69.57,1,1,0,1,1
41.71,108.16,8.62,363,9.87,44.39,0.163,541,26.94,91.92,92.51,0,0,0,1,0
25.59,239.55,7.19,294,7.29,6.42,0.038,568,33.14,47.98,87.36,1,1,1,1,1
44.08,157.21,5.97,70,3.78,36.94,0.114,790,66.43,39.3,92.15,0,1,0,1,0
20.3,171.63,6.84,127,8.23,9.14,0.019,413,63.67,89.61,98.55,1,0,1,0,0
44.25,255.9,5.91,32,13.2,24.95,0.147,319,95.3,50.16,42.15,0,1,1,1,2
21.08,241.78,6.2,156,8.43,10.26,0.153,399,96.58,13.48,39.71,1,0,0,1,2
42.28,39.66,5.68,329,3.48,16.66,0.183,119,66.08,41.12,20.88,0,1,0,1,1
33.19,214.17,7.03,265,11.89,6.24,0.112,419,87.31,64.66,28.13,0,0,0,0,2
44.82,130.63,8.32,203,4.66,27.8,0.021,285,84.98,95.01,68.76,1,0,0,0,0
21.84,88.39,7.55,194,6.44,18.29,0.166,45,80.19,48.21,39.8,1,0,1,0,2
33.85,15.01,7.62,386,7.15,18.27,0.063,356,54.99,31.61,40.7,1,0,0,0,0
44.23,146.17,6.2,460,6.08,1.93,0.18,79,51.15,44.6,68.13,1,0,0,0,0
33.08,106.63,6.7,108,6.85,6.81,0.196,767,41.13,15.14,19.42,1,1,0,0,1
35.73,75.45,8.46,158,11.55,35.38,0.026,859,94.97,90.9,15.04,1,0,0,0,0
37.39,208.4,5.81,282,4.68,14.62,0.017,885,86.75,13.01,82.26,1,1,1,0,0
31.36,230.85,8.5,453,7.65,22.1,0.18,403,34.17,10.09,81.09,0,0,0,0,1
35.69,73.44,7.19,26,2.24,38.15,0.18,461,40.2,65.27,44.66,1,0,0,0,1
34.61,14.83,8.43,226,8.09,22.24,0.117,108,66.51,23.86,63.38,0,0,0,0,0
42.53,254.63,6.61,251,3.34,11.28,0.178,567,53.09,36.65,31.43,1,1,0,1,1
21.14,2.99,6.69,366,5.39,27.49,0.186,220,37.11,54.19,43.09,0,0,1,1,1
27.02,281.13,8.13,264,5.9,40.06,0.111,237,83.29,81.29,13.28,1,1,0,1,1
43.76,188.29,8.25,261,2.99,29.98,0.137,804,20.12,44.88,34.62,1,1,1,1,1
42.26,96.55,6.3,133,6.33,21.01,0.123,466,47.46,96.14,11.47,0,1,0,0,0
31.39,73.94,8.91,487,7.98,6.28,0.035,208,94.35,50.79,48.17,0,1,0,0,0
35.5,2.7,5.8,25,7.17,12.44,0.087,189,80.86,92.8,56.78,0,0,1,0,0
26.93,70.64,5.74,42,5.37,47.31,0.136,960,52.1,50.71,54.58,1,1,1,0,0
24.7,41.32,7.58,18,5.54,38.59,0.122,668,94.3,56.45,40.66,1,1,0,0,0
31.59,183.65,8.03,15,9.6,4.38,0.043,125,92.06,96.23,28.63,1,1,0,1,1
28.83,49.96,8.86,104,10.62,0.28,0.182,637,24.21,70.74,50.89,0,1,0,0,1
34.59,158.59,6.92,278,8.92,8.77,0.157,639,30.24,23.44,88.29,0,0,1,0,0
21.94,177.03,5.59,202,13.71,47.19,0.014,604,50.98,63.87,98.49,1,1,1,1,1
44.36,89.41,7.61,207,13.34,29.0,0.069,471,94.35,30.27,38.15,0,0,0,1,2
44.66,10.52,6.51,412,3.18,41.93,0.199,82,87.54,37.87,97.7,0,0,1,1,0
37.45,11.18,7.02,165,5.14,23.26,0.078,42,23.82,85.43,49.11,0,0,1,1,1
33.4,7.9,7.21,58,12.42,41.33,0.133,713,60.99,71.39,65.19,0,1,0,1,1
27.74,221.74,5.73,496,2.36,1.7,0.02,291,77.62,35.82,82.33,1,0,1,1,1
40.34,95.4,7.2,47,9.11,21.34,0.062,886,42.07,10.42,42.35,0,1,1,1,2
37.12,238.89,6.99,147,13.45,18.88,0.176,144,77.8,57.81,28.75,1,1,1,1,1
24.07,129.52,7.99,276,10.14,49.08,0.102,181,49.58,32.52,34.58,1,1,1,1,1
42.77,135.9,7.76,411,3.1,15.02,0.165,144,41.92,12.55,85.48,0,0,0,0,2
40.56,153.86,6.15,177,10.97,20.85,0.002,159,51.41,15.7,94.1,1,0,1,1,1
43.74,213.91,6.22,288,6.52,37.94,0.133,911,96.06,70.59,21.56,1,1,1,1,2
38.14,82.05,6.38,113,13.06,44.04,0.06,306,92.42,47.29,72.51,0,0,1,0,2
35.34,36.48,6.13,295,5.44,43.92,0.172,371,93.12,33.62,13.14,0,1,1,0,1
30.46,166.82,7.8,217,7.68,19.73,0.189,442,93.39,89.17,88.75,0,0,0,0,0
43.32,98.09,8.98,437,10.96,47.43,0.138,766,34.26,84.26,87.11,0,0,0,0,1
41.65,132.75,7.78,265,5.09,32.68,0.029,790,91.68,51.96,79.71,0,0,1,0,1
21.13,194.08,7.62,161,4.18,42.56,0.094,655,36.98,34.8,84.19,0,1,0,1,2
20.66,148.24,6.93,328,2.03,46.31,0.093,543,87.05,55.65,64.39,1,1,1,0,0
29.41,186.08,6.59,35,7.86,11.68,0.166,577,63.35,77.76,23.26,1,1,0,1,2
40.26,163.26,8.69,74,13.14,24.96,0.092,871,39.2,10.97,92.31,1,1,0,0,1
44.68,221.94,8.89,457,5.38,29.39,0.067,837,51.88,65.13,22.69,1,0,1,1,1
23.76,211.78,7.24,493,2.52,40.12,0.122,713,54.67,73.91,30.27,1,0,0,0,1
34.85,160.26,6.52,134,9.45,20.06,0.129,993,78.65,83.51,48.94,0,0,0,0,0
29.52,203.67,8.2,370,2.67,10.52,0.162,701,68.48,29.5,54.82,0,1,0,1,1
44.25,262.07,5.96,485,8.08,37.16,0.18,413,85.34,28.31,18.67,1,1,0,0,0
41.05,129.68,8.18,271,6.58,29.62,0.178,626,51.74,29.42,78.55,1,0,1,0,1
40.96,123.83,8.37,178,7.71,44.91,0.125,419,79.49,93.83,22.36,0,1,0,0,2
31.72,229.27,5.94,473,3.95,32.75,0.105,261,83.42,22.69,68.93,1,1,1,0,0
30.37,174.77,8.92,479,3.08,0.84,0.16,812,25.05,78.82,50.68,1,0,0,0,0
26.84,21.3,8.95,444,10.99,48.33,0.061,800,50.05,98.81,82.98,0,1,0,0,1
21.41,267.63,8.78,158,4.95,29.66,0.152,4,90.88,95.17,36.6,1,1,0,0,2
41.62,9.23,7.24,242,11.61,29.79,0.101,311,76.4,46.89,85.29,1,0,0,1,0
40.32,224.52,6.36,415,11.1,45.46,0.025,539,53.48,85.54,32.7,0,1,1,0,1
44.99,227.64,7.54,300,4.38,33.19,0.151,902,34.64,70.31,61.69,1,0,1,1,2
44.92,285.93,6.97,203,12.9,23.97,0.13,749,27.73,88.16,53.75,1,1,0,0,2
33.89,16.24,6.22,282,3.94,5.36,0.016,58,38.35,24.5,41.73,0,0,1,0,1
39.22,179.06,6.98,277,11.57,48.11,0.09,914,39.58,78.84,11.06,1,0,0,0,0
43.62,128.35,7.82,142,7.05,3.92,0.097,829,49.65,62.79,45.81,0,0,0,0,2
41.24,99.19,5.75,7,4.2,8.51,0.131,298,34.15,58.61,20.65,0,1,0,1,1
26.18,27.1,6.67,451,13.26,40.98,0.136,49,31.68,75.6,30.26,0,1,0,1,2
31.26,168.8,5.56,115,13.56,24.52,0.038,753,87.52,34.58,71.95,1,1,0,0,0
23.23,143.71,8.12,391,8.14,8.91,0.007,985,39.96,16.71,61.42,0,0,1,0,1
43.85,31.37,7.74,342,7.63,14.31,0.159,948,64.93,55.19,57.44,0,1,0,1,0
35.15,183.75,5.72,372,12.81,49.7,0.196,631,35.94,37.19,60.76,1,1,0,0,1
25.72,221.39,8.88,271,9.15,29.2,0.188,869,59.34,33.08,20.8,0,1,0,0,2
36.79,230.18,5.58,175,5.19,20.08,0.1,549,42.14,99.87,24.82,1,0,0,0,1
35.45,271.61,7.56,417,7.1,43.81,0.106,742,26.94,27.81,58.85,0,1,0,0,0
28.95,122.84,8.22,213,12.03,23.98,0.186,400,98.57,31.2,46.61,0,1,1,1,1
22.84,285.92,8.26,368,12.31,15.4,0.109,722,56.62,40.05,51.69,1,1,1,1,0
36.79,259.63,5.62,214,13.27,8.21,0.056,282,51.44,54.73,89.12,0,0,0,0,2
33.01,88.95,8.67,56,5.46,37.22,0.136,164,35.93,88.22,26.66,1,1,1,1,1
39.31,47.78,8.71,388,10.16,29.81,0.095,894,59.63,25.88,91.96,1,1,0,1,1
33.0,130.62,7.46,228,2.82,4.62,0.157,262,70.82,65.44,87.17,0,1,0,0,0
41.3,120.57,7.19,299,10.71,29.58,0.157,293,44.37,43.17,91.16,1,1,0,0,2
33.8,172.72,5.66,326,8.76,7.97,0.187,208,58.43,81.72,67.72,1,0,0,1,1
34.02,175.02,7.47,36,5.0,49.09,0.028,888,38.97,64.17,87.75,0,0,1,1,0
41.92,225.0,6.93,473,9.86,12.99,0.104,668,62.22,81.56,99.21,0,0,0,1,0
30.09,152.97,8.2,379,3.62,34.8,0.157,306,82.98,86.96,52.43,0,0,0,0,0
23.35,31.45,6.91,283,6.01,32.8,0.087,363,24.82,92.09,87.56,0,1,1,1,2
20.72,257.49,7.89,323,6.81,34.57,0.125,102,61.43,99.61,91.33,0,0,1,0,1
38.88,92.93,5.85,368,11.33,21.5,0.163,491,51.95,65.7,37.88,0,1,1,1,1
35.51,291.39,5.97,223,5.71,3.72,0.095,976,25.92,67.38,49.84,0,1,1,0,1
37.6,35.36,5.99,421,2.59,49.0,0.082,398,95.24,22.65,61.63,0,0,0,0,2
25.32,287.48,5.66,301,4.17,9.58,0.036,655,40.79,19.46,41.42,1,1,1,0,0
23.41,27.3,7.39,200,9.3,38.49,0.165,608,65.17,53.89,38.99,0,1,1,1,1
20.36,69.31,8.28,99,2.18,6.88,0.159,778,49.81,72.43,44.26,0,1,0,0,0
28.76,13.97,7.64,281,11.51,14.06,0.149,928,41.69,32.34,48.15,1,0,1,0,1
34.75,211.53,7.51,74,12.81,27.99,0.079,351,62.17,39.44,32.7,1,0,0,0,1
29.81,255.09,7.88,211,7.94,20.67,0.117,236,75.12,73.01,52.6,0,0,0,1,1
30.94,130.22,6.69,436,10.49,47.91,0.025,91,82.84,29.05,80.09,0,1,0,1,2
42.6,278.56,6.77,190,7.55,42.38,0.064,894,70.71,56.92,66.2,0,0,1,1,2
28.71,177.09,6.6,367,5.71,46.09,0.087,147,62.1,58.48,44.18,1,0,0,0,0
32.85,189.0,7.99,62,3.98,32.03,0.009,28,82.18,92.53,24.06,1,1,0,0,1
39.59,253.63,6.07,111,8.22,10.95,0.021,15,61.4,46.2,84.16,0,0,1,1,1
29.91,89.04,5.55,495,13.16,25.92,0.166,861,97.94,28.95,56.02,0,1,1,0,0
35.55,106.28,7.59,421,12.68,38.28,0.194,400,62.14,25.65,97.41,1,0,0,0,1
41.56,271.79,8.8,142,13.04,3.24,0.064,952,45.38,36.38,32.74,0,0,1,1,2
43.74,270.29,7.63,98,13.6,43.16,0.021,205,55.71,35.1,25.8,1,0,1,1,0
23.68,292.94,8.24,264,3.98,31.57,0.187,727,59.2,77.52,10.72,1,0,1,0,0
43.16,270.55,7.85,224,3.76,36.18,0.183,804,42.68,63.44,17.44,0,0,1,0,1
32.3,38.21,7.24,74,7.13,34.71,0.131,844,32.7,71.42,44.69,1,1,0,1,0
26.46,247.12,8.01,277,10.27,42.39,0.068,17,54.51,66.73,27.84,1,1,1,0,0
31.48,122.95,8.38,197,7.28,4.38,0.023,838,91.76,53.31,13.41,0,1,0,1,2
44.5,297.24,6.29,183,12.71,18.85,0.188,891,40.44,93.54,30.28,0,1,0,0,2
32.32,141.68,6.68,292,10.61,25.13,0.184,176,48.95,83.57,75.59,0,1,0,1,0
28.22,166.15,6.28,56,9.61,27.33,0.149,650,80.62,28.97,76.21,1,1,1,0,1
35.84,158.93,7.08,248,2.85,47.13,0.187,440,26.58,48.13,23.47,0,0,0,1,1
26.0,96.52,8.6,443,4.1,2.12,0.028,720,86.01,35.91,94.28,0,0,0,1,0
21.9,22.51,6.71,113,7.14,43.32,0.022,530,77.62,77.11,24.31,0,1,1,1,1
23.22,268.7,6.81,468,13.72,27.6,0.038,69,63.98,41.0,18.04,0,1,1,0,0
23.2,240.8,8.51,139,6.01,27.73,0.043,627,36.76,67.62,24.66,0,1,1,0,0
23.8,41.86,7.3,390,9.56,16.02,0.165,977,27.41,36.3,22.65,1,1,0,0,2
23.47,233.03,7.37,449,13.87,32.18,0.184,820,38.54,25.45,66.85,1,1,1,1,0
36.02,187.75,8.51,358,5.17,32.32,0.043,521,80.92,10.83,24.06,1,1,1,0,0
24.55,122.74,7.22,40,4.0,9.46,0.093,256,94.68,99.52,67.09,0,0,1,1,0
28.64,76.21,7.89,407,8.56,33.85,0.091,256,79.03,29.76,34.89,0,0,1,0,2
42.42,257.92,5.8,473,8.62,13.34,0.036,558,62.21,84.9,32.36,1,0,1,1,2
31.85,210.06,6.13,152,13.06,34.44,0.171,229,96.05,83.99,90.75,0,1,0,0,0
36.69,164.32,6.92,445,2.32,30.6,0.104,666,86.29,31.24,29.29,0,0,0,0,0
24.31,182.87,7.23,467,6.89,35.8,0.113,664,72.47,47.41,87.81,1,0,0,0,1
24.81,27.32,8.88,231,5.75,0.98,0.052,217,23.03,85.25,37.32,1,1,0,1,0
21.02,142.18,8.9,104,8.85,6.27,0.112,614,43.02,72.08,99.21,1,0,0,0,1
24.22,58.11,8.48,105,2.11,42.01,0.159,905,44.66,43.29,98.28,1,1,0,1,0
26.96,62.52,6.6,299,10.53,19.04,0.061,163,47.78,95.42,84.49,0,0,1,0,1
24.43,198.39,8.87,129,7.82,41.84,0.023,941,51.15,40.81,88.13,0,1,0,1,1
22.22,273.38,7.91,425,10.41,3.13,0.117,391,95.15,29.09,84.09,0,1,0,1,2
23.02,121.13,6.88,482,7.37,38.47,0.127,992,79.35,23.2,66.67,0,1,0,1,1
31.52,62.32,7.96,160,7.69,4.19,0.04,957,75.35,73.12,82.81,1,1,0,0,2
25.16,194.62,5.56,400,12.75,23.42,0.05,924,54.12,12.61,66.55,0,0,0,0,2
29.11,261.36,6.01,377,4.53,46.88,0.031,52,47.0,86.13,85.79,1,0,1,0,2
32.59,224.5,8.4,446,4.61,3.88,0.184,993,29.57,37.38,94.2,1,0,1,0,0
37.26,260.63,7.76,405,8.71,17.53,0.043,474,56.28,43.28,77.8,0,0,1,0,0
20.98,160.97,6.77,256,9.92,25.92,0.002,873,36.43,82.16,96.82,1,1,0,1,0
39.99,225.56,7.25,228,6.26,44.97,0.168,3,51.28,83.28,50.34,0,1,0,1,2
35.7,42.02,8.67,349,8.23,16.63,0.161,560,32.51,46.0,93.28,1,0,1,0,1
22.04,104.48,7.71,493,4.73,40.35,0.091,623,47.52,59.84,30.36,0,1,1,1,2
41.84,116.86,6.89,453,3.63,35.91,0.159,196,23.44,71.13,12.82,0,1,1,1,2
43.02,153.39,5.92,488,4.86,15.35,0.09,681,20.48,71.97,21.53,0,0,1,0,2
21.53,278.72,6.53,181,13.0,17.04,0.045,629,89.59,58.06,24.42,0,0,1,1,2
26.92,262.29,8.92,13,11.62,9.55,0.085,74,71.3,85.97,84.2,1,1,1,0,0
40.16,40.36,7.03,99,3.68,34.65,0.097,832,67.01,85.73,46.09,0,1,0,1,1
38.71,51.84,7.15,224,2.56,28.16,0.002,204,61.1,86.39,30.99,0,1,1,0,0
24.61,107.29,7.25,357,3.12,7.75,0.023,595,78.14,34.14,83.1,0,1,1,1,2
25.23,87.22,8.59,230,5.52,31.0,0.175,545,78.89,33.12,28.19,0,0,0,0,0
29.26,184.43,7.61,52,11.74,24.93,0.078,352,94.82,22.58,17.01,0,0,1,0,2
32.11,270.83,7.93,5,5.86,4.63,0.066,525,39.55,84.38,51.96,1,0,1,1,2
35.46,288.69,6.86,89,4.23,47.69,0.178,948,82.82,15.46,16.25,1,1,0,1,0
29.22,196.08,5.6,63,6.75,41.74,0.031,331,99.29,22.18,35.1,0,0,1,0,2
31.56,251.45,8.76,87,3.49,3.55,0.043,202,22.32,93.36,73.03,1,0,1,0,0
38.69,157.56,8.82,32,7.64,46.56,0.166,768,49.92,21.26,43.71,1,0,1,1,0
20.92,62.5,8.82,71,10.11,45.83,0.056,237,54.88,20.92,17.87,0,0,0,0,0
26.31,157.41,8.8,43,6.43,2.11,0.127,775,85.75,91.82,46.27,1,1,1,0,1
37.83,166.52,8.35,252,4.08,10.07,0.148,401,21.1,37.91,56.18,1,1,1,1,0
42.38,222.74,7.9,106,7.44,35.12,0.045,388,67.89,89.33,32.52,0,0,0,1,2
32.79,65.96,8.46,289,11.15,46.73,0.051,894,91.41,43.99,25.38,0,0,1,1,2
33.3,110.49,7.6,417,2.92,41.16,0.103,639,31.81,43.63,78.55,0,0,1,0,1
22.68,109.21,5.97,407,2.85,14.09,0.158,734,29.25,22.17,16.11,1,1,0,1,1
31.19,287.83,6.87,1,5.82,1.67,0.111,66,99.98,92.68,96.12,1,1,0,0,1
33.32,133.18,8.9,135,6.98,23.64,0.013,149,86.08,78.55,10.68,0,0,0,0,2
26.06,226.53,6.73,116,4.6,4.6,0.07,133,75.79,30.31,68.61,0,0,0,0,0
26.73,225.24,8.54,408,2.32,12.26,0.066,855,51.92,75.5,22.02,0,0,1,0,2
29.43,79.66,5.83,120,4.63,32.0,0.162,410,88.32,19.33,59.24,0,1,1,1,1
20.5,171.56,6.67,477,7.22,24.75,0.058,212,93.82,57.14,26.86,1,1,1,0,2
28.05,268.29,6.73,287,2.95,18.84,0.18,548,78.59,32.88,13.09,0,1,1,1,2
25.29,142.56,5.68,311,10.59,46.5,0.067,500,51.85,86.55,87.38,0,1,0,1,1
28.19,283.54,5.92,93,8.63,9.65,0.039,632,66.68,56.0,48.15,1,0,1,1,2
22.99,64.34,6.18,6,7.21,24.37,0.108,225,27.88,92.91,34.77,1,0,1,0,1
42.26,22.25,8.43,431,8.22,28.67,0.077,802,32.64,62.66,95.25,1,1,1,0,0
34.84,267.44,5.72,87,9.87,16.1,0.13,382,82.64,55.36,17.38,0,0,0,0,1
36.98,254.3,6.55,181,13.94,35.26,0.183,547,22.35,72.45,41.37,1,1,0,0,0
39.73,297.78,5.54,190,11.3,43.36,0.188,188,23.94,80.56,25.96,1,1,0,0,0
32.46,203.82,7.93,456,8.48,27.07,0.045,758,60.64,11.37,99.21,0,0,1,0,0
22.17,281.01,7.67,207,11.25,39.07,0.032,217,33.64,57.01,59.14,0,0,0,1,0
33.43,248.08,7.76,385,7.7,3.05,0.188,379,43.5,79.81,83.1,0,1,1,0,1
34.67,253.33,6.81,290,5.73,7.69,0.162,768,51.91,46.67,24.72,1,1,0,1,1
38.64,170.74,6.23,353,5.14,23.1,0.052,175,61.78,14.06,37.4,0,1,1,1,2
30.79,114.71,8.02,277,6.79,46.05,0.161,210,42.68,11.58,65.76,0,0,1,1,2
23.19,280.37,8.34,466,2.03,26.58,0.148,729,58.68,81.45,26.02,0,1,0,1,1
27.09,129.64,5.99,447,4.12,21.62,0.051,342,49.65,27.83,55.01,1,0,0,0,0
29.08,161.65,7.2,314,3.52,30.01,0.181,487,26.48,25.74,93.85,1,0,0,0,0
36.15,133.83,6.37,432,13.52,6.22,0.064,993,89.37,36.06,93.72,0,0,1,0,1
34.27,169.45,6.09,51,2.78,32.68,0.096,346,42.51,19.2,41.94,0,1,1,0,2
28.9,141.15,8.07,404,8.01,4.7,0.122,322,68.75,14.8,56.45,1,0,0,0,2
44.66,14.39,7.38,395,13.04,28.84,0.038,493,65.58,88.5,27.86,1,0,1,1,1
35.14,264.61,6.26,266,9.29,35.72,0.122,486,35.93,37.25,98.07,0,0,0,1,1
25.93,133.32,6.59,243,7.94,20.58,0.141,76,22.4,62.42,56.79,0,0,1,0,0
22.54,176.68,8.88,181,10.92,45.55,0.02,934,88.55,87.2,28.57,0,0,0,0,2
23.82,41.76,8.47,210,6.24,7.6,0.076,975,59.82,97.97,86.03,0,1,0,1,0
26.15,1.02,8.58,377,4.32,8.55,0.122,2,53.16,71.96,47.83,0,0,0,1,0
24.02,73.59,7.11,197,12.17,25.85,0.185,537,81.03,95.51,67.25,0,0,0,0,1
24.66,211.38,7.68,489,2.68,46.58,0.178,452,22.65,48.12,85.92,0,1,1,1,2
27.13,29.76,6.82,269,11.69,19.53,0.034,950,81.22,81.06,37.83,0,1,0,1,2
24.33,272.67,5.77,32,3.24,46.32,0.122,2,52.71,94.38,62.01,0,1,1,1,2
42.42,64.51,6.9,494,9.51,34.67,0.02,823,64.13,14.78,15.05,0,1,0,1,2
22.01,61.38,7.58,101,7.72,39.13,0.059,795,80.2,38.57,31.11,0,1,1,1,2
33.11,54.45,6.51,332,13.98,46.89,0.119,238,63.74,76.62,22.49,0,1,1,1,1
30.26,4.19,8.47,281,6.66,28.62,0.016,243,24.94,38.37,67.98,0,1,1,1,1
44.56,231.54,6.03,397,13.49,32.08,0.178,426,78.29,11.53,32.92,0,0,0,0,2
22.8,262.51,6.78,236,6.85,28.95,0.166,541,82.91,82.63,78.4,0,1,1,1,2
29.95,184.25,5.94,215,10.18,39.24,0.095,342,56.95,24.83,78.5,1,1,1,1,0
44.24,56.46,6.92,431,9.72,13.67,0.098,401,55.12,38.88,80.58,1,0,1,1,1
41.64,85.58,5.64,320,3.04,39.4,0.176,516,40.15,91.95,21.94,0,1,1,1,2
40.43,142.78,6.45,301,10.92,35.68,0.01,853,71.53,28.8,57.34,0,1,1,1,0
26.45,286.3,6.9,126,4.5,30.1,0.029,620,90.56,90.53,71.12,0,0,0,1,0
24.27,74.21,7.17,492,6.66,1.94,0.062,828,72.48,48.03,39.05,0,0,0,0,0
36.72,219.49,7.4,438,11.39,38.73,0.073,256,81.71,92.63,33.41,0,0,1,0,2
43.23,131.83,6.46,93,13.33,6.62,0.197,63,87.0,88.92,74.62,0,1,0,1,2
33.92,89.35,7.33,73,8.72,48.1,0.029,730,38.09,47.37,41.62,1,1,0,0,2
34.29,136.77,7.28,127,8.23,4.07,0.061,141,52.17,92.97,32.4,1,0,1,1,0
27.0,21.36,6.61,73,8.06,36.01,0.166,296,54.88,66.94,60.66,0,1,1,0,2
39.24,239.61,8.41,475,11.8,18.02,0.157,765,64.71,52.81,65.83,1,1,1,1,1
24.68,72.99,7.41,451,13.92,36.78,0.131,72,23.93,57.76,79.91,1,1,0,1,1
28.09,217.62,6.66,461,9.6,25.95,0.066,963,67.07,15.7,13.68,0,0,1,0,2
30.64,20.5,8.82,395,6.54,31.48,0.024,692,27.08,82.68,25.7,1,1,0,0,0
32.69,286.53,8.46,437,4.62,3.77,0.197,728,84.53,36.32,79.95,0,1,1,1,2
26.06,57.9,8.94,255,4.39,48.32,0.05,414,97.04,34.32,57.87,0,0,1,0,0
22.87,264.82,7.92,447,12.27,0.19,0.169,121,43.18,74.39,82.55,0,1,1,0,1
35.27,242.84,6.82,101,13.91,47.06,0.179,314,60.53,43.37,50.37,0,1,1,1,1
27.22,290.36,6.48,46,10.38,28.41,0.088,735,85.86,56.27,51.34,1,0,0,0,0
34.53,143.37,7.82,164,13.47,12.91,0.17,449,45.17,47.94,43.98,0,1,0,1,0
23.86,218.22,8.93,457,6.2,31.89,0.056,751,32.62,55.42,72.21,0,1,0,0,0
32.03,111.21,7.69,255,9.53,33.64,0.178,804,79.13,30.0,63.12,1,1,0,0,1
33.31,55.31,8.59,424,8.14,36.52,0.127,755,75.87,89.64,45.35,1,0,1,1,1
21.3,132.92,6.65,282,7.78,0.82,0.039,561,65.6,64.92,26.88,1,1,0,1,0
28.42,49.72,6.92,425,9.59,49.14,0.157,193,95.55,31.03,10.22,1,1,0,1,1
23.36,294.61,8.67,247,5.72,30.9,0.183,525,96.41,18.24,18.22,1,1,1,0,0
21.58,28.87,8.15,203,9.69,18.88,0.114,398,88.92,58.19,19.71,0,1,1,1,1
44.75,176.76,8.93,85,10.07,28.53,0.152,280,43.44,52.13,61.24,0,0,0,0,1
28.06,187.94,8.21,323,12.03,8.92,0.159,457,38.03,93.92,78.33,1,0,0,0,1
40.25,161.42,7.07,412,10.77,12.36,0.157,347,86.86,30.76,51.12,1,0,0,0,1
26.37,198.66,7.36,163,5.84,4.29,0.091,751,72.11,89.34,47.28,1,0,0,0,0
37.04,34.85,8.65,364,7.41,43.96,0.148,519,51.69,78.98,21.89,1,0,1,0,2
39.01,166.51,7.43,56,3.44,12.58,0.11,697,52.78,52.89,91.09,0,0,1,0,2
34.89,86.16,6.39,205,5.09,36.99,0.083,377,88.27,88.64,76.17,0,0,0,1,0
31.79,282.05,7.02,395,8.25,13.71,0.033,759,33.06,87.57,47.52,0,1,1,0,2
30.3,228.62,7.31,428,3.21,7.3,0.182,439,95.52,74.3,18.73,1,0,1,0,0
28.72,291.75,5.84,147,8.85,5.41,0.083,500,70.66,19.14,86.15,0,0,0,1,2
43.24,11.27,8.1,300,6.68,43.01,0.048,909,83.31,24.42,25.27,0,1,1,1,1
40.77,85.54,5.88,278,2.42,5.99,0.048,83,49.67,63.24,70.6,1,0,0,1,2
44.13,58.63,6.92,445,7.21,4.36,0.048,41,66.95,32.09,40.56,1,1,1,1,0
23.11,3.35,8.32,469,5.37,0.47,0.0,268,80.0,59.61,87.36,1,0,1,1,0
38.27,72.7,7.14,289,2.8,18.32,0.088,530,54.81,60.47,62.83,1,1,1,1,0
43.46,203.63,8.45,20,5.52,47.13,0.178,33,59.03,62.84,30.47,0,1,0,1,1
24.53,69.33,6.7,434,5.53,45.43,0.005,473,66.57,61.29,11.14,0,0,1,0,2
21.66,152.7,8.85,136,6.26,5.75,0.191,868,25.07,44.13,29.11,0,1,0,1,2
38.53,266.35,6.23,457,6.4,0.62,0.036,173,89.05,28.92,42.88,0,0,0,0,0
34.36,208.13,5.63,368,7.16,37.55,0.144,727,89.33,56.67,73.75,1,0,1,1,0
41.05,118.39,8.55,9,3.1,15.32,0.157,372,42.51,54.56,29.45,1,1,0,1,1
23.49,111.74,8.13,307,2.06,41.73,0.147,822,90.39,34.77,33.54,0,0,0,1,2
39.88,136.72,6.31,44,10.83,10.77,0.068,980,79.62,14.61,49.16,1,0,1,0,2
25.04,53.11,8.95,435,6.05,24.61,0.141,959,58.66,28.5,13.86,0,0,1,0,1
24.09,190.2,7.26,248,9.36,1.65,0.095,505,47.82,59.57,79.16,1,0,1,1,0
24.11,109.25,8.83,29,5.68,44.74,0.03,184,51.95,58.21,17.09,0,0,0,1,1
40.36,255.71,7.27,447,13.81,8.9,0.04,983,62.75,22.03,76.33,1,1,0,1,0
36.63,226.97,7.15,224,5.79,14.74,0.005,199,53.0,64.54,34.12,0,0,0,0,2
33.08,183.15,7.07,385,9.26,23.99,0.066,959,53.62,48.04,51.39,0,1,0,1,0
28.97,109.26,6.67,176,4.64,13.56,0.146,608,36.25,68.83,46.94,0,0,0,1,1
41.93,62.98,7.37,95,8.21,2.01,0.194,132,76.62,89.92,32.79,1,0,0,0,2
29.81,232.85,7.08,428,8.95,1.45,0.027,984,68.77,37.77,33.01,0,1,0,0,0
40.41,145.92,5.63,16,4.19,47.76,0.071,42,99.35,41.26,95.41,0,0,0,1,1
30.98,67.43,6.41,27,3.48,16.27,0.036,103,31.3,70.91,37.49,1,0,0,0,2
29.42,58.55,6.25,125,13.68,16.72,0.152,16,29.1,95.42,26.48,1,1,1,0,1
31.57,49.62,8.54,300,12.72,46.14,0.184,88,61.27,53.75,32.54,0,0,1,0,2
27.53,233.15,7.6,272,9.92,41.81,0.023,489,32.16,25.24,72.57,1,1,0,1,2
38.69,68.7,8.17,498,12.33,34.35,0.181,685,68.85,94.15,37.8,0,1,1,0,2
32.57,157.99,8.85,186,3.15,32.93,0.054,160,35.69,52.28,25.44,1,0,0,1,1
25.81,135.46,7.75,141,10.75,40.05,0.045,836,58.64,51.46,47.3,0,1,1,1,0
42.49,173.88,8.94,371,5.43,8.44,0.011,782,68.9,58.58,20.58,1,1,0,0,2
29.6,263.15,6.59,137,8.47,33.21,0.016,553,56.64,32.73,45.88,1,1,1,0,1
33.59,260.32,6.15,481,11.18,4.92,0.014,910,45.6,80.62,87.6,0,1,0,0,0
42.66,135.32,6.91,461,2.4,6.33,0.089,960,82.59,67.69,43.56,1,1,1,1,2
35.61,4.61,7.15,336,10.34,12.14,0.132,702,88.37,95.94,56.27,0,1,1,1,2
22.92,127.93,8.63,228,7.22,35.49,0.037,55,42.24,28.35,81.02,1,0,1,1,2
43.5,181.86,7.46,213,7.28,44.63,0.044,682,85.07,65.72,56.44,0,0,0,1,0
35.69,167.33,6.52,273,12.89,34.54,0.035,593,51.33,56.5,14.26,0,1,0,0,2
28.37,195.4,8.1,290,12.32,20.83,0.161,965,59.01,90.53,29.34,1,1,1,1,0
23.48,46.22,7.27,431,2.69,25.68,0.027,801,38.54,12.73,90.48,0,0,0,0,0
39.85,193.96,6.07,57,9.42,35.62,0.015,193,70.06,78.47,82.2,1,1,1,0,2
35.5,54.8,7.52,370,7.23,30.66,0.007,464,28.07,66.08,78.46,1,1,0,0,2
33.34,225.16,8.69,17,3.41,26.47,0.008,885,67.33,64.68,59.27,1,0,0,0,0
42.35,101.73,8.45,179,12.21,11.84,0.109,68,99.18,88.78,41.79,1,1,1,0,0
39.71,212.97,7.55,157,2.86,30.85,0.019,19,80.28,63.08,72.49,0,1,0,1,1
23.79,14.36,6.82,255,2.39,0.93,0.044,653,91.6,74.43,69.7,0,1,0,1,0
27.79,122.36,5.8,36,4.37,28.0,0.167,203,57.14,68.11,67.85,1,1,1,0,1
26.21,211.51,7.14,295,5.64,41.04,0.194,835,31.37,16.26,55.33,1,1,0,1,2
38.6,68.06,8.13,261,2.73,8.99,0.172,296,43.08,20.15,33.35,0,1,1,1,0
20.84,238.59,6.76,78,9.7,5.71,0.192,186,23.92,40.46,49.19,1,0,1,0,0
34.25,189.23,6.32,418,7.25,48.51,0.134,49,60.14,70.81,56.09,1,0,0,1,2
39.06,176.27,8.76,153,6.95,42.17,0.197,201,71.97,12.38,29.44,1,1,1,0,2
41.92,106.06,8.38,360,3.74,15.1,0.099,422,53.96,79.53,30.71,0,0,1,0,0
28.55,144.74,7.73,346,7.25,10.43,0.159,157,65.06,28.27,81.27,0,0,1,0,2
40.53,179.2,5.98,157,6.68,16.7,0.194,164,45.66,60.36,38.78,0,1,0,0,1
22.77,141.74,6.01,74,6.6,21.56,0.142,302,26.87,28.1,97.63,0,1,0,0,2
41.16,209.49,5.86,371,4.62,41.05,0.191,125,54.56,25.84,49.28,0,0,1,1,1
23.19,130.11,7.66,407,3.13,11.96,0.051,729,63.82,40.08,64.79,1,1,1,0,0
29.93,60.68,5.9,377,5.13,36.04,0.06,940,98.61,92.94,55.35,0,1,1,0,2
39.93,64.18,8.45,54,10.01,46.46,0.079,312,47.78,31.41,54.38,0,1,0,0,1
23.75,1.74,8.98,205,2.88,18.98,0.093,899,74.22,14.37,90.1,0,0,0,0,2
25.73,90.29,6.78,214,6.59,1.3,0.179,261,85.81,89.4,18.37,0,0,1,1,0
38.06,224.68,7.09,8,8.17,41.38,0.178,910,46.83,49.5,41.12,0,1,0,0,2
38.0,238.25,7.99,105,13.56,35.42,0.132,620,94.39,65.9,35.74,0,1,0,0,1
36.03,60.74,8.78,317,12.13,7.45,0.046,940,47.11,89.72,39.34,1,1,0,0,2
37.35,287.71,8.63,366,13.0,29.85,0.048,593,97.58,78.01,92.13,1,0,1,0,2
33.57,150.72,5.7,401,11.84,41.24,0.126,848,20.17,81.69,16.29,0,1,0,1,0
26.29,275.09,6.09,244,9.07,9.05,0.101,443,70.73,53.21,35.5,0,0,1,0,1
28.64,212.03,8.14,306,12.33,11.15,0.052,480,83.19,71.86,76.39,0,0,0,1,1
24.54,216.73,7.91,102,8.78,10.09,0.034,611,42.4,96.74,31.49,1,0,1,0,2
42.71,25.51,5.97,274,6.29,49.88,0.145,618,29.36,90.08,84.98,0,1,0,1,1
34.58,66.0,7.26,324,6.47,11.48,0.163,856,21.95,65.12,39.69,0,1,1,0,0
30.02,2.64,8.23,372,8.79,13.35,0.052,626,25.95,17.68,20.19,0,1,0,1,2
31.55,214.84,6.27,337,11.71,2.4,0.085,923,63.44,98.17,56.73,1,0,1,0,2
43.68,103.33,8.55,378,3.6,49.16,0.143,332,87.13,30.29,56.02,0,0,1,0,0
23.83,236.0,5.69,32,2.47,12.34,0.094,287,25.05,42.47,13.52,1,0,1,1,2
34.66,101.68,8.24,107,11.47,36.26,0.192,943,29.05,22.63,74.61,0,0,0,0,1
32.65,245.8,7.66,421,9.77,1.32,0.026,402,20.41,25.0,22.76,1,1,1,1,2
35.29,39.21,6.6,268,11.86,39.17,0.171,30,42.58,81.62,29.21,0,0,0,1,1
20.45,52.01,8.02,432,13.72,37.53,0.061,718,93.7,21.54,60.62,1,1,0,1,1
41.8,102.26,8.24,72,5.02,4.21,0.137,955,42.1,27.04,90.17,1,1,0,0,2
43.3,122.55,8.77,345,4.33,6.13,0.051,555,55.27,25.43,11.86,0,1,1,1,0
34.13,104.61,6.79,180,6.09,14.76,0.193,406,34.32,43.32,84.05,0,1,1,0,0
37.42,229.09,7.9,384,12.54,17.73,0.01,487,29.3,72.52,77.87,1,1,1,1,1
43.06,29.09,7.61,267,2.17,39.17,0.103,26,34.59,67.95,24.55,0,0,0,1,1
37.68,105.37,7.34,151,2.13,3.06,0.182,501,36.83,75.22,43.57,1,1,0,1,0
23.81,251.17,8.62,384,4.6,32.51,0.094,640,30.42,75.41,91.54,0,1,1,0,1
34.41,20.04,5.51,67,6.51,11.43,0.168,149,83.32,10.27,23.17,1,1,0,1,1
35.17,282.7,6.49,390,5.63,19.12,0.19,903,58.18,71.61,20.02,0,0,0,1,2
30.6,295.9,7.38,371,11.9,0.11,0.014,324,63.18,71.61,76.17,0,0,0,0,2
38.41,26.57,6.12,347,10.28,14.56,0.098,279,49.97,15.59,52.38,0,1,1,0,2
43.36,87.38,8.68,484,12.05,8.57,0.137,635,36.86,48.44,35.57,1,1,0,1,2
43.14,111.72,7.77,499,6.61,25.2,0.166,288,27.51,17.08,25.47,1,1,0,1,1
31.27,232.92,7.17,196,9.15,7.91,0.033,907,26.07,27.17,75.0,1,0,1,1,1
22.83,178.78,8.35,294,8.19,41.79,0.113,771,34.81,54.08,49.56,0,0,1,1,0
44.62,193.31,7.08,31,7.7,44.15,0.033,575,88.01,11.08,31.55,1,0,0,1,0
40.97,227.25,7.46,432,5.46,42.26,0.151,718,37.32,18.55,94.9,1,0,0,0,0
23.12,35.39,5.51,414,10.51,49.09,0.057,827,48.39,17.64,60.5,0,0,1,0,0
43.02,249.96,6.78,107,8.29,45.73,0.054,904,65.82,21.21,41.79,1,0,0,0,0
41.75,211.69,5.99,78,2.94,13.99,0.154,553,60.91,14.48,74.77,0,0,1,1,0
32.97,173.2,7.91,258,2.01,15.72,0.168,820,73.27,65.09,54.68,0,1,1,1,1
34.78,266.92,7.18,496,2.24,26.63,0.069,972,35.55,26.07,10.85,1,1,1,0,0
29.98,210.09,6.56,365,2.91,19.25,0.1,201,61.92,87.63,85.66,0,1,0,1,2
21.37,60.51,7.14,174,6.45,48.5,0.139,571,81.42,89.63,15.97,0,1,1,1,2
28.38,128.92,6.23,366,5.67,16.98,0.149,361,51.0,72.19,99.04,0,1,1,0,1
40.07,148.21,8.74,14,3.88,37.0,0.154,909,97.75,15.85,41.48,0,1,0,1,0
20.12,16.57,5.69,50,8.19,28.77,0.078,306,66.24,90.24,57.24,1,0,0,1,1
28.34,286.39,8.53,106,13.64,47.82,0.107,376,73.99,47.68,99.96,1,0,0,1,1
29.95,38.57,7.29,209,3.93,37.23,0.022,64,56.73,26.3,34.23,1,0,0,1,2
33.43,209.24,7.67,468,5.01,15.18,0.19,922,88.63,80.09,51.64,0,0,0,1,1
43.0,151.87,6.56,201,7.55,9.85,0.14,533,56.12,41.2,77.94,1,1,0,0,0
28.66,7.69,8.88,276,9.69,42.73,0.075,277,95.38,55.55,52.03,0,1,1,0,0
28.67,277.42,6.49,217,9.2,45.55,0.078,473,44.6,76.87,40.04,0,1,1,0,2
38.44,255.55,7.56,40,8.25,41.55,0.018,447,89.27,19.1,20.86,1,1,1,0,2
31.31,157.28,8.98,375,10.85,36.87,0.091,382,71.15,25.26,56.17,0,0,0,1,0
25.62,68.68,8.58,258,12.15,16.09,0.135,23,83.92,97.17,59.66,1,1,0,0,0
31.31,36.49,7.38,384,13.99,25.27,0.191,541,23.02,74.22,30.95,1,0,1,0,2
23.52,109.02,8.97,404,7.59,45.79,0.13,39,42.18,30.8,40.05,1,1,1,1,2
24.41,76.63,7.95,202,13.94,6.74,0.13,80,87.77,61.64,36.88,1,1,1,0,1
32.46,152.01,6.23,335,10.77,24.75,0.157,918,45.47,26.92,48.46,0,1,1,0,1
30.47,289.92,6.92,98,9.89,17.78,0.102,649,77.01,87.89,81.84,0,1,0,1,1
42.87,172.49,6.67,148,9.68,33.87,0.006,800,99.38,50.38,39.93,1,0,1,0,1
29.06,266.98,6.7,104,12.93,31.7,0.178,583,34.17,82.62,34.52,1,1,0,1,2
34.51,195.26,8.16,202,13.38,28.0,0.08,772,53.4,97.47,85.59,0,1,1,1,2
35.81,142.57,7.54,94,4.14,13.98,0.197,481,33.21,98.28,83.0,1,0,1,1,1
20.33,256.38,5.63,176,7.92,7.98,0.081,242,32.34,22.39,81.4,1,0,0,1,0
36.59,141.41,8.57,64,13.3,39.22,0.134,666,70.64,95.03,76.85,0,1,0,0,2
24.45,260.59,6.54,40,6.59,49.59,0.092,317,35.31,34.33,89.98,1,0,1,1,1
44.03,87.47,8.99,223,4.79,8.45,0.046,734,58.61,42.37,74.19,1,1,0,1,2
23.72,38.64,8.84,66,3.23,3.79,0.186,920,98.24,15.67,25.25,0,1,0,0,0
30.37,256.59,8.79,379,9.17,37.29,0.125,449,46.65,68.1,12.97,0,0,0,0,1
22.13,176.22,8.34,254,10.4,17.19,0.09,531,89.89,67.97,26.37,0,0,0,0,0
44.92,266.73,6.27,479,4.35,10.65,0.029,118,51.71,79.93,42.82,1,0,0,0,1
32.55,281.35,7.36,297,10.08,26.26,0.2,631,41.03,95.16,14.76,1,1,1,1,1
34.88,16.09,6.29,68,12.8,33.76,0.179,810,46.9,48.53,78.13,0,1,0,0,2
21.68,150.29,6.41,440,4.92,10.74,0.085,578,30.21,46.67,67.72,1,0,0,0,0
38.75,112.49,7.64,170,3.46,49.73,0.034,697,74.32,67.52,74.62,1,1,0,1,0
25.25,187.76,5.64,100,12.03,16.41,0.006,505,60.72,70.07,18.62,0,0,0,1,1
42.45,238.08,8.89,139,13.0,15.75,0.03,424,69.11,50.07,39.59,1,1,1,1,1
25.13,84.18,8.72,205,4.58,21.15,0.107,231,44.25,92.74,51.35,1,1,0,0,0
24.77,167.04,6.83,319,10.66,37.25,0.163,575,72.28,14.7,64.23,1,1,0,0,0
20.91,212.62,7.3,363,9.09,43.66,0.073,869,33.17,78.08,82.25,0,1,1,1,1
31.8,40.33,7.13,306,4.87,16.2,0.087,301,72.2,28.71,97.92,0,0,0,1,1
34.12,244.22,8.59,72,11.88,5.94,0.095,443,26.49,54.58,17.4,0,1,0,1,2
21.64,181.83,7.91,59,7.65,12.81,0.004,743,52.02,86.63,67.75,1,1,1,1,0
39.39,284.86,6.47,454,10.4,4.21,0.035,910,68.78,39.66,22.14,1,0,1,0,0
31.33,101.86,7.06,335,5.62,31.52,0.1,538,88.43,90.97,36.99,0,1,0,1,1
33.11,32.44,7.0,155,11.79,37.03,0.056,185,84.99,50.56,79.48,0,1,1,0,0
31.02,151.95,8.86,123,5.17,21.46,0.105,151,62.16,73.25,99.47,0,0,0,0,2
30.02,25.74,6.11,454,6.38,47.64,0.022,930,90.67,75.04,57.38,0,0,0,0,2
33.99,290.86,5.81,13,6.7,36.38,0.161,534,60.47,33.47,41.78,1,0,1,1,0
23.88,11.61,8.58,415,4.48,18.98,0.157,519,61.37,91.06,29.27,0,1,1,0,1
24.55,226.05,8.64,263,12.49,5.11,0.134,891,77.64,21.22,80.43,1,1,0,0,2
41.54,157.53,8.55,26,3.36,24.69,0.106,213,90.22,63.11,91.33,1,0,0,0,1
43.65,110.59,7.29,244,8.76,25.19,0.078,655,68.22,93.61,86.37,1,0,1,1,2
29.33,19.75,7.81,49,11.77,27.53,0.137,965,95.54,12.79,55.87,1,1,1,0,1
26.77,186.65,7.47,186,8.97,34.12,0.156,486,38.61,57.81,63.02,0,1,1,1,2
36.1,175.57,5.74,56,5.92,13.22,0.162,956,93.94,32.18,85.3,0,0,1,0,0
30.22,84.26,7.59,258,11.38,0.12,0.07,876,37.73,27.32,93.6,1,0,1,1,0
20.63,273.07,5.55,154,7.99,40.64,0.039,697,62.11,31.04,94.51,0,0,0,0,0
23.9,91.23,6.64,477,3.96,41.18,0.068,412,83.68,91.24,72.08,0,1,0,0,0
37.9,134.92,8.76,33,5.8,45.58,0.002,766,84.13,48.3,27.25,1,1,0,1,2
36.47,163.13,6.56,25,9.1,48.45,0.085,318,42.25,31.23,38.17,0,1,1,1,2
20.68,30.07,8.79,249,9.91,7.96,0.055,665,98.87,93.48,33.96,1,1,1,0,2
25.55,279.65,6.38,484,8.58,17.69,0.158,904,26.45,38.95,25.61,0,0,0,1,0
25.78,112.36,6.6,423,5.26,42.57,0.135,402,22.78,75.11,32.57,0,1,0,0,1
36.8,24.23,7.7,370,9.13,46.7,0.005,838,87.32,58.35,88.29,0,0,1,1,0
20.49,116.19,8.17,85,5.99,0.73,0.029,623,85.52,71.12,79.33,0,1,1,1,1
22.6,180.06,7.25,159,4.7,19.38,0.108,792,77.03,26.44,13.94,1,1,0,0,1
40.0,154.1,8.59,424,13.35,5.67,0.124,535,88.06,71.07,23.29,0,1,1,1,1
24.46,208.36,5.64,385,5.78,39.42,0.154,38,31.0,91.52,98.63,0,1,0,0,2
36.32,16.65,8.73,366,6.03,37.36,0.194,686,27.66,19.08,30.34,1,0,0,1,1
25.95,85.36,6.19,199,12.76,37.72,0.14,700,97.55,39.39,67.1,1,1,0,1,0
22.49,245.77,8.59,105,3.71,19.51,0.109,612,69.94,97.53,28.5,1,1,1,0,1
26.08,23.97,6.9,390,9.02,20.31,0.083,737,93.59,30.27,31.03,1,1,1,0,1
38.06,256.65,8.41,274,11.4,13.09,0.148,156,92.52,15.36,54.87,1,0,1,0,2
41.39,27.57,7.85,288,5.28,18.04,0.187,865,72.25,14.96,53.89,1,1,1,1,0
40.76,250.34,6.12,257,12.13,49.15,0.085,787,70.28,34.78,68.16,0,0,1,0,0
29.93,108.24,8.71,450,11.24,2.33,0.117,772,48.8,54.54,25.14,1,1,0,0,2
36.7,183.66,6.36,219,7.83,16.2,0.041,235,31.93,34.19,33.64,1,1,0,0,2
25.12,45.87,6.35,461,3.42,39.5,0.171,419,74.93,35.28,66.17,0,0,0,1,2
27.33,19.85,8.35,14,13.64,19.12,0.143,477,85.43,84.83,18.77,0,0,1,1,0
42.41,64.78,5.87,20,9.49,47.5,0.071,378,63.57,79.02,91.84,0,1,1,0,0
20.33,38.36,6.28,333,8.21,16.61,0.175,701,24.07,37.98,26.09,0,0,1,0,1
22.14,93.72,7.26,58,12.63,42.49,0.194,689,31.59,41.04,49.46,1,0,1,1,2
25.2,154.31,8.41,359,7.06,40.75,0.058,787,28.16,97.27,19.78,1,1,1,1,1
20.66,176.63,6.02,81,8.76,0.46,0.037,650,72.63,95.51,71.64,1,1,1,1,2
24.54,236.96,7.42,117,12.3,20.15,0.166,124,65.18,97.58,39.42,1,0,0,1,0
34.58,196.87,7.99,112,6.72,14.03,0.116,468,57.32,94.53,16.63,0,1,0,0,2
30.54,182.63,8.51,294,11.27,23.98,0.177,147,63.47,66.53,63.34,0,1,0,0,1
42.32,123.53,8.77,275,5.07,23.14,0.07,773,42.08,37.75,98.26,1,0,0,0,2
40.44,142.14,8.25,256,10.43,45.28,0.116,684,84.38,97.25,88.38,0,0,1,1,1
28.55,124.36,7.78,328,8.13,9.18,0.115,281,46.28,76.85,73.26,0,1,0,0,1
26.49,252.65,7.02,264,3.98,9.11,0.038,150,71.54,74.01,11.14,0,1,1,0,0
29.49,69.0,5.89,234,3.63,5.4,0.198,388,51.27,81.79,87.39,0,0,0,1,0
34.76,1.72,7.98,50,7.49,36.93,0.133,920,25.77,63.86,90.71,1,1,1,1,2
26.7,195.4,8.97,165,10.53,45.89,0.133,476,40.56,62.49,13.42,1,1,1,0,2
35.6,60.74,8.08,230,9.24,18.43,0.059,3,97.21,42.52,21.01,0,0,0,1,2
30.24,267.03,5.56,220,12.26,3.09,0.13,858,35.24,23.57,50.63,1,1,0,1,1
33.8,257.71,7.24,270,6.68,7.8,0.167,905,28.39,49.47,46.19,0,0,0,1,2
30.9,23.02,7.65,83,12.12,5.12,0.163,161,43.29,56.56,36.5,0,1,0,1,2
27.36,31.92,7.91,229,2.44,29.62,0.184,602,90.23,89.0,27.81,1,0,0,0,2
43.71,148.55,8.02,296,6.39,14.11,0.03,441,44.48,46.14,59.42,0,0,1,1,0
39.09,182.77,7.45,221,2.88,44.87,0.037,775,53.39,89.47,79.42,1,0,1,1,0
23.5,82.47,6.28,430,13.03,8.11,0.142,125,44.81,38.58,94.33,1,0,1,0,1
41.71,215.04,8.8,153,7.7,46.51,0.162,947,99.12,95.02,37.1,0,0,0,1,0
32.19,178.47,7.94,53,5.79,16.64,0.135,115,99.99,13.5,73.29,1,1,1,0,0
42.36,97.45,6.33,118,7.91,43.37,0.029,866,58.62,57.28,80.94,0,1,1,1,0
40.0,7.61,6.63,197,8.39,47.45,0.119,539,82.79,38.94,53.02,0,1,0,0,2
30.63,225.05,8.73,422,12.15,49.32,0.15,136,37.6,36.5,92.9,1,1,1,1,1
20.56,64.43,8.61,272,8.51,40.18,0.027,673,49.94,17.15,12.07,1,1,1,1,2
26.72,250.34,6.92,197,7.18,5.08,0.011,186,74.35,71.32,91.04,0,1,0,1,2
33.54,126.09,5.63,127,13.54,2.77,0.051,477,42.91,45.33,90.33,0,0,1,0,1
35.84,173.12,5.67,91,13.62,36.99,0.018,400,37.98,95.41,22.33,0,0,0,0,1
26.45,261.88,6.49,8,2.46,44.85,0.03,379,93.78,74.12,49.55,0,1,1,0,0
23.48,259.09,7.7,474,10.48,8.3,0.041,32,39.54,49.86,56.43,0,0,1,0,0
40.87,111.46,7.54,226,6.46,47.05,0.106,823,24.74,66.46,46.18,0,1,1,1,2
44.61,62.67,7.72,45,10.1,30.51,0.031,828,80.09,15.94,90.6,1,0,0,0,0
33.14,232.54,8.01,133,9.64,6.2,0.121,988,39.46,63.02,74.17,0,0,1,0,0
24.29,129.92,5.57,451,5.96,8.35,0.058,880,56.01,69.95,21.12,0,0,0,0,2
26.81,57.61,5.87,15,13.84,3.3,0.062,804,28.92,19.55,93.39,1,0,0,1,2
20.46,271.33,6.76,214,6.29,7.16,0.193,12,25.48,71.42,14.16,1,0,1,0,0
42.86,59.43,6.04,111,9.58,36.61,0.161,924,56.84,52.66,63.61,1,1,0,1,2
22.94,7.74,5.76,342,11.76,10.94,0.085,295,46.97,53.17,57.04,1,1,1,1,2
34.41,6.08,7.74,156,3.75,28.08,0.089,253,60.47,75.12,16.52,0,1,0,1,0
26.85,186.69,8.35,424,5.61,36.05,0.023,358,97.26,50.48,72.63,0,0,0,0,1
33.85,198.5,8.13,451,4.39,44.76,0.169,822,52.59,31.09,96.63,1,0,0,0,1
36.29,93.31,8.36,317,11.38,29.5,0.001,13,68.21,36.85,51.26,0,1,1,1,1
40.74,96.0,7.83,359,11.61,28.49,0.029,263,27.81,76.45,56.25,1,1,0,1,0
25.16,101.85,8.07,375,5.07,45.64,0.107,159,90.87,16.39,44.55,1,1,0,1,2
20.27,204.05,6.45,423,2.05,14.75,0.038,906,84.47,85.67,88.77,0,1,1,0,1
23.42,17.44,8.98,445,7.08,10.19,0.127,738,61.79,62.4,93.5,1,1,1,0,0
42.5,278.73,6.14,407,10.25,43.64,0.001,324,34.67,75.43,45.74,0,0,0,1,0
41.85,66.76,6.25,389,9.47,3.73,0.02,689,54.08,40.93,90.18,0,0,1,1,0
34.94,299.9,6.51,295,7.35,9.48,0.153,676,43.79,30.05,28.39,0,1,1,0,2
35.01,51.46,8.91,197,5.62,20.56,0.115,44,99.56,82.41,51.21,1,1,1,0,2
36.63,231.46,8.96,57,7.69,18.06,0.004,452,59.27,19.2,32.67,0,0,0,1,0
24.38,67.02,8.28,397,2.18,35.3,0.041,833,53.78,24.93,30.15,1,0,0,1,0
42.86,24.25,7.7,77,2.89,4.59,0.048,665,33.52,35.64,87.13,0,1,0,0,0
30.47,262.48,7.32,241,3.95,23.86,0.17,797,39.13,41.61,74.28,1,0,1,0,1
29.58,257.63,8.9,428,9.5,40.43,0.117,332,76.93,28.33,16.02,0,0,0,0,0
32.97,121.07,7.93,366,4.63,34.17,0.108,891,62.79,92.14,78.17,0,1,1,0,2
21.17,210.72,8.81,98,7.08,31.58,0.017,549,48.64,12.45,61.56,0,1,1,0,0
24.16,167.12,6.61,5,9.46,11.97,0.131,103,43.76,82.31,80.83,0,1,1,0,0
38.45,255.89,6.67,278,11.97,19.68,0.031,154,36.06,47.0,63.4,1,0,0,1,0
22.07,94.52,8.49,317,8.6,9.04,0.104,80,22.71,85.25,43.97,0,0,1,1,1
35.08,157.1,6.02,211,4.13,25.45,0.119,178,98.17,81.64,54.55,0,1,0,0,0
26.13,145.61,8.81,272,13.42,29.21,0.168,398,80.25,20.89,22.75,1,1,1,0,1
29.73,106.17,7.28,83,3.08,31.56,0.161,317,94.23,69.98,37.95,1,1,1,0,1
27.22,267.44,8.74,111,6.41,43.8,0.038,608,53.0,44.06,12.01,1,1,0,1,2
28.89,49.76,6.68,197,13.06,3.09,0.183,29,89.55,83.89,46.56,0,1,0,0,0
37.98,44.85,8.01,359,9.23,19.42,0.001,159,40.5,86.59,18.21,0,1,0,1,0
27.43,173.07,7.19,380,9.95,29.55,0.066,433,60.79,27.01,69.46,1,0,0,1,0
34.16,197.25,7.69,27,5.62,28.51,0.013,6,36.2,53.08,92.13,1,0,0,0,1
31.9,58.39,7.27,140,2.94,1.09,0.144,806,81.63,63.5,76.66,0,0,0,1,0
36.59,117.22,8.88,412,6.39,9.47,0.1,444,59.81,58.97,28.67,0,1,0,1,2
43.42,283.97,7.92,172,6.83,42.29,0.035,783,62.9,32.66,55.64,1,0,1,0,1
38.31,73.99,6.38,19,5.24,25.77,0.017,714,88.76,34.52,74.08,1,1,0,0,2
25.37,200.51,8.68,441,4.59,20.68,0.045,932,79.14,87.24,82.51,1,1,1,0,2
20.78,222.04,6.53,464,6.27,45.01,0.184,308,97.3,12.94,35.47,1,1,1,1,0
26.56,134.44,6.8,116,9.67,3.75,0.136,589,52.43,33.61,52.94,1,1,0,1,2
34.88,281.26,5.86,53,13.39,46.12,0.048,662,56.92,30.08,19.39,1,1,0,0,1
21.29,221.0,8.65,226,10.45,1.39,0.179,377,69.23,43.36,75.37,0,0,0,1,2
32.41,137.38,6.5,108,11.36,28.13,0.027,186,56.26,71.75,49.13,0,1,0,0,1
34.92,170.8,6.41,230,5.67,27.75,0.138,350,53.57,57.9,13.75,1,1,0,1,2
28.36,207.78,8.72,319,3.26,31.95,0.085,27,47.25,58.66,57.65,0,1,0,0,0
39.27,177.66,8.32,307,5.5,1.48,0.054,489,86.55,75.82,81.23,0,1,0,1,0
22.66,263.61,5.99,228,6.83,26.53,0.052,964,62.68,83.09,14.0,1,0,1,0,1
21.88,107.07,8.19,298,10.28,5.68,0.1,343,68.59,24.39,46.3,1,0,0,0,2
38.2,89.97,8.7,86,13.27,7.8,0.186,690,36.33,19.72,53.37,1,0,0,0,1
32.39,64.15,5.77,273,11.71,10.77,0.148,721,40.14,37.11,99.96,1,1,0,1,1
37.21,11.33,8.39,227,5.2,30.66,0.132,505,47.18,84.48,29.68,0,1,0,1,0
30.87,12.9,7.42,339,11.84,19.5,0.175,195,57.23,58.76,83.72,0,0,1,1,0
26.16,261.02,7.84,309,6.94,4.27,0.114,254,23.51,22.85,23.13,0,0,0,1,2
40.48,203.52,7.22,315,4.11,14.45,0.038,214,91.07,24.74,96.76,1,0,1,1,2
39.99,198.16,7.94,378,7.54,3.83,0.195,712,92.3,90.84,37.6,1,1,0,0,0
37.37,184.39,5.62,70,8.76,33.21,0.107,114,72.93,43.03,23.1,0,1,0,1,1
26.8,254.77,8.17,227,11.16,27.87,0.063,650,45.28,32.98,44.36,0,0,1,0,0
34.76,144.08,5.62,489,6.2,20.38,0.156,802,50.83,72.44,11.37,1,1,1,0,0
29.02,261.12,7.09,384,3.76,46.38,0.093,138,78.72,87.47,19.8,0,0,0,1,2
22.29,107.83,6.03,112,3.13,25.94,0.002,710,42.9,49.82,54.65,1,1,0,0,2
42.93,278.01,8.38,292,3.35,44.38,0.064,528,68.71,81.2,94.66,1,0,0,1,2
23.42,209.6,6.6,304,13.4,28.95,0.091,54,92.5,48.7,50.04,0,0,1,1,2
43.76,77.15,7.09,290,13.42,18.84,0.075,593,52.84,72.23,69.42,0,0,0,0,0
31.15,169.23,7.0,104,13.63,26.95,0.11,537,66.96,61.73,73.64,0,0,0,1,0
24.63,159.91,8.2,450,5.63,7.59,0.037,558,94.29,90.5,13.29,0,1,1,1,0
33.55,41.37,7.18,290,4.3,33.74,0.114,509,47.25,39.25,38.99,0,0,0,0,2
41.82,177.37,8.26,476,13.77,49.11,0.197,496,80.77,79.34,99.73,1,1,0,1,0
38.31,94.44,5.76,8,13.86,12.37,0.151,537,80.41,71.55,10.63,1,0,0,1,0
40.16,15.7,6.17,164,2.94,16.16,0.137,312,94.28,85.49,52.32,0,0,0,1,0
36.47,284.6,7.43,59,11.03,20.3,0.04,208,88.69,64.68,85.37,1,0,0,1,1
37.31,192.45,8.81,311,5.46,24.17,0.116,119,79.91,51.41,35.96,0,0,0,1,1
41.23,263.08,5.76,105,12.91,35.96,0.164,457,70.92,14.45,99.7,1,1,1,0,2
26.24,202.82,5.65,110,3.07,6.83,0.048,221,39.3,85.57,53.75,1,1,0,0,1
32.24,107.1,6.05,88,12.66,15.12,0.017,590,73.65,91.89,92.26,0,1,0,0,2
25.53,153.81,7.74,267,2.03,26.93,0.132,502,42.12,50.47,57.55,0,0,0,1,0
44.69,202.72,6.9,229,8.26,29.48,0.135,943,55.2,30.0,45.79,1,0,0,0,0
43.6,288.08,8.39,326,6.03,26.83,0.161,793,76.78,68.24,73.91,1,1,1,0,0
20.99,76.1,5.75,70,7.13,21.77,0.126,40,73.99,20.95,96.24,1,0,1,0,0
37.64,262.49,6.19,118,7.21,35.57,0.17,667,52.1,13.68,43.85,1,0,1,1,1
43.13,277.22,6.55,387,9.84,10.22,0.053,402,34.61,36.11,87.84,1,1,1,0,0
24.51,201.12,7.69,444,2.28,14.14,0.007,0,58.73,71.19,69.36,0,0,1,0,0
34.2,279.38,7.9,428,10.3,22.22,0.147,767,41.6,83.28,44.07,0,1,0,1,2
42.89,119.36,5.93,494,2.27,34.78,0.077,33,40.43,24.12,14.99,0,0,1,0,1
20.85,285.9,8.8,350,4.22,4.12,0.042,869,46.14,95.15,38.03,1,1,1,0,2
37.44,210.83,6.69,433,9.28,5.78,0.01,343,76.5,59.69,84.82,0,1,1,0,0
27.43,12.6,8.0,305,3.04,39.12,0.151,424,59.78,93.27,18.56,1,0,0,0,0
43.11,272.06,7.33,102,13.89,13.05,0.165,855,49.85,23.48,61.5,0,0,1,1,1
44.28,145.34,6.28,201,11.41,48.17,0.078,977,92.05,51.22,56.07,1,0,0,0,1
43.61,138.1,8.46,431,10.47,48.07,0.177,64,76.54,48.77,69.55,0,0,0,1,0
31.86,169.94,8.36,22,5.21,34.3,0.083,766,59.57,47.05,94.51,0,0,0,1,1
41.55,44.82,6.89,89,2.58,35.84,0.19,585,53.7,93.77,77.66,1,0,0,0,0
41.11,140.75,7.56,470,13.75,32.55,0.197,515,85.51,86.45,55.96,1,0,1,1,0
27.98,249.34,6.4,92,3.77,8.87,0.164,397,33.83,81.48,84.73,0,0,0,0,1
40.72,4.64,7.91,263,11.97,25.02,0.051,958,73.13,35.75,73.15,0,0,0,0,0
20.93,81.88,6.58,466,4.37,39.65,0.073,20,21.68,40.51,90.6,1,0,1,1,1
34.91,0.74,8.45,284,6.49,38.73,0.107,831,20.56,33.34,75.19,1,1,0,0,2
25.75,124.71,6.26,170,10.32,44.94,0.066,153,94.54,81.41,77.77,0,1,0,0,0
23.01,218.49,5.55,308,13.34,45.04,0.164,869,61.12,45.35,17.56,0,1,0,1,2
21.92,239.63,6.44,389,2.24,13.07,0.186,243,45.21,98.08,10.34,0,1,1,1,2
37.41,283.56,6.17,220,5.13,36.09,0.197,68,83.58,42.79,96.01,0,1,1,0,1
28.5,182.55,7.28,23,11.18,32.57,0.067,974,98.79,25.28,32.68,0,1,0,1,0
38.12,76.39,6.21,375,4.08,44.29,0.054,919,22.75,93.69,24.86,0,0,0,0,0
21.63,277.24,8.17,201,3.34,9.17,0.032,521,23.04,80.44,24.28,1,0,0,0,1
27.88,232.59,6.34,498,2.55,36.99,0.009,610,88.38,62.49,76.41,0,0,1,0,2
33.49,172.33,7.97,123,8.03,21.17,0.035,464,64.54,87.26,14.18,0,1,0,0,0
39.77,208.69,7.52,141,11.21,19.72,0.057,31,90.62,95.45,69.49,1,1,0,0,0
27.97,277.29,8.95,51,13.54,1.79,0.078,584,75.57,87.52,61.43,1,1,1,1,0
35.65,213.72,9.0,69,5.21,48.07,0.022,414,57.65,91.41,23.26,1,1,1,0,0
42.15,110.51,8.54,259,3.46,33.79,0.164,232,32.91,34.41,22.19,1,0,1,1,1
35.4,213.91,8.16,185,6.83,29.54,0.124,398,51.19,55.98,21.94,0,1,1,1,1
25.82,12.08,6.85,371,2.67,12.56,0.113,177,82.97,81.58,33.36,1,0,0,0,1
20.61,115.92,8.14,206,5.98,32.92,0.109,514,38.71,57.34,67.76,1,0,0,1,2
41.75,121.9,8.85,292,9.72,47.28,0.058,103,76.99,67.77,28.62,1,1,0,1,1
20.53,50.05,5.58,303,4.02,8.16,0.188,34,39.79,93.06,69.41,1,0,0,0,2
41.87,6.93,7.38,377,9.58,49.19,0.046,626,57.08,36.58,97.45,0,1,1,0,0
33.22,40.01,6.26,38,13.66,21.37,0.134,309,26.83,58.55,87.59,0,0,1,0,1
43.48,196.39,7.45,347,12.37,48.91,0.051,716,56.4,60.72,81.83,1,0,1,1,1
39.97,240.69,7.13,65,6.28,31.69,0.198,853,69.02,42.36,95.42,0,0,0,1,2
44.95,296.46,7.52,12,7.06,16.21,0.182,111,65.07,43.14,65.12,1,0,0,1,0
28.77,103.91,7.43,193,7.03,18.72,0.053,710,52.52,79.21,79.2,1,0,1,0,0
39.18,179.81,8.86,315,12.32,14.53,0.197,761,49.58,93.66,79.65,0,0,1,1,1
30.05,281.14,7.43,381,13.93,16.74,0.125,851,42.03,67.04,97.71,1,1,1,0,1
32.0,50.11,8.46,424,11.91,32.33,0.146,100,81.37,53.91,68.25,0,1,1,0,2
35.69,215.29,6.62,287,8.7,0.83,0.057,409,82.61,77.53,34.58,0,1,1,1,0
41.84,226.49,7.03,435,3.17,48.38,0.043,594,58.64,99.8,27.61,1,1,1,0,0
44.6,26.69,7.15,132,13.45,38.43,0.172,221,50.6,17.42,37.6,1,0,0,1,0
39.21,258.37,6.48,194,12.32,47.05,0.055,353,70.99,68.64,78.56,0,0,0,0,0
30.44,243.93,6.83,321,12.1,35.88,0.184,802,64.62,60.05,69.09,0,0,0,0,2
30.53,10.02,7.59,77,6.7,24.05,0.073,667,73.38,64.92,29.73,1,1,0,1,1
38.44,27.33,7.53,249,7.37,9.49,0.002,610,44.48,12.05,87.38,1,0,1,0,1
25.97,14.74,7.73,231,3.44,25.82,0.118,764,83.07,96.01,98.32,1,1,0,0,2
22.76,100.42,6.73,179,13.25,35.58,0.071,737,45.34,17.69,78.15,0,1,0,1,1
28.87,152.79,6.61,381,13.32,42.71,0.195,239,53.5,37.67,15.59,1,0,0,1,0
27.18,159.7,7.64,491,5.05,16.21,0.077,624,30.59,36.85,66.48,0,1,1,1,2
27.41,80.3,5.97,176,10.35,25.52,0.063,378,88.43,75.98,94.39,0,0,1,1,2
25.84,273.48,6.39,28,4.44,31.0,0.113,143,71.54,70.38,38.17,1,1,1,1,1
21.05,110.48,5.65,495,6.72,29.43,0.146,943,38.82,15.56,62.69,1,1,1,1,0
20.45,13.67,5.75,165,5.63,2.62,0.193,242,88.14,23.47,30.43,1,1,1,1,0
44.69,90.07,6.35,325,6.68,24.17,0.014,479,76.38,38.69,89.26,0,1,0,0,1
30.69,159.33,5.57,497,5.71,40.45,0.084,848,55.37,73.37,88.3,1,0,0,1,2
29.61,122.47,6.36,225,6.14,40.12,0.133,343,99.19,93.63,42.8,1,1,0,0,0
36.99,82.15,7.79,135,11.49,25.36,0.001,68,46.98,38.39,41.47,1,1,0,1,0
25.46,39.4,5.71,186,5.6,47.62,0.098,715,27.96,57.3,10.01,0,1,1,1,1
43.75,245.75,7.03,54,11.78,41.31,0.161,917,78.68,43.53,38.57,0,1,0,0,0
39.66,298.84,8.7,365,8.82,36.87,0.01,11,80.56,61.96,80.33,0,1,1,0,1
22.24,98.86,8.27,1,11.37,25.78,0.068,92,24.72,66.52,12.58,0,1,1,0,0
30.44,114.49,6.57,409,13.03,29.53,0.08,569,85.55,56.65,28.25,1,0,0,1,2
41.98,185.41,8.74,318,3.66,11.16,0.143,486,82.08,45.01,75.72,0,0,1,1,2
43.62,215.53,6.65,16,6.13,26.62,0.059,806,94.37,89.18,68.32,1,0,0,0,2
31.69,117.61,5.75,58,2.67,26.3,0.049,419,29.48,82.17,98.8,1,0,0,1,2
35.34,271.48,8.98,87,6.88,10.14,0.023,773,68.06,99.86,45.16,1,0,1,1,0
24.18,168.0,8.55,222,4.85,47.56,0.199,687,37.55,47.14,22.0,1,0,1,1,1
44.78,135.12,7.13,271,8.86,12.24,0.094,7,51.96,13.49,69.82,0,0,0,1,0
25.79,194.0,7.83,57,11.4,5.21,0.01,69,41.21,68.62,17.11,1,0,0,0,2
43.57,285.84,7.85,191,7.84,23.35,0.015,566,55.94,80.51,20.51,1,0,0,1,1
36.24,238.37,6.18,49,6.0,34.3,0.026,349,29.03,94.31,61.11,1,0,1,0,1
35.19,12.0,6.2,212,3.83,9.76,0.042,60,44.28,10.93,52.48,1,0,0,0,1
32.82,99.69,7.14,229,2.32,9.14,0.148,253,25.67,89.16,33.72,0,1,1,1,0
25.77,141.16,8.69,153,10.13,13.07,0.112,338,59.35,56.51,53.02,1,0,1,0,2
24.41,94.36,5.53,272,2.37,15.14,0.155,861,43.73,43.73,88.15,1,1,1,1,0
25.51,210.06,8.24,369,13.05,12.31,0.004,984,67.22,29.97,75.25,1,0,1,1,2
24.66,247.88,5.7,45,9.13,23.53,0.053,905,56.52,83.27,50.93,1,1,1,1,1
39.49,219.4,7.17,361,6.24,0.91,0.081,303,39.51,42.74,38.02,0,1,0,0,0
28.75,296.8,7.73,382,2.5,4.38,0.086,321,28.24,64.41,62.4,1,0,1,0,1
21.45,81.76,7.9,451,6.96,36.47,0.011,877,80.27,56.05,10.26,0,1,0,1,2
44.23,262.5,5.7,305,12.41,20.62,0.102,618,70.65,33.68,75.98,1,1,1,0,0
42.09,229.99,6.97,426,13.64,18.02,0.057,151,22.63,80.9,82.22,0,1,1,1,0
43.19,108.65,7.54,117,3.02,0.52,0.038,375,99.15,36.84,20.96,1,1,1,1,2
44.87,220.24,5.73,175,11.33,14.91,0.134,283,71.4,80.86,46.24,1,0,0,1,2
24.35,31.22,5.97,67,5.1,41.06,0.017,33,36.57,46.86,23.06,0,0,0,1,2
29.91,236.8,7.82,250,6.55,17.02,0.173,312,87.24,12.71,95.39,0,0,1,1,2
38.96,159.7,7.33,402,8.57,48.18,0.18,578,90.57,79.07,84.34,1,1,1,0,2
37.4,87.69,6.07,229,13.94,19.5,0.065,281,65.89,90.93,11.81,1,0,0,1,0
23.85,196.73,7.37,408,4.51,23.21,0.197,702,90.85,20.78,97.33,1,0,0,1,1
40.4,192.49,8.69,199,3.57,40.1,0.08,661,22.33,62.67,22.76,1,0,1,1,1
25.61,62.85,5.55,145,9.14,49.15,0.192,479,95.61,16.46,17.56,1,1,0,1,0
25.6,9.12,7.75,50,12.24,18.58,0.197,618,24.58,84.69,12.93,0,0,0,0,0
33.42,130.09,5.76,401,9.78,6.0,0.165,931,71.39,98.92,81.16,0,1,0,0,1
34.82,170.85,5.52,367,6.17,26.15,0.025,205,47.67,54.55,93.27,1,1,1,1,0
34.5,262.98,6.03,185,13.72,29.59,0.117,548,23.14,38.21,18.61,0,0,0,1,0
22.29,278.47,6.98,319,13.94,47.97,0.146,642,94.34,86.12,98.5,1,0,0,0,0
41.94,158.64,8.31,198,11.25,20.7,0.015,987,30.83,56.87,38.43,0,1,1,1,2
26.64,226.14,6.49,440,11.63,4.54,0.179,857,88.3,50.41,71.1,0,1,0,0,2
23.24,131.79,7.69,144,11.13,32.55,0.17,743,46.43,30.5,98.76,0,0,0,1,0
42.22,223.82,6.94,58,5.09,1.06,0.187,969,79.29,65.44,10.76,0,1,0,1,0
43.89,61.44,6.32,194,3.8,21.27,0.103,63,40.34,64.57,59.21,0,1,0,0,2
41.55,111.32,7.3,469,8.65,20.48,0.065,363,66.67,33.66,69.04,1,1,1,1,0
40.24,190.27,8.29,142,13.45,12.74,0.101,217,83.96,29.03,43.42,1,0,0,1,1
36.38,5.45,8.41,222,12.54,48.22,0.146,615,65.29,49.47,19.9,1,0,0,0,2
33.77,216.74,8.46,99,3.28,20.17,0.083,406,44.52,50.57,65.9,1,1,1,1,0
22.17,250.66,6.68,25,2.68,44.74,0.07,966,38.67,21.56,14.23,1,0,0,0,1
30.21,119.74,8.28,431,12.49,25.76,0.015,993,33.98,34.85,93.11,0,0,1,0,0
29.32,134.38,6.24,13,9.36,41.03,0.089,57,87.11,24.43,51.59,0,1,1,1,0
26.49,255.38,8.08,121,5.65,22.57,0.079,907,68.88,91.13,91.92,1,0,0,0,1
38.09,232.7,8.82,464,8.74,49.58,0.133,853,60.69,16.69,85.29,0,1,1,0,0
32.4,86.44,5.55,264,4.66,32.0,0.088,563,39.97,89.09,10.33,1,0,1,0,2
22.03,97.19,7.04,6,13.36,7.8,0.001,266,54.7,57.51,51.33,0,1,1,1,0
25.5,203.66,7.77,493,11.93,0.32,0.097,264,69.61,69.88,89.9,1,1,0,0,2
37.08,168.96,7.96,218,13.55,46.45,0.155,900,25.75,93.09,43.5,0,0,1,0,2
21.9,48.67,6.12,219,4.24,34.34,0.189,325,48.86,42.88,39.09,1,1,0,1,0
41.28,92.98,8.9,182,12.12,5.31,0.039,582,39.16,73.24,71.7,0,0,0,0,1
32.38,269.99,7.65,395,8.72,37.17,0.085,621,71.72,70.45,73.45,1,1,1,0,1
32.01,206.45,6.08,400,5.9,11.36,0.169,145,68.5,98.95,67.88,1,1,0,0,2
34.81,295.79,5.57,456,7.76,40.46,0.009,974,43.95,14.14,42.7,0,0,0,1,1
40.62,230.1,8.24,107,13.33,30.5,0.07,64,23.33,50.99,15.73,1,1,1,1,1
28.7,282.59,5.78,491,10.3,6.18,0.118,367,34.63,99.06,93.07,0,0,1,0,1
36.95,64.86,5.99,391,6.32,3.55,0.069,590,32.8,39.51,38.55,1,0,0,1,2
34.14,231.45,7.51,346,14.0,23.31,0.098,821,65.47,96.91,81.61,0,0,1,1,0
26.68,6.07,7.61,123,6.15,46.84,0.188,392,33.54,83.5,41.65,1,0,0,1,2
41.97,201.23,7.9,169,11.76,28.23,0.005,838,58.59,40.54,54.53,1,0,1,0,0
39.94,140.78,6.88,459,11.41,37.96,0.016,443,69.16,12.62,43.63,0,1,0,1,0
36.46,104.03,8.21,420,10.68,23.47,0.039,136,90.37,35.23,17.32,1,0,1,1,2
41.26,258.72,8.91,403,10.03,19.2,0.077,683,39.6,21.13,39.65,1,0,0,0,0
41.68,256.28,6.45,256,3.3,41.11,0.094,138,34.87,48.56,96.01,0,0,1,0,2
37.71,6.69,7.96,8,13.94,23.17,0.007,130,33.86,94.56,19.93,1,0,0,0,1
40.93,182.85,8.75,366,3.93,7.08,0.177,716,48.83,56.14,60.03,1,1,1,0,1
37.44,110.35,7.9,279,9.15,13.73,0.152,772,71.93,50.28,97.16,0,0,1,1,1
37.0,124.7,7.88,124,4.99,28.07,0.054,671,73.75,29.42,11.85,0,0,1,0,0
35.47,249.61,6.28,161,4.03,20.13,0.051,661,36.88,65.93,16.23,0,0,0,0,1
38.82,92.95,7.37,35,8.71,18.32,0.005,821,30.5,50.98,91.82,0,0,0,0,1
23.97,282.91,7.47,3,12.04,33.44,0.08,948,55.89,79.54,76.2,1,0,0,1,0
42.02,53.89,7.95,412,6.52,31.82,0.051,957,31.3,56.45,59.08,1,1,0,0,0
41.8,198.82,8.99,86,2.93,15.7,0.124,433,85.03,89.79,58.3,1,1,1,1,2
20.73,201.63,5.62,482,9.49,17.97,0.11,106,26.71,80.47,97.74,0,0,0,1,0
40.65,75.66,5.73,399,11.2,37.6,0.191,25,80.17,23.06,11.89,1,1,1,0,1
23.22,97.43,5.77,263,5.55,46.06,0.159,578,23.41,22.24,34.34,0,0,0,0,0
28.38,250.44,8.1,90,10.29,16.21,0.016,181,84.56,12.19,38.51,0,0,1,1,2
38.59,228.54,5.98,294,2.91,14.59,0.141,936,70.17,43.21,20.75,0,1,0,0,0
24.02,98.73,7.68,57,6.34,13.26,0.021,638,45.79,14.92,42.15,0,1,1,1,1
40.45,160.19,6.64,139,7.69,7.08,0.065,377,52.44,50.5,43.34,0,0,1,1,2
40.8,18.5,7.1,171,11.38,18.86,0.111,647,73.89,31.72,96.29,0,0,1,0,2
32.69,62.62,6.25,259,6.06,25.8,0.099,23,34.85,54.84,49.78,0,0,0,0,0
20.16,145.75,8.53,494,7.44,26.87,0.139,999,91.23,24.25,94.13,0,0,1,1,0
27.18,25.79,7.55,24,9.54,34.55,0.162,268,58.63,59.43,82.9,1,1,0,0,0
35.42,253.0,8.81,197,9.49,2.63,0.166,330,80.81,96.98,76.32,1,1,0,0,0
44.53,215.4,7.51,66,8.21,28.07,0.012,229,60.54,67.35,39.75,0,0,0,0,1
35.8,283.09,5.93,422,5.94,12.75,0.128,108,56.18,60.8,48.43,1,1,1,1,0
26.5,208.04,6.1,117,10.04,11.96,0.192,187,57.57,80.92,14.01,1,1,1,0,2
35.85,282.12,8.96,279,12.05,39.49,0.151,746,49.05,10.5,43.96,0,0,1,1,2
33.5,166.35,8.04,468,3.85,7.67,0.104,141,78.62,35.42,88.34,0,0,0,1,1
39.5,180.07,5.67,5,6.09,16.46,0.2,45,87.69,98.83,80.32,0,0,1,0,2
22.67,293.09,7.96,96,10.02,31.88,0.009,242,88.35,80.44,82.75,0,1,1,0,2
39.03,192.64,6.94,71,11.07,32.14,0.018,772,29.69,18.12,29.94,0,0,0,0,1
33.53,9.24,6.58,416,11.38,2.4,0.154,750,80.91,39.38,28.9,0,1,0,1,0
44.07,217.14,6.04,431,9.84,3.63,0.11,140,36.0,49.59,69.7,1,0,0,1,2
28.55,271.64,8.44,450,7.74,32.77,0.025,151,20.97,94.11,68.61,0,1,0,1,1
35.82,238.67,5.72,379,9.75,47.66,0.075,399,42.04,62.76,27.58,1,0,1,1,0
43.3,175.15,6.51,257,3.62,49.93,0.013,540,43.43,16.95,74.77,0,0,1,0,1
22.56,201.39,6.57,37,4.49,49.36,0.105,18,84.78,55.82,43.85,1,0,1,1,1
43.43,297.06,6.06,295,13.13,17.58,0.021,592,79.39,36.04,89.81,1,0,0,1,1
37.2,27.2,7.28,55,13.07,12.09,0.001,955,26.77,40.48,42.8,0,1,1,0,0
21.7,200.17,5.54,102,10.69,4.93,0.064,957,46.08,20.28,30.7,0,1,1,1,2
27.52,85.02,6.55,102,5.92,16.29,0.047,478,40.1,51.29,27.63,1,1,1,0,0
37.7,192.03,8.77,215,9.79,13.84,0.072,175,67.64,70.25,90.84,0,1,1,1,2
21.68,182.29,6.59,20,10.25,28.84,0.07,220,63.32,78.36,87.4,0,0,1,1,0
34.55,46.04,6.76,114,8.18,18.44,0.126,287,74.31,72.58,48.33,0,0,1,0,1
28.65,62.02,7.16,209,10.98,11.58,0.136,557,92.86,69.45,31.66,1,1,0,0,0
35.52,186.49,7.47,290,2.36,30.63,0.025,592,53.69,88.23,35.61,0,1,1,1,1
21.14,38.47,8.33,202,5.07,16.15,0.098,582,72.47,39.91,44.65,1,0,1,1,1
41.79,79.55,6.17,458,11.53,17.68,0.178,741,93.47,29.31,13.99,1,0,0,0,2
44.34,250.57,8.55,322,13.26,29.92,0.03,324,63.33,18.05,16.06,1,0,1,0,0
44.22,98.13,8.15,187,12.51,5.91,0.193,983,44.66,24.91,93.47,1,0,0,0,2
38.74,146.42,8.03,150,10.6,38.71,0.004,951,52.23,23.45,78.95,1,0,1,0,1
23.25,282.34,5.8,448,3.99,48.27,0.02,634,80.37,92.12,83.26,1,0,1,1,1
38.96,68.14,5.58,190,6.42,24.54,0.036,416,77.6,26.25,53.08,1,1,1,0,1
20.61,116.89,7.58,406,2.6,27.99,0.094,495,79.87,18.45,42.85,1,0,1,1,2
20.55,181.94,8.52,213,9.68,19.23,0.06,22,79.46,46.02,18.28,0,0,0,0,1
28.09,226.6,7.55,378,7.4,47.84,0.084,461,93.64,25.26,60.23,1,1,1,0,2
32.22,270.5,6.25,41,8.88,6.65,0.188,378,81.12,21.75,76.9,1,0,1,1,1
39.26,274.64,5.82,477,13.75,40.68,0.068,609,88.43,42.62,27.63,1,1,1,1,2
37.08,232.99,7.95,447,6.83,32.52,0.17,188,65.9,92.74,45.02,0,0,1,1,1
31.15,68.5,8.03,193,5.68,39.57,0.015,643,71.53,12.74,93.46,0,0,1,1,1
26.84,7.44,6.1,249,3.81,47.52,0.162,448,97.42,28.69,85.94,0,1,1,0,1
44.93,115.13,5.6,80,3.72,24.81,0.18,641,89.62,84.18,81.85,1,1,1,0,1
30.65,42.46,6.93,40,8.22,14.42,0.057,348,82.19,32.07,13.55,0,0,0,1,1
31.28,213.12,7.54,369,10.99,38.98,0.109,697,74.84,49.7,24.9,0,0,0,1,0
24.09,198.34,7.97,19,8.77,42.23,0.037,840,48.68,18.87,37.54,1,1,0,0,0
39.87,13.19,8.33,8,12.48,34.31,0.018,27,63.85,81.57,37.33,1,1,0,0,2
37.34,250.98,7.64,312,5.79,42.45,0.154,672,24.41,76.28,21.61,1,0,0,1,2
25.52,74.62,5.89,123,9.14,36.52,0.126,278,53.29,21.53,36.05,0,1,1,0,2
22.06,129.67,7.89,202,9.93,47.87,0.15,595,28.95,95.32,48.53,0,0,1,1,0
37.01,200.38,8.94,400,5.37,28.53,0.088,886,78.29,63.16,14.44,1,1,1,0,2
36.36,128.83,8.67,77,6.76,19.02,0.05,798,91.39,81.83,46.29,1,1,0,0,0
26.83,132.39,8.55,209,9.09,34.03,0.085,47,33.93,78.74,54.69,1,0,1,1,2
43.77,19.69,6.56,17,2.25,3.46,0.013,557,39.65,56.72,13.68,0,1,0,1,0
23.78,120.43,8.13,235,12.64,24.92,0.057,382,88.56,77.27,70.68,0,1,1,0,0
30.81,229.45,8.48,497,3.33,38.67,0.06,556,66.87,31.4,17.18,1,0,0,1,1
43.59,274.55,7.87,318,2.57,8.45,0.143,217,67.06,11.91,68.31,1,1,0,1,0
30.49,124.05,6.38,199,4.58,20.02,0.011,606,65.03,40.79,99.47,0,1,0,0,1
35.96,127.08,8.84,348,8.03,17.51,0.049,927,37.46,23.73,15.46,0,0,0,1,2
29.94,210.79,7.08,455,5.94,16.75,0.055,306,39.46,98.3,34.5,1,0,1,1,1
26.86,282.83,5.95,281,7.28,32.53,0.11,814,95.97,93.13,21.64,1,0,0,0,2
44.6,80.12,5.88,475,3.01,24.87,0.049,828,77.88,22.97,43.23,0,1,0,1,1
30.23,132.04,7.77,455,4.8,39.87,0.026,177,27.23,40.96,85.17,0,1,0,0,0
42.35,238.79,7.03,251,3.17,2.89,0.052,546,37.84,55.84,93.65,1,1,1,0,1
25.75,182.91,5.83,339,4.76,22.7,0.084,910,70.17,45.89,85.57,1,0,0,1,2
25.33,33.18,8.09,238,10.44,0.7,0.105,974,42.68,73.0,72.2,1,1,0,0,1
20.78,188.32,8.3,455,8.9,11.04,0.007,420,40.14,55.32,74.55,0,1,0,0,1
36.29,56.02,8.04,461,6.01,38.77,0.062,55,36.19,60.87,20.84,0,1,0,1,0
29.21,153.06,6.21,268,5.13,5.3,0.153,570,34.86,70.99,32.38,0,1,0,0,2
41.61,158.73,7.91,118,13.97,5.28,0.12,920,69.07,12.13,42.75,0,0,0,1,0
31.83,262.86,5.54,487,11.21,20.07,0.091,531,92.47,11.12,14.51,0,1,1,1,0
44.2,138.75,6.57,400,11.86,38.85,0.091,687,48.89,26.03,83.95,0,1,0,0,1
24.64,83.83,6.9,370,2.32,31.9,0.074,85,29.72,74.65,33.01,1,1,0,0,0
41.72,69.29,8.42,281,2.72,39.09,0.068,659,29.94,31.64,14.71,1,1,0,0,2
39.41,262.28,6.87,389,10.55,2.48,0.08,910,94.7,92.82,16.58,1,1,0,0,1
39.27,51.3,5.54,336,4.3,28.19,0.174,573,62.3,17.06,97.25,1,0,1,1,2
41.12,127.76,6.73,387,7.11,22.66,0.094,605,57.3,62.19,92.08,1,0,0,0,1
39.03,56.15,7.25,344,4.21,44.8,0.134,13,91.26,12.3,96.29,1,1,0,1,2
35.66,231.99,8.82,6,4.12,36.87,0.162,104,60.57,97.49,96.1,1,0,1,1,1
23.28,142.31,8.79,272,3.31,21.22,0.086,916,58.45,29.23,81.95,1,1,1,0,1
20.81,105.34,6.13,252,9.13,27.69,0.168,177,94.13,62.89,34.84,1,0,0,0,2
43.02,108.33,6.15,341,10.87,21.24,0.199,208,57.96,95.77,39.23,0,1,1,0,1
35.42,255.66,6.07,127,2.68,22.06,0.101,68,51.28,12.73,46.18,1,1,0,0,1
39.91,166.13,8.26,373,5.31,31.7,0.081,910,66.53,56.15,80.65,1,0,1,1,2
32.04,215.36,5.52,91,9.9,10.83,0.161,62,98.18,57.4,93.41,0,0,1,0,0
22.93,269.11,5.95,305,6.71,16.66,0.13,170,97.11,41.63,49.63,0,0,0,1,2
23.13,270.52,7.38,383,10.46,13.96,0.123,794,82.05,68.91,37.13,1,1,1,0,2
37.14,98.55,6.37,5,11.11,40.04,0.177,381,59.94,58.83,31.86,0,0,1,1,1
30.76,285.74,5.82,413,2.39,47.1,0.13,828,90.52,32.42,33.08,0,0,1,0,2
25.01,7.46,6.76,73,6.57,20.72,0.128,309,53.55,73.48,10.62,0,0,0,0,1
32.29,113.05,6.46,497,10.75,3.86,0.041,698,71.21,51.96,31.07,1,1,1,0,2
21.61,268.74,7.29,55,6.54,4.68,0.138,747,34.35,52.33,36.54,0,1,0,1,1
34.55,82.39,8.93,294,2.07,19.98,0.183,166,72.9,95.67,79.8,0,1,0,1,1
26.72,81.92,5.94,397,6.04,19.75,0.115,723,42.09,58.15,59.37,1,0,1,0,2
39.94,90.79,6.8,309,12.47,7.31,0.181,628,81.74,80.62,39.8,1,1,0,0,1
27.76,183.69,8.76,237,13.42,40.36,0.068,232,53.12,88.06,63.74,1,1,1,1,0
31.38,131.5,8.57,489,8.73,25.01,0.009,162,51.87,62.27,80.95,1,0,1,0,0
20.29,218.02,6.88,21,5.68,5.45,0.089,592,79.73,80.77,64.9,1,0,1,1,0
21.81,268.47,7.95,440,7.59,4.94,0.001,503,54.03,37.86,16.32,0,0,0,1,0
29.81,202.26,5.81,40,4.83,22.3,0.031,264,77.12,26.37,31.69,1,1,0,0,0
32.0,61.34,7.99,345,4.02,5.84,0.038,874,88.41,72.6,35.73,0,1,1,1,2
35.0,279.8,8.91,265,7.92,28.06,0.107,877,30.95,93.36,42.66,0,1,0,1,1
27.29,79.35,7.38,257,10.84,19.25,0.19,505,58.32,13.82,12.22,0,0,1,0,0
37.37,44.97,7.24,450,4.67,45.98,0.004,634,95.59,78.68,76.99,1,0,0,0,2
41.5,26.99,6.16,47,12.91,20.95,0.047,59,84.97,12.56,52.33,0,0,1,1,0
39.5,169.02,7.72,297,4.02,30.72,0.194,61,97.89,51.27,90.69,1,1,0,1,0
20.99,34.13,7.57,138,8.7,40.57,0.176,766,88.82,70.95,56.59,0,0,0,0,0
32.01,41.63,7.78,201,11.32,15.14,0.167,105,44.82,46.48,98.93,0,1,1,0,1
22.62,90.01,5.59,139,4.56,25.59,0.018,835,34.33,37.09,73.06,1,1,0,1,2
26.05,84.5,7.42,141,5.56,6.05,0.129,143,36.84,26.82,89.82,1,1,0,1,1
44.67,181.27,7.58,285,2.62,21.64,0.041,399,37.35,98.01,97.6,1,0,1,1,0
23.56,245.02,6.23,232,13.33,18.79,0.13,988,26.06,61.33,52.46,0,0,0,0,2
32.47,228.4,6.23,315,7.84,21.41,0.086,747,92.54,21.51,66.98,0,0,1,0,1
35.45,78.75,6.47,460,2.77,5.37,0.127,863,60.2,14.33,92.26,0,1,1,0,0
37.56,73.59,7.99,157,11.96,19.92,0.086,543,28.1,31.91,61.78,0,0,0,0,1
33.99,289.74,7.62,37,8.83,43.51,0.182,357,81.01,58.48,14.75,1,1,1,1,2
20.24,2.47,8.46,74,2.66,46.85,0.005,486,46.05,77.68,72.73,0,0,0,0,0
28.16,263.92,6.53,320,7.41,12.09,0.038,246,25.68,98.29,94.22,0,0,0,0,1
32.94,59.92,8.69,474,7.21,15.03,0.167,231,35.18,85.06,80.31,0,0,1,0,2
22.2,284.19,8.1,174,3.75,0.48,0.147,37,72.6,65.08,81.21,0,0,1,1,2
28.77,102.69,6.88,38,7.04,5.78,0.037,678,83.52,69.98,17.13,0,1,0,1,1
20.83,132.11,5.83,490,5.39,17.26,0.024,445,40.29,56.99,76.36,0,1,0,1,1
21.96,212.14,6.4,432,10.4,34.26,0.062,446,66.16,49.11,12.9,0,1,1,1,0
29.92,176.3,8.85,484,2.07,14.61,0.096,616,20.07,80.63,93.76,1,1,0,0,1
23.32,95.38,6.59,72,3.28,3.77,0.009,15,42.27,25.96,92.29,1,1,0,1,0
34.19,166.15,6.65,57,13.02,36.54,0.169,53,34.53,40.05,98.23,1,1,1,1,0
37.24,219.21,6.16,495,7.2,23.34,0.104,765,26.12,98.08,37.29,1,1,1,0,2
40.01,12.7,8.32,362,4.11,25.96,0.184,748,58.71,61.46,58.62,1,1,0,1,0
25.0,3.36,6.46,473,11.52,16.3,0.065,910,70.48,54.87,62.09,0,1,1,0,1
24.19,137.42,6.66,88,12.22,30.65,0.01,17,23.71,86.57,60.11,0,0,0,1,0
22.61,39.55,6.95,272,4.53,44.54,0.174,771,31.03,78.58,47.1,1,0,1,1,2
35.91,199.3,7.02,133,10.56,27.69,0.03,548,94.58,39.34,98.82,0,0,0,1,1
37.66,64.22,6.94,142,9.38,29.38,0.067,295,37.85,66.34,89.8,1,1,1,1,2
20.79,129.86,7.26,450,10.94,18.68,0.093,574,80.8,26.69,64.93,0,1,1,1,0
43.41,59.3,8.35,94,11.45,4.13,0.098,67,79.82,14.77,68.3,1,0,0,0,1
21.3,164.55,8.37,155,9.93,21.43,0.005,400,45.73,99.09,74.28,0,1,0,1,2
33.53,34.82,8.29,200,13.47,46.23,0.105,976,36.33,76.35,64.33,1,1,1,0,1
37.73,6.93,5.85,427,12.37,34.01,0.015,481,39.52,93.77,73.68,0,0,1,0,0
41.77,15.34,8.3,498,4.75,24.51,0.065,887,65.27,84.87,83.48,0,0,1,0,0
37.85,286.28,5.92,401,12.96,31.04,0.195,687,50.49,48.53,98.01,1,1,0,1,1
40.04,42.69,5.94,495,6.32,27.93,0.056,18,59.65,87.53,86.42,0,1,1,0,2
28.49,212.54,8.82,487,10.72,45.62,0.163,597,84.93,80.8,21.64,1,1,0,0,0
40.37,20.38,8.37,159,12.18,11.19,0.102,934,60.18,33.24,59.18,0,0,0,0,1
22.0,32.45,7.43,210,7.24,44.43,0.04,746,99.62,66.07,66.87,0,0,1,1,0
42.37,152.66,8.56,452,2.62,34.42,0.144,448,73.27,37.45,33.92,0,1,1,0,0
33.69,139.46,8.96,171,13.4,6.39,0.111,308,36.58,31.06,52.8,0,0,0,0,0
40.43,285.47,7.64,69,2.87,18.6,0.107,145,59.96,17.36,93.94,1,1,1,0,1
31.31,283.45,7.65,318,6.18,21.81,0.006,806,85.07,58.88,33.31,0,1,0,0,2
36.09,233.88,8.14,459,9.16,4.15,0.067,955,37.46,45.32,38.56,1,0,0,0,0
33.16,180.63,6.31,313,3.41,27.71,0.147,91,78.35,17.92,91.75,0,1,0,0,0
38.29,136.49,6.08,430,12.06,12.97,0.159,460,22.68,74.65,18.49,0,0,1,0,2
22.04,106.85,8.16,381,4.44,22.91,0.163,418,95.41,75.08,89.21,1,1,1,0,2
21.51,284.13,6.71,489,13.83,21.94,0.007,328,73.07,31.18,37.34,1,1,1,0,1
26.18,180.87,5.97,144,13.0,26.08,0.033,336,33.01,96.03,54.86,0,0,1,1,1
23.99,173.72,6.6,166,9.25,42.31,0.197,417,89.94,80.01,67.86,1,1,1,0,2
41.79,69.57,6.76,442,9.92,39.04,0.031,782,26.55,82.48,68.18,0,0,1,1,1
25.48,14.01,8.88,390,8.4,43.65,0.043,584,52.47,10.33,98.2,0,1,0,1,1
44.4,283.56,7.94,318,6.69,28.62,0.161,870,78.96,98.06,13.13,0,0,0,1,0
28.42,94.12,7.36,116,6.22,30.79,0.079,786,94.99,99.13,73.34,0,1,1,0,2
24.55,132.78,8.89,184,12.7,21.52,0.023,74,47.9,55.65,86.11,0,1,0,0,1
39.74,34.39,8.66,202,8.92,35.86,0.025,983,86.44,98.65,62.95,0,0,0,0,1
36.47,251.08,7.29,161,11.88,10.24,0.017,84,35.74,65.09,97.82,1,1,1,1,2
32.45,8.29,8.67,308,8.17,23.76,0.036,702,22.81,22.06,47.59,0,1,1,1,1
33.88,250.2,6.92,449,5.68,35.71,0.099,337,22.3,83.28,77.49,1,0,0,0,1
37.98,42.09,6.31,461,3.1,38.89,0.003,793,72.65,60.23,71.77,0,0,1,1,1
25.71,265.97,6.31,337,5.88,12.4,0.023,176,32.34,40.81,12.82,0,1,1,1,0
44.91,218.93,7.82,431,12.56,9.08,0.181,757,24.03,31.26,59.75,0,1,0,0,2
44.37,49.4,7.25,187,10.54,14.43,0.175,771,98.14,56.7,33.48,0,0,0,1,2
36.26,169.75,7.81,42,11.43,46.01,0.167,449,39.36,72.26,57.59,1,0,0,0,0
24.99,93.8,7.9,200,11.28,6.46,0.141,144,57.0,88.93,89.57,1,1,0,0,0
37.01,53.47,5.58,230,3.44,47.65,0.132,246,69.05,63.88,66.71,0,1,0,1,2
21.8,257.75,5.69,3,3.91,49.74,0.055,128,31.56,47.38,63.45,0,0,1,1,1
20.77,121.06,7.36,239,5.81,39.17,0.067,588,48.57,66.89,70.52,0,0,0,0,1
26.44,119.56,6.17,205,5.61,38.02,0.047,713,71.82,54.73,57.55,0,0,0,0,2
31.57,50.97,7.71,330,2.79,47.66,0.196,80,71.18,68.68,50.3,1,1,0,0,0
41.71,114.92,7.43,93,3.84,14.53,0.127,630,87.36,64.81,43.7,0,1,0,0,0
38.18,261.49,7.55,231,12.27,6.45,0.193,212,54.99,98.08,73.01,0,1,0,0,2
38.57,108.94,6.56,362,9.07,41.16,0.054,368,91.19,66.0,79.82,1,0,0,1,1
30.64,285.48,7.74,346,6.11,8.55,0.124,106,74.58,72.19,48.09,0,1,1,1,0
28.65,283.89,8.4,348,8.32,2.27,0.152,648,64.97,90.31,13.94,1,1,0,1,2
29.28,43.47,8.99,435,5.14,9.82,0.019,94,29.37,92.17,58.88,1,1,1,0,2
44.69,53.19,8.43,159,9.01,21.9,0.133,98,65.98,22.68,61.63,1,1,0,0,2
21.0,258.8,7.45,112,2.9,24.76,0.034,905,67.57,50.84,53.11,1,0,0,1,1
41.68,117.83,6.18,251,12.83,3.13,0.066,688,80.7,94.85,42.39,0,0,0,0,1
34.47,1.31,7.89,221,4.89,22.17,0.143,47,77.53,96.38,90.63,1,1,0,1,2
30.97,82.16,8.78,345,11.83,30.22,0.088,175,62.4,27.1,53.3,0,0,0,1,1
38.13,179.29,6.24,93,9.92,46.59,0.184,398,67.43,49.93,81.91,0,0,1,1,0
32.17,239.78,6.4,434,8.28,11.37,0.048,44,81.79,35.08,67.4,1,0,0,1,0
41.84,40.02,6.02,393,13.16,10.55,0.031,257,48.12,81.17,80.84,1,1,1,0,0
42.52,33.16,8.08,395,3.88,19.47,0.067,313,30.8,86.7,88.99,0,0,0,1,2
30.54,276.63,6.92,480,3.43,49.18,0.17,165,89.94,52.23,31.9,0,1,1,0,0
26.92,225.34,5.72,481,5.86,16.81,0.169,514,97.2,70.81,84.58,1,1,1,0,2
34.81,176.93,8.56,465,11.96,2.19,0.074,729,54.34,88.3,74.9,1,1,0,1,1
42.81,230.76,7.45,166,2.42,13.28,0.162,480,99.22,73.86,60.5,0,0,0,0,1
25.27,128.66,6.66,463,4.87,27.92,0.016,880,45.82,24.08,59.05,0,0,0,0,1
35.57,227.54,6.7,492,7.1,20.63,0.002,471,25.33,74.08,38.03,1,1,1,1,2
35.79,111.54,6.52,451,10.56,38.71,0.173,698,65.8,24.31,58.66,0,1,1,0,0
38.33,73.23,7.09,137,5.59,30.36,0.175,608,89.46,68.84,44.59,0,0,1,0,0
23.29,218.7,6.68,347,7.38,27.97,0.029,190,69.4,40.02,89.99,1,1,0,1,0
37.9,125.9,7.42,360,6.04,16.15,0.06,861,20.75,15.08,62.39,1,1,1,0,0
42.73,294.41,8.21,209,3.1,27.59,0.17,42,20.95,30.38,36.91,1,1,1,1,1
24.49,104.85,7.86,255,10.86,30.78,0.017,771,77.95,52.15,22.99,0,0,1,1,1
25.94,276.52,6.53,72,7.54,8.96,0.173,682,87.63,99.46,72.46,0,0,0,1,2
44.28,279.89,7.35,213,11.75,36.79,0.115,236,40.24,33.01,69.82,1,1,0,0,1
24.52,72.56,8.44,265,10.34,19.65,0.131,700,57.61,98.09,42.4,0,0,0,0,2
41.36,239.47,5.74,359,2.69,37.11,0.119,853,96.89,42.78,24.6,1,1,0,0,1
32.31,129.92,5.77,150,8.0,8.89,0.117,816,56.85,96.4,74.46,0,1,0,1,0
26.18,275.26,7.45,234,13.89,32.83,0.037,959,30.87,96.05,34.34,0,1,0,1,0
41.77,135.04,7.74,460,5.69,1.34,0.047,531,92.93,22.86,87.58,1,1,0,1,2
31.13,223.29,6.24,215,7.92,7.95,0.116,988,59.61,84.58,75.36,1,1,0,0,1
32.87,140.09,8.11,396,9.82,44.56,0.08,852,47.54,56.56,90.32,0,1,0,1,1
28.98,68.34,7.76,303,4.43,23.07,0.108,684,27.79,71.76,98.61,1,1,0,1,0
34.82,59.81,8.73,108,10.43,25.39,0.051,656,56.66,79.85,40.69,1,1,1,0,2
24.09,127.63,6.09,344,9.92,45.38,0.093,577,81.57,21.21,55.37,0,0,0,0,1
29.78,226.65,8.13,299,6.5,24.25,0.029,225,77.37,81.91,46.34,0,1,1,0,1
44.24,181.52,5.79,494,5.41,32.73,0.008,917,59.73,37.25,16.98,0,0,0,1,2
26.45,206.59,7.48,348,13.03,11.1,0.19,433,77.56,75.91,46.45,1,0,1,0,2
36.42,84.7,7.43,463,3.52,4.08,0.145,453,48.06,61.63,49.94,1,0,0,0,0
28.13,144.43,6.86,319,7.18,17.67,0.1,792,78.82,71.62,25.61,0,1,0,1,0
39.34,13.32,8.46,295,11.2,39.93,0.11,126,26.86,66.06,89.5,0,1,0,1,0
23.27,245.26,5.52,389,3.78,22.34,0.102,641,35.94,82.94,36.32,1,0,1,0,2
44.25,296.97,7.32,119,13.2,8.41,0.18,765,90.22,90.51,78.27,1,1,0,1,1
31.34,122.06,6.26,327,8.32,27.25,0.155,426,43.49,50.42,16.86,0,1,0,0,0
25.9,3.29,8.1,97,8.06,13.19,0.065,400,36.48,45.3,12.71,1,0,0,1,0
21.84,50.94,5.65,209,7.09,47.33,0.044,72,27.12,31.8,99.59,0,0,1,1,2
24.24,195.76,8.41,426,12.41,28.87,0.013,147,51.44,83.25,21.07,0,0,0,0,0
32.99,183.62,8.43,31,13.38,49.15,0.03,420,25.36,97.03,78.93,0,0,0,1,0
28.43,236.36,8.42,432,6.56,2.15,0.098,435,59.76,27.58,64.41,1,0,1,1,0
40.72,76.17,6.03,329,8.51,0.58,0.041,590,93.54,51.21,50.77,1,1,0,1,0
30.77,229.09,7.71,225,5.79,23.85,0.062,281,82.97,79.33,13.32,0,0,0,1,1
26.22,206.4,5.55,214,6.42,43.1,0.027,408,23.25,67.24,39.58,1,0,0,0,0
35.43,96.84,8.47,122,2.34,26.22,0.185,319,43.98,83.35,91.01,0,0,0,0,0
37.67,163.65,8.03,146,11.43,43.81,0.007,414,35.01,11.45,91.46,0,0,0,0,2
24.18,44.18,7.36,339,13.63,6.53,0.07,925,25.36,92.02,63.97,1,1,0,1,2
24.19,135.77,8.06,51,11.23,34.97,0.052,368,28.69,15.52,61.72,0,1,1,1,1
20.92,264.36,5.83,179,8.22,32.99,0.002,393,92.65,50.09,48.3,1,0,1,1,0
38.41,126.36,7.35,289,11.93,27.25,0.186,421,44.81,34.82,79.8,0,0,0,0,2
36.6,251.87,6.52,186,12.29,20.26,0.063,620,51.38,93.54,89.47,0,1,0,0,0
31.87,177.08,8.9,485,8.53,32.35,0.1,635,58.86,34.76,75.48,1,1,0,1,2
41.1,57.56,8.5,336,13.25,27.5,0.117,596,79.59,43.6,57.28,1,1,0,0,2
40.14,174.33,8.07,107,2.36,13.63,0.122,495,83.87,89.95,67.11,1,1,0,0,1
34.63,151.79,8.77,125,2.12,5.23,0.092,471,97.1,58.37,29.78,0,1,0,1,0
41.71,119.59,6.71,260,2.98,19.33,0.119,97,36.85,90.84,99.21,1,0,0,1,1
25.15,35.89,8.65,193,2.69,25.62,0.15,923,44.09,69.49,94.23,0,0,1,0,1
22.8,125.01,6.64,296,7.1,25.43,0.19,371,45.04,17.13,96.1,1,1,1,0,2
26.74,21.83,8.06,33,13.28,21.28,0.131,996,55.62,49.13,25.02,0,1,0,0,0
21.43,29.63,8.08,437,10.1,16.37,0.092,151,84.59,25.87,68.75,0,1,1,0,0
33.28,124.77,5.56,275,9.91,17.52,0.089,924,39.16,15.86,69.07,0,0,1,0,0
43.42,91.61,6.76,493,6.62,13.29,0.142,80,82.63,43.64,41.96,1,0,0,0,0
20.98,277.66,5.57,181,8.41,29.0,0.125,870,36.32,91.76,87.87,0,0,1,0,0
23.05,112.71,8.99,238,5.65,42.49,0.084,983,76.81,20.59,80.41,1,0,0,0,1
31.3,227.36,5.93,321,8.21,43.98,0.067,16,83.92,10.61,74.77,0,1,0,1,1
43.35,159.07,7.4,347,10.96,49.69,0.199,612,88.3,94.16,12.6,0,0,0,1,0
27.9,211.23,8.27,145,8.7,4.44,0.153,69,60.82,57.71,99.15,0,0,0,0,0
32.68,78.03,6.2,43,7.03,10.71,0.041,511,46.3,60.27,74.65,0,1,1,1,2
21.04,282.57,7.2,358,12.14,36.51,0.058,831,81.79,93.56,97.25,0,1,0,0,2
23.71,159.03,7.63,303,5.45,32.26,0.179,873,45.67,73.02,17.81,0,0,1,1,2
44.67,249.4,6.06,498,7.78,6.69,0.132,868,31.85,84.41,72.49,0,0,0,0,0
44.13,109.51,8.22,290,13.74,31.55,0.062,237,86.77,79.34,77.03,1,1,1,0,2
20.12,30.06,6.55,462,13.61,20.32,0.073,414,52.9,65.07,15.82,1,1,0,0,2
43.8,202.11,6.24,366,2.08,47.84,0.076,56,65.67,71.96,15.8,0,1,0,0,1
35.98,2.33,7.45,294,8.39,42.76,0.037,403,93.48,60.46,78.6,0,1,0,0,1
41.7,142.59,6.94,487,6.04,3.66,0.102,429,30.86,41.99,81.79,1,1,0,1,1
31.37,57.84,8.72,486,5.49,4.5,0.153,129,64.57,35.68,91.92,1,1,1,1,1
32.89,188.21,8.58,258,9.16,20.85,0.113,616,64.7,25.84,79.48,1,0,0,1,2
32.22,293.83,7.19,18,7.36,0.42,0.131,593,88.95,41.86,31.63,1,1,1,1,0
36.67,139.32,6.76,214,10.79,4.72,0.119,49,47.3,61.92,97.18,1,1,0,0,1
23.49,245.25,6.64,210,2.33,46.63,0.012,955,52.1,62.88,34.05,0,1,0,1,2
20.75,152.34,6.44,380,13.12,39.62,0.038,469,61.54,71.51,75.45,0,0,1,0,1
27.7,148.75,7.41,401,8.81,33.64,0.07,808,33.38,89.15,57.64,1,0,0,0,0
37.62,279.13,8.32,477,10.21,41.51,0.178,484,57.65,68.67,21.01,0,1,0,1,2
25.05,266.99,6.59,230,9.26,12.5,0.07,857,54.89,25.38,93.44,0,1,1,0,0
36.84,235.74,6.17,338,13.87,36.28,0.065,497,35.79,12.31,62.91,1,1,1,1,2
44.25,88.88,7.16,4,13.84,30.78,0.016,331,86.64,27.72,18.26,1,1,1,0,1
22.35,163.5,5.74,310,9.32,42.43,0.194,965,54.48,91.73,44.5,1,1,1,1,2
36.82,67.17,7.95,268,10.21,14.13,0.156,144,44.49,61.09,78.85,1,0,1,0,2
31.09,133.18,7.31,161,9.42,38.19,0.153,205,30.43,86.37,65.66,1,0,1,0,0
41.7,145.26,7.24,215,5.73,42.63,0.077,905,27.18,31.09,30.11,0,1,0,0,1
24.43,249.49,6.55,273,4.31,27.45,0.016,89,96.82,73.89,61.25,0,0,1,0,0
37.32,268.81,8.67,323,6.83,20.69,0.053,882,99.61,75.85,37.8,0,0,0,0,1
40.95,124.39,5.82,99,10.19,47.43,0.171,450,91.83,82.86,57.45,0,0,1,0,2
43.62,5.31,8.54,455,2.67,8.45,0.036,169,56.69,58.2,38.62,1,0,0,0,1
37.08,258.53,6.82,170,8.17,1.81,0.179,237,84.63,81.42,54.67,0,1,1,0,0
32.43,52.28,8.58,448,6.9,8.96,0.107,462,86.74,94.19,85.79,0,0,1,1,1
35.45,186.56,8.05,251,8.33,34.17,0.143,399,43.98,96.17,29.08,1,1,1,0,0
41.72,7.49,5.86,168,12.32,39.45,0.091,165,66.88,21.29,10.16,1,0,0,1,0
34.27,119.85,8.41,37,2.57,35.84,0.186,653,96.55,66.19,23.95,1,0,0,0,0
20.76,295.79,7.89,227,11.16,20.99,0.048,419,42.41,20.21,85.77,1,0,0,0,1
43.27,30.21,5.61,421,10.0,48.38,0.114,396,73.03,93.03,47.36,1,0,1,1,2
37.24,127.11,5.97,396,4.45,22.22,0.014,186,73.0,95.99,76.58,1,1,0,1,0
36.91,92.14,7.72,124,10.81,49.07,0.096,666,56.21,54.96,12.77,1,0,1,1,1
25.39,271.53,7.82,277,7.96,45.91,0.195,263,59.23,96.39,23.17,1,1,0,0,1
36.47,260.8,8.11,284,7.77,20.36,0.018,86,56.51,78.96,61.21,1,0,1,0,2
29.85,71.31,8.02,136,7.8,8.05,0.101,232,61.69,72.63,74.83,1,1,0,0,1
36.28,24.36,7.81,474,13.39,4.49,0.12,308,31.9,62.27,80.91,1,1,1,0,0
22.66,188.14,8.18,365,13.33,26.57,0.186,714,83.58,46.61,67.87,1,0,1,0,0
36.45,100.91,7.51,107,12.96,38.16,0.059,132,72.89,96.74,78.1,1,1,1,0,0
44.99,201.63,6.41,67,12.64,8.8,0.101,644,97.91,27.73,24.92,1,1,1,1,1
21.21,9.64,8.69,103,2.45,15.91,0.197,472,39.65,82.23,69.24,1,1,0,1,2
44.43,40.02,5.56,400,6.81,31.53,0.154,849,31.68,43.07,48.28,1,0,1,0,2
30.17,205.91,6.78,245,12.74,23.04,0.162,303,47.4,77.79,92.34,0,1,1,1,0
41.77,63.71,8.05,164,11.06,30.19,0.156,758,60.78,24.73,65.38,1,1,1,0,1
39.56,257.28,7.0,191,7.48,33.82,0.103,761,36.4,43.6,58.75,0,1,0,0,2
34.18,17.58,5.59,194,11.28,19.03,0.087,754,56.85,95.15,62.04,0,0,0,1,0
38.46,64.64,5.73,131,4.5,39.3,0.051,279,71.41,60.16,84.82,0,0,0,1,0
41.96,299.57,7.77,295,9.2,35.14,0.093,200,24.49,54.21,11.01,0,0,1,1,0
30.1,129.92,8.88,143,8.4,34.38,0.004,490,80.64,77.69,87.42,0,0,0,0,0
28.18,210.89,7.43,394,8.88,7.47,0.019,970,95.18,47.53,12.63,1,0,1,0,2
36.69,54.8,7.27,218,10.66,23.71,0.057,717,41.46,54.37,62.44,0,1,0,1,2
40.2,182.96,6.61,25,13.4,28.86,0.067,297,82.1,60.45,55.23,0,1,1,1,0
39.06,217.83,6.4,250,5.17,11.32,0.142,136,53.43,99.1,43.33,0,1,1,0,0
39.95,94.34,5.57,94,11.1,37.93,0.034,447,73.15,82.48,21.58,1,0,1,0,1
30.89,248.67,6.46,353,9.74,6.05,0.159,196,79.44,13.58,21.17,0,1,1,0,2
40.45,181.03,7.07,199,10.34,7.49,0.16,889,43.6,80.53,76.79,0,1,1,1,1
23.01,116.74,6.19,102,7.15,20.67,0.117,90,82.99,55.27,20.21,0,0,1,0,0
33.61,167.29,5.81,192,13.33,6.77,0.098,906,28.41,30.76,71.85,0,0,1,1,1
20.14,173.03,8.01,380,7.76,0.58,0.093,731,98.94,86.82,99.13,0,0,0,1,0
28.11,49.66,8.63,1,3.46,20.57,0.084,648,46.96,34.35,71.37,1,0,0,0,1
29.16,120.82,8.78,246,10.17,32.43,0.018,844,37.9,38.84,16.77,1,0,1,1,0
29.9,103.03,7.66,90,3.55,24.76,0.131,60,31.09,15.67,58.79,0,0,0,0,1
37.39,120.27,5.68,44,5.87,2.61,0.115,850,84.97,97.98,85.1,0,1,0,0,1
29.71,228.33,8.09,426,4.74,11.62,0.003,71,66.87,81.58,95.91,0,1,1,0,2
31.22,144.76,5.89,2,8.47,26.22,0.041,822,96.13,23.33,75.49,0,1,1,0,0
25.94,282.09,7.84,417,6.17,36.9,0.087,451,71.81,54.06,37.87,0,0,1,1,1
29.33,88.1,8.23,335,3.92,39.7,0.18,875,47.25,40.31,32.6,0,1,0,0,1
25.68,124.71,8.04,448,11.49,25.97,0.198,792,86.91,12.92,80.54,0,1,1,0,1
21.83,236.09,8.83,63,7.62,32.31,0.15,638,42.5,93.45,78.43,0,1,0,0,1
35.09,163.81,8.08,134,7.45,45.17,0.15,198,43.27,85.55,53.77,0,1,1,1,0
36.71,164.11,7.93,290,12.64,3.26,0.083,823,22.26,98.82,17.81,0,0,0,1,1
35.49,16.0,6.42,277,8.47,4.96,0.114,282,40.16,31.83,70.48,0,0,1,1,1
31.59,119.58,8.74,175,10.52,22.89,0.047,999,40.91,72.95,63.14,0,1,1,0,2
29.49,81.22,6.13,415,5.94,30.49,0.148,754,43.8,20.64,11.07,1,1,1,1,1
41.58,299.8,8.67,281,8.74,0.23,0.012,150,49.49,48.83,67.82,0,1,0,1,2
32.98,92.51,6.59,119,10.72,22.63,0.083,39,66.13,86.21,21.91,1,0,1,0,1
31.98,265.35,5.96,261,5.56,8.64,0.166,370,37.31,10.73,84.32,1,0,1,1,2
20.64,202.87,8.39,173,10.26,32.26,0.196,476,70.94,53.26,70.62,0,0,0,1,2
28.53,102.27,5.51,438,8.83,13.39,0.139,57,30.67,49.12,14.65,0,0,1,1,1
29.5,163.06,8.41,458,7.21,45.1,0.039,547,94.47,72.19,57.86,1,1,0,0,1
29.97,252.16,6.42,478,10.56,3.19,0.114,252,22.09,31.41,82.49,1,0,1,1,2
34.5,265.01,8.6,117,5.8,40.46,0.112,713,92.66,25.6,84.7,1,1,0,0,1
33.34,48.12,7.92,438,10.57,19.62,0.193,415,63.78,68.56,17.68,1,0,1,0,2
35.2,101.87,7.83,340,8.61,42.86,0.168,238,76.8,67.71,17.1,0,1,1,0,0
39.12,100.57,6.78,184,4.95,40.76,0.01,383,43.87,77.66,79.75,0,0,0,0,1
40.32,12.61,5.71,242,10.02,11.96,0.044,406,33.9,32.22,30.94,1,0,1,0,1
37.95,179.47,8.41,213,12.62,2.53,0.168,167,95.78,11.47,63.46,1,1,0,0,0
43.89,256.45,6.1,120,5.72,34.78,0.194,110,55.28,89.02,64.8,1,0,1,1,1
20.46,114.47,6.8,62,11.75,10.22,0.059,431,58.44,28.57,66.68,1,0,0,0,2
24.89,222.01,7.6,384,6.03,46.53,0.138,919,98.85,47.62,40.41,0,0,1,0,0
20.19,188.31,7.19,148,11.85,3.36,0.062,724,46.89,52.17,13.59,1,1,1,0,1
36.19,112.69,6.2,492,2.61,16.2,0.008,678,28.02,26.86,58.37,0,1,1,1,2
42.45,42.32,5.99,275,2.09,0.63,0.166,295,66.95,56.87,56.35,1,1,0,0,2
26.09,212.8,5.93,456,3.36,15.85,0.148,284,64.38,92.29,48.98,1,1,0,0,0
43.18,256.37,8.52,474,12.49,27.06,0.011,300,81.85,34.42,35.16,1,1,1,0,2
21.51,205.76,5.61,28,8.4,32.74,0.029,876,96.41,56.83,85.87,1,0,0,1,0
43.36,5.36,8.92,298,9.13,36.32,0.2,602,44.61,37.78,43.31,1,1,1,0,1
28.79,64.87,6.19,224,12.11,41.67,0.13,508,77.74,98.27,21.41,1,0,1,0,1
22.54,20.84,5.89,172,2.61,5.54,0.16,545,54.76,29.85,78.23,0,0,0,1,1
32.15,171.12,7.52,243,6.65,38.09,0.078,89,82.7,19.84,67.27,0,1,1,1,1
26.42,226.94,5.78,320,9.72,13.92,0.104,499,33.14,22.84,37.82,1,1,0,1,1
27.12,33.17,7.61,130,6.86,6.91,0.124,526,60.07,43.03,23.6,1,0,0,1,2
27.68,251.5,8.48,351,2.39,13.28,0.161,581,26.17,59.76,49.57,0,0,1,1,1
40.08,166.65,5.67,19,9.81,42.9,0.068,728,64.89,70.12,15.93,1,0,1,1,2
33.48,206.99,8.3,80,6.7,31.37,0.134,849,33.52,60.62,30.05,0,0,1,1,1
27.78,291.42,6.88,292,2.23,29.87,0.155,70,96.8,91.5,96.76,0,0,0,0,2
35.26,25.1,6.06,293,4.05,29.23,0.161,641,64.35,42.43,23.54,0,0,0,1,0
37.9,270.37,6.12,496,4.61,20.43,0.1,353,62.35,74.11,34.75,0,0,0,1,1
26.82,37.83,8.72,457,8.13,20.85,0.095,640,97.79,34.14,22.51,1,0,1,0,1
30.34,117.89,5.89,234,4.24,7.42,0.021,632,59.87,71.36,92.08,1,0,0,0,0
23.05,255.43,8.53,300,6.34,16.63,0.1,181,74.14,93.32,93.24,0,0,1,1,2
24.53,271.88,7.4,220,11.01,25.6,0.14,124,23.73,98.06,15.35,1,1,1,1,0
37.03,151.91,5.64,169,11.69,30.3,0.184,109,76.67,75.67,90.84,1,1,1,1,1
24.54,178.23,7.13,45,11.54,3.58,0.025,385,28.34,94.82,22.81,1,0,1,0,2
33.13,212.44,8.36,59,10.34,16.69,0.194,745,82.42,71.24,45.76,1,0,1,1,1
37.73,249.83,8.04,95,8.5,16.97,0.047,163,90.15,96.69,62.77,0,1,0,1,0
22.67,36.45,7.21,268,8.61,25.75,0.035,963,45.24,90.82,51.62,0,0,1,0,1
34.18,243.02,8.51,30,13.44,35.5,0.023,539,90.25,19.6,22.23,0,1,0,0,0
26.41,144.38,5.92,379,12.53,31.76,0.198,214,58.61,52.67,81.24,0,1,1,1,1
44.07,135.19,8.68,323,9.8,28.54,0.112,102,65.73,41.27,71.87,1,1,0,1,2
32.09,127.17,8.46,115,7.62,14.57,0.054,403,52.88,12.43,94.71,0,0,0,1,2
40.15,152.76,7.98,61,10.75,41.95,0.064,164,58.12,52.02,41.77,0,1,1,0,1
33.76,283.52,8.36,432,2.75,39.26,0.19,570,92.66,23.35,48.74,1,1,1,1,0
21.09,164.46,7.4,145,13.34,9.18,0.18,43,95.78,13.28,41.48,1,1,0,1,1
35.83,285.95,7.86,330,8.57,32.76,0.07,139,55.67,50.05,15.67,1,1,1,1,2
43.79,54.09,7.46,361,8.03,45.33,0.013,31,61.15,30.91,14.95,0,1,1,1,1
35.04,217.24,6.74,52,5.49,21.78,0.167,248,29.29,94.18,78.52,1,1,0,1,0
40.48,243.67,7.49,401,2.04,46.24,0.183,805,46.05,83.14,35.64,0,0,0,0,0
42.11,203.74,6.4,50,2.73,1.1,0.168,542,61.06,96.06,53.84,1,0,1,1,1
25.7,182.08,7.04,168,5.16,25.81,0.183,529,36.21,89.33,98.11,0,0,0,1,1
25.3,169.44,6.48,356,8.5,12.81,0.115,668,66.12,75.52,11.59,0,0,1,1,1
35.27,258.28,5.93,480,3.0,13.11,0.168,737,74.82,63.79,56.59,0,1,1,0,1
30.28,246.49,6.63,356,13.66,43.88,0.189,818,72.0,15.89,56.64,1,0,0,0,1
41.0,36.69,8.48,194,6.93,15.57,0.178,412,55.4,33.92,99.87,1,0,0,0,2
42.5,254.58,6.83,448,5.8,1.17,0.117,602,81.55,73.97,85.09,0,1,1,1,0
28.84,124.22,8.12,82,8.3,26.98,0.149,990,45.56,46.11,16.01,0,1,1,1,0
25.92,76.11,6.11,378,2.78,48.54,0.144,830,57.54,39.28,24.14,1,1,0,0,2
39.51,260.93,6.99,133,12.21,3.95,0.161,879,41.61,19.36,13.05,0,1,0,1,2
26.87,129.61,5.9,457,7.52,14.31,0.046,758,68.29,16.32,27.72,1,1,1,1,1
40.57,242.51,5.99,420,4.14,23.48,0.0,993,55.26,28.9,29.11,0,1,1,1,0
30.59,79.02,7.66,267,3.94,41.52,0.102,848,37.37,85.11,18.09,1,0,0,0,1
36.69,1.18,7.63,491,6.33,13.44,0.153,531,44.65,69.67,57.45,0,0,1,0,2
22.39,148.64,6.25,80,8.88,17.18,0.025,670,42.36,40.69,97.75,1,0,0,1,1
35.6,30.07,7.16,218,7.0,19.22,0.107,30,92.87,15.49,82.34,1,0,1,1,2
31.29,226.31,8.52,1,9.16,18.98,0.063,697,61.76,26.95,28.3,0,1,0,1,2
34.67,82.82,6.11,308,10.47,10.02,0.168,998,72.21,50.49,80.47,1,1,1,0,1
24.2,133.09,5.57,408,10.98,45.78,0.02,852,94.78,23.79,98.4,1,1,1,1,2
38.42,26.11,7.78,250,6.81,39.65,0.17,390,34.58,78.63,85.17,0,1,1,1,2
41.57,86.0,5.69,493,10.6,48.78,0.122,223,94.95,80.98,52.18,0,1,1,1,0
25.42,234.45,8.93,235,3.7,18.55,0.184,502,63.17,22.32,34.24,1,1,0,1,0
22.39,45.48,7.63,155,8.16,2.26,0.187,779,88.5,75.42,77.31,0,0,0,1,0
20.59,194.15,7.15,428,2.87,5.78,0.162,982,33.44,56.1,80.78,0,0,1,0,0
36.05,275.23,7.0,36,4.93,17.87,0.106,956,41.83,96.61,36.72,1,0,0,1,2
35.18,203.95,7.51,228,9.0,45.55,0.029,554,35.53,80.88,30.18,1,0,0,1,2
33.67,243.31,5.82,144,10.89,49.05,0.045,508,72.27,62.68,70.49,1,0,0,0,0
25.8,32.69,8.76,324,3.14,41.1,0.084,48,31.26,64.33,89.96,0,0,1,0,2
29.77,75.22,7.69,55,4.48,11.92,0.146,362,83.4,26.1,11.86,0,0,1,0,1
34.86,268.36,6.14,120,13.9,32.98,0.109,807,40.03,90.43,98.84,0,0,1,1,2
32.42,214.53,7.47,313,6.05,29.83,0.088,709,40.44,60.33,27.27,0,0,1,1,1
44.69,191.87,5.97,210,5.41,41.16,0.096,927,42.49,61.67,41.45,0,0,1,1,0
23.41,199.13,5.56,259,3.02,25.49,0.148,702,79.71,61.79,14.76,0,1,1,0,2
37.38,124.26,7.71,102,10.34,15.91,0.007,741,93.94,34.86,15.0,0,0,0,0,0
30.11,13.37,7.77,438,8.1,0.96,0.089,14,92.6,83.09,34.55,1,0,1,0,2
30.7,235.33,7.54,304,3.89,39.75,0.115,345,28.1,87.61,60.85,1,1,1,0,0
37.94,203.61,6.14,234,9.59,26.51,0.118,467,40.99,35.91,91.1,1,0,1,0,1
37.31,141.84,7.61,37,8.31,26.71,0.124,779,73.77,49.76,16.29,1,0,1,1,1
44.78,269.93,5.7,300,8.78,47.85,0.011,744,69.48,26.12,59.13,1,0,1,1,2
23.21,100.85,7.63,107,13.94,24.31,0.112,492,48.0,31.47,47.45,0,0,0,1,1
22.6,88.3,7.44,413,2.34,15.79,0.11,878,89.03,40.24,99.03,1,1,1,0,2
38.11,261.84,7.79,223,12.98,16.99,0.171,238,30.44,91.18,26.84,0,0,1,0,1
34.46,239.1,8.63,292,12.1,0.59,0.152,665,71.12,66.35,43.26,1,1,1,1,2
26.85,154.49,8.48,183,6.98,6.12,0.006,925,41.85,62.92,13.01,1,0,0,0,0
21.99,39.22,8.93,154,12.57,2.19,0.111,860,62.17,95.21,92.28,0,1,1,1,0
22.14,64.52,8.92,31,9.78,12.16,0.138,925,51.0,81.22,66.02,1,0,0,1,1
42.35,196.87,8.2,233,12.67,3.23,0.116,76,98.38,11.44,62.91,1,1,0,0,2
24.8,115.51,8.85,394,9.14,16.56,0.135,232,58.94,21.19,14.39,0,1,0,1,1
28.08,250.94,8.54,488,4.59,6.31,0.023,445,98.09,32.3,18.91,0,0,0,1,0
25.67,284.99,8.05,249,8.91,45.9,0.034,170,40.4,37.35,81.12,0,0,1,1,1
28.87,241.69,5.76,57,4.15,46.92,0.117,533,81.44,85.07,59.45,0,1,1,1,1
21.74,113.26,5.67,332,3.69,30.17,0.16,746,77.36,79.29,27.91,1,0,0,0,1
32.98,236.61,8.43,162,9.85,40.27,0.005,272,87.81,23.09,59.48,0,0,0,0,2
21.69,105.43,7.21,16,13.37,33.86,0.087,918,75.49,58.05,97.13,1,0,1,0,1
40.01,50.13,8.35,413,9.06,40.56,0.198,24,74.59,19.82,19.33,1,0,1,0,0
25.84,10.02,6.6,253,11.55,31.99,0.153,756,72.86,25.56,97.32,0,1,0,1,2
33.5,115.72,6.89,145,4.02,21.51,0.09,837,98.8,31.8,79.76,0,0,1,0,2
42.0,271.07,7.95,228,9.85,43.69,0.02,245,38.25,91.48,22.98,0,0,0,0,2
36.27,71.7,8.7,239,10.8,21.9,0.072,548,22.41,42.91,83.32,0,0,0,0,0
33.32,61.95,5.81,285,2.5,19.81,0.031,473,74.24,92.42,76.96,0,0,0,1,2
28.11,290.95,8.52,345,3.17,31.22,0.184,312,33.79,77.57,61.65,1,0,1,1,2
28.33,7.5,8.28,374,11.38,46.9,0.137,468,74.35,77.45,79.69,1,1,0,0,2
36.74,235.73,6.6,15,7.28,22.11,0.171,354,45.57,82.31,22.71,1,0,0,1,1
44.85,96.41,6.74,74,6.87,28.75,0.179,837,23.47,18.64,74.95,1,1,0,1,1
36.55,11.25,5.66,437,13.04,24.62,0.121,789,81.58,83.32,67.68,0,0,0,1,2
33.94,275.34,5.56,259,13.9,45.49,0.001,720,24.13,32.73,35.62,0,1,1,1,2
38.27,41.89,7.17,382,11.17,33.84,0.111,458,37.93,98.55,72.13,0,1,0,1,2
31.63,165.53,5.83,360,11.51,20.98,0.16,515,46.91,86.34,71.1,0,0,0,0,2
21.5,82.22,6.18,398,4.5,30.35,0.063,57,30.62,99.7,31.51,0,0,1,0,1
34.06,19.56,8.46,459,4.31,7.8,0.186,171,93.09,94.34,23.29,0,0,0,0,1
43.94,14.98,7.5,410,13.77,17.1,0.199,329,69.75,42.38,42.6,1,1,0,0,1
24.38,34.67,7.72,495,10.34,36.81,0.11,272,90.03,94.75,45.92,0,0,0,0,1
37.25,21.41,6.16,3,10.24,28.12,0.106,229,74.56,39.72,84.17,0,1,0,0,1
25.02,228.17,8.4,418,5.43,15.71,0.131,145,99.36,69.33,49.25,0,1,0,0,2
33.4,145.67,8.54,250,12.64,18.11,0.113,436,62.01,83.68,76.29,1,0,1,0,1
22.42,102.87,7.33,84,2.53,40.49,0.032,274,24.3,44.38,51.64,0,0,1,0,2
31.26,125.51,8.69,62,5.3,27.04,0.054,853,32.87,28.35,16.04,0,0,1,0,0
38.9,278.68,8.46,99,4.16,11.94,0.04,828,67.07,90.54,68.75,1,1,1,0,1
28.69,273.23,8.06,321,10.53,14.84,0.014,568,47.82,19.3,90.58,1,1,0,0,2
36.62,214.7,8.07,242,10.58,23.39,0.028,334,29.03,42.85,56.65,1,1,0,0,1
39.89,265.4,5.87,294,8.42,38.14,0.194,299,39.05,58.65,73.19,0,0,0,0,0
43.18,95.89,6.45,411,2.06,49.87,0.111,146,57.97,82.43,80.1,1,1,0,0,2
25.87,114.33,5.73,161,12.49,9.29,0.025,920,61.45,88.2,52.06,1,1,1,0,1
29.98,184.11,5.53,416,13.47,37.75,0.143,548,94.77,56.05,32.48,1,0,0,0,2
23.81,187.09,6.05,177,4.43,30.86,0.095,913,27.25,61.61,87.41,0,0,0,1,2
44.81,144.51,8.58,443,12.11,26.56,0.045,57,48.62,86.84,84.58,0,0,0,0,1
43.18,120.2,6.34,327,13.68,48.32,0.189,267,60.48,52.03,87.35,0,1,0,0,2
33.5,295.85,8.9,327,5.92,16.14,0.045,31,29.06,60.32,84.32,0,1,1,1,2
41.05,246.34,7.59,251,4.22,8.85,0.02,921,75.02,11.66,21.98,0,1,1,0,0
33.02,130.49,6.33,41,13.73,43.88,0.041,409,61.2,95.6,47.32,1,0,0,0,0
35.59,218.19,7.24,241,2.72,3.43,0.182,430,56.76,61.01,27.24,1,0,0,1,2
22.23,80.87,6.27,341,5.31,40.86,0.172,937,72.49,75.48,23.97,1,1,0,1,1
38.88,30.05,8.94,90,10.9,29.46,0.179,987,43.03,32.31,80.33,0,1,0,0,2
23.19,105.73,8.47,27,9.41,8.2,0.183,600,47.15,69.09,53.32,1,1,0,0,2
40.65,120.89,5.59,458,10.21,11.37,0.015,221,33.02,51.4,18.16,1,0,1,0,2
39.55,4.96,8.82,154,10.5,7.79,0.142,50,61.9,20.12,46.55,1,0,1,0,0
37.72,244.44,8.02,118,10.23,35.92,0.133,808,49.79,84.71,99.4,1,1,0,1,1
20.9,107.76,5.79,384,6.11,7.37,0.199,997,40.83,85.54,29.12,0,0,1,0,2
27.58,174.13,7.85,486,5.74,34.07,0.143,461,29.98,15.73,45.74,1,0,1,0,0
26.58,22.19,7.76,219,7.14,6.41,0.158,704,21.86,45.15,63.51,1,1,1,1,0
29.0,52.5,6.27,346,11.69,40.11,0.143,864,35.47,35.33,27.96,1,1,1,0,2
22.19,266.91,8.15,263,13.26,45.97,0.124,572,39.79,56.47,97.1,1,1,0,0,2
43.42,182.61,5.8,120,7.46,27.97,0.111,894,58.83,53.99,67.14,0,0,0,0,0
33.85,285.09,7.21,45,3.03,48.31,0.194,458,39.28,69.08,30.65,1,1,0,0,1
27.64,299.63,5.53,279,13.26,19.52,0.187,802,85.41,32.27,50.19,0,1,1,1,2
29.92,111.56,8.89,114,2.97,12.23,0.088,596,57.93,29.95,42.48,1,0,1,1,0
31.18,89.64,8.13,167,3.91,8.86,0.057,277,69.9,75.1,21.01,1,0,0,1,2
35.01,257.51,6.06,434,12.41,23.95,0.102,452,36.64,97.86,35.61,1,1,1,1,1
32.89,299.58,6.7,245,8.62,6.54,0.149,39,53.29,95.17,59.83,1,0,0,1,0
42.98,188.89,6.06,483,6.23,43.79,0.08,565,68.22,81.28,17.93,0,1,0,1,2
32.42,238.54,8.18,374,13.17,39.24,0.107,977,44.88,16.07,14.35,1,0,1,0,1
44.8,234.52,5.71,279,13.53,28.11,0.06,164,46.9,31.4,58.72,1,0,1,0,1
41.29,106.6,8.44,233,5.97,36.07,0.086,939,84.59,72.07,49.07,1,0,0,1,0
25.21,172.28,8.8,21,12.42,2.5,0.191,246,86.97,36.62,26.94,1,1,0,0,0
43.26,249.92,7.87,201,10.14,10.18,0.043,796,62.64,45.43,74.15,1,1,0,1,0
22.91,206.43,6.25,67,5.29,31.06,0.198,337,91.71,95.83,17.91,1,1,1,1,2
40.44,6.35,6.76,135,13.3,23.87,0.043,884,78.93,17.77,34.34,0,1,0,1,2
29.52,101.01,7.17,230,2.76,30.23,0.064,523,24.42,87.51,19.12,0,1,0,0,1
41.95,43.34,7.62,57,5.82,4.45,0.017,404,64.76,14.53,75.48,1,0,1,0,0
41.7,69.89,7.84,14,6.76,32.62,0.15,39,75.82,40.41,66.94,1,1,1,0,1
40.15,271.65,7.44,263,10.29,40.18,0.004,29,63.27,59.99,26.96,1,1,0,0,2
39.75,11.07,6.73,476,2.46,27.31,0.158,831,86.56,42.07,60.16,1,0,1,0,1
27.62,65.94,8.62,169,12.68,17.87,0.115,296,44.07,96.14,72.68,0,1,0,0,0
22.02,92.87,5.78,422,9.91,8.73,0.15,846,25.24,55.39,13.08,1,1,0,1,2
30.07,185.07,7.13,498,5.3,13.27,0.157,738,70.69,76.05,69.69,0,1,1,0,1
24.34,160.23,8.21,290,9.9,26.13,0.025,302,78.46,73.19,38.04,0,0,0,0,0
37.37,65.48,5.71,168,8.44,12.78,0.004,731,81.22,85.16,22.17,0,0,1,1,0
28.65,49.27,7.97,47,6.04,38.9,0.034,259,20.88,87.75,83.9,1,1,1,1,0
44.39,71.04,8.37,461,2.34,6.59,0.077,923,73.87,51.97,64.55,1,1,0,0,0
36.02,150.76,7.81,95,8.61,25.82,0.015,605,21.66,87.67,59.19,1,0,0,0,1
40.56,81.35,5.55,326,2.99,24.8,0.091,431,81.98,68.81,85.28,1,1,0,1,1
23.31,284.28,6.13,43,11.72,6.94,0.057,312,76.25,71.75,33.86,1,0,0,1,2
41.55,139.16,6.7,352,3.06,49.75,0.073,888,65.39,25.59,11.27,1,0,0,1,2
43.07,17.64,6.32,239,7.14,41.16,0.188,241,60.51,32.06,95.39,0,0,1,0,1
32.18,218.78,8.87,290,7.21,19.33,0.145,730,77.21,71.89,33.65,1,0,1,0,1
35.16,98.65,7.78,282,8.67,34.25,0.132,527,24.58,33.91,67.0,1,1,1,0,2
39.12,196.05,6.54,448,2.47,35.83,0.131,863,86.58,54.1,97.93,1,1,0,1,0
24.37,83.88,8.75,69,4.45,32.56,0.111,907,36.1,54.1,31.03,1,0,0,1,2
32.56,171.22,8.09,252,4.39,21.62,0.103,491,58.22,31.06,99.35,0,1,0,1,1
29.97,231.65,6.5,65,9.19,44.26,0.176,310,58.94,60.98,58.48,0,1,0,0,0
23.66,278.4,6.83,326,5.16,38.58,0.015,931,82.17,60.74,96.31,1,0,0,1,0
29.19,78.34,6.2,455,3.73,27.1,0.058,910,35.44,21.61,17.74,0,0,1,1,2
21.7,100.46,8.9,446,2.22,0.13,0.021,658,43.98,44.3,57.79,1,0,1,1,0
20.65,139.28,7.31,492,12.09,11.17,0.002,145,73.05,42.92,94.99,0,1,1,1,2
23.38,278.15,8.64,476,13.66,25.44,0.003,729,53.02,60.59,24.0,0,0,1,1,0
44.08,270.42,6.71,335,10.44,44.95,0.005,970,43.91,77.44,34.77,0,0,1,0,0
33.74,26.96,8.51,284,6.95,31.43,0.136,989,69.71,11.64,29.12,1,0,1,1,1
44.15,39.58,5.69,30,3.46,20.89,0.022,923,26.93,21.93,96.89,0,0,0,1,1
30.81,148.65,8.94,447,7.7,2.4,0.04,951,83.18,37.18,33.72,0,1,1,0,0
27.8,31.99,8.69,213,7.49,29.86,0.084,150,61.98,82.94,20.89,0,1,0,1,0
32.65,103.67,6.77,180,7.04,17.54,0.054,462,36.48,53.25,81.71,0,1,1,0,0
30.99,44.52,8.21,201,6.54,26.87,0.163,879,52.68,55.98,56.22,1,0,1,0,2
22.64,190.81,8.13,67,7.96,38.32,0.125,10,30.49,46.83,63.09,0,1,1,0,1
36.02,284.85,8.65,24,2.88,40.19,0.067,426,69.33,47.36,64.61,1,1,0,0,0
25.4,299.02,6.58,247,2.46,43.21,0.064,852,73.54,97.98,65.17,1,0,1,1,1
35.49,112.57,7.13,372,2.77,31.8,0.137,895,52.42,90.88,50.88,1,0,0,1,2
36.26,179.7,8.53,396,4.4,45.28,0.034,300,47.18,75.33,97.8,0,0,0,0,2
23.8,256.88,8.23,336,5.34,34.53,0.056,38,87.98,39.17,25.67,0,1,1,1,1
21.53,35.24,6.88,423,4.03,39.2,0.071,990,66.09,56.23,96.21,1,1,1,1,2
39.52,206.87,8.46,455,5.02,34.27,0.091,590,73.36,72.05,36.32,1,0,1,1,2
31.5,122.65,5.66,342,4.23,43.59,0.038,464,30.2,45.51,27.09,0,1,0,0,2
21.45,61.84,8.24,390,3.81,11.14,0.031,984,77.07,57.2,66.32,1,0,0,1,2
44.87,120.83,6.22,159,5.52,37.99,0.198,151,55.57,23.11,90.27,1,1,0,1,1
21.44,22.79,6.5,279,6.77,5.86,0.183,940,49.33,18.42,42.66,0,0,1,1,0
37.38,208.62,7.23,256,10.93,4.6,0.105,291,94.35,25.06,16.79,1,0,1,1,1
44.59,75.82,7.07,110,13.47,24.58,0.153,864,24.31,78.01,58.29,0,0,1,0,2
25.98,93.42,7.32,46,13.03,15.01,0.135,875,35.65,27.1,98.67,1,0,1,1,2
23.56,36.32,7.41,178,7.71,28.17,0.015,515,50.0,93.22,45.06,0,1,1,0,1
23.03,259.4,6.66,35,7.54,33.89,0.104,704,45.92,43.17,11.8,1,0,1,1,1
27.58,148.03,6.11,410,3.51,11.33,0.037,613,60.85,25.21,55.08,0,0,1,0,1
22.53,171.64,8.19,197,13.66,35.0,0.117,695,52.07,84.27,44.54,1,0,0,0,0
37.3,170.83,6.9,41,11.12,49.77,0.012,906,83.06,51.1,16.0,1,0,1,1,0
21.56,123.15,7.27,478,12.17,38.0,0.033,596,81.44,44.96,88.73,1,1,0,1,2
32.74,57.76,7.76,331,4.81,8.69,0.156,664,81.79,39.65,65.69,1,0,0,1,0
44.92,223.54,8.68,89,6.81,31.68,0.169,761,49.55,39.75,23.88,1,0,0,0,1
40.35,38.12,7.98,344,3.23,0.47,0.181,561,52.59,69.71,93.34,0,0,1,1,2
35.38,31.16,5.66,67,13.29,23.49,0.179,347,77.64,58.66,61.86,1,1,0,0,0
27.66,213.04,8.43,69,5.43,26.67,0.181,881,29.94,52.09,72.03,1,0,1,1,2
35.6,62.65,8.96,109,9.15,48.62,0.019,563,88.15,50.23,62.51,1,0,1,1,1
33.18,92.03,7.15,381,3.83,36.86,0.132,261,63.3,22.78,98.05,0,1,1,1,1
30.65,142.57,8.89,396,11.63,35.3,0.14,301,87.88,84.51,90.16,1,0,0,0,0
23.27,134.81,7.42,408,4.24,26.62,0.054,709,83.49,93.42,11.49,1,1,0,0,2
42.17,212.57,7.11,350,11.71,25.66,0.199,725,49.95,82.2,11.31,0,0,0,0,2
31.24,187.03,6.66,21,6.82,49.6,0.057,782,28.12,50.61,53.94,1,0,0,1,2
24.87,193.32,7.8,482,8.93,1.06,0.115,629,93.67,97.5,38.27,1,1,0,1,0
29.19,214.22,6.3,276,5.24,15.16,0.174,444,47.57,65.68,58.5,1,0,0,1,0
30.35,87.78,5.87,398,12.59,6.69,0.058,288,49.9,79.67,40.45,1,1,1,1,1
40.69,96.7,5.6,194,11.12,15.75,0.121,848,92.72,76.71,89.04,1,0,1,0,1
38.34,131.4,6.52,420,6.25,23.18,0.144,380,93.39,73.7,25.28,0,0,1,0,2
39.23,92.24,6.89,44,9.02,17.1,0.125,395,41.03,67.78,15.15,1,1,0,0,2
20.28,295.48,7.43,409,3.55,48.14,0.081,286,27.12,29.05,40.86,0,0,0,0,2
30.4,244.22,6.52,110,3.93,34.03,0.189,994,20.09,36.5,22.52,1,1,1,0,1
32.03,49.4,8.94,208,8.4,36.4,0.122,545,55.06,89.8,63.24,0,0,0,1,2
20.48,1.68,6.52,229,9.69,37.11,0.045,31,65.49,26.2,52.52,1,1,0,1,0
26.5,12.83,7.04,438,8.69,44.96,0.161,534,41.63,23.68,73.72,1,1,1,0,2
39.01,73.22,5.86,177,8.71,38.4,0.131,613,40.78,35.57,16.55,1,0,1,0,0
23.43,34.29,6.41,418,10.91,0.81,0.022,580,48.54,42.62,77.89,1,1,1,1,0
33.38,160.0,5.67,249,12.83,13.07,0.056,551,41.05,59.78,34.89,0,0,0,0,2
25.38,257.4,7.46,424,6.65,49.46,0.032,961,88.68,64.5,70.43,0,0,0,1,1
20.3,221.03,8.13,327,8.44,32.61,0.015,378,71.43,81.16,36.19,0,0,1,1,1
26.03,64.68,6.18,371,12.72,3.41,0.046,30,86.32,16.61,85.04,0,0,0,0,1
44.4,119.79,6.79,10,7.57,23.33,0.056,395,88.84,28.74,85.07,1,1,1,0,1
40.04,152.37,5.56,251,7.34,49.04,0.093,870,54.8,55.46,37.57,0,0,1,1,1
43.99,243.06,8.44,343,11.2,49.64,0.194,297,58.21,32.57,91.86,0,1,0,1,2
32.2,251.74,8.23,234,12.53,21.62,0.189,915,98.23,88.61,38.89,0,0,1,0,1
22.74,272.92,5.72,135,10.85,44.65,0.151,269,85.35,67.62,90.61,0,1,0,0,1
33.7,152.77,6.78,253,3.2,29.6,0.129,842,83.83,54.12,27.38,1,1,0,0,1
31.36,208.28,8.84,53,7.58,25.47,0.189,699,66.7,10.04,35.91,0,1,0,1,2
41.11,33.54,6.87,477,4.54,20.6,0.028,478,56.89,87.28,89.58,1,1,1,0,0
22.45,169.59,7.34,128,5.81,44.61,0.066,626,91.57,51.48,17.27,0,0,0,0,2
32.21,74.61,6.74,225,7.63,31.06,0.111,224,84.36,57.83,73.16,1,1,1,0,2
23.75,129.52,7.59,19,4.66,16.69,0.163,601,61.34,72.84,71.38,0,0,0,1,2
28.12,190.22,8.92,99,8.19,24.6,0.125,513,41.64,94.37,97.49,0,1,0,0,1
38.43,77.1,8.99,289,9.72,22.2,0.162,414,31.78,24.24,97.5,1,0,0,1,1
31.9,15.66,8.21,56,12.5,22.56,0.031,438,64.22,16.41,53.24,0,0,1,1,1
29.4,3.07,6.92,225,4.54,15.58,0.039,34,43.68,20.97,69.26,1,1,1,0,2
29.86,6.65,7.23,140,5.73,31.65,0.148,26,41.14,76.67,24.02,1,1,0,0,2
31.49,2.5,6.75,124,6.87,2.61,0.07,644,28.46,21.64,30.35,0,1,1,0,2
39.63,33.11,8.95,437,4.69,44.31,0.087,74,22.76,55.09,60.26,1,0,1,1,0
42.3,71.85,7.98,308,5.98,20.77,0.158,946,82.67,73.58,31.38,1,1,0,0,2
43.88,66.37,7.07,51,12.6,40.04,0.014,742,28.64,74.15,29.52,0,0,0,0,2
39.67,296.04,5.54,133,3.66,36.47,0.034,603,91.09,46.57,12.06,0,1,0,0,1
27.89,91.8,7.32,291,7.32,23.59,0.059,399,37.1,72.88,16.6,1,1,1,1,1
37.2,38.23,8.94,152,5.73,9.94,0.177,371,80.77,95.5,74.03,0,0,0,1,0
30.94,163.67,7.33,346,2.93,28.11,0.081,935,85.84,12.52,11.29,1,0,0,1,0
26.37,257.39,6.14,185,3.15,47.4,0.05,345,83.4,70.42,90.62,0,0,0,1,1
41.02,203.42,5.58,238,11.42,9.29,0.136,343,89.83,57.04,17.08,0,1,0,1,0
20.96,88.82,6.74,182,12.23,12.8,0.006,195,47.18,29.13,24.09,0,0,0,1,2
42.54,168.48,8.71,350,10.9,49.65,0.155,459,98.87,37.69,40.63,0,1,0,1,0
31.54,214.46,8.99,2,8.47,44.63,0.14,209,42.37,85.34,75.4,0,1,0,1,1
35.93,218.43,8.81,283,11.27,27.48,0.011,630,94.74,62.82,73.06,0,1,0,1,1
36.48,199.96,8.05,377,3.82,34.74,0.1,973,55.0,11.31,32.19,1,1,0,1,2
42.38,261.24,7.45,195,11.36,22.15,0.081,848,24.55,96.88,39.43,1,1,0,0,2
35.92,261.03,7.57,464,7.08,20.2,0.032,683,82.79,69.96,83.91,0,1,1,1,0
35.35,173.68,7.39,165,11.0,22.16,0.031,936,82.99,49.84,54.71,0,0,0,0,2
21.67,128.96,7.97,289,4.73,20.72,0.032,527,35.78,74.11,51.24,0,0,1,1,1
32.96,192.47,6.97,339,11.99,33.78,0.12,628,85.88,28.41,67.01,0,0,1,0,1
23.75,245.46,7.84,140,8.82,16.52,0.034,297,32.61,33.44,51.12,1,1,0,1,0
38.44,1.7,5.93,110,2.09,8.54,0.012,403,32.11,23.69,49.06,1,0,0,0,2
32.81,297.6,6.43,260,8.23,35.33,0.192,189,84.71,45.74,81.87,1,0,1,0,2
37.01,54.87,8.43,383,5.72,1.56,0.008,371,43.22,91.42,93.83,1,1,1,1,0
21.04,141.07,8.66,187,2.69,35.94,0.133,106,26.15,44.97,59.43,1,0,0,1,1
22.12,261.61,7.39,343,7.37,13.16,0.187,667,96.51,35.93,36.04,0,0,1,0,0
37.91,67.51,5.61,370,5.74,9.51,0.008,443,64.56,73.32,95.47,0,1,1,0,0
21.8,143.04,8.74,357,4.45,18.95,0.193,296,55.85,88.26,73.17,0,1,0,1,2
21.78,39.77,7.96,272,6.19,5.87,0.1,384,60.33,31.98,68.89,0,0,1,0,2
20.3,118.52,6.95,184,4.16,19.22,0.157,527,73.64,82.71,64.6,1,1,0,1,2
43.91,53.14,7.59,286,5.6,5.12,0.125,387,88.93,37.43,76.63,0,0,1,1,1
38.44,109.09,7.0,91,3.38,24.17,0.123,309,73.81,32.26,79.81,0,1,1,0,2
28.83,112.04,7.13,448,3.01,8.81,0.158,991,79.16,52.57,81.21,0,1,0,1,0
27.41,297.95,8.6,193,12.92,6.5,0.013,28,34.41,16.01,97.82,1,1,1,1,2
28.74,298.44,6.06,416,12.83,28.96,0.078,711,50.73,87.6,47.01,0,0,0,1,2
39.37,34.44,5.86,359,11.94,31.26,0.194,193,66.78,88.69,31.84,1,1,1,1,2
36.53,217.79,5.51,348,4.76,0.28,0.011,749,69.55,70.96,45.47,0,1,1,0,0
24.63,15.52,6.6,387,10.71,19.38,0.053,663,41.66,37.26,79.01,1,0,0,0,2
24.35,9.06,6.02,337,9.08,3.9,0.134,808,98.0,25.0,58.66,0,1,0,1,0
22.46,31.6,6.27,310,2.61,36.93,0.02,62,29.45,72.89,87.82,0,1,1,1,0
36.51,289.65,5.54,407,12.8,34.08,0.107,823,28.98,19.28,31.25,1,0,1,1,0
39.11,282.26,6.3,415,13.98,2.49,0.143,493,38.33,47.0,76.33,0,1,0,1,2
26.63,58.18,6.66,328,10.5,47.06,0.151,269,80.31,17.99,32.44,1,1,1,1,0
20.52,48.5,5.61,46,4.78,48.0,0.112,948,22.92,48.38,81.92,0,0,0,0,2
22.05,72.16,7.63,143,8.65,16.73,0.1,637,99.03,22.1,49.44,1,1,1,0,1
44.2,154.66,7.49,148,3.31,6.53,0.143,171,99.02,12.9,99.05,0,1,1,1,2
27.39,170.91,5.84,349,5.59,5.72,0.029,682,32.77,50.48,70.19,0,0,0,1,0
39.23,66.48,7.58,322,10.61,42.04,0.136,128,52.1,61.09,76.76,0,0,1,0,0
35.62,226.99,9.0,352,5.61,22.96,0.184,885,36.31,49.54,13.85,1,0,1,0,1
29.55,92.87,8.81,414,3.77,0.48,0.137,352,52.64,25.85,73.28,0,0,1,0,1
25.14,276.64,5.51,119,2.09,46.27,0.009,639,62.63,16.97,47.69,1,1,0,0,1
23.03,197.02,8.28,492,8.87,29.64,0.101,650,85.82,21.37,39.08,0,0,0,0,0
35.38,130.91,6.74,397,13.62,34.52,0.145,147,22.86,75.44,81.57,0,1,0,0,2
39.37,236.97,5.72,133,7.81,41.18,0.009,760,98.95,11.43,30.58,1,1,1,1,0
36.1,245.37,6.54,196,4.55,40.93,0.152,78,95.25,87.7,26.36,1,1,1,1,0
33.26,87.14,6.63,412,7.56,3.79,0.056,219,65.63,85.61,41.98,0,1,0,0,2
21.05,101.91,7.33,438,9.23,28.7,0.118,404,58.47,89.24,66.64,0,1,1,0,2
44.21,280.79,7.81,36,11.62,34.81,0.193,86,64.05,89.09,33.16,0,0,1,1,1
39.97,49.42,8.12,186,7.43,4.28,0.199,840,21.48,70.08,60.27,0,1,1,1,0
27.32,12.65,6.36,419,4.08,11.12,0.127,403,79.01,86.27,44.64,1,0,0,1,0
44.5,136.22,6.63,212,4.26,19.79,0.098,116,59.71,75.73,45.7,0,0,0,1,2
35.05,240.36,6.58,459,12.8,44.33,0.036,501,42.88,37.01,28.28,0,0,0,0,1
34.56,231.5,6.77,109,4.83,42.53,0.042,656,56.92,77.96,38.99,0,1,0,1,0
38.7,275.86,9.0,186,10.74,39.11,0.086,617,43.41,65.4,34.65,0,1,1,0,0
40.29,159.96,8.22,470,5.23,49.51,0.14,958,76.0,12.47,31.91,1,1,0,0,1
36.41,30.02,8.91,77,10.65,12.13,0.154,590,69.15,80.77,17.27,0,1,1,0,0
23.2,176.61,7.93,447,2.94,23.39,0.044,747,51.05,88.38,48.98,0,0,0,1,0
28.46,233.52,6.92,426,4.49,22.34,0.107,900,45.14,56.57,32.02,1,0,1,0,2
43.2,28.0,6.86,373,6.9,33.95,0.118,173,90.24,53.83,96.49,0,1,1,1,2
25.62,51.8,7.21,297,8.18,42.51,0.179,105,74.58,48.45,64.15,1,1,0,0,2
29.3,3.69,6.96,329,6.24,24.58,0.175,819,77.26,74.7,51.58,0,1,1,0,1
30.8,178.1,8.4,124,8.88,24.58,0.163,96,69.49,29.39,40.42,0,1,1,0,0
30.99,266.02,7.13,315,5.9,30.42,0.103,477,26.02,79.65,51.47,1,1,0,0,2
35.32,201.2,6.53,445,10.14,37.12,0.013,847,24.74,36.31,40.73,0,0,0,0,2
43.58,294.61,8.21,319,8.13,10.07,0.067,547,54.33,33.53,87.12,0,1,1,0,2
26.02,18.91,8.49,474,10.46,48.09,0.124,612,94.44,82.83,33.03,0,0,0,0,2
23.04,270.9,6.97,488,7.17,4.6,0.128,872,61.98,25.69,35.2,1,1,0,0,1
24.94,244.22,7.84,313,12.52,1.16,0.17,560,90.07,87.63,73.87,1,0,0,0,0
42.17,94.27,5.71,1,6.59,17.94,0.076,421,27.72,98.01,91.08,0,1,1,0,1
36.15,292.06,7.35,333,5.7,35.07,0.187,727,77.94,38.79,71.21,0,0,1,1,1
27.15,86.38,5.66,70,8.69,48.9,0.033,600,39.63,93.51,17.63,1,1,1,1,2
40.4,266.79,5.6,464,8.11,46.64,0.01,410,61.96,60.98,90.91,0,0,1,1,0
41.53,264.22,7.65,375,8.22,34.42,0.035,324,43.43,33.34,79.24,0,1,1,1,2
41.16,227.3,6.56,211,11.55,21.83,0.092,945,76.99,50.74,31.57,0,1,1,1,2
42.97,169.04,8.1,7,9.06,29.79,0.165,880,52.07,82.0,15.63,1,0,0,1,0
26.31,36.0,8.64,183,12.62,48.43,0.031,468,56.97,70.0,74.57,0,0,1,0,2
38.88,159.59,5.99,467,9.43,13.28,0.11,426,39.63,54.53,31.11,0,1,0,0,2
31.51,107.04,8.04,163,2.26,23.91,0.155,354,42.52,33.16,57.14,0,1,1,0,0
41.05,237.67,7.3,452,12.44,34.65,0.007,325,34.36,75.32,18.06,1,1,0,1,1
38.21,227.44,5.89,268,12.08,0.51,0.008,8,64.3,38.2,61.13,1,1,0,1,2
39.41,273.18,7.78,294,2.59,19.06,0.098,90,31.6,39.79,11.93,1,1,0,1,2
36.4,4.45,7.63,357,3.5,28.4,0.037,704,41.46,77.22,58.06,1,1,0,1,1
24.44,242.73,7.3,80,8.68,45.05,0.09,285,62.44,60.26,85.03,0,1,0,0,2
33.63,281.54,8.74,261,2.51,49.6,0.009,142,41.99,26.73,62.27,1,0,0,1,2
44.62,236.79,7.32,274,6.93,27.82,0.195,415,67.08,71.84,89.62,1,1,1,0,1
43.43,39.06,8.97,408,13.7,47.23,0.131,723,21.13,33.22,59.4,1,0,1,1,1
21.08,24.38,7.28,386,4.07,4.96,0.137,899,97.86,78.44,71.87,0,0,1,0,1
24.12,6.25,5.91,104,4.47,35.06,0.102,955,78.4,53.08,42.96,0,0,1,1,1
23.29,188.62,7.15,308,10.12,20.03,0.165,950,60.31,63.55,36.71,1,1,0,0,0
38.15,188.9,6.14,27,2.53,37.55,0.167,801,93.67,64.09,40.22,0,1,1,1,1
40.44,296.07,7.59,409,11.85,43.39,0.032,631,89.58,23.21,19.25,1,1,1,0,1
25.34,119.41,7.93,46,4.39,2.69,0.154,60,49.32,68.54,32.9,1,0,1,1,2
32.65,99.57,7.14,391,8.38,46.77,0.113,293,29.29,88.04,44.83,0,0,0,1,0
41.02,187.33,5.84,312,4.99,3.41,0.152,339,40.18,90.21,40.74,1,1,1,0,1
38.32,247.68,7.14,54,9.91,37.67,0.184,878,36.7,71.97,54.6,1,0,1,1,2
33.56,281.03,5.79,78,9.05,3.45,0.067,818,80.0,97.21,53.94,0,0,0,0,1
34.76,240.94,7.89,0,13.36,43.08,0.114,185,63.85,63.84,76.19,1,1,1,0,1
32.71,128.0,8.27,167,7.35,10.25,0.157,91,88.01,32.94,45.62,1,1,1,0,1
27.44,190.47,8.87,22,12.5,21.7,0.197,230,59.18,69.42,70.95,0,0,0,0,1
34.13,256.89,6.02,227,8.91,46.63,0.123,536,81.58,91.83,90.16,0,1,0,1,1
37.22,147.18,7.36,437,12.97,39.6,0.144,138,45.87,42.3,51.02,0,1,0,0,0
41.83,65.01,7.49,297,5.5,39.29,0.169,881,68.17,33.84,59.81,0,0,1,1,1
35.91,50.92,8.73,463,8.6,38.17,0.15,775,71.15,96.99,70.95,0,1,0,1,2
39.03,0.05,7.7,433,6.68,28.47,0.188,801,80.74,78.99,54.47,0,1,1,0,0
24.0,215.47,6.01,259,2.79,47.57,0.046,794,83.96,14.48,24.69,1,0,1,0,0
31.54,33.33,7.03,263,8.89,41.58,0.182,875,42.12,60.51,36.42,1,1,0,0,2
20.23,73.15,7.79,163,11.53,22.01,0.041,661,50.8,31.1,12.54,0,0,1,0,0
26.17,89.36,7.95,9,8.67,37.13,0.113,189,36.57,35.81,71.52,1,1,0,0,0
38.16,168.11,8.52,115,5.35,49.91,0.105,583,79.83,17.88,35.16,1,1,0,0,0
44.8,119.39,6.13,157,5.17,43.55,0.166,352,41.66,30.79,84.13,0,1,1,0,1
22.48,202.4,8.83,355,4.85,0.06,0.08,38,51.28,55.47,69.03,0,1,0,0,2
30.04,16.69,5.71,271,13.76,36.89,0.029,72,84.24,17.07,76.25,0,0,0,1,0
40.0,37.18,8.94,157,6.79,44.89,0.141,885,47.18,90.07,89.42,1,1,1,0,0
25.1,149.76,8.5,319,5.8,16.39,0.121,21,43.32,79.79,48.31,1,0,0,0,1
33.88,101.09,7.81,363,7.02,48.87,0.165,712,72.09,44.32,26.98,0,1,0,0,2
38.33,88.74,8.07,201,3.39,20.06,0.152,30,98.03,21.72,94.2,1,1,1,1,0
35.4,20.11,5.75,120,4.35,21.06,0.179,289,25.01,99.46,99.62,1,0,1,0,2
24.7,268.72,5.65,138,8.11,8.04,0.168,835,86.78,60.7,29.62,1,0,1,1,1
28.88,207.55,5.86,161,11.59,4.83,0.137,877,29.73,48.07,76.69,1,1,0,0,1
39.59,36.49,5.81,207,12.52,26.83,0.093,77,47.59,27.88,16.5,1,1,0,0,2
33.86,19.51,7.42,54,12.39,30.14,0.004,442,53.34,28.29,12.47,1,0,1,0,0
20.13,292.46,6.25,338,13.34,18.34,0.062,775,77.5,81.66,70.76,0,1,1,0,1
39.02,204.35,8.51,491,3.51,30.33,0.146,436,94.13,56.79,32.96,1,1,0,0,1
20.88,125.24,7.06,259,2.49,19.73,0.012,360,28.16,98.56,88.11,1,1,1,0,0
38.64,210.52,7.93,432,3.27,43.41,0.151,994,79.58,95.78,56.18,0,1,1,1,0
25.06,226.9,7.79,43,9.21,47.69,0.103,725,45.78,28.61,80.38,1,1,1,1,1
43.95,233.99,6.62,158,8.67,29.68,0.174,53,92.15,99.94,19.31,0,1,0,0,2
29.2,143.36,6.35,303,10.05,42.11,0.132,370,42.26,98.79,88.7,1,1,0,0,1
28.17,128.96,6.7,354,6.45,42.69,0.16,581,75.51,81.94,27.09,1,1,1,0,2
23.72,3.31,8.29,97,6.7,35.69,0.034,96,33.18,45.18,61.14,1,0,1,1,1
27.64,277.97,7.55,25,8.55,9.6,0.035,884,96.64,30.17,64.87,1,1,0,0,1
41.92,180.99,6.39,358,2.95,7.75,0.042,529,20.35,19.28,15.94,1,0,0,1,1
44.91,60.95,8.36,197,11.6,45.97,0.067,647,38.63,14.68,97.98,0,1,1,1,1
29.21,275.88,5.69,96,13.07,13.25,0.181,646,74.08,83.87,37.2,1,1,1,0,2
31.22,274.48,7.95,238,6.65,12.32,0.155,863,88.28,95.1,74.27,0,1,0,0,2
38.05,296.76,7.04,474,10.87,8.31,0.073,902,99.48,79.53,66.85,0,0,0,0,2
42.15,262.22,8.06,11,8.59,26.37,0.184,393,33.86,78.31,12.98,1,1,0,0,2
34.83,299.34,8.75,44,4.83,33.85,0.156,35,44.57,47.37,87.61,1,0,0,0,2
29.79,73.41,8.13,391,2.81,33.81,0.131,317,91.35,67.71,37.4,1,1,0,0,0
30.32,252.67,7.05,8,4.95,13.05,0.087,369,22.6,70.41,32.42,1,0,1,0,0
37.39,246.91,6.03,0,9.26,4.74,0.13,50,78.67,33.16,15.27,1,1,1,1,2
20.08,69.28,8.32,388,2.48,15.51,0.119,990,53.84,76.48,32.53,0,1,1,0,2
35.49,29.53,7.11,326,12.03,25.17,0.156,286,75.11,23.15,65.81,1,0,0,1,2
28.89,293.83,5.76,209,13.64,30.62,0.045,649,61.99,36.41,28.08,1,0,0,0,0
39.85,88.81,8.02,53,3.0,13.53,0.177,595,70.17,63.07,51.99,0,1,1,1,0
22.32,261.27,6.52,103,4.96,9.16,0.118,242,73.33,58.56,81.97,1,1,0,1,1
34.71,1.24,5.67,151,10.11,42.08,0.161,290,70.5,73.41,95.97,0,0,1,1,1
32.02,6.31,8.66,409,11.67,42.9,0.069,412,73.17,62.46,73.04,1,0,0,0,1
36.06,139.76,7.19,9,6.15,14.0,0.078,221,65.47,14.46,27.62,1,0,1,1,2
21.62,71.61,6.48,444,8.18,28.01,0.187,944,77.11,97.99,44.48,1,1,1,1,1
34.5,206.95,8.01,39,12.7,21.99,0.124,30,82.08,78.71,59.86,0,1,1,0,2
34.04,169.67,8.6,43,6.61,7.1,0.064,864,83.03,89.24,88.43,1,1,0,0,2
34.02,23.25,5.5,367,2.98,47.03,0.016,631,88.28,82.35,59.3,0,1,1,1,2
35.09,48.79,7.91,267,13.94,0.49,0.087,871,45.31,29.12,54.22,1,0,1,0,1
36.91,116.41,8.18,277,4.16,9.38,0.17,752,79.66,93.94,33.37,1,0,1,1,2
40.12,55.68,6.23,154,2.59,17.28,0.05,67,95.73,98.57,54.96,1,0,0,0,1
26.75,237.67,7.21,450,6.93,42.82,0.172,993,49.4,17.08,38.68,1,1,0,1,2
40.63,124.82,5.81,81,3.46,39.43,0.032,784,82.21,24.26,60.8,1,1,0,0,1
32.46,28.03,8.11,196,13.74,28.99,0.026,481,43.32,99.13,82.78,0,0,0,1,2
21.93,145.3,8.47,397,6.57,34.75,0.121,95,34.05,36.41,95.12,0,1,1,1,2
21.46,27.25,5.88,408,11.91,17.05,0.161,224,55.71,83.78,82.86,1,1,1,0,1
28.36,38.68,8.36,51,4.12,47.03,0.156,548,84.52,16.67,84.55,1,1,1,0,2
39.62,71.88,8.2,222,3.67,1.34,0.109,734,44.57,75.92,42.22,0,0,1,0,2
37.69,257.86,6.71,468,9.79,5.05,0.128,345,43.6,73.13,72.6,0,1,1,1,2
39.72,277.38,7.92,367,12.91,46.28,0.052,222,42.21,94.39,44.93,0,0,1,0,1
32.93,247.88,5.5,373,3.37,47.25,0.11,990,37.45,75.58,12.18,0,0,0,1,0
31.0,100.22,8.76,58,9.07,24.53,0.042,283,68.89,13.73,89.61,0,0,1,1,0
23.69,81.73,7.43,293,3.02,28.82,0.186,253,39.47,50.54,14.71,0,1,1,1,2
28.2,164.75,7.67,495,11.75,45.13,0.136,677,94.79,41.31,20.4,0,0,0,1,0
30.85,216.56,7.83,275,12.91,42.67,0.113,747,47.67,61.37,11.66,0,1,0,1,2
22.22,298.01,7.46,333,9.55,43.1,0.049,119,63.39,48.55,16.05,0,0,0,0,0
25.52,39.47,8.5,275,10.26,18.59,0.082,137,52.73,35.28,15.31,0,0,0,1,0
34.96,14.79,7.63,439,2.67,41.53,0.156,327,97.02,69.49,70.96,0,0,0,1,1
38.39,208.31,8.68,356,2.88,3.47,0.048,877,53.92,38.0,86.81,0,0,1,0,1
44.96,249.67,7.54,109,4.16,24.35,0.026,739,65.1,86.56,81.7,0,0,0,0,0
43.33,253.9,6.1,29,5.29,11.87,0.061,594,81.07,39.07,66.37,1,0,1,1,1
36.06,203.54,8.7,106,11.12,1.79,0.159,539,33.7,56.38,80.74,1,0,1,1,1
30.53,286.2,7.89,296,7.23,30.86,0.177,708,22.61,84.34,51.09,0,1,0,0,1
35.9,153.3,7.95,339,2.94,3.81,0.083,87,56.39,84.06,91.58,1,0,1,1,1
39.64,274.14,8.95,326,12.23,6.01,0.156,372,64.05,62.75,51.39,0,1,1,1,2
22.96,290.34,5.76,318,13.93,4.09,0.066,633,42.96,44.19,12.54,1,0,0,1,2
30.25,254.15,7.0,452,7.46,48.75,0.102,390,57.0,60.21,73.22,1,0,1,0,2
41.0,92.93,6.34,94,8.14,1.96,0.004,339,69.21,86.47,84.77,1,0,0,1,0
29.6,58.86,7.71,284,2.94,13.49,0.142,513,97.86,29.69,30.21,0,1,1,0,2
34.3,164.44,8.32,206,6.6,32.6,0.144,824,68.14,21.02,38.61,1,0,0,1,1
34.69,135.9,8.88,472,6.46,41.17,0.02,746,55.91,62.38,72.55,1,1,0,1,2
24.61,263.33,7.09,332,13.59,30.41,0.072,265,21.8,61.66,61.64,1,0,1,1,0
29.06,30.01,8.25,171,9.93,48.83,0.097,81,44.85,36.38,90.1,1,1,0,1,0
28.36,77.32,8.71,471,11.39,16.89,0.155,865,48.68,49.1,52.99,0,0,1,1,2
20.65,225.54,7.89,78,3.54,23.6,0.165,397,58.16,17.97,70.52,0,0,1,1,1
20.6,28.5,6.35,471,7.0,41.07,0.144,713,82.57,21.77,34.45,1,0,1,0,1
40.79,96.23,7.63,249,4.3,34.08,0.043,357,82.07,84.55,93.65,0,0,1,1,2
26.83,116.15,8.89,217,12.32,10.7,0.071,799,87.62,51.8,43.28,0,1,1,1,1
32.95,186.78,8.96,338,3.83,24.93,0.049,180,43.2,18.98,58.56,1,1,1,0,2
27.47,47.44,7.75,56,7.27,48.8,0.127,514,47.72,96.57,65.48,0,1,0,1,1
43.52,258.18,8.6,407,2.64,43.15,0.129,559,32.02,28.89,32.88,1,1,0,0,2
26.48,134.26,6.2,146,9.61,9.59,0.003,135,88.59,38.52,38.51,1,1,1,1,1
30.74,275.11,6.36,233,7.78,8.99,0.146,264,72.18,97.53,55.22,1,1,0,1,1
41.82,140.36,8.84,16,7.98,41.42,0.046,202,26.2,26.28,34.38,1,1,1,1,0
41.05,82.51,5.97,367,3.22,9.94,0.16,783,44.29,97.19,21.71,0,0,1,0,0
24.65,42.55,6.17,196,8.17,22.64,0.167,481,32.22,75.0,85.29,0,0,0,1,0
40.07,1.12,6.97,188,8.77,9.04,0.159,855,97.54,48.42,39.23,1,0,1,1,1
31.45,159.65,7.56,131,13.55,0.73,0.082,286,45.97,63.54,47.44,1,0,0,0,0
32.07,32.15,7.61,247,2.4,43.77,0.07,132,59.72,55.71,59.24,1,0,0,1,2
23.34,117.52,6.52,149,13.07,38.95,0.087,96,45.43,82.43,85.82,0,1,0,0,0
22.02,176.78,8.72,201,7.75,23.53,0.105,93,57.94,15.66,22.63,1,1,1,1,2
38.2,82.71,8.7,212,4.52,7.98,0.05,886,99.89,83.21,66.34,0,1,1,0,0
32.41,52.57,6.87,216,9.99,40.32,0.186,93,42.99,97.36,41.6,0,1,0,0,0
30.92,232.42,7.02,5,8.2,17.97,0.101,718,42.61,48.66,88.26,0,0,1,1,2
38.24,284.04,7.96,157,4.72,33.1,0.015,294,49.71,27.23,69.51,1,1,1,0,2
39.14,30.13,7.82,348,9.52,15.83,0.199,15,33.55,19.79,23.07,1,1,1,0,0
23.97,46.68,6.84,74,7.68,21.61,0.097,473,79.12,41.21,36.72,1,0,0,1,0
35.26,288.0,6.95,394,10.27,26.77,0.189,959,50.35,21.76,13.25,1,1,0,1,2
23.38,11.34,6.72,250,10.27,38.1,0.078,459,66.47,30.67,79.35,0,0,1,0,0
38.78,293.29,6.32,303,7.67,41.6,0.045,210,72.9,68.9,47.15,0,0,0,0,1
36.42,1.39,7.1,45,6.69,22.18,0.147,558,22.84,47.42,14.38,0,0,1,0,0
43.92,262.1,7.9,410,2.76,11.65,0.086,442,71.52,91.09,11.21,1,1,1,0,0
21.72,92.2,8.1,402,7.93,7.68,0.176,98,62.62,51.75,96.0,1,1,1,0,1
21.43,281.58,8.23,341,4.92,17.04,0.093,19,26.63,23.87,86.71,1,1,0,0,2
27.05,95.08,6.81,347,2.64,40.09,0.068,20,29.96,22.48,40.1,0,1,0,0,2
26.54,196.29,8.18,314,5.96,13.7,0.193,180,55.26,72.38,56.49,0,1,0,0,2
26.17,24.01,5.52,379,3.05,2.38,0.166,484,47.7,67.05,61.83,0,0,0,0,0
42.66,72.7,7.17,451,8.96,28.21,0.041,846,55.0,73.71,56.38,0,0,0,0,0
26.24,232.1,8.28,228,8.04,1.68,0.098,693,70.84,40.49,37.72,0,0,0,1,2
26.8,158.61,7.71,181,11.51,44.25,0.023,560,32.35,92.35,45.15,1,1,0,0,1
38.98,278.39,7.16,82,5.21,33.9,0.022,399,73.0,20.24,26.31,1,0,1,0,2
31.24,128.63,7.76,144,6.46,12.84,0.171,271,85.45,12.96,12.99,0,1,0,1,1
39.42,260.94,8.67,49,10.27,23.45,0.186,22,20.23,76.79,23.93,1,0,0,0,1
21.63,134.69,7.48,423,13.92,36.96,0.148,107,49.48,70.94,11.18,0,0,0,0,0
32.19,293.77,8.3,99,12.85,45.78,0.198,835,42.01,54.42,48.98,0,0,1,0,2
20.84,287.95,8.93,342,8.25,43.72,0.009,604,54.56,13.93,69.48,1,1,0,1,0
21.57,98.74,7.97,369,10.14,3.48,0.066,676,69.22,20.28,26.28,0,0,0,0,0
42.66,265.78,7.51,219,8.38,4.06,0.026,23,35.01,27.58,58.05,1,0,1,0,1
23.48,254.28,5.63,138,7.22,29.89,0.156,828,30.73,67.49,39.25,1,0,1,0,1
33.31,63.2,6.81,377,9.23,24.82,0.178,775,78.31,69.67,20.8,0,1,1,1,1
30.28,187.29,7.48,13,6.64,14.65,0.089,747,74.86,70.92,21.48,1,0,0,1,1
28.68,21.8,8.29,12,5.36,48.81,0.166,452,56.87,82.27,65.63,1,1,1,1,2
42.5,251.01,7.03,343,10.47,37.31,0.17,618,60.11,12.23,20.59,1,0,0,0,0
20.55,52.36,8.86,249,12.46,34.37,0.028,540,41.59,67.89,59.79,0,0,1,1,2
36.59,21.24,6.45,335,5.46,9.07,0.075,114,46.33,32.64,27.16,1,0,1,1,2
44.08,120.07,8.11,411,10.48,14.2,0.038,393,45.61,61.39,87.95,0,1,1,0,2
34.0,173.08,6.97,477,7.21,30.25,0.134,951,78.11,76.41,14.5,0,0,0,0,0
43.42,256.48,7.2,171,5.63,39.78,0.077,881,64.45,74.8,44.84,0,1,1,0,2
21.31,292.27,8.31,488,9.45,46.55,0.134,619,78.36,35.91,78.54,0,0,0,1,1
30.47,131.85,6.54,318,13.27,34.89,0.175,584,67.26,41.98,77.42,1,1,1,1,2
26.5,18.13,5.84,358,6.22,20.93,0.083,661,63.65,92.56,23.03,1,0,0,1,2
38.27,224.73,7.32,105,11.11,34.55,0.194,777,45.65,86.4,27.71,1,1,1,0,2
44.53,169.55,7.35,188,5.78,3.46,0.082,595,51.64,33.13,59.17,1,1,0,1,1
26.41,134.37,8.29,474,11.65,30.0,0.043,403,90.99,62.83,71.58,1,0,1,0,2
36.35,92.78,8.89,16,11.12,44.73,0.106,818,66.07,19.65,77.71,0,1,1,1,2
24.95,150.72,5.69,49,11.19,31.85,0.08,602,61.96,68.85,65.85,1,1,0,0,0
34.13,101.6,7.57,248,13.97,0.38,0.025,101,24.25,65.92,80.48,1,0,1,0,2
31.6,227.1,7.88,409,3.69,34.73,0.005,265,73.67,33.75,49.59,0,0,0,0,2
44.3,163.17,8.95,390,6.67,36.32,0.149,82,74.88,47.97,60.45,0,0,1,1,1
35.21,263.05,8.8,378,9.57,27.06,0.187,936,75.25,80.41,48.99,1,0,1,1,0
28.74,163.06,7.99,226,9.09,40.8,0.088,733,27.3,32.99,78.49,0,0,1,0,1
22.85,71.48,7.33,78,11.37,10.11,0.013,719,44.04,79.15,25.73,0,0,1,1,1
23.78,255.33,6.07,271,2.56,20.45,0.148,295,49.7,38.47,32.72,1,1,0,1,1
25.63,167.17,6.84,212,10.46,40.38,0.173,971,86.12,85.56,85.31,1,1,0,1,2
26.27,62.05,7.55,16,10.85,30.18,0.065,245,98.45,12.75,74.3,1,1,0,1,1
41.27,187.05,8.04,492,2.73,49.72,0.044,260,53.18,33.23,76.17,1,0,1,0,1
34.03,107.32,7.72,345,8.46,3.46,0.067,810,64.34,25.99,18.92,1,0,1,1,0
33.08,253.32,8.0,418,4.94,12.22,0.182,706,20.59,90.15,53.6,0,1,0,0,1
22.87,135.99,7.0,250,11.62,9.96,0.084,151,20.7,48.57,60.79,1,0,1,0,1
41.5,217.93,8.05,339,2.6,48.82,0.131,373,25.96,59.1,80.19,1,1,1,1,1
38.07,28.66,6.0,83,3.75,43.46,0.015,345,77.56,31.79,48.0,0,1,1,0,0
21.69,118.81,6.07,406,3.25,6.66,0.056,670,34.25,21.55,58.66,0,0,1,1,0
37.7,294.97,6.07,196,2.78,17.69,0.046,494,80.63,63.84,31.45,0,0,0,0,0
33.59,242.54,8.62,264,9.2,2.63,0.013,826,54.55,35.5,84.89,0,1,0,1,1
22.04,47.98,5.77,470,12.42,31.63,0.024,117,88.0,93.6,92.25,0,0,0,1,0
31.46,83.33,8.31,17,8.13,16.56,0.083,627,89.63,52.87,51.77,0,0,1,1,2
32.12,98.94,6.32,220,4.53,12.88,0.112,706,90.39,22.43,49.35,1,0,1,1,2
24.14,195.11,7.14,330,6.13,26.16,0.062,958,63.48,12.14,39.54,0,0,0,0,1
43.64,227.1,8.71,234,6.32,39.78,0.084,373,83.08,30.91,34.01,1,1,0,0,1
41.25,224.86,7.55,175,7.42,20.2,0.152,128,72.95,38.79,59.8,1,1,1,1,1
36.73,152.96,6.24,71,7.05,37.87,0.049,202,34.94,28.63,25.19,1,0,1,1,0
31.56,243.25,6.49,90,10.05,22.31,0.007,836,50.52,42.9,63.04,0,1,0,0,0
30.29,131.12,8.72,321,6.08,10.73,0.051,198,96.99,89.11,60.52,1,1,1,0,2
36.27,37.16,7.0,22,9.96,22.31,0.184,766,81.81,14.32,72.47,0,0,1,1,1
33.64,169.33,7.55,212,8.56,26.9,0.004,928,41.04,82.11,30.32,0,0,1,0,2
21.56,285.69,7.11,393,2.58,23.08,0.026,76,42.48,48.32,73.18,0,0,1,0,0
32.81,237.9,6.82,293,13.04,13.72,0.013,446,40.33,91.58,11.52,0,0,1,0,1
40.16,173.61,6.28,127,4.14,9.26,0.075,425,46.31,70.03,58.1,0,1,1,1,1
31.48,194.04,7.9,58,7.42,47.35,0.13,670,94.26,24.84,85.97,1,1,0,0,1
21.3,279.17,8.01,323,13.37,14.87,0.182,507,54.68,96.35,75.5,1,1,0,0,1
39.66,128.5,6.46,84,4.97,35.27,0.159,51,49.14,23.92,86.57,1,1,1,1,2
25.03,99.42,8.26,228,2.27,17.03,0.05,177,39.13,40.27,23.35,0,0,0,1,0
26.47,293.17,8.49,374,7.88,48.48,0.127,780,91.39,98.09,74.7,0,0,1,0,2
24.12,259.03,8.72,426,4.69,49.41,0.133,448,96.59,29.07,52.22,0,0,0,1,0
28.26,96.91,6.06,267,8.98,41.25,0.018,112,45.88,66.81,39.08,0,0,0,0,1
38.92,139.13,6.56,111,11.81,29.07,0.085,235,69.33,97.98,42.02,1,1,0,1,2
32.98,124.52,8.51,115,8.13,27.1,0.062,886,96.67,72.0,19.17,0,0,0,0,2
25.12,44.73,6.19,436,9.74,16.45,0.031,165,59.96,69.65,72.73,1,0,0,0,2
41.95,287.35,5.51,237,9.99,6.1,0.012,550,57.49,65.94,66.87,1,1,0,1,2
41.99,121.29,8.55,397,11.85,3.95,0.005,864,62.22,59.99,23.74,1,0,0,0,2
41.76,262.6,6.64,51,10.26,23.27,0.172,297,22.65,95.42,58.98,0,1,1,1,2
25.97,56.81,6.95,83,13.71,48.94,0.066,379,44.01,58.94,21.67,1,1,0,0,0
31.28,164.36,7.06,110,7.47,12.34,0.099,610,75.92,69.7,38.2,1,1,1,1,1
44.62,7.19,8.47,199,2.6,20.55,0.058,166,97.34,76.5,13.97,0,1,0,1,1
39.3,229.27,6.68,218,6.73,32.07,0.033,553,65.5,57.49,65.9,1,1,0,0,2
20.68,174.27,8.62,228,12.08,17.55,0.052,361,35.24,89.89,11.12,0,1,1,1,1
21.63,187.68,7.66,316,3.6,0.18,0.034,840,54.15,12.05,33.47,0,1,1,0,1
31.6,15.52,7.35,424,10.83,19.81,0.152,453,59.2,45.57,34.0,1,0,1,0,0
42.73,63.31,6.64,20,8.43,40.23,0.182,503,32.18,65.5,77.35,1,1,1,1,1
33.47,22.3,6.35,175,12.81,47.2,0.087,616,46.34,11.71,50.56,1,1,0,1,0
32.45,86.67,7.68,55,10.77,13.75,0.165,758,55.61,94.32,61.59,1,1,1,0,0
22.64,188.23,7.06,290,9.93,46.08,0.085,456,40.95,84.37,32.42,0,0,1,1,1
36.42,169.86,8.69,299,12.64,43.36,0.089,858,48.31,29.71,59.29,1,1,1,1,1
40.55,183.64,7.22,294,12.9,20.34,0.097,297,42.1,39.86,23.43,0,1,0,0,2
29.51,164.78,7.29,496,6.62,0.23,0.164,924,69.03,70.94,99.31,1,1,1,1,2
39.39,81.91,6.96,142,13.13,42.24,0.187,707,66.29,40.69,56.53,1,0,1,1,1
44.11,73.35,8.26,494,2.66,14.34,0.149,664,64.14,87.11,89.14,0,0,0,0,2
25.09,41.12,6.99,395,11.15,37.79,0.178,783,27.74,32.36,19.51,0,0,1,0,1
33.08,254.72,6.44,372,6.04,28.58,0.129,184,34.68,83.65,63.14,0,1,1,0,2
27.18,184.94,8.52,225,7.85,11.08,0.168,417,28.87,51.81,70.39,0,0,0,1,2
39.82,55.95,7.59,7,12.03,32.41,0.111,714,25.06,50.8,81.01,1,0,1,0,0
34.44,53.16,7.57,123,9.64,38.24,0.155,776,39.75,25.16,53.73,0,1,0,1,2
35.86,261.91,7.64,245,7.49,23.72,0.141,674,35.56,98.5,13.25,0,0,1,1,2
39.95,222.82,8.02,100,3.97,37.4,0.15,794,78.0,41.03,33.51,1,1,1,0,2
29.9,197.82,6.6,477,13.27,20.25,0.047,934,75.67,28.42,35.26,1,0,1,1,1
42.88,122.06,5.62,322,5.99,49.01,0.031,940,36.11,12.92,38.66,1,1,0,1,2
33.33,78.59,8.34,349,3.21,11.99,0.131,122,33.25,54.42,18.3,0,1,1,0,2
23.95,293.84,5.95,92,8.77,38.89,0.097,236,31.59,12.9,10.06,1,1,0,0,0
37.4,239.17,8.03,384,6.88,37.48,0.153,443,45.6,50.98,56.77,0,1,0,0,1
39.83,90.53,5.79,253,9.09,26.47,0.029,603,43.53,91.24,76.31,1,0,0,0,1
27.92,254.27,6.81,79,4.8,17.52,0.19,426,22.28,54.82,30.71,0,0,1,0,1
41.43,227.68,5.72,297,6.54,22.29,0.141,60,65.43,13.9,72.44,1,1,0,0,2
42.65,89.12,7.33,30,13.67,31.47,0.005,708,91.84,33.79,75.8,0,1,0,0,1
26.92,127.97,7.79,377,13.24,26.52,0.115,911,63.11,14.39,47.01,1,1,0,1,2
44.59,55.79,6.1,329,12.37,38.08,0.063,91,25.1,89.38,57.25,0,0,1,0,0
23.52,33.32,6.8,413,11.35,18.03,0.055,897,67.96,31.61,38.26,0,1,0,1,0
25.05,216.83,8.76,298,3.88,5.36,0.18,233,58.8,15.86,43.77,1,0,1,0,1
24.61,80.25,7.05,281,7.6,25.28,0.167,969,92.55,96.81,63.02,0,0,1,1,2
42.35,246.02,8.31,11,10.73,12.95,0.002,530,49.06,53.84,42.57,0,1,1,1,0
36.36,298.68,8.75,126,5.14,30.83,0.036,831,80.16,46.51,55.1,0,0,1,0,0
23.8,22.99,8.91,359,2.4,26.02,0.144,787,23.08,93.44,76.94,1,1,1,0,1
31.01,141.91,8.64,186,7.02,38.94,0.17,825,77.72,57.78,96.81,0,0,0,1,1
35.38,240.62,6.61,68,7.1,28.76,0.144,955,23.32,35.33,90.2,0,0,0,1,0
22.09,236.69,8.87,328,2.78,21.54,0.105,741,47.58,81.28,92.3,0,0,0,1,1
42.06,228.0,8.34,10,5.85,5.99,0.197,826,95.85,34.46,92.01,1,1,0,0,0
40.09,104.7,8.43,302,13.01,6.01,0.159,629,76.26,49.85,31.74,1,1,0,0,0
32.63,136.16,5.55,22,5.0,32.02,0.094,367,94.0,82.29,95.18,1,0,0,0,2
44.18,178.49,8.84,336,8.83,44.04,0.117,236,59.67,93.83,30.01,0,1,1,1,1
30.44,292.18,8.22,426,7.85,20.74,0.009,690,68.5,64.53,87.78,1,0,1,0,1
44.6,98.26,8.19,332,12.35,26.54,0.193,290,61.42,55.43,62.3,1,1,1,1,1
36.7,276.94,5.79,208,9.84,29.56,0.073,360,58.31,16.86,85.48,0,1,0,0,1
35.87,80.81,6.31,214,3.9,23.86,0.132,137,66.26,65.53,98.4,0,0,1,1,0
24.15,296.72,8.87,122,3.71,2.98,0.133,623,23.11,39.39,88.81,0,1,1,0,1
42.05,201.08,7.25,422,8.69,29.46,0.011,241,34.85,56.3,83.49,0,0,0,1,0
30.69,139.05,6.89,72,2.56,6.86,0.053,291,37.17,77.01,28.59,1,1,1,1,1
24.06,184.02,8.44,209,6.72,27.79,0.131,436,50.63,67.62,87.39,1,1,0,1,0
20.32,81.76,5.81,310,6.79,38.77,0.182,887,54.76,18.72,24.92,0,1,0,0,2
33.99,82.25,6.96,273,4.36,0.27,0.156,759,79.18,45.75,56.14,0,1,0,0,0
33.18,34.07,6.81,93,5.61,21.52,0.116,53,33.24,27.95,55.21,1,1,0,1,1
37.98,34.22,6.72,425,5.96,37.28,0.046,527,65.59,23.6,56.69,0,0,1,1,1
42.26,104.3,6.58,235,2.14,26.43,0.19,49,41.78,29.83,75.08,0,0,0,0,0
21.99,228.86,6.24,153,11.67,11.77,0.081,793,61.25,92.86,45.64,0,1,1,0,2
38.29,182.39,6.11,273,13.49,34.88,0.03,798,70.13,74.13,51.1,0,1,1,1,0
24.69,30.78,7.74,212,5.47,39.17,0.004,188,66.6,91.73,69.31,0,1,1,0,2
41.45,255.67,8.72,127,3.34,18.13,0.19,937,37.23,55.58,71.41,0,0,0,0,1
40.48,180.41,7.28,232,13.44,14.87,0.156,512,76.76,10.1,49.38,0,0,0,0,2
33.52,288.26,6.54,40,10.89,27.26,0.043,982,72.3,13.1,14.69,0,1,0,1,2
37.76,201.06,6.06,425,12.69,18.27,0.028,681,94.56,23.02,33.32,0,0,1,1,2
27.86,52.55,8.41,288,6.33,41.8,0.192,176,70.73,80.26,94.96,0,0,0,1,1
31.78,142.14,8.9,42,7.81,38.95,0.048,218,77.63,28.15,93.47,0,1,1,0,2
40.54,194.55,6.72,269,13.16,15.59,0.092,658,84.88,19.14,68.47,0,1,0,0,1
31.48,8.48,6.52,438,7.51,22.85,0.122,719,28.48,87.49,26.67,1,1,0,1,2
28.94,4.47,7.61,313,10.07,44.47,0.012,255,75.71,30.57,18.61,0,0,0,0,2
32.36,38.82,8.21,393,10.46,7.37,0.069,824,45.49,55.22,95.46,0,0,0,0,2
40.71,75.5,7.09,27,12.05,37.71,0.189,357,85.85,40.55,88.59,1,0,0,0,1
28.38,128.86,7.71,269,13.7,15.84,0.14,647,58.41,90.69,45.81,1,1,1,1,1
24.34,146.23,8.01,466,6.02,5.97,0.074,189,66.45,73.43,66.66,0,0,0,1,0
37.8,41.41,8.86,409,4.97,5.85,0.158,847,40.83,50.85,92.27,0,1,1,1,1
40.65,202.02,6.08,73,2.93,13.81,0.167,459,72.05,87.68,22.43,0,1,1,1,0
22.52,178.84,8.99,144,12.28,27.4,0.03,8,22.85,75.41,67.26,0,1,0,0,1
26.0,88.34,6.87,161,5.51,45.39,0.117,879,79.89,82.8,92.75,0,0,0,1,2
23.55,4.1,8.03,245,2.6,15.15,0.073,774,33.06,97.98,85.29,0,0,0,1,0
28.7,23.29,7.5,269,12.38,9.96,0.101,679,38.21,28.28,35.84,0,1,0,1,2
31.26,117.51,7.2,409,8.12,23.93,0.094,484,20.07,28.22,95.68,1,0,1,1,1
38.72,46.19,7.94,497,12.06,7.83,0.101,188,45.05,60.09,28.28,1,0,1,0,0
36.28,113.05,6.89,417,8.65,13.58,0.104,22,51.06,57.93,28.77,0,1,1,0,1
35.52,188.45,5.94,499,5.76,49.33,0.014,296,38.72,88.22,18.69,1,1,0,1,1
28.81,164.17,7.21,210,3.56,27.9,0.036,327,38.42,24.03,20.63,1,0,0,0,2
41.04,69.35,7.33,279,7.25,39.2,0.113,662,91.44,48.25,78.55,0,1,0,0,0
31.78,103.15,6.21,222,2.32,10.59,0.187,979,46.12,57.51,34.83,0,0,1,0,2
44.48,184.21,8.77,359,9.23,26.0,0.149,751,77.78,51.77,88.22,0,1,1,1,1
35.85,258.26,6.3,69,7.13,25.53,0.048,10,38.99,16.04,87.18,0,0,1,0,2
23.16,225.96,6.93,19,3.7,40.63,0.072,0,84.72,23.31,20.48,1,1,1,0,2
36.9,166.02,6.04,422,8.36,1.08,0.067,176,74.22,23.82,57.91,0,1,0,1,0
28.13,108.69,7.38,120,11.61,43.02,0.154,811,80.5,63.64,76.55,1,1,1,0,0
37.16,109.52,6.58,172,13.7,3.98,0.194,324,55.16,48.6,71.44,1,0,1,0,0
21.74,263.83,7.21,33,8.33,45.83,0.071,141,90.37,26.04,19.33,0,1,1,0,2
24.37,11.77,6.29,405,3.55,7.14,0.003,518,49.92,76.3,38.96,0,0,1,1,0
41.39,296.39,5.69,70,11.73,26.61,0.187,122,68.07,82.27,65.08,0,1,1,0,0
25.68,199.31,8.23,32,10.35,4.97,0.151,443,71.21,28.91,62.59,1,0,1,1,2
40.93,204.34,7.74,261,13.45,22.36,0.167,535,96.18,75.05,83.26,1,0,1,1,2
26.98,11.4,6.69,271,8.42,14.96,0.042,742,30.76,15.73,15.05,0,1,1,0,0
36.07,181.66,5.67,455,6.29,21.0,0.129,899,30.85,87.03,53.23,1,1,1,0,0
37.35,145.43,8.53,108,13.55,27.25,0.047,238,56.96,96.65,86.41,1,0,1,0,0
32.82,31.73,6.09,22,8.46,22.97,0.002,154,93.43,24.03,99.43,1,1,1,0,2
27.63,83.38,8.76,145,2.19,1.16,0.031,957,21.73,80.75,21.56,0,0,0,0,1
25.32,267.09,7.18,13,7.68,43.17,0.185,6,42.1,18.76,68.13,1,0,0,1,0
20.83,165.0,6.69,305,2.03,4.75,0.043,437,42.69,96.51,10.12,1,0,1,0,1
27.6,124.02,8.1,316,10.85,49.03,0.117,471,44.4,50.69,41.46,1,0,0,0,2
36.33,21.8,8.57,35,8.79,42.57,0.194,456,21.98,58.17,50.03,1,0,0,0,2
43.46,214.24,6.8,270,3.32,28.07,0.015,448,86.05,78.75,41.13,1,1,0,1,2
41.78,210.86,6.93,260,11.76,12.26,0.162,737,20.71,32.39,66.21,1,1,1,1,1
39.15,184.21,7.02,52,8.44,4.31,0.12,615,58.22,45.9,11.38,1,0,1,0,1
39.71,153.08,8.73,493,3.37,33.59,0.065,862,24.51,16.3,91.74,1,0,0,0,0
36.62,130.14,7.92,47,3.92,10.08,0.073,614,83.89,65.32,38.67,0,0,1,0,0
26.51,177.98,6.37,462,11.87,36.66,0.005,854,79.73,81.94,23.53,0,0,1,1,2
42.68,70.02,6.15,10,6.27,41.63,0.051,962,77.72,86.67,48.99,0,0,1,1,0
36.77,282.38,6.31,257,11.85,49.45,0.085,102,78.9,58.27,56.26,0,0,1,1,0
34.01,176.64,6.42,342,2.83,25.21,0.143,659,95.22,78.92,14.68,1,1,1,1,0
22.77,93.36,6.31,279,4.93,48.73,0.055,185,53.34,23.49,81.92,1,1,0,0,1
31.18,134.9,7.8,209,11.17,7.47,0.116,687,88.93,76.91,76.37,1,0,1,0,1
31.51,241.71,5.91,323,9.7,41.81,0.146,921,34.74,10.41,56.06,1,0,0,0,1
41.61,48.48,6.86,334,5.68,17.99,0.14,417,56.1,27.54,26.74,0,1,0,1,0
33.67,87.85,7.69,11,13.23,18.24,0.118,927,20.71,67.12,93.39,0,0,1,0,0
29.51,203.85,6.52,442,4.53,13.43,0.116,352,42.73,38.85,81.48,1,1,0,1,1
44.42,94.65,5.73,250,12.2,8.67,0.144,295,56.65,46.95,31.03,1,0,0,0,0
22.77,237.75,5.79,322,10.35,22.11,0.067,516,92.74,84.35,76.24,0,1,1,1,0
30.56,39.14,5.94,159,3.45,49.36,0.09,521,45.36,61.4,19.12,1,1,1,1,0
21.05,228.81,8.43,35,8.66,16.5,0.193,483,73.79,45.91,20.66,0,0,1,0,1
38.5,20.51,7.8,148,13.16,23.05,0.134,221,86.72,51.92,50.01,0,1,0,1,1
42.95,3.78,5.73,367,9.43,11.43,0.104,584,46.12,86.36,73.16,0,1,0,0,0
27.0,269.47,6.87,197,8.35,16.86,0.116,685,33.54,53.7,92.56,0,1,0,0,0
41.46,174.4,6.48,449,6.4,2.76,0.021,543,67.3,88.78,97.39,1,0,1,0,0
27.31,105.55,7.52,377,11.47,47.8,0.118,956,42.75,32.24,72.27,0,1,0,1,1
42.77,69.78,7.33,245,12.96,25.49,0.167,596,72.2,58.04,80.49,1,0,1,1,1
38.85,185.07,7.18,392,11.04,36.65,0.105,937,30.78,43.21,55.94,0,0,0,1,0
40.12,152.7,6.6,203,10.7,25.66,0.035,881,32.13,63.22,15.03,0,1,1,0,2
20.45,297.48,5.98,43,4.31,38.51,0.09,504,74.07,61.8,21.28,0,1,0,1,1
44.07,294.96,8.1,314,12.01,26.7,0.056,281,97.88,61.42,97.37,1,1,1,1,1
38.17,190.51,8.58,407,2.49,35.08,0.072,918,39.75,57.5,45.37,0,1,0,1,2
27.62,132.86,8.8,382,11.09,34.24,0.045,392,77.11,50.9,79.47,1,1,1,0,0
40.73,147.34,5.71,318,4.53,26.68,0.067,452,62.56,91.93,29.84,1,0,0,1,1
27.04,204.74,8.09,205,7.85,11.53,0.164,54,87.51,34.12,57.96,1,1,0,1,2
41.82,30.47,8.04,240,10.34,10.59,0.152,647,51.11,49.06,23.74,0,0,1,1,2
22.81,98.51,8.81,40,11.11,43.72,0.098,627,97.74,29.01,82.79,1,1,1,1,1
37.59,22.58,6.39,75,12.66,6.03,0.157,55,26.59,39.9,25.13,0,1,1,0,2
33.52,22.01,8.1,474,5.39,27.96,0.195,950,98.77,32.41,73.53,1,0,1,1,2
22.41,58.75,5.69,201,4.69,25.13,0.081,754,87.7,70.27,23.58,1,0,1,1,0
26.05,145.58,7.71,362,13.95,39.92,0.196,749,89.32,73.69,83.68,0,0,0,1,1
20.31,235.43,6.73,385,4.49,6.77,0.049,810,87.39,34.91,55.26,0,1,1,0,1
31.72,145.65,8.19,94,9.99,34.36,0.191,842,88.95,98.53,47.12,1,1,1,1,0
27.53,100.64,8.52,27,13.43,30.29,0.173,55,85.21,35.58,40.31,0,0,0,1,1
34.96,24.71,6.78,143,12.76,35.06,0.04,163,91.96,84.56,71.9,1,1,0,1,2
27.43,165.09,7.34,58,7.32,31.06,0.07,913,56.86,36.33,17.92,0,1,1,1,0
27.5,81.38,5.91,128,9.65,28.13,0.142,798,95.14,47.19,87.06,0,0,1,1,1
38.58,184.48,6.96,341,8.35,46.31,0.038,488,50.8,69.82,78.51,1,1,1,0,0
21.2,293.16,6.76,0,6.16,17.43,0.118,7,78.28,60.19,43.57,0,0,1,1,1
42.57,33.39,6.14,286,3.73,9.23,0.107,611,76.83,55.56,97.99,0,1,0,1,1
41.31,63.64,8.63,21,11.64,39.77,0.058,146,85.67,81.48,84.89,1,0,1,1,0
36.7,141.93,6.02,225,3.09,6.48,0.06,405,79.07,73.69,34.37,1,0,0,0,1
34.83,290.58,7.73,203,9.32,33.99,0.103,65,22.83,92.28,89.9,0,1,1,1,0
42.31,231.54,8.62,186,9.13,27.48,0.06,138,79.13,30.78,18.91,0,1,0,0,0
24.63,269.47,8.69,374,6.02,0.06,0.036,194,21.86,11.47,72.06,1,1,0,0,0
21.97,100.11,8.28,470,3.62,11.99,0.155,288,62.66,99.99,21.82,1,1,0,1,0
25.99,297.61,6.12,283,11.6,24.8,0.116,457,87.12,35.51,97.83,0,1,0,0,0
39.86,30.85,8.36,371,7.54,16.49,0.088,820,86.37,13.87,14.47,0,1,0,1,0
20.87,15.89,6.47,497,10.7,21.34,0.036,428,87.31,32.26,30.95,1,1,1,0,1
34.57,256.68,8.73,331,2.2,30.06,0.119,194,68.19,70.19,57.71,1,0,1,1,0
44.89,278.18,7.98,26,2.89,36.54,0.126,634,34.7,62.93,62.56,0,1,1,0,1
41.39,27.18,8.25,342,4.11,7.56,0.096,294,60.64,28.6,56.16,0,1,1,0,2
33.04,34.03,5.8,128,3.37,14.15,0.075,760,61.3,26.76,76.61,1,1,1,0,1
21.59,9.95,7.54,379,4.3,31.82,0.173,420,45.98,49.99,10.14,1,1,0,0,1
40.78,31.35,8.37,362,10.24,29.42,0.141,609,53.93,11.22,60.74,1,0,1,1,1
34.97,62.83,8.52,385,2.56,36.84,0.071,49,89.77,10.21,65.35,1,0,0,0,0
22.87,291.02,5.6,491,2.45,32.03,0.119,795,61.43,65.52,28.82,1,1,0,0,1
22.35,200.36,8.79,94,2.38,16.51,0.047,269,76.38,39.28,69.32,0,1,0,0,1
42.74,233.57,5.65,65,10.37,24.96,0.002,819,59.66,12.15,68.86,0,0,1,1,1
36.73,232.84,7.65,176,8.43,44.24,0.174,377,69.4,51.38,57.71,1,0,0,1,1
40.73,160.52,7.93,472,6.44,9.3,0.164,603,27.41,94.2,33.34,0,1,1,1,0
41.97,239.25,5.88,485,10.11,18.84,0.128,541,94.51,32.94,47.49,1,0,0,0,0
34.29,178.74,5.67,495,8.64,42.09,0.162,157,54.87,32.6,34.52,0,1,0,0,1
32.94,94.36,8.25,274,2.09,18.21,0.156,120,79.86,52.12,79.28,1,0,0,0,1
30.76,168.33,6.85,155,12.06,20.61,0.172,666,73.37,23.36,65.67,0,1,1,1,0
27.92,160.05,5.87,453,6.2,15.96,0.178,577,83.94,67.41,23.61,1,0,0,0,1
30.86,247.04,8.17,422,6.79,44.98,0.164,100,22.79,85.53,61.08,0,0,0,0,2
39.35,294.52,8.47,18,11.39,33.17,0.17,332,94.83,27.51,91.29,0,0,1,1,0
35.05,123.31,7.56,382,4.25,10.44,0.1,294,86.38,69.29,84.95,1,0,0,1,2
42.31,229.02,6.06,371,2.12,37.48,0.142,425,86.7,89.92,90.21,0,0,0,1,2
31.08,29.93,5.55,319,12.91,1.93,0.067,795,57.37,91.28,92.53,0,0,1,0,1
35.18,233.05,7.95,57,8.07,19.82,0.172,83,83.71,59.76,26.94,1,0,1,0,2
35.78,111.43,7.43,272,6.19,45.49,0.172,830,66.01,23.71,74.77,1,0,0,1,1
34.79,11.82,7.78,197,11.83,34.49,0.013,870,60.28,69.33,67.99,0,1,1,1,1
37.57,108.97,8.35,78,2.32,39.65,0.069,54,82.79,76.13,13.01,1,0,1,0,1
25.94,183.19,7.02,469,4.43,46.57,0.034,241,70.22,77.89,80.04,1,0,1,0,1
32.81,35.78,5.94,40,3.86,38.73,0.027,145,26.17,94.09,28.65,1,0,1,0,1
22.61,277.21,8.79,225,10.85,4.43,0.083,673,45.16,65.37,92.53,0,1,1,1,0
29.61,23.3,7.41,260,5.75,11.53,0.125,696,69.77,51.95,85.18,1,1,1,1,1
32.19,279.0,7.65,244,11.27,25.0,0.069,367,92.3,55.23,79.2,0,1,0,0,2
36.31,212.14,8.77,22,2.5,0.69,0.062,172,94.64,38.94,72.71,1,1,0,1,2
43.76,98.91,8.76,196,9.3,31.23,0.019,592,87.11,15.15,52.31,1,1,0,0,0
35.02,117.23,7.5,235,5.82,32.86,0.077,933,40.35,74.57,81.81,0,0,1,0,2
38.59,222.24,6.54,125,4.24,34.82,0.094,918,57.87,11.79,83.73,1,0,1,1,0
32.66,180.44,8.99,265,11.8,27.79,0.08,30,54.67,15.77,18.86,0,1,1,1,0
35.85,201.49,7.88,323,6.95,22.62,0.136,392,55.09,40.07,39.8,0,1,1,1,0
21.77,116.75,6.93,139,8.86,42.78,0.058,802,23.98,93.8,38.5,0,0,1,0,1
26.36,146.34,7.46,366,2.4,38.37,0.143,408,33.89,53.48,21.22,0,0,0,1,0
29.05,296.96,6.96,393,11.5,30.62,0.177,678,32.26,29.37,97.82,1,1,0,0,1
31.81,64.18,8.61,315,5.44,2.3,0.118,925,69.38,90.73,62.52,0,1,0,0,0
21.14,125.36,7.19,126,10.32,34.7,0.078,260,52.94,61.45,63.08,0,0,0,1,0
23.5,87.55,8.38,285,11.13,27.91,0.036,667,45.95,43.28,44.42,0,0,1,1,0
26.92,229.53,8.44,113,3.41,34.67,0.186,628,55.51,74.41,79.18,1,0,1,0,1
44.29,229.2,8.39,407,5.55,15.57,0.15,518,45.94,49.7,52.81,1,0,0,1,0
28.28,87.73,8.03,324,10.68,38.85,0.049,873,80.6,75.7,76.8,0,1,1,0,2
32.05,24.42,8.49,12,4.79,20.9,0.03,245,33.36,29.65,89.02,0,0,0,1,2
24.9,3.43,6.86,227,12.18,44.72,0.01,887,24.49,23.52,69.12,1,0,1,0,1
35.27,128.24,5.9,8,5.74,5.2,0.038,425,72.06,51.48,66.08,1,1,0,1,0
27.02,123.1,8.45,145,6.83,24.23,0.146,809,38.45,38.76,80.82,1,0,1,0,2
25.17,296.52,7.24,162,3.2,10.29,0.126,824,71.47,64.46,55.27,0,1,0,1,2
32.91,140.94,5.95,222,3.77,22.67,0.193,741,24.68,80.99,83.05,0,1,0,1,1
20.14,76.93,5.9,215,5.31,17.69,0.064,850,39.77,91.14,18.32,1,1,1,0,0
20.19,267.37,6.06,490,2.59,40.17,0.157,447,32.31,78.45,31.77,1,0,1,1,0
25.48,147.32,8.13,387,4.32,8.36,0.024,635,43.25,40.76,93.21,0,1,1,0,1
20.92,179.75,7.99,168,6.91,29.94,0.113,216,46.31,75.46,25.41,0,1,0,1,1
22.7,28.7,6.21,25,6.56,20.32,0.093,830,59.62,57.69,50.78,1,0,1,0,1
28.47,114.87,8.46,124,4.38,25.9,0.168,529,61.61,91.55,53.26,0,0,1,1,1
40.06,283.27,6.48,299,2.97,35.72,0.14,116,70.41,73.62,47.58,0,0,0,1,2
34.3,176.85,8.28,249,5.82,17.86,0.039,238,46.53,23.52,88.02,0,1,0,0,2
32.82,103.35,7.21,425,10.94,18.35,0.197,601,62.56,17.03,77.48,0,0,1,1,0
27.34,187.7,8.06,9,8.12,3.84,0.165,940,99.21,58.95,82.92,0,1,1,0,2
43.29,273.12,6.83,104,13.36,27.6,0.071,275,36.85,42.85,99.22,1,1,1,1,1
29.93,82.2,6.71,105,3.68,20.85,0.165,1,32.22,25.13,97.73,0,1,0,1,2
22.18,151.54,8.44,456,4.49,40.61,0.191,831,87.41,81.79,90.29,0,1,0,0,0
35.43,287.61,5.62,0,5.36,21.96,0.178,797,52.83,43.79,60.91,1,1,0,0,0
22.85,51.72,8.91,181,2.16,48.54,0.111,661,87.75,17.74,37.12,0,1,1,1,1
28.63,215.9,7.77,399,13.32,8.59,0.115,763,53.98,33.6,75.13,1,0,1,1,0
32.69,184.34,7.01,301,7.34,13.35,0.021,617,21.73,70.92,95.43,0,1,1,1,0
41.86,203.9,7.7,140,7.78,19.6,0.033,374,49.99,68.31,99.12,1,1,0,0,0
32.34,105.37,5.93,229,3.89,8.52,0.197,289,68.81,33.62,65.19,1,0,1,1,2
37.56,94.16,7.3,63,12.47,48.62,0.154,124,55.8,40.71,73.07,1,0,1,1,1
44.82,205.26,8.95,77,10.31,32.05,0.005,162,56.75,14.48,35.09,0,1,1,0,0
23.29,64.66,6.32,231,7.18,0.56,0.11,893,99.87,95.79,28.14,0,0,0,0,1
26.87,125.9,8.03,86,12.54,28.93,0.069,196,63.53,39.44,67.5,0,1,0,0,0
29.86,56.45,7.02,182,12.87,39.06,0.062,824,75.76,93.65,30.26,0,0,1,0,2
30.55,2.49,7.78,318,2.59,2.57,0.111,526,77.68,83.25,45.58,0,1,0,0,2
30.28,291.02,6.22,145,3.43,28.9,0.064,294,20.01,40.17,54.33,0,1,1,0,0
42.69,129.51,7.15,316,2.33,18.72,0.05,462,64.2,72.47,93.94,1,1,1,0,2
37.85,290.8,8.93,91,8.98,29.07,0.188,539,97.04,52.63,97.98,0,1,0,0,1
35.2,42.1,6.18,122,4.62,12.63,0.008,11,80.07,97.9,32.24,1,0,1,1,0
27.73,176.21,7.73,275,12.14,33.3,0.087,194,47.23,67.46,21.88,0,1,0,1,1
40.59,60.29,7.51,448,7.59,33.57,0.102,265,49.17,56.72,30.24,0,0,0,1,2
43.88,237.02,7.48,63,12.05,26.98,0.088,867,44.29,67.42,56.7,0,1,1,0,2
40.53,235.11,7.65,331,8.67,46.19,0.131,774,70.42,29.82,80.46,0,0,1,0,1
20.04,33.78,7.26,218,11.55,45.47,0.005,682,27.79,37.58,56.98,1,0,1,1,1
35.91,273.62,5.56,191,6.46,2.38,0.177,336,43.2,74.14,93.98,1,1,1,1,1
21.28,58.39,8.65,106,13.34,14.49,0.1,275,59.86,17.53,67.37,1,1,1,1,2
26.44,183.89,8.39,396,10.01,18.21,0.111,814,62.82,37.23,53.53,0,1,1,0,1
21.49,295.69,6.11,246,9.15,2.76,0.093,752,68.59,65.76,79.33,1,0,0,0,0
35.09,264.72,6.95,451,6.23,26.18,0.089,493,83.78,99.61,95.83,1,0,0,1,2
37.16,286.97,8.2,472,13.25,1.23,0.037,244,33.06,93.31,39.98,0,1,0,0,2
22.86,102.78,8.93,453,6.05,33.9,0.101,27,38.0,84.9,34.75,0,1,0,0,0
29.6,31.67,8.83,56,12.03,0.13,0.084,203,89.79,55.07,29.2,1,0,1,0,1
31.41,56.5,8.65,44,6.85,1.6,0.094,785,86.49,82.43,58.21,1,1,1,1,0
29.23,150.15,6.05,375,11.21,41.69,0.003,312,85.73,60.3,52.14,0,0,0,0,0
23.03,237.97,8.7,85,12.94,12.63,0.026,364,36.69,51.26,32.25,1,0,1,1,1
30.47,45.05,8.57,492,7.59,4.06,0.153,946,24.66,30.12,74.95,0,1,1,1,0
38.78,197.92,6.82,37,8.31,19.97,0.084,36,61.87,95.58,36.78,1,0,0,1,2
21.78,97.07,6.88,181,5.96,2.55,0.149,971,89.6,63.84,78.09,1,1,0,1,1
22.0,102.36,7.11,163,2.66,37.52,0.034,391,39.0,70.78,85.5,0,0,0,0,0
28.87,198.58,7.8,244,9.83,24.71,0.14,765,92.34,22.7,87.96,1,0,1,0,0
43.54,140.1,6.41,322,3.44,27.6,0.058,871,31.32,48.78,23.18,0,1,1,0,1
36.71,243.61,5.58,376,6.25,37.65,0.141,616,43.85,96.82,37.53,0,0,0,1,0
36.97,46.78,5.99,125,6.19,39.22,0.017,242,43.86,78.19,57.17,0,0,0,1,1
29.05,236.98,7.04,206,3.81,6.81,0.067,978,32.09,89.45,86.1,1,1,0,1,2
34.84,19.27,6.49,266,10.0,14.01,0.024,99,89.82,45.63,46.1,1,0,0,0,2
20.25,58.22,8.18,353,4.1,8.78,0.126,965,53.01,15.98,69.39,1,0,0,1,2
35.9,196.84,5.87,410,11.34,2.7,0.079,758,35.25,41.63,50.91,1,1,1,1,0
42.83,256.48,8.71,86,4.99,26.88,0.015,987,31.78,43.84,12.67,0,0,0,1,2
35.31,75.8,8.63,144,5.45,12.49,0.105,43,53.67,37.1,38.47,1,0,0,0,1
41.84,98.16,8.68,121,6.12,7.7,0.005,64,21.38,57.4,78.1,0,1,1,0,2
38.1,161.14,8.09,470,3.83,25.51,0.164,177,29.68,27.29,75.73,0,0,1,1,1
23.01,63.47,5.87,97,7.21,31.7,0.188,146,20.3,94.39,89.53,0,1,0,0,1
42.56,243.35,7.03,468,2.96,38.61,0.162,560,21.95,91.68,63.36,0,0,0,0,1
21.66,232.09,5.96,288,7.13,0.87,0.19,66,99.79,33.54,78.98,1,0,1,0,2
33.35,43.59,8.96,132,6.08,26.31,0.179,995,55.91,68.63,47.36,1,1,1,0,0
23.55,139.15,6.67,378,6.06,13.35,0.179,346,78.31,55.1,41.47,1,0,0,1,1
20.29,232.45,7.55,499,9.93,49.58,0.049,45,78.97,32.51,40.59,1,1,0,1,0
30.55,101.2,8.23,336,11.23,7.85,0.046,69,90.43,90.74,24.31,0,1,0,0,1
27.38,189.93,8.72,317,6.27,21.89,0.162,413,28.3,30.8,49.4,1,1,0,0,1
32.15,15.06,8.14,64,5.14,48.5,0.098,932,62.05,66.22,82.96,0,1,0,1,1
34.43,182.61,7.86,198,7.93,10.65,0.188,858,45.74,40.18,11.09,0,0,0,0,2
21.09,45.8,7.13,124,11.45,40.34,0.179,453,63.88,84.35,61.74,1,1,1,0,0
23.08,249.17,7.62,450,9.73,12.15,0.179,620,46.57,65.83,25.56,0,0,0,0,2
33.97,106.63,5.83,345,2.46,3.76,0.065,872,34.69,84.93,76.98,1,0,0,1,0
28.58,84.47,8.59,207,7.76,2.14,0.027,208,73.83,41.29,22.62,0,1,1,1,1
38.23,252.27,7.4,207,13.89,47.44,0.136,814,23.07,11.0,24.76,1,0,0,1,2
36.31,15.04,5.64,299,6.24,10.64,0.088,989,91.63,29.95,13.84,1,0,0,0,2
41.14,118.98,8.72,488,7.29,14.6,0.187,206,31.7,83.3,49.84,1,1,1,1,2
37.31,111.0,7.21,120,5.45,48.35,0.171,380,69.21,38.52,68.28,1,1,1,0,2
30.75,85.44,8.54,141,7.97,32.87,0.186,82,80.34,38.77,35.99,1,0,0,1,2
36.82,273.53,8.5,491,3.93,24.41,0.114,285,25.83,50.47,13.72,0,0,0,0,2
26.88,225.28,8.36,473,4.96,21.77,0.105,871,92.26,34.72,93.94,0,0,0,0,2
27.66,19.18,5.71,346,10.54,2.43,0.169,456,48.49,82.64,87.45,0,1,1,1,2
39.72,214.41,6.36,56,3.66,41.95,0.102,634,99.74,38.95,51.65,0,1,1,0,1
31.16,158.19,8.56,303,13.11,38.1,0.18,417,25.5,64.36,84.09,0,1,0,0,2
39.96,270.26,8.65,144,5.7,4.53,0.007,237,77.34,50.59,82.1,0,1,1,0,1
40.56,93.88,7.1,43,8.9,17.67,0.072,345,32.86,35.86,60.55,1,0,1,0,1
41.44,172.25,7.04,131,5.86,44.27,0.167,365,52.22,33.88,57.41,0,0,1,0,0
42.92,150.23,6.11,80,7.74,11.82,0.042,356,55.46,55.17,68.59,0,1,1,0,0
30.77,146.87,8.89,352,12.85,30.56,0.08,60,52.49,28.98,74.99,1,1,1,1,1
27.97,136.83,6.25,29,2.82,24.4,0.002,383,47.01,41.11,83.87,1,0,1,0,0
34.55,61.69,6.17,376,12.28,40.93,0.06,162,81.38,13.54,61.7,0,0,0,1,1
29.28,226.71,7.81,340,8.69,1.8,0.064,745,85.59,81.13,77.16,1,1,0,0,1
35.03,135.4,6.35,208,9.98,40.81,0.147,577,46.85,13.93,26.71,1,0,1,0,1
37.64,287.55,8.79,458,2.67,6.79,0.135,12,58.61,88.5,77.15,0,1,1,0,0
37.21,78.24,5.54,242,11.14,0.75,0.089,571,53.74,14.26,15.23,1,0,1,1,0
29.36,204.82,5.52,182,3.53,29.78,0.146,106,67.48,86.34,69.26,0,0,1,0,0
24.17,282.22,7.27,157,13.58,12.93,0.086,362,32.02,67.97,74.13,0,0,1,1,0
30.76,199.04,7.21,145,11.59,35.46,0.087,264,84.45,55.54,97.08,1,0,0,1,1
23.56,261.38,6.07,339,7.91,23.49,0.129,916,83.76,23.05,47.96,1,0,0,0,2
42.25,248.24,7.23,353,13.09,30.28,0.145,936,67.23,33.11,20.26,1,0,0,0,2
28.65,108.04,6.94,232,4.03,34.49,0.169,107,79.69,72.11,40.12,1,0,0,0,0
23.86,180.04,8.62,91,13.9,46.35,0.15,832,99.08,56.09,47.73,1,1,0,1,1
20.64,46.88,5.53,328,10.6,41.16,0.134,467,93.8,56.29,79.3,1,1,1,1,1
36.15,160.66,8.92,171,3.18,24.76,0.112,688,68.92,21.99,26.76,1,1,1,1,0
35.92,69.13,7.69,189,8.44,21.9,0.062,836,60.91,52.76,25.28,1,0,1,1,2
28.52,223.12,6.03,30,10.53,32.73,0.052,267,62.76,63.12,29.78,1,1,0,0,1
21.79,158.42,5.66,108,9.36,36.68,0.169,234,57.33,21.01,30.78,1,1,1,0,2
30.24,123.37,7.38,271,7.09,8.63,0.143,916,58.42,97.69,93.14,0,0,1,1,0
27.78,80.64,6.32,94,4.98,1.63,0.133,828,78.56,84.7,24.43,0,1,1,0,0
36.93,299.61,6.55,476,4.86,22.73,0.052,623,99.37,38.57,47.17,0,0,1,1,0
35.14,21.51,6.36,76,13.12,4.97,0.194,806,23.63,60.7,46.3,0,1,0,1,2
29.11,13.07,7.78,150,4.82,13.64,0.016,214,38.42,60.31,21.48,0,0,0,0,0
25.45,65.18,7.44,141,13.55,29.24,0.168,455,36.82,19.6,19.81,0,1,1,1,0
44.7,291.32,5.77,230,4.52,7.57,0.042,277,86.63,49.44,91.88,1,0,0,0,1
31.35,293.77,7.34,257,6.61,1.42,0.078,601,53.58,28.7,85.27,1,1,0,0,0
37.21,196.48,8.27,395,2.15,27.73,0.086,338,62.01,39.99,93.99,1,0,0,0,2
23.51,264.03,5.78,441,12.84,23.31,0.133,824,57.53,94.95,38.54,1,0,0,0,1
32.14,64.19,8.61,127,3.25,15.32,0.109,718,88.29,59.62,57.39,1,1,0,1,1
20.69,291.61,7.52,347,6.29,23.44,0.037,164,59.98,16.02,33.02,0,1,1,0,1
32.64,42.84,8.83,223,12.11,34.18,0.006,40,73.43,70.51,45.27,1,1,0,1,0
44.1,30.34,6.02,183,11.5,5.45,0.143,212,21.56,99.88,81.47,1,1,0,1,2
29.61,33.66,8.98,496,12.1,12.78,0.101,114,72.2,25.09,52.86,0,1,1,0,1
20.97,171.94,7.75,279,12.97,39.75,0.072,460,39.28,71.46,19.86,0,1,0,0,1
20.77,234.29,7.49,292,12.93,33.51,0.057,134,89.35,84.18,10.29,1,1,0,0,1
29.7,110.0,7.3,28,11.25,13.31,0.165,344,80.12,85.97,31.25,1,1,1,0,2
24.0,293.37,5.58,499,8.99,19.91,0.159,32,28.74,73.68,26.49,0,1,0,0,0
20.58,130.33,8.79,297,8.74,5.99,0.165,514,28.28,91.89,81.47,1,0,0,0,2
38.91,45.13,7.75,17,2.16,12.66,0.044,550,43.44,12.89,70.0,0,0,1,0,2
31.46,139.79,5.82,130,10.67,42.06,0.17,351,30.06,15.78,85.45,0,0,0,0,1
27.23,203.71,5.57,460,4.72,22.02,0.197,744,79.23,22.11,47.69,0,1,1,1,0
42.5,249.67,5.68,268,11.94,32.01,0.12,931,98.95,13.9,62.53,0,0,1,0,0
22.9,137.63,7.63,105,8.65,7.99,0.009,679,72.42,20.8,47.56,1,0,1,0,1
43.9,178.08,7.65,156,13.85,9.17,0.14,499,39.92,83.53,29.91,1,1,1,1,1
27.85,80.2,7.25,449,4.52,47.05,0.108,497,65.14,90.68,66.78,1,1,1,0,0
42.21,193.77,6.57,58,10.68,42.07,0.142,278,84.45,40.24,44.97,1,1,0,1,1
35.07,295.79,7.36,91,8.57,39.52,0.038,449,96.98,96.15,32.44,1,0,0,0,2
40.67,14.72,7.31,431,13.18,16.48,0.121,735,20.41,47.66,94.46,1,0,0,1,0
44.6,265.96,5.57,259,5.19,28.14,0.108,301,61.9,25.48,19.7,1,0,1,1,1
27.21,168.68,6.49,50,2.71,24.62,0.12,517,56.26,71.32,79.91,0,0,0,0,0
44.03,75.63,5.69,132,8.53,47.81,0.146,838,53.16,47.83,59.46,1,1,1,0,0
29.74,286.47,8.65,166,8.26,11.98,0.109,823,60.31,11.75,78.67,0,0,1,1,2
29.64,145.01,8.04,296,5.74,47.36,0.064,276,52.28,96.97,18.09,0,1,1,1,0
28.51,99.51,8.99,4,13.84,35.34,0.062,608,47.52,63.81,45.14,1,0,0,1,0
33.54,54.45,6.56,135,2.84,20.68,0.139,79,29.18,65.2,81.64,0,1,0,1,1
23.85,73.34,8.57,225,8.83,13.32,0.133,450,59.99,98.44,83.36,1,0,1,0,2
33.84,249.85,7.61,183,5.12,37.87,0.084,793,85.68,85.02,81.0,0,1,1,0,1
33.54,184.32,7.09,408,2.02,41.15,0.071,254,28.38,42.64,76.99,1,0,0,0,1
39.05,273.97,6.28,90,13.85,17.88,0.124,664,79.08,13.76,43.89,1,0,0,1,2
40.84,69.59,8.08,435,7.78,8.59,0.062,846,41.42,30.01,74.46,1,0,1,0,0
31.01,36.34,8.66,307,12.29,24.61,0.193,213,50.5,41.64,19.85,0,0,1,1,1
27.56,1.83,6.32,390,12.08,23.43,0.119,106,99.05,96.42,24.63,1,1,1,0,0
26.48,152.36,6.11,188,11.75,36.27,0.118,100,74.02,89.98,58.59,1,1,1,0,1
24.87,299.49,7.94,483,7.51,48.66,0.027,624,77.53,11.94,59.46,0,0,1,1,2
21.44,208.49,8.92,479,12.75,26.56,0.122,367,68.19,98.85,52.46,1,1,1,1,1
28.56,92.52,8.12,468,6.41,36.59,0.059,703,45.79,33.14,76.15,1,1,1,0,2
26.76,263.06,6.5,302,6.9,17.53,0.09,979,74.01,79.78,60.74,0,1,0,0,2
44.16,234.52,6.97,382,5.07,29.98,0.108,692,56.58,20.49,15.91,1,1,1,0,1
33.94,4.62,6.85,337,7.38,5.77,0.096,561,86.57,29.83,89.85,1,1,1,0,2
28.68,245.06,8.48,321,13.84,40.75,0.162,28,65.68,55.49,66.52,1,1,0,0,1
34.51,90.16,8.2,442,8.88,17.22,0.02,356,81.7,73.33,90.59,1,0,1,1,1
23.48,44.9,7.56,493,11.97,4.0,0.033,402,87.88,41.09,48.66,0,1,0,1,0
31.1,67.9,6.46,489,5.16,49.53,0.031,615,85.69,88.59,10.17,1,1,0,0,1
35.66,140.57,8.78,132,13.47,45.09,0.163,94,52.17,94.62,78.64,0,1,0,0,0
32.22,127.46,7.79,171,2.16,9.87,0.024,569,49.5,21.03,60.94,0,0,0,1,0
30.04,86.67,8.9,425,13.16,18.16,0.194,141,89.53,74.67,11.77,0,0,0,1,0
44.85,51.67,7.53,249,12.78,46.84,0.194,124,31.45,21.87,61.54,0,1,0,0,0
42.01,228.67,8.37,60,2.81,39.82,0.198,910,42.35,40.67,93.8,0,1,1,1,1
35.59,297.03,8.35,446,9.26,45.32,0.196,62,29.68,83.76,28.79,1,0,1,1,1
34.23,233.34,6.68,49,11.42,28.13,0.03,768,23.37,40.27,35.36,1,0,0,1,2
35.52,88.78,8.87,421,6.85,12.16,0.131,371,69.27,91.67,68.46,1,1,0,1,2
25.03,73.44,5.58,475,3.1,11.35,0.08,203,92.06,47.03,83.88,0,1,0,1,1
29.88,65.3,8.19,222,11.95,26.28,0.146,319,30.35,37.88,67.76,0,0,1,1,1
20.99,41.01,8.88,437,7.6,46.2,0.081,138,83.66,99.02,70.45,0,1,0,1,1
31.89,165.4,6.69,171,5.16,31.58,0.077,174,50.35,49.74,39.4,1,0,0,0,1
33.58,181.62,7.77,407,2.85,1.72,0.181,776,69.45,76.69,10.9,1,1,1,0,0
25.69,211.65,7.47,383,9.68,28.02,0.099,491,81.1,63.95,85.59,0,0,0,1,0
44.1,204.06,8.17,318,2.51,30.42,0.148,608,76.81,28.22,99.57,0,1,0,1,2
42.74,87.7,8.53,224,11.49,29.08,0.13,181,30.94,55.03,87.98,0,0,0,0,2
38.05,99.09,7.61,422,11.25,34.55,0.132,629,29.23,16.97,45.78,0,1,0,0,1
33.33,204.45,8.36,395,5.88,14.68,0.07,922,93.94,73.79,41.66,0,0,1,1,1
41.75,104.83,6.59,190,7.67,7.19,0.05,737,26.36,56.7,96.39,1,1,0,0,0
23.27,63.79,6.3,358,10.03,37.5,0.177,496,37.47,21.01,98.96,0,0,1,0,0
39.76,112.3,7.01,264,13.51,9.82,0.005,128,55.07,79.01,65.1,0,0,1,1,1
23.12,81.63,7.87,243,8.24,5.71,0.035,521,85.68,82.41,56.3,0,1,1,1,2
39.86,26.49,6.16,78,13.96,17.97,0.027,652,68.21,76.04,56.47,1,0,1,0,2
26.89,249.04,7.88,342,5.9,41.64,0.19,668,65.69,39.62,28.16,1,1,0,1,0
41.93,255.93,6.88,491,8.32,4.11,0.001,622,75.36,75.09,75.54,0,0,1,0,0
43.6,65.93,8.28,364,3.39,9.78,0.002,260,84.17,61.99,25.4,1,0,1,0,0
23.72,19.43,5.63,21,8.68,23.76,0.045,970,38.6,58.95,28.87,1,1,1,1,2
31.57,221.65,7.84,35,8.44,14.38,0.056,52,21.51,68.39,70.67,0,1,0,0,2
44.52,63.46,7.77,329,12.19,36.08,0.112,90,30.18,66.71,88.24,0,1,0,0,0
32.09,118.03,8.79,155,13.96,33.75,0.192,249,33.21,81.92,69.93,0,0,0,0,1
41.59,19.24,8.0,55,13.83,42.13,0.093,678,23.2,98.74,52.74,1,1,0,0,1
34.72,67.88,8.29,354,4.84,10.19,0.058,760,79.8,75.36,72.57,1,1,0,0,1
29.38,237.87,8.67,247,6.06,32.45,0.163,227,90.79,49.76,50.95,1,0,1,1,1
27.14,241.32,7.86,412,5.3,38.74,0.077,435,76.85,51.55,68.88,1,0,1,0,2
25.08,62.13,6.52,260,4.4,3.13,0.028,730,35.09,12.64,80.23,1,0,0,0,2
39.04,100.77,8.54,259,3.8,1.84,0.159,746,68.52,24.39,11.32,1,0,1,1,1
29.66,40.27,8.12,434,8.14,27.96,0.0,614,61.65,30.54,29.71,0,1,0,1,0
32.78,22.25,6.99,14,12.47,29.39,0.041,557,85.6,99.13,73.28,1,0,0,0,0
32.31,297.65,7.99,477,9.08,19.64,0.127,88,95.38,78.68,46.13,0,0,1,0,1
34.43,196.68,8.54,187,12.47,1.8,0.02,294,79.43,22.74,56.99,1,1,1,1,0
41.64,162.63,8.91,25,13.51,20.1,0.051,855,61.0,54.85,71.65,1,1,0,1,2
44.52,229.65,8.83,22,6.6,32.1,0.079,41,60.88,29.22,57.39,0,0,0,0,0
30.19,252.02,6.64,380,12.03,35.09,0.079,687,84.62,36.79,85.32,1,0,1,1,0
40.69,242.01,6.98,102,2.63,24.64,0.195,542,29.8,64.41,44.12,0,0,1,1,0
39.11,4.96,5.88,28,7.77,26.25,0.135,582,32.27,63.91,72.26,1,0,1,0,0
34.34,56.04,6.37,341,6.42,33.63,0.007,472,47.48,88.46,48.29,0,0,1,0,1
43.9,196.47,8.59,482,4.46,22.47,0.044,469,79.77,24.81,57.64,0,1,1,0,1
25.01,112.73,6.76,56,7.26,13.18,0.123,74,25.28,54.77,20.24,0,1,1,1,1
22.73,294.74,7.67,61,7.32,11.15,0.143,792,47.55,63.89,84.83,1,1,0,0,1
41.35,199.62,7.83,442,11.7,37.64,0.076,978,45.48,93.74,38.79,1,1,1,0,1
30.98,286.96,8.24,47,12.43,24.38,0.171,387,58.86,56.48,37.11,1,0,0,1,0
41.17,60.43,6.14,366,9.88,31.2,0.189,728,57.1,40.66,17.99,0,0,1,1,1
42.33,259.19,6.57,465,9.6,23.56,0.123,481,77.15,36.29,55.58,1,1,1,1,2
21.56,96.41,7.07,34,3.32,40.94,0.112,539,70.04,29.45,47.61,0,0,0,0,0
42.09,296.87,6.78,45,8.9,24.84,0.15,975,92.22,96.61,18.9,0,0,1,1,2
31.21,47.31,8.94,32,5.29,49.4,0.156,1,34.45,64.26,77.64,1,0,0,1,1
32.76,154.9,8.42,326,5.54,12.13,0.043,537,54.57,37.32,15.98,0,0,0,0,0
35.66,237.85,7.18,225,3.14,6.93,0.097,839,52.01,77.06,23.05,1,0,1,0,0
43.16,129.79,8.58,265,9.63,18.68,0.089,170,29.0,36.03,51.46,0,0,0,0,0
20.48,140.43,6.72,215,9.01,45.93,0.188,473,33.19,55.35,42.2,1,1,1,1,1
31.92,295.91,8.25,216,4.64,42.62,0.022,421,46.93,12.34,34.8,1,1,1,0,2
37.19,127.59,6.28,175,5.16,12.37,0.189,532,78.78,86.19,60.75,0,1,0,0,1
38.07,181.22,8.2,43,11.28,29.98,0.115,817,32.01,96.09,57.19,1,0,1,1,2
37.31,16.36,7.1,218,11.52,29.45,0.058,784,41.23,87.92,48.92,1,1,0,0,0
23.36,252.66,5.88,125,7.92,14.67,0.174,285,74.11,25.4,79.86,0,1,0,0,2
27.48,194.45,6.46,369,3.79,11.77,0.01,754,67.73,84.27,54.83,1,0,1,0,1
28.97,121.21,6.91,453,2.67,19.5,0.064,810,28.35,41.23,98.09,0,0,0,1,2
40.11,4.85,8.12,378,5.26,39.43,0.151,37,95.5,94.27,82.16,0,1,1,0,1
26.97,177.5,5.76,318,10.77,9.59,0.166,124,31.84,36.92,19.58,0,1,0,0,2
25.27,3.8,7.81,304,9.21,22.29,0.033,314,24.91,18.05,34.66,0,0,0,0,1
43.94,0.36,8.01,199,10.62,24.08,0.188,570,44.34,86.76,58.23,1,0,0,0,2
20.22,184.83,7.79,84,7.66,46.96,0.011,43,22.12,20.5,52.2,1,1,0,1,0
44.95,56.71,8.16,40,11.06,15.18,0.087,331,22.46,58.73,14.23,1,0,1,1,0
36.92,57.57,6.12,210,7.77,0.98,0.019,542,66.3,43.84,57.53,1,0,1,1,1
40.71,195.98,7.55,353,3.01,34.69,0.02,747,91.44,78.12,64.48,1,1,0,0,0
27.37,16.11,8.79,38,2.96,37.79,0.183,164,52.2,77.4,51.7,1,1,0,0,1
20.36,94.02,7.64,362,11.98,35.15,0.181,357,44.17,79.85,87.95,0,1,0,0,1
38.45,44.83,7.64,406,9.56,35.04,0.123,814,93.17,15.7,60.09,0,1,1,1,1
40.85,174.05,8.08,268,5.35,24.16,0.193,762,24.92,87.25,80.78,1,1,1,1,0
38.51,198.53,6.67,361,11.09,0.93,0.098,511,57.87,51.97,62.81,1,1,1,1,1
23.57,216.34,7.95,366,3.63,36.5,0.157,710,40.21,29.73,91.84,1,0,0,1,2
38.84,76.57,8.71,180,9.74,46.83,0.019,454,50.54,36.9,29.28,0,0,1,1,1
39.22,26.77,5.54,230,13.87,7.87,0.079,930,52.86,91.25,84.85,1,1,1,0,0
36.46,23.61,8.55,475,3.8,3.4,0.103,218,63.61,10.54,50.32,0,0,0,0,1
39.15,127.85,6.27,69,3.7,13.26,0.156,665,56.26,82.15,72.78,0,0,1,0,0
41.15,283.75,7.1,312,7.61,42.49,0.067,183,99.04,93.15,60.95,1,1,0,0,1
35.34,65.32,8.48,75,9.71,5.31,0.196,999,22.04,32.5,19.8,0,1,1,0,2
22.22,77.02,8.38,450,2.32,35.76,0.147,382,80.61,83.98,49.29,0,0,1,0,2
32.19,30.27,8.62,431,8.0,3.15,0.107,298,24.08,24.5,70.65,0,1,1,1,0
21.94,181.67,8.79,275,3.0,1.64,0.066,402,54.49,11.46,90.86,0,1,1,0,2
30.19,203.96,7.07,488,4.9,44.57,0.128,661,36.15,64.41,29.66,1,0,0,0,0
30.18,192.88,7.8,233,10.55,38.53,0.135,440,95.62,68.16,41.97,0,0,0,1,1
21.65,258.34,6.87,317,10.87,29.93,0.136,576,77.8,23.51,42.45,1,1,1,0,2
28.72,145.93,6.73,428,10.76,8.6,0.117,378,57.03,56.12,57.19,1,1,0,0,1
22.77,40.34,7.01,318,2.78,13.94,0.08,673,96.18,44.69,87.67,0,1,0,1,2
40.21,86.82,8.1,135,11.44,2.43,0.163,561,77.7,16.86,45.6,1,0,1,1,1
43.69,198.73,7.26,153,7.19,32.27,0.052,671,96.16,55.7,23.21,0,1,1,0,2
21.81,183.94,8.35,293,7.7,34.3,0.125,308,76.37,62.66,55.59,0,0,0,0,0
43.88,159.3,8.11,347,7.04,16.34,0.094,988,26.22,29.55,13.39,1,0,1,1,2
33.06,204.89,5.57,98,12.28,16.92,0.179,469,69.3,76.58,41.0,0,0,0,1,1
27.49,191.22,7.71,363,10.16,31.45,0.118,50,98.43,16.53,56.28,0,1,0,1,1
21.92,264.4,7.03,360,8.0,47.28,0.171,275,37.13,59.59,56.59,1,1,0,1,1
32.52,175.8,7.1,424,12.01,19.74,0.191,953,83.42,37.31,83.76,1,0,0,1,0
39.86,233.58,8.36,362,11.66,24.68,0.025,859,34.77,49.25,82.1,0,0,0,1,1
37.68,74.61,7.42,357,2.06,34.91,0.111,556,56.18,90.41,35.44,1,1,0,1,1
21.26,203.45,8.6,129,7.75,17.12,0.177,433,26.77,70.3,37.09,0,0,1,0,2
21.82,270.66,7.99,6,2.51,43.44,0.174,379,47.25,23.4,98.35,1,1,0,1,0
30.07,115.72,7.43,382,5.69,42.31,0.039,114,82.1,89.77,45.23,0,0,1,0,1
27.38,233.73,8.14,104,11.65,33.71,0.096,859,23.62,43.56,22.85,1,0,1,1,0
25.81,217.44,5.63,408,13.33,26.85,0.045,135,45.62,40.72,69.12,1,1,0,1,1
27.03,17.86,5.59,306,4.9,49.18,0.179,366,70.38,55.14,31.92,1,0,1,0,1
40.09,174.45,5.79,49,2.26,35.12,0.001,20,95.88,28.48,64.3,0,1,1,0,1
43.23,39.06,7.03,223,6.83,32.16,0.044,529,39.63,92.28,83.92,1,0,1,1,0
30.13,290.2,6.32,63,6.02,43.84,0.082,361,33.85,52.11,25.63,1,1,0,1,0
42.65,243.42,8.94,395,10.12,27.75,0.044,270,36.29,45.44,50.65,0,1,1,1,1
28.04,32.92,7.4,180,7.94,12.15,0.195,905,38.94,25.39,44.47,0,1,1,0,0
31.91,36.53,7.82,74,6.79,6.89,0.049,218,71.07,82.24,99.94,1,1,0,0,2
25.65,178.34,6.48,265,4.75,23.55,0.072,318,99.89,95.76,74.05,1,1,1,1,2
36.01,103.47,6.63,188,11.94,25.78,0.035,465,61.89,88.26,17.41,0,0,1,0,1
44.47,10.47,6.67,182,4.98,41.38,0.185,403,41.71,24.53,30.57,0,1,0,1,1
35.09,162.49,7.95,354,2.66,6.97,0.082,120,79.76,77.65,24.15,0,1,1,1,2
28.95,116.35,7.16,491,8.78,34.06,0.052,61,32.66,28.37,11.37,1,1,1,1,0
36.2,30.32,7.31,67,5.81,15.21,0.049,997,22.4,13.5,38.43,1,1,0,0,1
23.07,240.58,7.57,169,10.55,46.95,0.117,96,68.42,53.6,39.2,1,0,0,1,0
42.22,274.52,8.19,321,2.97,23.52,0.196,762,36.82,70.33,31.15,1,0,1,0,2
32.58,226.98,5.82,171,13.6,31.12,0.195,435,51.94,21.19,59.78,1,1,0,0,0
31.23,246.73,8.22,283,4.24,32.51,0.196,413,38.49,64.5,29.66,1,1,1,1,2
34.65,64.95,7.47,106,6.28,4.55,0.077,898,93.44,85.93,94.7,0,0,1,0,1
35.62,79.07,7.84,365,7.77,42.61,0.183,128,47.04,28.81,75.92,1,0,0,0,0
21.79,62.56,6.65,110,12.68,8.21,0.089,245,55.93,48.5,20.93,1,0,0,1,0
37.07,229.52,6.93,77,10.67,19.87,0.102,9,38.79,54.89,34.2,1,0,0,1,2
26.05,284.38,6.31,185,3.74,33.63,0.104,816,26.79,84.81,98.42,0,1,1,1,2
37.85,215.05,8.93,252,7.26,2.76,0.013,576,61.0,79.42,28.02,1,0,1,1,0
40.56,264.44,7.24,235,8.51,29.02,0.035,758,89.5,79.24,20.53,0,1,1,0,2
40.1,191.61,8.99,92,10.43,20.5,0.177,416,48.13,71.11,30.91,1,0,1,0,0
33.81,116.3,7.21,129,8.86,3.19,0.179,890,82.48,65.6,74.25,0,0,0,0,1
33.0,127.73,6.27,182,7.49,36.32,0.04,348,22.61,55.8,56.61,0,0,0,1,1
23.57,22.6,7.28,33,11.19,25.07,0.061,418,38.84,43.27,16.08,1,0,1,0,0
39.38,9.44,5.64,480,6.54,15.17,0.166,164,30.52,56.19,42.56,1,1,0,1,0
26.79,208.64,8.67,403,13.85,4.22,0.041,178,52.23,86.83,17.8,1,0,1,1,1
32.42,131.53,8.36,302,13.37,27.37,0.176,990,91.55,61.35,36.16,1,0,1,0,2
27.11,165.66,8.04,221,10.49,15.3,0.165,53,49.88,98.7,25.39,0,1,1,0,1
23.35,167.3,7.63,373,12.59,47.33,0.162,318,68.27,22.83,29.85,1,1,1,0,1
35.74,83.21,7.53,383,6.72,29.58,0.178,45,91.85,49.7,80.03,1,0,1,1,1
21.36,142.77,8.99,489,8.98,14.25,0.177,429,48.78,28.03,80.51,1,0,1,0,0
38.72,141.23,6.47,281,5.27,26.43,0.183,376,49.26,42.86,75.92,1,0,1,0,2
27.94,116.53,8.23,339,12.63,26.97,0.176,177,27.04,81.08,71.94,1,0,0,0,0
20.0,246.2,7.53,0,7.65,36.34,0.121,518,47.92,84.23,32.06,1,1,1,0,2
32.78,135.35,8.92,448,8.43,45.11,0.032,595,79.69,12.85,49.67,0,0,0,0,1
21.17,181.09,8.4,472,12.37,48.13,0.122,127,87.57,95.8,51.4,0,0,1,1,1
26.9,268.66,8.99,96,11.57,35.89,0.188,956,77.82,88.47,58.14,0,1,1,1,2
37.67,259.87,7.56,86,5.86,27.3,0.194,490,20.55,91.45,87.07,1,0,0,1,0
21.57,267.13,6.22,330,3.05,11.25,0.146,725,29.36,43.91,89.98,1,1,1,0,1
40.98,81.0,7.26,251,3.95,20.15,0.139,233,78.48,54.73,29.44,1,1,1,1,0
20.1,10.49,7.99,363,6.07,24.44,0.188,11,95.39,25.17,48.88,1,1,1,0,1
26.17,78.32,8.21,14,5.66,6.42,0.058,585,75.63,45.71,23.32,0,1,1,1,1
38.52,83.61,5.5,141,2.46,12.82,0.03,549,38.09,21.35,68.34,0,1,0,1,1
27.91,272.81,7.27,310,7.18,49.22,0.058,862,28.6,87.7,61.49,0,1,1,0,0
22.55,194.77,6.32,384,3.27,37.83,0.19,487,90.16,62.3,86.57,1,0,1,1,0
29.01,24.51,8.56,288,4.65,24.1,0.042,934,27.92,22.24,56.7,1,1,1,0,1
26.76,40.61,6.04,69,11.45,11.3,0.045,660,32.08,89.12,80.3,0,0,1,0,1
41.07,46.7,7.83,311,7.94,28.67,0.039,406,67.74,17.23,38.63,0,1,0,0,1
27.83,189.13,6.43,278,6.48,11.59,0.097,478,35.2,93.43,72.48,1,1,0,1,1
39.72,220.62,6.75,53,4.23,9.66,0.159,939,38.21,19.52,13.61,0,1,0,0,0
42.3,257.89,8.79,345,12.4,4.69,0.076,683,31.38,74.62,23.64,0,1,1,1,1
30.85,282.19,6.34,386,12.84,17.29,0.02,989,95.55,68.08,50.23,0,0,0,0,1
42.75,60.51,5.83,301,8.22,27.09,0.148,213,29.99,80.44,89.82,0,0,1,1,0
29.43,92.93,5.74,251,13.06,7.97,0.122,748,94.51,60.83,89.66,0,0,0,1,2
44.1,72.1,7.27,246,7.58,10.02,0.096,20,46.1,41.49,63.89,1,1,1,0,2
22.23,107.63,7.75,133,3.29,19.56,0.193,872,85.72,34.7,21.69,0,1,0,1,1
37.18,274.4,6.65,487,2.2,24.48,0.094,467,96.0,95.09,71.29,1,1,1,1,0
32.35,172.53,7.92,243,3.54,38.11,0.147,859,61.54,49.71,25.92,1,0,1,1,1
29.69,221.46,5.71,408,9.47,28.33,0.032,742,81.61,85.8,41.54,0,1,1,1,0
35.82,147.04,8.5,238,5.85,30.89,0.083,444,41.28,75.08,38.28,0,1,1,1,2
37.6,8.66,8.36,16,9.78,34.81,0.042,719,50.64,69.05,89.6,1,0,1,1,2
20.11,19.26,8.95,411,8.1,22.55,0.07,886,64.24,97.35,72.42,0,1,0,0,0
24.17,161.38,8.78,415,6.0,17.16,0.096,210,88.04,60.89,16.4,1,1,0,1,1
37.83,215.64,6.75,348,4.62,40.02,0.035,663,69.66,75.97,85.9,0,0,0,1,2
36.66,64.6,6.9,278,2.97,41.42,0.161,248,21.77,86.47,48.74,1,0,0,1,0
44.15,216.57,8.11,232,11.39,7.7,0.075,106,44.38,14.14,77.93,0,1,1,1,0
39.03,243.2,5.97,399,11.83,47.67,0.179,670,89.2,99.67,79.9,1,1,1,0,2
43.77,123.57,6.6,351,8.5,46.5,0.135,516,39.22,33.6,99.88,1,0,0,1,0
37.56,223.93,5.91,153,3.89,43.54,0.035,464,49.43,73.23,41.22,1,0,0,1,0
27.45,121.21,7.09,416,5.16,21.13,0.128,704,51.17,95.83,87.8,1,0,0,0,0
22.63,203.51,7.43,185,13.46,42.11,0.005,676,32.36,78.68,35.81,0,0,0,0,2
39.55,229.2,6.24,431,4.71,31.4,0.161,605,47.98,30.67,99.6,0,0,1,1,2
36.1,297.58,5.59,82,2.68,10.27,0.195,287,85.39,42.61,46.92,0,1,0,1,0
21.2,103.62,8.02,54,8.6,38.74,0.136,991,87.93,47.28,69.42,1,0,1,1,0
29.0,123.31,5.57,424,5.14,20.3,0.185,705,66.47,62.77,99.51,1,1,1,0,1
43.92,49.69,8.91,61,13.49,14.61,0.059,801,74.3,64.27,28.04,0,0,1,1,1
32.51,61.22,6.28,400,8.9,43.91,0.085,747,62.77,80.91,66.16,1,1,0,0,2
30.82,208.02,7.82,357,13.59,43.11,0.085,28,23.54,87.37,99.85,1,1,1,0,2
31.44,275.11,7.02,58,11.43,43.22,0.022,117,75.73,18.06,94.96,0,1,1,1,1
25.22,118.38,5.71,141,10.68,42.98,0.159,132,99.72,34.58,29.87,1,1,1,1,0
29.22,53.95,7.15,465,11.96,27.71,0.099,157,38.23,40.93,18.89,1,1,0,1,0
29.25,85.53,7.31,148,9.26,30.85,0.098,618,98.57,11.2,48.35,1,1,0,1,0
21.31,136.52,8.49,446,2.13,47.44,0.134,172,99.82,47.58,78.7,1,1,0,1,2
39.19,87.2,8.06,173,6.71,6.47,0.034,657,31.32,42.29,81.07,1,1,1,0,2
30.41,70.07,5.78,310,4.63,40.31,0.162,333,94.09,57.29,64.67,0,0,1,1,1
40.55,220.8,6.23,61,7.21,26.31,0.073,420,74.04,19.02,65.34,1,1,1,0,2
41.26,2.35,6.59,166,7.65,48.92,0.016,778,57.31,47.26,20.86,0,0,0,1,1
25.3,161.77,5.91,169,3.53,31.96,0.038,259,47.57,63.77,49.71,1,1,1,1,2
36.43,238.13,7.1,303,2.28,8.13,0.051,981,70.38,82.34,61.86,1,1,1,1,1
31.81,79.87,8.95,102,3.66,40.77,0.036,880,87.42,78.98,71.52,1,0,0,0,1
42.0,180.99,7.3,27,12.29,33.63,0.048,557,22.73,46.44,18.26,0,0,1,0,2
25.39,200.67,8.1,83,11.07,7.45,0.199,891,62.84,45.06,72.16,0,0,1,1,1
36.95,196.51,7.89,133,11.59,0.45,0.108,898,72.02,13.37,94.71,0,1,1,1,1
35.19,133.75,8.47,58,5.32,27.18,0.121,820,22.05,17.44,80.76,0,1,1,0,2
27.38,103.97,6.26,89,4.83,12.07,0.033,663,91.13,88.52,66.15,1,1,0,0,1
23.42,250.78,8.14,69,2.45,43.36,0.009,865,96.14,82.53,18.74,1,0,0,0,2
36.29,227.53,8.58,422,7.67,12.55,0.062,135,69.0,11.9,81.49,0,1,1,0,1
38.46,96.38,6.1,184,6.59,33.14,0.154,215,29.36,89.44,69.67,1,0,0,0,1
27.89,30.91,6.71,437,12.03,17.26,0.112,463,94.59,65.25,59.38,0,0,1,0,2
36.12,21.54,8.9,59,10.18,17.52,0.002,645,84.4,82.17,82.19,0,1,0,1,1
29.88,28.28,8.23,473,3.73,9.09,0.158,852,22.28,55.23,70.71,0,0,0,0,1
37.83,174.86,6.49,144,13.85,25.14,0.021,223,66.33,23.56,52.27,1,1,0,1,2
24.98,15.5,7.47,167,11.25,28.96,0.088,742,29.16,42.12,31.11,1,1,1,1,2
42.26,101.08,6.92,65,10.64,29.05,0.2,853,31.29,50.5,55.39,1,0,1,0,2
27.19,225.96,7.21,370,4.6,42.83,0.024,494,35.4,77.85,23.87,0,0,1,0,1
29.19,88.3,6.74,123,12.86,32.62,0.163,712,51.7,83.14,15.42,0,1,1,1,1
21.45,228.99,6.48,212,7.69,37.01,0.16,17,90.11,76.73,31.06,1,0,1,1,2
22.79,223.64,7.86,181,5.57,16.17,0.089,203,22.49,52.9,43.04,0,0,0,0,2
32.9,73.75,8.22,70,9.86,21.03,0.198,133,75.14,69.73,68.21,1,1,1,1,0
26.69,218.65,8.56,43,4.54,0.91,0.062,346,97.16,36.6,54.94,0,1,1,1,1
40.89,224.33,6.04,339,12.89,3.96,0.063,107,71.3,98.9,76.16,0,1,0,0,2
20.37,119.24,8.38,194,12.25,19.26,0.03,422,85.25,25.14,76.37,1,1,1,1,2
29.48,63.13,6.39,56,7.58,10.49,0.074,878,92.14,75.12,73.55,0,1,1,1,0
28.43,156.38,7.0,291,4.29,40.65,0.059,512,77.18,23.94,59.27,0,1,1,0,1
20.48,276.42,8.66,56,7.96,33.82,0.121,14,72.79,35.28,69.67,0,0,0,0,2
23.11,191.89,7.09,376,3.79,48.52,0.008,653,21.44,77.39,97.97,0,1,1,1,1
30.34,51.88,6.19,170,5.24,44.35,0.062,504,61.51,75.62,73.52,0,0,0,1,1
32.32,204.83,6.06,299,7.79,48.88,0.001,588,57.54,21.21,76.82,1,1,1,1,0
30.11,128.16,7.16,317,2.25,18.26,0.001,503,61.82,71.07,36.21,0,0,1,0,0
33.27,177.46,8.17,370,11.19,24.22,0.164,852,54.6,28.35,53.02,0,1,0,1,2
34.88,220.22,8.99,82,4.36,18.63,0.15,173,92.52,97.57,49.17,1,1,0,0,1
20.25,154.48,8.26,316,12.4,48.22,0.149,110,91.12,64.27,41.81,0,0,1,1,0
31.6,244.2,8.57,93,2.27,20.14,0.071,116,30.06,10.31,51.36,0,1,1,1,2
44.09,216.65,8.12,266,8.39,5.84,0.14,40,62.63,28.76,63.82,1,1,1,0,1
32.98,184.52,8.63,332,11.32,12.53,0.051,881,96.76,30.66,66.18,1,0,1,0,1
36.94,45.24,5.77,375,4.86,21.24,0.062,5,67.89,32.24,85.56,0,1,1,0,2
27.8,250.78,8.75,160,10.49,30.15,0.112,275,84.13,60.14,69.07,1,1,0,0,2
39.35,280.77,6.89,101,10.65,30.9,0.14,67,49.87,28.5,88.24,1,1,0,1,0
39.32,41.09,8.73,376,9.65,37.94,0.053,807,50.18,47.15,69.1,0,1,1,1,1
33.03,146.47,5.77,111,6.37,32.39,0.136,914,46.05,25.6,41.51,1,1,0,1,1
44.4,77.67,8.0,65,11.42,24.58,0.192,490,21.75,70.02,66.78,1,0,1,1,2
23.14,226.36,8.07,109,9.54,1.51,0.099,615,93.99,61.18,75.61,1,1,0,0,1
20.42,216.49,8.99,119,9.08,34.75,0.081,126,47.97,66.58,71.71,0,0,1,1,1
39.25,42.27,8.19,278,11.83,4.27,0.046,585,49.37,97.07,86.49,1,0,0,1,0
40.18,263.11,6.84,241,4.94,23.44,0.071,124,80.76,45.94,91.5,0,0,1,1,0
23.01,54.29,7.45,432,4.79,44.82,0.106,836,62.15,29.39,40.17,0,0,1,0,2
26.64,239.18,6.78,147,6.64,29.84,0.189,257,48.96,99.89,17.1,0,0,1,1,0
20.44,137.09,6.19,241,2.88,9.95,0.052,350,90.69,15.23,69.08,0,1,1,1,2
27.33,98.48,6.37,498,6.05,40.4,0.046,811,86.03,82.93,19.92,1,1,0,0,0
39.33,47.47,6.28,221,6.88,15.02,0.192,308,98.14,24.6,89.56,0,0,1,1,2
32.95,50.28,7.42,270,7.94,28.86,0.121,723,71.28,69.83,83.99,0,0,0,0,2
28.7,198.57,8.67,449,5.05,31.79,0.147,248,75.21,52.64,74.22,1,0,1,1,0
29.29,165.13,8.69,285,12.88,36.56,0.166,517,45.96,85.51,93.36,0,1,1,1,0
20.03,36.63,5.69,472,5.42,3.25,0.016,42,27.97,75.8,89.85,1,0,1,0,0
27.5,33.81,5.78,3,12.22,42.71,0.097,764,28.47,25.51,93.06,0,1,1,1,1
36.16,21.69,6.36,319,7.34,5.69,0.028,402,71.68,69.87,76.19,0,1,1,1,0
44.35,223.13,6.39,320,10.62,4.73,0.125,145,29.06,29.54,43.16,1,1,0,0,0
41.18,213.56,5.83,7,3.33,22.84,0.191,285,92.53,25.23,14.3,0,1,0,0,1
20.59,17.53,6.86,51,8.54,18.61,0.011,198,76.31,17.57,15.54,0,1,1,1,0
42.46,168.08,7.56,141,13.53,2.73,0.055,400,38.1,20.23,81.38,0,1,0,1,0
39.58,25.4,7.52,313,10.0,8.3,0.2,628,42.34,73.35,27.22,0,1,1,1,2
39.51,271.12,7.4,266,11.84,21.96,0.001,180,76.8,99.29,38.18,0,0,0,0,0
31.45,272.14,6.69,314,5.13,41.45,0.028,963,85.93,70.82,62.75,0,1,0,0,2
29.95,209.47,7.97,279,11.6,6.07,0.016,191,87.15,73.76,21.8,1,1,1,0,0
27.57,277.86,8.39,87,6.22,5.23,0.153,130,68.08,80.44,98.68,1,0,0,0,1
21.64,243.44,6.71,159,7.82,40.24,0.15,766,32.42,90.01,83.54,0,0,0,1,2
25.71,248.56,5.8,472,4.26,24.62,0.156,408,85.47,34.1,62.62,0,0,1,1,1
26.17,170.91,6.54,301,7.83,18.01,0.155,413,83.33,64.41,91.76,0,1,0,0,0
32.1,91.82,5.98,27,8.19,23.07,0.167,163,86.83,29.5,54.42,0,1,1,0,2
38.69,65.34,7.14,15,9.47,20.54,0.155,333,32.61,57.31,90.73,0,1,0,0,0
31.85,98.16,6.05,297,12.42,39.09,0.097,936,74.75,28.78,84.34,0,0,1,0,2
21.45,188.55,7.12,358,5.66,0.47,0.149,150,96.82,15.76,11.27,0,1,0,0,0
43.94,51.8,6.27,271,13.81,21.66,0.12,760,40.48,17.95,81.71,1,1,1,1,1
43.57,77.59,8.09,99,12.17,7.94,0.073,689,77.34,97.87,80.55,0,1,1,0,1
39.63,140.42,5.6,395,6.84,15.41,0.167,113,40.71,10.54,38.56,0,1,0,1,0
44.78,69.92,7.44,203,4.72,5.61,0.158,527,44.57,72.11,54.37,0,1,0,1,0
33.61,176.59,6.09,189,2.86,21.35,0.035,603,58.82,89.86,22.44,1,1,1,1,0
44.07,276.95,5.5,33,4.81,32.16,0.005,971,91.6,45.43,69.99,1,0,0,0,1
21.89,224.43,8.54,293,12.61,33.08,0.063,967,23.09,73.73,70.7,1,0,0,1,0
29.14,199.93,7.85,382,5.5,39.84,0.081,669,99.17,41.4,98.33,0,0,0,0,2
25.63,174.82,5.85,467,3.66,40.75,0.035,827,81.77,57.61,75.05,1,1,1,1,2
24.9,146.38,7.82,430,2.27,29.89,0.171,360,48.78,94.21,50.26,1,0,1,1,0
23.52,55.97,7.64,462,5.57,17.66,0.007,188,48.33,13.81,26.22,1,1,1,1,1
35.56,268.41,7.16,277,4.59,2.57,0.097,753,58.64,34.05,80.89,0,0,1,0,2
39.53,74.56,6.97,335,3.23,1.79,0.011,229,90.04,19.54,41.84,1,1,0,1,2
34.46,27.39,8.6,343,13.41,5.66,0.107,749,21.43,54.63,94.94,1,0,1,1,1
23.67,225.0,6.36,258,5.21,49.19,0.093,773,63.86,79.34,34.94,0,0,0,0,2
40.28,52.68,6.89,256,2.07,39.3,0.156,294,24.49,97.89,27.69,0,1,1,0,1
35.9,111.57,6.65,52,13.33,20.24,0.138,516,29.25,23.99,65.84,0,1,1,0,0
29.7,8.49,8.2,191,8.94,23.31,0.169,770,75.25,13.95,92.41,1,0,0,1,2
36.85,41.12,8.71,171,2.99,36.87,0.109,73,38.74,22.45,22.7,1,0,0,1,0
26.5,51.96,8.47,46,2.38,25.72,0.164,29,23.33,97.19,13.72,1,0,0,1,0
28.63,16.32,8.29,498,3.29,18.02,0.144,335,33.14,38.81,97.06,1,1,0,1,1
42.94,197.0,8.95,421,9.1,17.48,0.156,266,36.69,34.05,22.31,1,1,0,1,0
27.26,251.1,7.94,190,2.74,10.48,0.12,642,81.58,76.16,64.68,0,1,1,1,2
31.75,111.99,8.13,370,8.82,44.28,0.144,14,69.99,20.86,27.92,0,1,1,1,0
42.25,262.37,8.94,464,9.83,20.71,0.08,427,78.81,41.42,25.09,1,1,0,0,0
37.69,64.0,5.52,40,3.77,37.62,0.017,565,49.59,23.03,24.04,0,1,0,0,0
21.56,97.62,7.72,404,7.86,28.69,0.083,640,29.05,97.69,73.9,1,1,1,1,1
23.68,45.22,8.09,428,13.57,37.7,0.035,12,84.42,35.66,78.37,1,1,1,1,1
20.2,186.17,8.71,494,12.04,16.05,0.126,574,31.23,34.23,20.78,0,1,1,1,1
35.77,125.96,8.59,495,10.68,37.6,0.053,879,50.61,67.1,22.29,1,1,0,0,2
31.19,183.99,8.45,396,8.21,39.5,0.192,311,40.98,11.5,94.09,0,1,1,0,1
23.36,228.5,8.81,193,6.73,5.21,0.054,294,43.72,68.82,63.0,1,0,1,1,1
43.95,163.71,7.38,65,7.42,4.57,0.02,934,68.15,50.85,80.32,0,1,1,1,1
33.24,188.29,5.52,42,11.18,49.27,0.176,869,33.15,26.57,17.25,0,0,1,1,0
26.05,280.58,5.54,189,8.65,5.9,0.083,66,55.67,53.77,14.72,1,0,0,0,2
32.52,89.72,7.41,88,11.18,34.24,0.071,925,71.1,99.91,45.66,0,0,0,0,2
36.99,107.75,7.02,475,13.64,37.39,0.177,619,89.51,85.49,59.97,1,1,1,0,1
21.91,215.31,7.08,175,9.69,3.18,0.131,424,49.7,97.67,43.52,1,1,1,1,0
26.87,183.39,6.9,368,9.24,37.33,0.106,89,45.5,93.35,74.21,1,1,1,0,1
40.17,53.56,8.71,25,6.87,20.98,0.065,394,49.43,83.84,70.25,1,0,0,1,1
31.49,112.84,6.76,98,4.36,13.73,0.058,453,60.06,40.13,50.22,0,1,0,1,2
33.66,140.35,8.5,475,6.49,33.27,0.116,587,45.05,75.69,17.15,0,1,1,0,0
30.82,125.82,8.66,60,8.24,41.66,0.1,975,40.04,45.24,63.6,1,1,1,1,2
21.1,53.48,7.25,380,2.42,28.64,0.055,629,50.02,48.66,31.77,1,1,0,1,0
24.14,277.33,7.06,249,7.71,43.53,0.037,597,82.23,88.61,44.73,1,0,0,0,0
31.14,228.7,8.16,374,12.35,1.12,0.164,789,40.23,28.47,11.3,0,1,1,0,0
25.23,144.41,7.98,317,13.72,36.93,0.138,677,87.57,36.69,56.9,0,1,0,0,1
21.25,204.02,6.65,224,12.27,8.47,0.199,523,42.81,93.75,72.91,1,1,0,0,2
41.09,269.18,5.86,81,4.06,14.3,0.103,419,68.25,72.96,61.97,0,1,0,0,2
44.53,40.85,6.43,397,3.86,28.61,0.199,817,97.68,15.84,77.64,0,1,1,1,1
39.83,75.11,5.96,181,6.72,13.72,0.092,272,96.14,20.95,99.95,0,1,0,0,2
41.34,162.81,6.53,424,4.71,8.41,0.107,231,54.77,62.16,66.93,1,1,1,1,0
26.05,239.7,6.42,187,10.11,44.27,0.042,671,25.4,81.89,29.9,1,0,0,1,1
44.02,10.88,7.73,392,3.01,45.34,0.03,172,92.21,81.35,61.51,0,1,1,0,0
24.92,295.21,8.84,43,7.32,1.82,0.188,932,30.15,48.24,32.06,0,1,1,0,2
43.79,136.47,7.9,311,5.36,25.01,0.196,706,93.88,33.27,39.72,0,1,0,0,2
44.87,107.77,8.74,477,9.14,10.18,0.11,792,78.61,80.89,41.68,0,0,1,0,0
37.79,87.82,8.24,258,11.56,43.17,0.054,82,94.74,94.97,56.8,0,0,1,1,2
44.53,52.31,8.05,97,13.08,23.13,0.19,868,73.23,49.97,57.14,1,1,0,1,1
34.24,237.47,6.95,352,13.57,23.92,0.159,625,99.61,22.35,70.06,0,1,0,1,0
26.49,286.62,6.64,90,6.21,31.37,0.036,101,57.36,64.88,49.4,1,1,0,1,2
30.92,124.09,8.46,314,12.27,2.78,0.06,104,46.37,16.45,26.89,1,1,0,0,2
34.84,285.73,8.67,328,9.1,6.36,0.001,816,51.46,65.04,54.19,0,1,0,1,0
21.83,247.14,7.08,140,10.31,24.92,0.116,42,48.02,25.57,81.68,1,0,1,0,2
35.56,144.32,5.53,413,12.21,48.34,0.105,238,52.06,56.44,73.25,0,1,1,1,0
44.53,202.21,8.27,308,3.56,42.18,0.033,274,90.82,66.29,20.37,0,0,1,1,1
24.75,130.5,6.5,251,13.37,44.47,0.068,847,67.36,50.21,95.35,0,0,0,1,0
39.81,167.62,5.53,207,8.57,6.86,0.188,793,78.06,84.46,37.52,0,0,0,0,1
42.7,17.41,8.32,178,6.03,47.93,0.13,96,43.03,43.72,62.78,1,0,1,1,0
43.59,208.88,7.31,297,6.06,36.5,0.173,14,99.19,23.95,12.89,0,0,0,1,0
44.0,15.85,7.9,409,11.01,16.28,0.168,308,42.46,51.75,91.85,1,0,0,1,1
33.04,245.13,8.7,186,10.14,43.22,0.184,228,32.72,96.72,71.52,0,1,0,1,1
44.43,247.48,7.39,324,10.75,37.37,0.008,531,82.26,89.22,34.84,0,0,0,0,1
38.93,71.12,7.26,109,5.04,36.83,0.052,644,87.13,38.0,71.5,0,1,0,0,0
24.04,97.1,6.52,218,4.04,36.73,0.083,831,51.5,31.84,36.33,1,0,0,1,0
31.92,144.39,6.57,462,10.66,40.04,0.128,431,63.29,53.5,33.38,0,0,1,0,1
37.96,179.0,8.29,347,5.58,47.43,0.122,935,53.13,68.96,50.23,1,0,1,0,1
26.18,86.21,7.07,2,4.67,6.84,0.049,791,43.51,93.4,64.01,1,1,1,0,1
36.02,177.75,6.07,40,4.58,49.98,0.039,837,85.07,65.2,28.84,0,0,0,1,2
36.67,89.34,5.83,124,3.78,43.62,0.087,907,80.56,85.25,76.86,0,1,0,0,0
24.07,16.65,7.16,256,7.12,22.08,0.05,639,58.83,72.65,62.02,0,1,1,1,1
34.13,0.76,7.13,192,5.13,7.87,0.193,771,56.44,19.14,10.67,0,0,1,0,0
39.29,30.35,7.79,114,12.73,22.69,0.193,623,34.41,90.26,59.44,1,0,0,0,2
32.47,237.68,7.15,69,10.27,38.93,0.023,682,70.98,27.96,47.88,1,0,1,1,2
20.3,288.43,6.0,458,10.93,30.12,0.141,972,93.89,43.0,70.24,1,0,0,1,2
20.23,128.09,7.28,381,6.84,13.98,0.046,691,77.51,85.62,90.8,0,0,1,1,1
28.93,153.81,8.67,305,9.2,20.34,0.143,404,60.5,98.13,33.64,0,0,1,1,2
43.15,44.05,6.06,493,8.01,47.71,0.153,708,23.09,37.96,70.63,0,0,1,1,1
25.72,165.31,7.91,335,4.01,40.19,0.01,396,94.42,44.49,23.65,0,0,1,0,1
35.86,43.4,7.58,96,2.57,6.2,0.139,257,44.64,53.71,17.7,1,1,0,1,0
25.55,183.36,8.12,215,10.2,27.27,0.179,363,44.0,54.82,93.86,1,1,0,0,2
28.04,279.98,6.03,314,3.45,46.55,0.043,133,57.57,77.53,87.61,0,0,1,1,1
41.2,58.71,8.8,223,2.69,1.72,0.023,92,54.33,83.54,55.13,0,0,1,0,0
38.22,229.37,7.67,329,7.3,2.13,0.113,662,96.99,99.19,22.45,1,0,1,0,2
22.38,7.05,8.46,318,10.86,35.84,0.103,482,33.2,82.38,33.7,1,1,1,0,1
30.72,112.65,6.36,280,11.23,28.78,0.177,329,75.13,36.98,61.06,1,0,0,0,1
20.73,33.22,8.09,393,12.48,2.3,0.09,467,28.54,42.23,68.67,1,0,1,0,0
32.02,105.74,8.23,332,4.39,49.8,0.083,344,42.15,65.63,72.15,0,0,0,0,0
36.56,52.06,6.89,379,13.83,29.0,0.143,675,77.77,71.8,77.3,0,1,0,0,1
22.96,111.99,6.84,128,11.16,24.6,0.015,521,84.32,18.1,28.89,0,1,0,0,2
27.22,125.26,7.8,98,3.89,22.38,0.011,410,57.51,40.93,36.66,1,1,1,0,1
29.95,90.18,5.83,269,12.09,35.03,0.101,390,83.15,28.24,11.14,0,1,1,1,1
42.99,196.99,8.07,404,7.99,22.92,0.018,561,94.81,55.71,16.66,0,1,0,1,1
44.83,275.66,5.65,495,2.8,32.95,0.188,788,94.86,25.18,37.85,0,1,0,1,2
21.12,120.18,6.17,246,3.58,24.42,0.131,85,47.4,62.27,26.72,0,1,0,0,1
39.03,57.7,7.82,185,7.21,30.54,0.151,45,44.97,52.06,54.33,1,1,0,0,0
29.29,81.22,5.84,243,8.37,40.26,0.046,977,78.12,46.35,86.38,1,0,1,1,2
29.81,256.2,8.9,37,13.37,40.86,0.099,512,72.33,68.41,75.07,0,0,0,1,1
38.86,171.49,8.54,256,4.59,42.45,0.027,344,51.38,47.47,77.91,0,1,1,0,2
42.96,136.5,7.69,339,7.69,10.15,0.041,438,38.29,45.93,64.02,1,0,0,1,0
43.77,44.89,8.37,247,4.71,3.06,0.114,247,69.47,68.6,73.04,0,0,0,0,1
34.43,134.92,8.61,132,8.7,41.81,0.056,52,54.42,15.16,26.2,0,1,1,0,0
28.93,83.55,6.41,487,12.91,2.11,0.183,404,30.57,48.92,59.72,0,0,1,1,2
39.69,282.95,8.47,43,8.81,10.67,0.199,112,71.14,27.59,61.35,1,1,1,1,0
26.28,265.22,6.18,479,8.12,26.31,0.001,989,75.81,13.47,66.58,0,0,0,1,0
34.1,25.17,6.95,192,11.0,42.77,0.152,415,49.14,13.12,80.14,1,0,1,0,1
28.96,155.0,7.45,492,3.77,44.84,0.023,994,86.56,25.09,94.96,0,1,0,1,1
36.42,67.52,8.0,488,12.87,31.4,0.115,238,25.89,49.05,74.05,0,0,0,1,0
26.01,123.23,5.61,499,8.93,48.34,0.046,13,59.67,61.0,93.03,0,0,1,0,2
24.79,263.05,6.52,56,10.24,36.5,0.193,806,96.51,81.63,59.49,0,0,0,0,1
42.96,158.25,7.63,247,11.83,26.39,0.175,637,35.24,64.69,36.04,1,0,1,1,0
22.55,100.26,6.75,103,9.62,6.72,0.119,297,33.79,56.81,69.27,0,0,1,1,1
32.65,62.37,8.21,44,9.69,21.44,0.035,792,50.3,13.27,98.28,0,0,1,0,1
25.52,240.1,7.78,59,10.76,41.12,0.157,412,41.45,36.81,73.87,1,1,0,0,2
20.97,187.36,6.32,65,2.63,14.18,0.104,764,37.72,72.3,97.21,1,0,1,1,1
20.9,140.42,6.01,222,6.59,28.91,0.122,999,95.99,34.35,12.02,1,0,0,0,1
24.38,65.25,7.7,46,13.56,49.17,0.144,287,47.59,63.49,33.25,1,0,1,0,0
41.67,100.27,7.08,237,5.1,8.72,0.083,10,24.79,64.35,34.62,0,0,0,1,1
27.06,287.95,6.09,370,8.51,5.07,0.002,155,91.98,37.46,48.41,0,0,0,0,1
43.76,156.03,6.64,25,4.11,39.78,0.073,452,55.86,61.44,12.77,0,0,0,0,2
34.54,120.21,6.56,392,5.88,1.25,0.083,767,78.88,20.26,92.28,0,0,1,1,0
30.92,156.43,5.88,306,10.6,32.16,0.073,738,49.39,75.43,73.64,0,0,1,1,0
34.5,233.7,7.41,93,9.72,16.79,0.166,280,94.81,12.03,17.56,0,1,0,0,1
32.92,102.03,8.17,109,6.97,36.19,0.066,51,43.02,13.18,25.72,1,1,1,0,1
38.97,53.61,7.51,391,13.26,6.01,0.083,680,73.02,88.32,64.28,1,0,1,0,2
27.06,175.48,8.39,260,11.3,16.5,0.012,178,85.95,62.23,91.77,0,1,1,1,0
28.83,199.56,5.95,253,5.22,0.85,0.143,646,39.03,24.66,17.89,0,0,1,0,1
42.35,213.82,7.02,294,7.59,11.75,0.043,928,84.12,64.15,49.0,1,1,1,0,1
43.66,264.6,7.63,323,12.54,24.16,0.047,553,83.38,43.29,28.0,1,0,0,1,1
42.31,111.35,7.87,39,2.27,8.88,0.117,986,97.14,34.29,26.23,0,1,0,0,0
30.49,22.61,7.94,291,8.98,29.98,0.197,875,93.82,83.02,75.71,1,1,1,1,2
39.51,287.5,8.05,404,4.78,5.91,0.082,622,51.09,52.96,84.38,1,0,0,1,0
31.91,130.5,7.78,253,2.77,37.26,0.065,212,67.24,36.41,92.9,1,1,0,1,1
32.44,186.98,5.83,96,12.95,46.08,0.007,56,94.02,94.93,71.56,1,0,1,1,0
25.12,199.89,7.93,25,11.8,19.3,0.157,986,20.35,24.85,15.91,1,0,1,0,2
34.78,163.95,8.04,103,4.22,26.41,0.052,984,70.19,22.78,42.14,1,1,1,1,1
24.65,61.58,8.98,102,12.04,24.43,0.154,981,37.23,18.76,49.74,0,1,0,0,1
28.29,226.54,7.93,74,3.76,39.27,0.056,10,79.1,21.2,34.83,0,0,0,0,1
41.38,241.13,7.9,84,7.71,49.71,0.006,837,83.72,32.75,58.59,1,1,0,1,1
25.18,165.89,7.3,495,10.71,36.78,0.1,322,77.04,72.87,30.94,1,1,1,1,2
21.78,146.57,8.54,213,8.41,10.73,0.181,29,99.69,70.47,90.95,0,0,0,1,2
21.73,34.18,8.99,112,12.21,34.8,0.042,475,58.34,78.71,22.91,1,0,0,0,1
43.52,25.19,8.23,311,9.4,30.79,0.031,360,64.91,61.8,48.34,1,0,1,0,1
32.67,101.87,7.64,56,7.18,10.51,0.037,720,52.72,54.33,21.24,1,1,1,0,1
30.24,93.25,5.78,442,13.1,12.05,0.138,22,97.92,48.87,42.24,1,0,1,0,0
40.27,286.1,8.04,383,2.44,32.64,0.073,818,93.82,88.72,53.63,1,0,1,1,1
40.9,235.09,7.98,100,7.86,40.39,0.051,737,98.93,40.92,59.85,0,0,1,0,2
28.3,197.98,8.21,249,9.93,38.12,0.068,340,98.79,90.24,39.83,0,0,0,0,1
37.34,155.29,5.94,134,12.03,30.32,0.062,516,91.64,34.8,82.87,1,1,0,1,2
39.28,50.21,7.79,425,8.49,46.88,0.109,817,94.47,24.16,56.39,1,1,0,1,1
36.37,293.54,6.54,140,12.63,36.55,0.027,255,29.59,32.96,99.32,1,1,0,1,1
23.79,112.51,8.16,83,7.12,27.1,0.102,171,33.88,54.91,21.12,1,1,0,0,2
41.9,32.08,6.34,206,5.81,40.81,0.062,887,90.82,93.33,26.52,1,1,1,1,0
33.48,148.14,7.89,229,13.69,14.52,0.187,526,78.14,25.96,82.16,1,1,1,1,2
27.06,262.2,6.53,417,10.01,13.17,0.084,621,90.0,62.19,59.88,0,1,1,0,2
30.63,266.19,5.53,355,7.11,48.57,0.02,513,81.6,29.59,42.4,0,0,0,0,2
20.94,3.29,7.72,436,12.54,47.49,0.187,919,31.17,70.99,46.94,0,0,1,0,1
23.2,265.89,5.9,301,10.2,44.03,0.188,693,93.33,51.85,60.74,0,1,0,1,1
39.14,81.45,7.81,440,9.66,10.72,0.035,777,81.7,76.02,17.72,0,1,0,0,1
20.0,11.69,8.74,60,10.74,29.38,0.163,211,65.66,87.05,78.86,0,1,1,1,0
30.41,254.34,8.89,216,10.86,26.75,0.172,802,62.59,40.13,50.42,1,1,1,1,0
33.06,259.16,6.33,55,7.92,10.16,0.071,381,65.9,94.44,47.13,0,0,1,0,0
21.37,178.87,8.33,28,7.03,22.39,0.032,40,51.23,52.16,79.59,0,0,0,0,0
44.33,172.33,6.74,110,12.91,23.26,0.16,302,84.26,94.3,61.23,1,0,0,0,1
25.65,243.94,8.65,91,7.97,12.03,0.006,125,92.72,30.76,77.87,0,1,0,1,2
27.6,235.89,8.26,141,4.59,47.74,0.124,757,40.23,90.74,93.58,0,0,1,1,2
27.6,267.03,5.76,451,8.26,24.64,0.068,340,23.04,40.03,95.13,1,0,1,1,0
25.76,165.82,6.92,101,2.41,26.24,0.119,925,36.23,77.57,48.63,1,0,0,1,2
20.04,290.29,6.68,70,10.68,29.93,0.158,764,80.59,97.14,16.26,0,1,0,1,2
38.23,298.84,8.25,12,3.52,44.35,0.166,476,89.47,92.09,11.12,1,0,1,0,0
44.17,34.96,6.94,400,3.34,26.67,0.2,633,47.89,51.73,73.47,1,0,0,1,2
25.61,254.86,7.9,156,13.36,27.05,0.128,866,32.19,41.04,17.34,0,0,0,1,1
36.58,149.95,7.61,80,11.27,12.01,0.045,933,88.68,65.14,45.12,1,0,1,1,2
38.55,116.27,8.91,99,6.97,30.14,0.055,537,37.17,73.52,69.6,1,1,0,1,1
41.21,183.92,8.78,82,4.87,19.06,0.087,531,39.35,58.62,99.85,1,0,0,0,2
30.57,16.79,7.0,217,12.12,32.34,0.17,291,27.41,86.36,30.08,0,1,0,1,1
27.57,151.94,8.03,371,13.62,15.04,0.073,831,92.83,15.24,10.87,0,1,1,1,0
28.13,261.27,8.4,236,8.1,35.79,0.138,554,46.14,63.97,13.71,0,0,1,1,0
37.82,64.04,8.65,124,8.96,30.95,0.009,679,33.75,57.27,30.1,1,1,1,0,0
40.42,127.92,5.74,200,4.92,23.72,0.086,529,96.29,13.54,99.37,0,1,0,1,2
24.54,281.84,6.56,1,9.07,4.83,0.033,917,46.84,11.14,16.94,1,1,1,0,2
29.27,128.57,6.62,61,6.81,31.35,0.188,204,79.8,64.55,77.43,1,0,1,0,2
42.55,107.51,7.02,19,12.15,42.96,0.158,78,38.43,20.62,23.49,1,0,1,1,2
40.17,132.16,6.09,470,6.53,8.55,0.028,527,78.15,79.17,28.34,1,1,0,1,1
44.62,155.84,7.24,209,9.79,4.24,0.08,472,38.57,95.43,17.73,1,1,0,1,2
38.86,189.6,7.82,439,4.44,1.98,0.016,770,71.02,25.97,30.53,0,0,0,0,0
29.83,240.21,7.24,345,3.09,1.59,0.149,836,55.27,81.87,20.4,1,0,1,1,0
34.77,135.63,7.83,179,2.48,42.1,0.038,922,83.9,63.23,11.57,0,0,1,0,0
36.53,245.24,5.73,408,6.99,36.38,0.161,102,78.42,50.31,81.88,1,1,1,0,0
21.96,160.12,8.57,61,3.96,10.11,0.015,96,94.84,68.53,27.14,0,1,1,1,0
33.61,101.54,8.79,272,13.92,45.86,0.115,935,50.13,82.21,20.67,1,1,0,0,1
37.73,197.39,7.66,294,11.58,6.77,0.122,613,80.35,97.36,34.5,1,0,0,1,1
24.18,215.32,8.58,240,10.32,18.71,0.067,515,97.51,69.44,77.84,1,0,1,1,1
39.52,167.41,5.96,250,11.64,22.61,0.033,682,46.9,77.22,30.23,1,1,1,1,2
34.59,16.98,8.29,9,5.15,3.79,0.065,613,43.2,64.68,58.77,1,0,1,1,1
43.81,50.96,5.92,186,12.55,17.37,0.099,819,81.52,60.85,29.53,0,1,0,1,0
21.06,85.59,6.93,408,13.95,5.09,0.194,247,55.64,15.83,44.84,1,1,1,1,1
26.63,84.79,6.63,109,5.48,39.49,0.089,819,51.89,23.96,56.92,1,1,0,1,1
35.04,202.03,7.55,27,13.82,2.34,0.038,628,63.65,44.13,78.2,0,1,1,0,0
27.41,5.5,6.56,473,5.84,0.86,0.005,321,94.84,68.46,35.35,1,0,0,1,1
37.86,226.7,7.73,459,2.14,36.62,0.002,445,26.71,16.82,50.18,1,1,0,0,1
38.98,79.6,6.79,60,6.41,39.04,0.083,594,57.25,58.99,67.86,0,0,0,0,2
22.56,93.01,8.51,57,13.97,24.78,0.059,62,28.81,11.19,34.77,1,1,0,1,2
32.85,158.37,7.72,299,9.62,15.89,0.023,178,90.69,78.95,29.8,0,1,1,1,1
32.72,64.78,6.25,496,10.35,11.82,0.034,191,30.94,70.02,61.2,0,1,0,1,2
29.23,265.34,6.68,338,4.86,5.85,0.07,721,27.18,56.86,95.72,0,1,1,0,0
43.32,25.61,8.47,251,3.75,24.21,0.137,635,97.1,61.4,91.91,1,1,1,0,2
40.69,133.31,6.85,406,12.63,24.55,0.122,951,65.07,93.95,64.03,0,1,1,0,0
37.43,254.83,7.38,461,6.96,22.8,0.016,10,86.07,91.6,47.98,0,0,0,1,0
37.86,184.75,7.77,255,2.05,38.91,0.029,162,57.62,81.35,60.92,1,0,0,0,0
31.54,87.7,6.72,380,5.53,4.99,0.182,906,54.85,40.26,82.18,1,0,1,1,2
43.02,126.23,6.53,144,4.35,33.5,0.014,416,92.93,19.65,18.36,0,1,0,0,0
37.36,212.01,7.16,78,9.25,20.08,0.04,577,99.19,38.93,80.31,1,1,1,0,0
38.22,291.98,6.25,340,11.07,12.05,0.064,384,69.48,77.68,69.22,1,0,0,0,2
41.54,267.94,6.49,293,7.97,34.08,0.046,32,93.46,64.99,34.21,1,1,1,0,0
26.85,102.73,5.72,285,4.23,9.88,0.058,76,89.02,73.5,88.84,0,1,0,0,2
40.18,299.46,6.56,402,2.7,11.55,0.146,666,63.52,19.48,17.19,1,1,1,1,2
24.88,1.05,6.62,287,5.76,49.93,0.019,448,95.29,24.26,92.68,1,0,0,1,0
28.63,8.29,8.87,476,11.67,44.43,0.07,873,36.8,69.79,44.91,1,1,1,1,2
28.39,247.15,7.56,213,7.03,34.86,0.122,220,90.79,43.46,82.93,0,1,0,1,1
44.46,59.84,8.26,19,5.03,15.79,0.01,172,44.75,43.23,23.9,1,1,1,1,0
41.41,18.23,5.66,357,2.25,26.84,0.009,871,22.44,45.34,61.08,0,1,0,0,2
37.53,71.14,5.87,229,7.95,6.33,0.1,85,82.97,81.63,13.01,1,1,1,0,1
38.18,127.83,8.35,63,10.22,16.7,0.18,870,94.4,72.91,35.09,1,0,1,0,0
34.05,219.17,7.68,35,4.28,3.4,0.089,595,37.34,19.54,84.67,1,1,1,1,1
43.68,187.3,6.17,448,8.45,30.52,0.081,299,62.73,40.99,50.89,0,1,1,1,0
32.41,71.29,6.92,210,7.05,42.87,0.002,807,79.95,70.64,69.36,1,0,0,1,1
29.51,150.98,7.39,170,10.45,40.48,0.147,556,46.53,97.85,82.65,0,1,1,1,1
24.08,277.86,8.45,25,12.33,42.8,0.033,641,31.75,92.1,57.73,1,1,0,0,1
39.66,244.5,5.71,262,5.68,8.73,0.14,680,51.38,32.34,62.72,1,0,1,1,0
38.36,96.96,7.59,289,12.86,32.5,0.07,435,56.53,15.94,78.97,0,1,1,1,0
29.61,294.68,8.01,163,10.48,47.84,0.009,16,79.38,61.59,20.84,1,0,1,0,2
20.63,212.59,8.92,389,2.45,39.16,0.066,49,35.89,46.56,16.44,0,1,0,1,0
40.97,18.73,8.33,420,11.49,0.17,0.132,503,85.21,26.51,65.97,1,0,1,1,2
20.29,10.55,6.47,61,7.94,44.12,0.154,879,60.17,68.65,97.76,1,1,0,0,0
37.59,50.52,7.98,85,13.35,35.29,0.127,680,92.31,24.43,68.03,0,0,0,1,0
44.26,218.36,8.17,72,5.88,6.1,0.142,900,65.26,41.63,73.46,0,0,0,1,2
30.94,55.12,8.05,490,9.09,15.69,0.047,947,55.75,81.51,69.27,1,1,0,0,1
25.87,153.45,8.37,383,13.47,5.88,0.193,431,42.94,71.59,64.51,1,0,0,0,0
37.62,27.98,8.66,59,5.25,36.49,0.045,857,28.5,64.64,27.79,1,0,0,0,1
40.43,276.27,5.84,476,7.66,0.18,0.034,780,49.74,93.77,85.62,0,1,0,1,2
33.66,103.19,5.87,319,11.03,23.23,0.05,950,53.09,21.29,61.88,1,1,1,1,0
44.18,272.44,8.29,177,10.29,49.99,0.194,161,65.46,72.19,98.05,0,1,1,0,0
21.29,283.46,6.38,51,12.06,42.56,0.013,822,88.79,20.56,16.22,1,0,0,1,1
32.62,1.84,5.7,144,8.24,29.36,0.155,349,57.11,22.27,36.86,1,1,1,0,0
37.96,139.24,6.9,315,5.83,34.7,0.021,939,45.14,55.58,18.94,0,0,1,0,2
41.57,7.4,8.37,76,8.42,30.18,0.155,936,89.86,12.17,87.32,1,0,0,1,1
24.48,272.61,5.94,118,6.2,40.54,0.055,1,78.71,55.09,83.61,0,0,0,0,0
40.0,155.52,7.85,208,4.12,44.3,0.145,715,44.56,10.85,79.58,1,0,1,0,0
33.82,22.48,5.51,181,8.66,38.33,0.01,183,33.36,64.22,71.07,0,1,1,0,0
29.91,33.08,5.88,137,2.58,9.1,0.067,853,43.28,38.08,19.59,0,1,0,0,2
23.29,115.05,6.73,124,2.44,18.63,0.093,869,29.89,17.49,46.54,0,1,1,1,0
41.63,282.07,5.79,152,2.77,39.22,0.004,780,92.27,80.28,73.41,0,1,0,0,2
23.93,207.87,8.46,17,10.07,41.16,0.036,431,68.94,45.09,42.48,0,1,0,0,1
27.74,260.29,8.52,63,6.88,31.44,0.034,371,89.08,49.96,74.61,1,1,1,1,0
27.25,109.94,8.14,496,7.93,35.71,0.096,856,85.63,43.7,35.69,1,0,0,1,2
41.79,12.96,6.35,235,6.12,8.72,0.027,935,32.26,17.53,58.92,0,1,1,1,1
36.82,292.3,7.33,78,5.04,18.63,0.195,614,55.44,51.39,41.91,1,1,1,0,1
39.92,5.15,6.14,58,6.3,26.73,0.177,443,97.77,69.89,92.94,0,0,1,1,2
26.26,284.3,6.48,410,4.32,49.19,0.045,494,38.7,91.3,49.82,1,1,1,0,0
35.62,110.6,7.31,250,10.15,39.96,0.047,36,24.02,78.74,35.8,0,0,0,0,2
34.29,3.03,8.07,313,3.22,9.63,0.189,532,47.68,17.14,15.13,0,0,1,0,1
40.82,206.75,5.83,60,8.2,17.62,0.06,273,60.88,24.92,23.09,1,0,0,0,1
42.65,294.16,6.54,466,7.72,10.84,0.085,500,24.47,14.03,60.84,1,0,1,1,2
20.3,289.69,8.74,117,5.62,7.61,0.14,978,54.13,20.75,73.1,1,0,1,1,2
36.85,48.28,7.0,78,3.23,6.0,0.069,844,40.27,53.25,95.89,1,1,1,0,0
21.3,54.37,8.79,236,10.44,48.29,0.18,182,36.97,29.78,63.71,0,1,1,1,2
33.72,169.66,8.97,326,8.83,45.33,0.118,600,41.11,68.31,71.27,1,1,1,0,2
27.19,191.19,7.34,170,11.71,24.16,0.113,207,28.43,12.91,65.78,0,0,0,0,0
27.67,221.83,6.51,487,4.83,27.43,0.111,108,26.13,87.15,91.22,1,0,1,1,2
28.82,54.32,8.27,243,11.5,41.93,0.022,761,67.67,70.99,37.22,1,0,1,0,1
35.53,287.7,6.06,207,5.5,32.44,0.158,574,95.83,97.22,64.29,0,0,0,1,2
28.35,191.62,6.38,343,3.35,36.63,0.114,732,84.38,95.75,96.38,1,0,0,0,2
38.32,254.11,8.25,86,3.62,39.56,0.011,699,86.71,72.36,10.64,0,0,1,0,2
30.11,162.02,7.02,138,4.65,24.15,0.17,685,78.81,24.22,34.39,0,0,1,0,0
21.71,124.28,6.21,87,10.19,48.74,0.146,15,96.48,29.99,78.29,1,1,1,0,2
39.59,293.15,7.78,132,4.93,31.42,0.058,213,96.04,34.98,52.29,0,0,0,0,0
27.14,174.64,8.06,441,9.25,31.67,0.057,683,82.26,48.4,25.15,1,0,0,1,1
30.82,260.06,5.94,38,5.08,7.05,0.101,651,77.28,61.38,61.45,1,0,0,1,1
37.14,285.99,6.47,175,6.38,49.39,0.001,746,44.42,71.43,56.36,0,0,0,1,0
28.31,202.61,6.27,477,12.68,3.54,0.162,319,27.29,16.81,50.87,0,1,0,0,2
21.41,164.68,6.83,79,8.0,49.28,0.188,473,27.43,64.95,40.76,0,1,1,0,2
29.35,1.05,8.17,19,9.2,45.53,0.089,667,78.9,15.33,14.73,0,1,0,0,2
43.61,12.01,8.0,220,4.27,42.82,0.107,950,22.27,84.43,64.37,1,1,0,1,2
36.04,60.26,7.82,336,3.58,33.68,0.162,795,85.31,13.64,56.55,1,0,1,0,0
36.79,55.8,5.52,274,6.96,30.44,0.056,86,49.32,45.1,62.68,1,0,1,0,1
35.81,76.43,6.0,187,12.26,49.83,0.098,614,35.37,47.8,10.22,1,0,0,0,0
24.97,91.48,6.28,153,4.89,48.7,0.022,605,52.61,61.33,17.44,0,1,0,1,2
30.46,108.02,6.45,462,9.46,40.59,0.14,867,76.26,18.59,25.09,0,0,1,1,0
38.77,126.16,6.01,408,12.47,4.34,0.159,933,42.01,93.98,50.36,1,0,0,0,2
22.53,29.66,6.94,142,13.21,18.61,0.013,950,33.89,44.49,82.71,1,0,1,1,1
26.95,12.71,5.76,250,13.93,43.3,0.176,397,79.03,45.66,32.13,1,0,0,0,2
26.91,202.18,8.13,211,11.16,35.13,0.075,761,90.45,31.88,82.75,0,1,1,1,1
30.8,161.2,8.26,477,2.9,6.1,0.184,670,66.84,80.26,31.17,1,0,1,1,2
44.51,133.24,7.51,148,12.46,17.41,0.18,62,61.91,10.7,77.41,0,0,1,0,0
21.69,190.33,5.81,174,12.63,0.97,0.158,941,80.39,19.56,88.68,1,1,1,1,1
32.97,248.3,8.62,418,8.69,44.64,0.166,75,78.61,52.37,83.48,0,0,0,1,1
24.48,128.31,8.88,171,2.81,37.35,0.058,878,20.5,97.15,76.45,1,1,1,1,0
44.27,192.34,6.21,133,7.72,21.79,0.073,458,42.55,13.2,13.46,0,0,0,1,1
22.83,286.07,7.97,115,4.53,38.02,0.048,387,94.56,15.58,39.71,0,0,1,1,1
30.09,251.89,8.45,356,7.31,46.67,0.071,472,96.82,74.34,27.69,1,0,1,1,1
38.45,127.8,7.39,202,10.69,13.99,0.112,874,60.82,76.19,52.71,0,0,0,0,1
37.61,193.42,6.63,406,10.01,14.29,0.173,344,64.81,90.72,41.89,1,1,0,1,2
30.57,53.12,7.17,491,11.36,24.13,0.109,363,20.05,61.9,65.6,0,0,1,1,0
28.66,168.16,7.29,294,7.72,35.34,0.139,275,73.79,46.32,60.92,0,0,0,0,0
29.94,294.4,6.9,456,8.13,49.65,0.027,455,36.99,50.6,48.78,1,0,1,1,2
26.61,155.49,8.75,145,13.23,8.15,0.188,23,30.23,48.84,79.07,0,0,0,0,0
25.13,278.29,8.1,237,9.57,17.11,0.117,849,44.37,97.62,11.33,1,0,1,1,2
32.08,122.2,6.34,227,10.97,18.17,0.155,293,73.19,44.21,87.92,0,0,0,1,2
26.71,299.65,7.55,254,9.97,36.29,0.2,328,54.91,18.65,10.27,1,1,1,0,2
27.19,173.77,7.91,423,9.69,44.33,0.172,407,47.92,36.07,50.68,0,1,1,1,2
36.42,12.68,5.99,495,12.96,9.19,0.101,324,78.14,96.41,89.32,0,1,0,0,0
44.21,176.03,6.75,291,6.28,35.68,0.174,431,85.1,48.54,47.62,0,1,0,0,2
35.09,82.37,8.67,155,7.13,45.48,0.132,44,89.54,38.45,78.01,0,1,0,1,2
21.92,9.74,7.49,447,6.56,6.06,0.146,332,55.58,37.97,46.26,1,0,0,1,2
21.89,246.26,6.26,338,11.18,31.75,0.127,404,77.43,10.82,86.58,1,1,0,0,0
43.79,82.72,5.93,349,12.42,10.12,0.058,840,90.82,66.98,99.93,1,1,0,1,0
27.43,238.96,7.31,441,6.29,22.06,0.067,705,92.71,75.18,90.85,0,0,1,0,1
22.3,86.47,7.42,421,3.71,6.34,0.112,436,59.37,41.77,15.02,1,1,1,1,2
34.98,58.3,6.67,242,7.93,34.18,0.175,879,48.43,88.55,23.34,1,1,1,0,0
35.59,292.18,7.71,206,13.81,20.07,0.091,448,92.01,76.86,58.77,1,0,1,0,2
36.21,108.49,5.74,427,4.44,28.36,0.108,263,40.91,64.08,96.54,1,0,0,1,0
26.69,180.41,6.01,253,7.42,26.18,0.074,471,83.75,73.34,46.57,1,1,1,1,0
20.38,182.99,7.41,459,5.26,34.7,0.004,33,92.69,79.25,34.93,0,0,0,0,2
44.13,168.14,5.72,257,13.07,44.78,0.129,137,79.18,57.43,96.85,0,0,0,1,1
26.27,274.41,8.58,72,8.61,13.99,0.113,876,74.39,45.8,73.79,0,1,1,1,0
36.9,202.33,6.0,34,8.94,29.76,0.196,384,24.05,21.31,79.34,1,0,1,1,1
37.67,121.12,7.86,128,2.1,28.69,0.102,162,36.28,46.45,19.97,1,0,1,1,1
35.25,258.71,6.87,429,9.83,15.76,0.107,360,73.33,59.51,33.63,1,1,1,0,2
27.82,54.32,6.9,187,5.68,24.98,0.056,502,82.82,95.31,55.33,1,0,0,1,1
26.78,163.27,8.18,318,8.16,2.02,0.02,566,25.07,23.94,76.28,1,0,0,1,2
34.94,285.17,7.25,94,8.37,21.35,0.142,537,21.52,78.13,41.26,1,0,1,1,0
41.65,187.62,8.04,219,9.11,13.53,0.162,579,44.92,31.66,28.38,1,0,0,0,0
43.67,245.09,7.27,300,11.88,43.2,0.174,350,71.6,96.13,49.34,1,0,0,0,0
22.65,196.07,7.58,124,5.59,17.89,0.081,644,60.96,63.53,48.19,1,0,0,0,0
23.87,251.81,8.16,184,5.07,9.61,0.141,598,20.67,48.95,88.57,0,0,1,1,0
43.62,283.35,7.63,36,11.55,26.48,0.053,481,32.13,41.21,94.04,1,1,1,0,0
38.41,81.88,7.65,262,10.62,40.55,0.051,78,80.18,28.18,25.19,0,0,1,1,1
42.07,50.9,8.26,109,4.71,17.7,0.199,450,43.81,74.3,35.15,1,1,0,1,2
25.07,145.2,8.82,399,2.01,42.34,0.17,786,29.38,67.24,80.74,0,0,0,0,0
34.69,210.56,6.82,177,9.99,16.31,0.051,298,24.07,90.11,32.05,0,0,1,1,1
37.53,68.16,7.52,141,3.89,36.78,0.087,550,88.04,63.76,33.82,1,0,1,1,1
37.0,1.23,5.8,480,13.48,5.76,0.113,230,57.73,25.28,70.9,1,0,1,1,0
30.2,102.88,6.76,133,9.25,3.11,0.003,410,60.29,71.46,55.98,1,0,1,0,0
20.38,290.66,6.94,444,12.2,36.88,0.192,405,24.91,89.09,73.32,0,1,0,0,2
34.57,208.49,8.42,148,11.67,18.42,0.022,816,59.09,99.14,16.53,1,0,0,1,1
26.33,120.4,7.3,393,8.69,19.65,0.163,313,71.66,71.66,55.38,1,0,1,1,0
31.26,57.77,8.06,287,7.26,28.71,0.195,826,29.82,36.06,70.56,0,0,1,0,2
43.94,106.83,5.57,389,7.96,49.34,0.141,206,92.2,60.88,52.7,0,0,0,0,0
29.98,50.95,7.13,257,11.64,8.58,0.193,551,82.67,56.35,21.5,0,0,0,1,2
41.0,31.89,8.65,38,9.69,14.99,0.004,617,84.15,56.08,22.05,0,0,1,1,0
24.71,272.02,6.29,304,4.47,32.44,0.071,782,62.92,17.08,62.92,0,1,1,0,1
36.81,299.3,5.61,282,9.31,35.05,0.095,287,46.71,27.51,22.96,0,1,0,0,2
44.43,49.23,7.02,311,6.86,35.31,0.157,57,71.24,57.17,37.34,1,1,1,0,2
22.55,16.36,7.97,13,2.74,29.77,0.131,350,38.03,81.84,49.71,1,1,0,1,2
20.21,98.92,7.09,406,6.58,29.41,0.147,499,30.95,26.36,63.4,0,0,0,1,1
30.84,138.5,7.11,358,4.73,7.41,0.029,55,63.07,24.79,33.88,1,1,0,1,0
22.32,61.45,7.84,373,12.06,41.73,0.169,102,58.29,78.39,46.47,0,1,0,1,0
38.71,90.43,6.39,377,3.26,0.44,0.164,976,32.02,72.15,43.1,1,1,0,1,0
42.86,60.26,8.13,468,6.33,20.88,0.154,374,62.43,53.66,18.74,1,1,1,1,2
30.85,232.28,6.04,360,10.35,10.77,0.164,51,63.72,14.53,82.34,1,1,1,1,1
26.47,213.77,6.89,434,12.77,5.22,0.043,972,89.72,52.54,76.81,0,0,1,1,1
30.86,190.49,7.8,477,6.02,15.97,0.028,997,80.74,85.14,80.57,1,0,0,1,2
38.09,116.17,8.4,280,9.28,32.86,0.179,228,37.41,10.96,23.26,1,1,1,0,1
20.23,272.71,8.27,52,6.48,24.85,0.191,719,85.43,19.23,56.58,0,1,1,0,0
34.74,290.86,8.03,471,4.43,43.68,0.085,283,97.52,82.84,39.72,1,0,1,1,2
35.33,52.09,6.76,10,5.91,29.98,0.089,993,77.33,57.26,41.36,1,0,1,0,2
35.94,66.9,5.93,162,9.63,12.66,0.148,95,82.96,69.6,15.92,0,0,0,1,0
26.05,157.69,6.26,182,10.6,25.76,0.099,759,41.31,77.05,95.13,0,1,1,0,0
37.85,27.38,8.53,185,6.45,11.37,0.063,407,99.35,37.02,94.57,0,0,1,1,1
22.28,130.93,8.5,451,3.83,8.93,0.038,381,34.11,36.81,46.75,1,1,1,0,1
24.98,174.54,8.83,36,3.67,47.75,0.005,676,80.07,33.76,86.9,0,0,1,1,0
41.94,156.62,5.77,483,11.75,23.4,0.118,701,51.62,25.05,39.71,0,0,0,0,2
38.47,99.27,7.38,460,9.84,32.56,0.028,4,48.55,37.43,60.35,0,0,0,1,1
20.34,162.73,7.77,8,10.74,43.67,0.172,683,42.81,95.75,77.01,1,1,0,1,1
26.21,287.64,7.99,27,7.86,16.11,0.197,982,55.28,17.74,57.08,1,1,1,1,2
25.36,61.81,7.75,310,7.49,39.45,0.092,305,83.27,31.66,24.74,0,1,0,1,2
26.77,196.45,8.2,173,4.53,39.44,0.023,980,95.28,38.62,44.11,1,1,0,0,1
26.19,13.02,6.76,463,4.02,41.2,0.117,640,53.3,23.84,78.36,1,1,1,1,2
21.56,19.92,6.13,126,3.85,9.47,0.115,447,72.13,16.97,80.28,1,0,0,0,2
31.47,165.55,6.22,69,13.9,48.14,0.027,460,83.06,24.57,40.41,1,0,1,0,0
38.32,31.48,5.54,282,11.85,13.74,0.129,243,27.98,57.5,58.64,0,1,0,1,0
35.17,6.7,6.73,265,9.51,38.84,0.063,747,96.84,63.71,28.64,1,1,1,1,1
36.82,51.45,5.82,150,4.57,8.12,0.169,455,36.93,29.37,32.6,1,0,0,0,0
22.03,169.45,6.63,148,6.05,46.21,0.118,256,93.21,55.34,23.03,1,1,1,1,1
43.79,211.0,7.7,217,6.21,21.39,0.087,142,98.93,10.56,49.41,1,0,0,1,2
40.96,60.74,8.63,428,7.73,33.43,0.193,201,28.03,64.18,74.79,0,0,1,0,2
40.13,200.48,8.44,125,7.06,42.51,0.098,0,91.42,10.12,89.13,0,1,1,0,2
40.57,54.74,6.38,2,13.21,14.12,0.177,973,71.27,67.85,59.02,1,1,0,0,2
43.32,184.04,5.97,186,10.65,19.45,0.053,492,85.43,53.5,68.68,1,0,0,0,2
33.61,123.59,6.18,42,2.98,15.67,0.088,819,28.73,19.83,34.01,0,1,1,0,2
25.01,196.14,8.9,98,6.32,14.14,0.017,745,86.74,17.96,28.19,0,0,0,0,2
35.42,298.52,7.42,262,3.6,25.52,0.085,511,70.08,10.62,45.61,0,1,1,1,1
38.57,281.35,6.14,410,5.35,27.34,0.179,356,60.85,59.65,60.3,0,1,1,1,0
38.45,1.28,8.44,189,13.51,3.84,0.166,552,64.8,82.59,13.02,1,1,0,1,1
33.04,265.63,6.88,41,10.46,33.66,0.195,830,79.56,87.09,18.29,0,1,1,0,2
21.71,19.95,8.65,96,2.09,21.0,0.15,941,43.81,61.23,66.77,1,1,1,0,0
29.28,285.91,6.41,259,5.95,44.48,0.054,276,95.48,89.85,27.94,1,1,1,1,1
43.02,84.55,6.88,217,7.26,44.28,0.032,960,44.61,87.58,50.8,0,0,0,1,0
34.61,114.61,7.27,445,9.23,36.0,0.036,750,90.17,72.84,94.29,0,0,0,1,0
33.46,27.49,8.62,135,8.0,42.69,0.132,218,20.97,42.68,87.63,0,0,1,0,0
26.72,33.68,8.54,339,2.84,46.13,0.076,370,93.32,84.45,15.73,0,0,0,1,2
29.21,218.02,7.51,144,8.19,28.87,0.083,51,88.13,45.25,15.28,0,0,0,1,2
42.38,283.3,6.28,4,3.56,48.6,0.172,926,29.93,46.29,23.07,0,1,0,0,1
36.66,183.22,6.91,446,8.23,47.77,0.145,198,78.95,71.03,20.48,0,1,0,0,2
39.68,214.76,8.91,368,4.95,5.49,0.042,465,49.93,93.51,32.84,1,1,1,0,2
31.36,228.59,7.63,392,3.73,26.14,0.034,803,58.38,55.0,43.49,0,1,1,1,0
35.76,78.84,8.23,135,5.46,5.72,0.164,791,25.49,25.95,17.46,0,1,0,0,2
26.21,13.57,7.07,6,3.2,34.21,0.191,500,37.01,22.82,51.45,0,0,1,0,0
37.64,0.56,7.36,36,5.41,38.26,0.037,933,96.29,37.2,57.68,1,1,1,0,1
30.69,105.19,7.0,483,12.4,44.23,0.19,610,53.44,51.19,69.54,1,1,1,0,1
31.06,72.44,7.96,310,5.69,32.5,0.086,67,22.08,36.79,46.57,0,0,1,0,0
36.23,18.7,8.48,66,7.64,22.7,0.181,248,61.21,74.07,36.63,1,1,0,0,0
43.41,53.86,7.28,391,8.24,7.8,0.15,769,99.58,58.84,67.89,1,0,0,1,2
21.6,37.35,7.18,324,4.14,6.26,0.181,866,46.63,46.61,92.01,0,1,1,1,0
40.62,274.46,6.69,4,7.3,24.28,0.129,337,31.3,29.21,45.68,0,1,0,1,2
27.31,42.08,6.12,272,12.24,41.63,0.031,449,71.48,64.49,36.41,1,1,0,1,2
31.1,161.29,8.79,366,2.97,37.54,0.012,90,93.59,70.67,74.59,1,0,1,1,1
20.55,177.93,6.61,57,13.07,44.04,0.125,824,88.73,80.58,88.95,0,0,0,0,0
27.53,163.05,8.3,446,12.45,40.55,0.012,830,72.56,99.18,96.38,0,1,1,1,1
32.57,29.72,8.0,154,12.27,10.27,0.047,615,34.73,30.82,29.81,1,0,1,0,1
21.4,95.64,8.27,359,4.38,10.02,0.041,838,82.75,11.36,37.25,1,1,0,0,0
32.28,15.38,8.78,486,7.81,22.9,0.085,765,85.86,55.04,91.53,1,0,0,1,0
43.18,118.7,7.68,112,9.39,9.56,0.119,296,87.96,93.16,34.3,1,0,0,0,0
22.63,56.58,8.64,459,3.2,9.37,0.182,350,52.32,32.39,41.1,1,0,0,0,0
39.11,168.49,6.09,91,8.68,13.39,0.187,759,52.71,78.03,67.55,0,0,1,1,0
30.24,207.84,7.69,323,12.08,1.13,0.196,616,32.41,38.76,61.13,0,0,1,0,1
36.38,159.64,8.2,243,13.24,28.57,0.153,225,81.81,45.21,89.01,0,0,0,0,0
26.51,130.27,6.45,283,5.34,19.83,0.184,262,78.98,95.3,65.07,1,0,1,1,0
23.99,116.2,8.09,88,5.46,11.87,0.158,568,27.98,51.49,54.0,1,1,1,0,1
24.01,252.51,8.22,441,5.25,6.71,0.182,684,21.61,75.28,16.66,0,1,0,0,1
21.76,65.81,8.41,177,3.84,22.79,0.021,125,96.14,59.49,97.75,0,1,1,1,0
24.64,220.27,6.6,227,7.17,30.1,0.192,92,21.38,78.75,48.01,1,0,0,0,0
36.61,227.24,7.89,361,11.41,48.66,0.047,120,70.29,38.56,61.53,1,0,1,0,0
42.04,125.76,6.56,66,10.55,12.69,0.114,903,56.29,88.92,55.18,1,1,1,1,2
40.35,89.19,8.09,121,12.8,1.32,0.103,224,82.19,59.4,76.42,1,1,1,0,2
37.13,141.16,7.12,158,6.27,36.8,0.113,514,27.02,37.82,68.18,0,1,0,0,1
22.76,27.96,7.59,356,8.87,11.76,0.14,103,74.59,13.44,40.84,0,1,1,0,1
27.23,13.78,6.96,267,11.2,24.21,0.108,671,69.2,11.19,56.8,0,0,0,1,1
27.75,33.48,6.07,182,12.78,40.41,0.138,722,88.29,41.8,84.34,1,0,0,1,2
26.25,56.14,6.12,484,12.46,1.85,0.107,323,61.48,29.41,67.01,1,1,1,1,1
32.88,151.25,5.77,356,7.59,7.08,0.002,393,78.26,14.74,95.91,0,1,0,1,2
33.39,254.74,7.66,3,12.88,4.91,0.125,785,55.01,59.76,77.85,1,1,1,1,2
28.92,70.69,8.47,477,7.33,11.69,0.111,338,98.72,98.99,53.67,0,1,1,1,1
28.84,280.55,5.57,120,12.83,8.65,0.117,180,64.75,48.01,82.63,0,1,0,1,1
40.71,286.47,5.73,229,11.32,15.83,0.0,587,80.28,59.69,49.8,0,1,1,1,1
39.73,287.67,7.1,297,4.66,37.32,0.094,906,27.43,29.78,29.19,1,1,0,1,2
27.69,251.27,8.08,485,13.16,2.12,0.175,671,57.02,28.44,66.67,1,0,1,0,1
42.84,109.15,6.05,218,4.91,3.69,0.067,517,25.16,39.55,41.85,1,0,1,1,1
43.82,21.81,6.45,181,12.9,28.22,0.089,677,29.74,85.15,12.24,0,1,0,0,0
28.17,170.65,6.31,277,9.38,26.01,0.024,822,60.49,96.45,29.27,0,0,1,0,0
28.86,167.6,6.9,256,10.01,23.7,0.09,923,48.18,76.58,25.04,0,0,1,1,1
32.64,254.99,6.29,303,3.31,25.8,0.079,793,56.79,11.85,81.54,1,1,0,1,2
43.53,298.8,6.73,42,2.79,37.1,0.177,199,59.69,49.46,75.4,0,0,1,0,2
41.91,152.45,8.05,357,13.62,28.81,0.007,585,32.78,47.86,65.31,1,1,1,1,2
22.56,103.56,7.64,403,6.04,22.85,0.19,213,49.27,94.17,94.09,0,1,0,0,1
29.82,55.77,5.78,17,12.13,4.09,0.115,225,88.85,77.1,26.03,0,1,0,0,0
33.83,1.44,7.73,197,10.45,48.74,0.106,108,88.53,74.3,24.69,0,1,1,1,1
32.58,152.73,7.17,176,9.25,11.97,0.177,114,59.25,60.83,91.82,0,0,0,1,1
24.85,166.66,8.77,75,10.22,43.46,0.038,255,79.93,68.13,68.22,1,0,1,1,2
41.47,247.48,6.51,400,3.07,18.95,0.042,597,80.28,72.87,60.18,0,1,1,0,2
36.92,151.37,8.04,180,6.95,34.2,0.175,405,23.53,59.73,76.59,0,1,1,0,2
40.95,274.94,8.06,149,9.28,22.71,0.186,517,68.87,86.03,35.35,1,0,0,1,2
41.47,188.43,6.28,81,12.41,17.71,0.168,478,84.36,13.32,63.54,1,0,0,1,0
38.71,252.1,8.66,9,10.58,30.72,0.008,291,67.52,94.72,48.42,1,1,0,1,0
30.98,44.49,7.22,279,5.03,26.81,0.13,638,63.32,79.62,37.63,1,0,0,1,0
35.26,256.6,7.88,211,13.82,11.62,0.09,778,62.5,57.61,88.87,1,1,1,0,1
24.01,202.54,6.01,139,9.72,16.81,0.162,337,60.64,87.43,24.46,1,0,0,0,0
36.84,51.07,6.4,259,8.02,1.72,0.032,887,82.26,84.52,11.61,1,1,1,1,1
24.48,56.93,7.55,425,11.38,9.68,0.184,545,71.39,47.75,42.32,0,1,1,1,2
37.35,277.95,6.62,381,9.23,16.79,0.067,258,37.24,85.58,27.86,1,1,0,0,2
25.74,9.66,7.25,388,10.52,48.61,0.065,752,54.67,26.95,82.99,0,0,1,1,2
22.94,138.76,6.81,409,9.41,26.35,0.036,616,62.29,52.23,21.4,0,1,0,1,0
24.13,94.04,7.74,227,4.15,35.04,0.001,626,53.52,30.91,94.37,0,1,0,0,0
20.05,199.52,7.21,442,8.52,33.68,0.063,433,39.01,21.2,25.08,1,0,1,0,0
37.97,251.89,5.52,445,5.4,49.04,0.03,357,29.98,90.51,90.03,1,1,1,0,2
38.31,108.11,7.77,335,8.84,27.78,0.148,247,29.38,43.03,25.15,0,1,0,0,2
32.87,128.07,6.98,4,3.51,29.27,0.151,803,43.7,71.59,14.31,0,1,1,1,2
24.03,294.58,6.7,409,4.78,15.0,0.166,720,52.21,43.76,53.91,1,0,1,1,1
22.09,235.17,5.83,82,11.7,31.31,0.001,605,74.63,58.97,42.07,1,1,1,1,0
20.48,269.16,6.27,5,6.86,37.89,0.07,438,98.79,41.32,63.81,1,1,1,0,0
24.14,131.63,6.28,151,10.09,5.16,0.001,541,91.79,76.85,67.66,1,1,1,1,1
42.27,70.22,8.77,478,7.97,24.01,0.102,573,85.1,80.78,94.09,1,1,1,1,0
26.04,123.56,7.01,222,6.09,21.1,0.182,754,85.1,48.75,95.74,0,1,1,0,2
28.86,214.83,5.65,180,7.94,5.68,0.082,180,67.69,87.37,54.55,1,1,1,1,1
22.63,32.83,5.99,262,11.76,17.06,0.175,106,40.22,41.98,28.78,1,1,1,1,2
25.56,81.14,5.78,265,5.38,26.76,0.19,561,57.76,78.62,32.25,1,0,0,1,0
32.98,13.99,7.56,166,7.06,32.49,0.048,222,31.4,68.51,18.97,1,1,0,1,2
35.19,129.7,6.15,469,4.43,14.44,0.002,159,65.31,51.04,35.19,0,0,1,0,2
26.13,248.23,7.24,77,6.21,23.81,0.148,119,21.84,90.0,92.02,0,1,1,1,1
21.44,7.4,6.8,411,12.62,36.7,0.116,879,35.16,61.5,42.81,0,1,0,1,0
29.78,202.6,8.31,41,11.43,21.11,0.069,338,76.98,85.62,66.66,1,1,0,1,2
25.86,279.75,6.62,61,6.48,47.04,0.074,776,42.15,76.0,98.31,0,1,0,1,2
25.49,71.08,7.1,380,3.59,1.54,0.016,880,53.6,57.93,19.61,1,1,1,1,2
44.0,208.09,8.02,435,7.04,13.01,0.174,271,86.56,39.38,79.78,0,0,0,0,2
35.41,292.53,7.02,277,11.26,6.67,0.048,421,23.56,95.6,72.97,1,0,0,0,2
33.92,288.68,8.28,312,2.53,27.06,0.019,402,21.82,15.11,83.71,1,1,0,1,2
30.39,70.48,7.82,351,10.94,8.87,0.156,861,38.32,90.5,22.35,0,0,1,1,0
30.72,30.1,6.94,394,10.16,37.09,0.097,803,74.76,55.58,55.16,1,0,0,0,2
33.52,44.48,7.26,397,2.78,45.92,0.153,778,38.89,77.39,66.88,0,1,1,0,0
37.41,210.61,8.89,30,9.63,10.36,0.18,499,89.1,40.07,78.41,0,1,1,0,0
37.55,217.73,7.82,491,5.58,45.34,0.076,590,48.15,44.58,74.14,0,0,1,1,2
24.29,202.27,8.67,3,4.13,31.59,0.011,983,42.68,27.17,61.39,1,1,1,1,0
32.5,100.82,6.13,108,6.62,9.81,0.051,232,38.63,95.89,52.23,0,1,1,0,0
30.3,50.93,7.19,405,4.46,36.83,0.01,190,65.92,13.9,94.75,0,0,1,0,0
41.76,174.23,8.68,373,11.89,4.54,0.03,596,88.5,44.81,26.36,1,0,0,0,1
35.79,145.1,6.63,92,10.9,34.61,0.17,635,52.48,40.12,28.39,0,0,1,1,1
33.31,218.65,8.89,98,13.77,43.06,0.188,426,40.2,83.18,20.0,1,1,0,0,1
22.88,132.41,5.84,191,8.41,47.52,0.135,585,53.67,55.14,20.14,1,1,1,1,1
35.14,101.59,8.66,332,3.07,2.73,0.146,498,92.38,25.22,88.61,1,1,0,1,2
22.93,88.04,7.06,211,6.41,3.1,0.146,216,46.76,55.81,64.59,0,1,0,0,2
28.43,63.44,5.76,82,12.06,46.52,0.025,351,72.46,31.24,94.16,1,0,1,1,2
23.57,79.72,8.58,206,6.76,39.48,0.009,288,46.38,11.54,89.82,0,0,0,1,2
37.3,28.45,6.38,114,7.47,38.71,0.14,48,73.98,59.01,37.05,1,1,0,0,2
25.16,104.06,5.58,473,6.94,37.13,0.007,178,90.48,42.44,67.72,0,0,0,1,0
29.8,10.97,5.98,251,4.82,35.87,0.162,689,67.88,31.5,44.15,0,1,1,0,0
42.39,55.92,7.81,467,2.88,30.66,0.118,535,95.8,25.5,88.86,0,0,1,0,1
25.11,224.03,8.92,60,4.17,40.64,0.023,276,68.12,50.83,76.08,0,0,0,1,2
32.7,97.64,5.89,355,6.37,1.71,0.132,409,97.99,88.27,21.11,0,0,1,0,2
30.48,200.47,7.12,389,4.95,37.02,0.121,592,77.9,78.23,32.8,1,1,0,0,0
20.45,215.07,6.13,252,8.87,29.15,0.075,146,72.22,10.42,69.18,0,1,1,1,0
39.82,174.36,8.11,78,9.37,45.37,0.164,706,86.39,75.8,32.15,0,1,1,0,1
21.73,287.61,5.91,195,8.84,46.82,0.061,460,20.89,16.54,58.06,1,1,0,0,1
31.86,6.43,6.34,261,3.02,12.07,0.076,577,40.58,59.32,31.98,0,1,0,0,2
34.02,221.6,6.19,321,10.0,39.47,0.139,936,37.29,80.2,71.43,0,1,1,0,1
35.71,287.64,7.43,419,6.61,47.85,0.15,63,28.87,50.8,16.75,0,1,1,1,1
37.22,258.68,8.56,497,12.54,13.33,0.055,364,95.02,43.9,74.91,0,0,1,1,1
26.33,50.37,7.29,398,8.31,42.55,0.003,479,30.48,94.55,40.33,0,0,0,0,1
20.25,98.05,5.7,331,3.01,29.33,0.035,416,41.03,12.63,50.82,1,0,1,1,1
38.09,51.74,7.47,295,2.11,19.75,0.053,543,46.81,19.54,53.52,1,1,0,0,2
33.39,180.39,8.29,235,10.43,41.18,0.181,617,69.97,88.33,27.49,1,0,0,1,1
40.9,213.66,5.96,168,6.81,43.51,0.179,500,81.4,89.76,94.79,1,0,0,1,1
40.53,95.12,5.75,6,5.46,14.13,0.132,664,68.37,43.55,10.01,1,0,0,1,0
41.08,161.85,6.16,21,7.37,39.72,0.142,443,79.92,58.62,43.55,1,1,1,0,1
32.13,207.28,8.11,71,2.87,2.48,0.124,386,52.17,24.8,21.57,1,1,1,0,0
28.34,126.4,7.57,499,6.7,20.88,0.156,873,99.66,89.59,42.39,1,0,0,1,0
39.79,256.2,7.39,105,5.78,3.49,0.07,818,33.61,52.22,19.36,0,0,1,1,1
31.28,231.46,6.37,138,11.6,14.69,0.109,6,51.98,60.77,44.08,0,1,0,0,1
24.59,19.4,6.66,385,4.1,47.52,0.134,624,86.57,20.63,27.45,1,0,0,0,0
41.37,186.34,8.88,29,11.08,36.74,0.094,188,39.74,65.33,59.84,0,0,0,1,1
42.06,70.6,6.34,323,8.0,37.78,0.155,792,80.07,72.62,11.08,0,0,1,0,0
31.66,167.26,8.66,436,2.98,6.72,0.187,854,49.14,36.52,55.55,1,0,1,0,0
21.89,287.07,7.53,88,13.64,28.93,0.133,253,34.21,90.65,35.45,0,1,0,0,1
29.7,263.72,5.93,404,10.81,19.44,0.015,603,52.27,28.35,38.93,0,0,1,0,2
40.09,121.35,7.14,152,5.12,36.71,0.122,715,82.78,90.76,41.92,0,1,1,1,0
42.54,87.45,8.82,72,8.98,7.85,0.139,519,28.96,73.3,68.74,0,1,1,1,0
25.09,70.32,6.96,327,12.8,14.1,0.057,753,61.29,84.78,78.2,1,1,1,0,2
21.67,159.75,8.52,388,13.17,44.93,0.064,510,79.31,72.92,39.67,1,0,0,1,0
41.93,34.27,6.4,237,10.77,8.49,0.119,738,80.13,48.56,93.25,0,0,1,0,2
29.74,164.78,7.5,475,10.73,31.62,0.141,792,51.17,39.84,77.16,1,1,1,0,2
33.54,0.4,8.45,321,5.33,15.76,0.174,221,57.32,76.07,46.35,1,1,0,1,0
44.2,97.15,8.72,340,13.88,4.09,0.153,446,88.54,36.83,18.8,1,0,0,1,1
21.66,65.98,7.2,250,4.92,11.18,0.027,415,36.67,15.57,60.43,1,1,0,0,1
36.21,291.37,7.74,304,3.07,43.47,0.07,227,99.41,32.23,65.24,1,1,1,1,0
21.85,218.17,5.51,7,13.73,45.53,0.03,927,53.54,77.97,22.27,1,1,0,1,1
29.39,104.9,6.39,481,3.83,20.99,0.151,564,42.04,81.39,86.68,0,0,1,0,0
40.1,27.85,6.48,470,8.26,31.05,0.053,280,20.21,34.89,44.33,1,1,1,1,1
30.84,155.04,5.83,206,7.62,26.02,0.025,537,30.0,39.51,23.71,0,0,0,1,2
44.93,64.03,6.48,410,12.18,13.98,0.019,7,80.52,59.44,56.88,1,0,0,1,2
33.98,160.93,6.62,257,6.76,17.24,0.023,196,71.94,33.58,47.98,1,1,1,0,0
28.03,250.61,8.89,283,8.03,26.34,0.049,897,39.72,64.56,67.79,1,0,0,1,2
25.5,184.74,7.84,138,2.52,34.77,0.156,146,94.16,35.38,25.53,1,0,0,1,0
28.76,190.14,6.99,45,4.49,17.49,0.048,962,86.86,20.88,11.87,0,0,1,1,1
29.31,162.31,8.96,125,12.0,34.95,0.056,715,41.54,23.93,52.88,1,1,1,0,0
21.72,278.18,6.04,20,7.74,48.05,0.176,486,46.41,32.55,24.15,0,1,1,0,1
29.24,279.57,7.17,169,4.77,1.23,0.088,735,34.78,25.11,24.08,0,0,1,0,2
31.61,153.82,7.76,31,6.43,8.19,0.102,197,71.4,97.69,71.01,1,1,0,0,1
38.07,91.73,5.69,415,5.42,45.81,0.001,246,76.09,69.25,33.29,0,1,0,1,1
36.42,137.88,8.01,454,8.67,3.58,0.016,775,51.67,26.13,85.6,1,0,0,0,1
37.72,55.97,5.85,149,2.62,38.25,0.148,186,78.97,48.15,56.33,0,1,0,1,2
20.21,190.9,5.99,205,4.7,31.2,0.067,132,99.33,34.22,64.73,0,1,0,0,1
25.44,150.03,6.06,332,6.26,2.39,0.03,844,68.96,71.61,38.88,1,1,0,0,1
36.54,30.99,8.75,20,13.14,0.04,0.086,158,71.94,88.05,30.14,1,0,1,0,0
32.1,59.29,7.89,405,9.48,25.1,0.009,396,49.91,46.07,24.31,1,0,1,1,1
20.13,143.89,7.79,289,8.05,5.87,0.142,117,20.85,48.6,73.64,0,0,0,1,2
40.11,266.28,7.44,137,4.29,43.61,0.016,384,96.31,45.86,72.02,0,1,1,1,0
39.32,169.92,6.52,64,8.69,24.04,0.011,557,81.79,50.43,54.34,1,0,1,0,1
33.71,204.46,7.67,64,13.15,11.72,0.084,131,75.65,13.23,80.32,0,0,0,1,2
21.66,101.71,6.94,87,8.8,8.41,0.117,373,22.38,63.33,82.23,0,0,1,0,0
39.16,171.42,6.01,322,3.98,41.79,0.153,403,80.72,95.68,49.8,1,0,0,1,0
34.59,134.21,7.91,478,13.97,35.94,0.014,348,73.61,80.68,68.6,0,1,0,0,2
39.55,197.74,5.95,42,7.99,35.9,0.067,31,65.51,87.53,92.09,0,1,0,1,0
38.79,15.17,6.17,370,5.83,4.27,0.054,96,69.89,30.62,17.33,0,0,1,1,2
40.08,147.99,8.36,424,8.04,31.23,0.149,895,93.47,64.65,11.09,0,1,0,1,1
32.95,88.8,7.81,140,5.16,43.47,0.074,589,20.54,90.37,52.6,1,0,1,1,0
23.51,97.86,7.71,373,2.36,38.3,0.126,338,32.56,16.17,39.86,1,1,0,0,0
36.78,288.28,6.96,3,12.67,5.91,0.098,882,91.58,88.95,17.83,0,0,0,0,1
35.51,54.81,6.89,499,7.15,47.46,0.114,386,20.66,15.81,23.48,0,1,0,1,2
38.56,93.37,7.92,278,11.03,3.49,0.073,819,92.29,98.48,33.17,0,0,0,1,1
24.25,152.97,8.09,325,13.66,27.85,0.048,778,22.37,17.55,18.95,0,1,1,1,0
24.87,258.91,7.29,417,9.59,47.25,0.012,776,82.35,43.12,38.72,1,1,1,1,1
42.26,125.0,8.89,40,10.3,41.11,0.035,184,91.27,14.92,21.95,1,0,1,1,1
38.75,223.16,8.84,401,13.32,34.04,0.035,957,69.0,15.11,66.22,0,1,1,1,1
42.71,256.91,6.94,375,8.2,42.82,0.187,183,71.32,87.97,72.7,0,0,0,0,0
38.97,93.0,8.37,483,5.84,33.66,0.187,893,24.05,15.72,79.79,1,1,1,0,2
34.93,117.83,7.4,89,13.06,2.75,0.051,50,36.87,81.34,88.28,0,1,0,1,2
36.35,106.97,7.29,480,2.83,17.54,0.021,731,91.96,91.62,10.28,0,1,1,1,1
42.23,249.86,5.69,255,4.58,21.36,0.056,1,85.9,94.15,25.88,1,1,0,1,2
34.47,13.3,7.51,416,6.1,27.32,0.159,76,24.76,87.76,83.32,1,0,1,1,0
35.81,92.53,8.65,408,11.39,11.48,0.174,994,85.04,95.96,12.74,1,1,0,1,0
23.91,203.82,8.23,307,12.85,44.06,0.1,478,53.88,14.66,69.89,0,0,1,0,1
31.85,169.63,8.25,144,7.42,11.44,0.108,874,64.86,99.69,26.27,0,1,0,1,1
37.91,130.89,6.06,306,5.43,32.88,0.092,461,28.67,11.84,55.58,0,0,0,1,0
26.77,161.98,6.75,386,6.24,43.83,0.037,398,51.89,24.99,96.61,0,1,1,0,0
25.06,59.28,6.32,310,9.88,36.64,0.01,836,54.79,17.29,68.38,0,0,1,0,1
27.85,129.21,6.61,469,3.9,6.8,0.124,38,73.56,76.96,43.14,1,1,0,1,1
26.04,150.51,7.53,183,8.57,47.57,0.16,545,72.6,17.83,72.01,1,0,0,0,1
25.37,270.36,6.78,118,9.06,4.6,0.15,741,63.91,36.34,10.5,0,1,0,0,0
30.62,78.25,7.46,112,10.49,10.0,0.18,682,22.52,67.43,95.54,0,0,1,1,2
42.7,260.35,7.03,290,9.25,6.96,0.163,250,32.92,54.82,41.0,1,1,1,0,2
32.68,193.27,6.5,248,3.16,33.35,0.058,65,32.82,22.26,98.21,1,1,1,1,2
24.7,6.1,5.83,323,10.27,40.37,0.023,428,91.02,56.94,70.88,0,1,0,1,2
21.92,217.39,8.62,442,2.26,11.9,0.086,352,92.14,40.66,35.86,0,0,1,1,1
37.4,10.67,5.54,91,6.68,48.96,0.07,382,84.52,62.73,65.37,1,1,1,1,0
29.57,299.21,5.51,58,7.0,6.96,0.146,26,33.99,58.46,44.22,0,0,0,1,1
40.55,261.79,8.39,268,3.4,15.79,0.014,66,87.21,99.06,67.85,1,1,1,1,0
36.49,89.2,8.99,317,2.12,24.52,0.189,701,35.01,87.72,81.16,0,1,0,1,0
39.91,77.22,8.04,93,2.85,40.44,0.191,831,64.37,10.33,52.37,0,0,1,1,1
26.8,114.43,5.55,253,7.36,18.83,0.018,499,78.71,25.84,29.99,1,0,1,1,0
37.31,106.85,6.29,174,4.88,8.99,0.087,897,24.12,92.18,98.33,0,1,1,1,0
26.6,111.7,8.9,459,2.83,23.25,0.18,754,67.83,58.55,47.14,1,1,0,1,0
43.48,95.48,8.33,2,5.08,23.82,0.037,411,40.09,78.35,25.87,1,0,1,1,1
35.91,186.34,7.48,20,8.35,0.81,0.138,629,59.83,55.32,76.53,0,1,1,0,1
28.11,49.28,6.33,103,10.91,1.04,0.142,989,50.71,80.72,68.98,1,0,1,0,1
26.74,253.79,5.55,320,6.94,13.88,0.047,680,74.93,21.95,83.49,0,0,1,0,1
24.77,243.72,5.57,401,9.36,37.06,0.001,369,59.14,76.41,10.15,0,1,0,1,0
37.37,142.94,7.64,268,9.16,18.3,0.133,598,44.13,88.26,41.26,0,1,0,1,2
25.47,255.82,5.58,454,12.76,10.56,0.123,608,92.83,33.91,38.31,1,0,1,0,0
34.88,74.14,8.98,332,4.15,5.65,0.13,435,96.72,43.15,93.15,1,1,1,0,1
26.62,5.27,6.14,208,7.72,14.03,0.031,781,84.15,63.15,41.47,0,1,0,1,0
36.55,185.76,7.99,364,9.58,24.07,0.121,60,66.46,88.14,57.45,1,1,0,1,2
40.37,137.37,6.04,95,8.24,4.67,0.108,973,90.75,91.7,10.32,1,0,1,1,0
39.45,170.15,7.39,92,7.4,0.75,0.091,49,68.13,58.1,82.73,1,1,1,0,2
39.02,269.8,5.78,44,13.68,6.37,0.155,524,31.91,69.23,20.26,0,1,0,1,2
24.69,290.98,8.18,61,13.3,36.9,0.078,195,21.39,88.56,89.41,1,1,0,0,2
22.21,190.34,7.55,29,9.34,23.32,0.071,369,78.07,30.82,76.16,1,1,0,0,2
37.47,229.22,5.8,458,7.27,22.26,0.108,274,80.2,84.27,60.08,1,1,1,1,0
29.21,25.14,8.47,269,11.06,0.99,0.189,215,94.07,33.57,77.42,0,0,1,0,1
30.81,48.21,7.41,436,8.16,35.55,0.069,291,85.94,62.29,81.36,0,1,0,1,1
20.78,219.96,8.73,9,13.95,10.1,0.089,325,71.17,94.12,77.66,1,1,1,1,1
26.49,129.41,8.71,455,10.23,4.54,0.053,779,35.22,56.03,69.48,0,1,0,1,1
20.84,133.79,8.72,414,2.82,42.1,0.136,840,67.52,18.41,89.26,0,0,1,0,0
41.98,92.58,5.77,5,6.82,24.28,0.073,524,54.77,90.62,48.07,0,1,0,0,0
26.08,182.21,5.92,466,10.76,37.45,0.139,535,38.57,62.65,60.96,0,0,1,0,2
33.93,55.55,8.96,374,12.11,41.09,0.029,173,83.93,16.4,97.24,0,0,0,1,1
20.97,188.07,7.21,18,11.76,48.23,0.053,782,31.96,10.95,43.5,1,0,1,0,1
36.67,52.14,6.33,11,13.73,31.18,0.041,429,70.43,33.52,77.58,1,1,0,0,2
28.08,19.15,8.19,372,7.87,3.41,0.155,881,68.86,20.83,45.26,0,1,1,1,0
42.45,99.11,6.42,191,3.68,27.88,0.018,605,44.29,66.56,52.32,1,1,0,0,2
42.2,69.34,8.05,102,9.83,25.48,0.05,607,54.34,63.7,40.21,1,1,1,1,0
28.13,266.7,8.43,369,2.85,2.88,0.101,991,29.33,85.68,23.78,0,1,1,1,1
42.52,16.49,8.24,249,13.68,15.32,0.018,993,22.04,56.2,97.5,1,0,1,0,2
44.9,52.98,6.46,243,11.1,20.61,0.002,34,21.04,32.78,50.26,0,1,0,1,1
40.64,164.62,6.91,337,13.79,8.05,0.138,913,33.95,14.53,35.14,1,0,0,1,0
41.12,144.32,6.95,438,6.53,0.44,0.123,978,89.36,10.95,68.17,0,1,0,0,0
26.23,13.76,7.22,194,2.19,37.85,0.002,753,61.81,93.32,19.98,0,1,0,1,2
34.42,2.18,6.09,264,8.26,42.58,0.01,718,29.37,23.01,58.91,0,0,0,0,0
21.68,296.42,7.08,133,3.45,11.46,0.044,661,92.44,54.93,61.67,1,0,1,0,2
22.37,197.65,7.29,384,10.16,0.19,0.181,792,65.51,81.53,27.64,1,1,1,0,0
44.97,109.62,7.36,425,7.97,44.5,0.131,791,22.23,93.58,96.37,1,1,0,0,0
28.17,141.13,8.37,487,11.04,6.7,0.161,901,81.02,28.15,63.52,0,0,1,1,2
38.7,79.97,7.31,348,5.49,20.16,0.152,163,57.87,30.87,30.04,1,0,1,0,2
40.17,103.46,6.31,438,11.95,18.3,0.197,393,62.63,26.18,85.01,1,0,1,0,2
41.45,194.71,7.82,176,9.81,8.21,0.19,267,69.06,24.3,37.63,0,1,0,0,2
44.94,264.84,8.29,354,13.85,29.94,0.013,324,27.56,50.95,75.69,1,1,1,0,2
26.04,55.24,6.62,98,4.14,45.93,0.005,403,95.82,67.23,66.55,1,0,1,0,0
21.01,252.11,7.76,29,2.61,25.69,0.099,36,40.43,73.56,24.37,1,0,0,0,0
30.28,36.47,6.01,290,12.21,48.65,0.054,495,69.75,39.45,18.5,0,1,0,0,1
23.25,64.5,6.7,62,6.06,9.54,0.101,529,88.45,66.14,64.68,1,0,0,1,2
20.56,11.15,8.68,486,7.17,42.43,0.018,110,46.55,10.21,70.15,1,1,0,1,0
29.01,42.24,8.69,405,13.11,12.85,0.182,487,70.2,89.94,21.8,1,1,1,0,0
39.59,275.19,7.51,426,7.29,12.53,0.155,224,99.11,88.28,25.54,1,1,1,0,2
34.15,137.83,7.96,27,5.58,5.88,0.11,296,88.14,58.97,14.51,1,0,1,0,2
27.82,23.3,8.49,145,2.71,43.18,0.093,779,82.34,31.9,22.1,0,1,0,1,1
36.36,287.92,8.85,287,7.32,36.25,0.094,864,55.14,97.5,62.93,1,1,0,1,2
25.8,263.7,7.21,68,9.86,17.08,0.123,196,56.1,82.96,28.06,0,0,0,0,2
20.36,226.4,7.47,437,5.23,17.47,0.109,328,58.84,11.53,35.98,0,0,1,0,2
39.11,280.04,6.95,251,10.61,42.24,0.096,96,75.23,52.27,59.97,1,1,0,1,2
35.59,66.04,5.75,161,7.74,46.38,0.136,447,31.55,19.19,47.27,1,1,1,0,1
39.06,250.91,6.98,414,12.3,30.12,0.153,157,88.88,21.9,86.07,0,0,1,1,1
20.97,207.0,8.27,109,3.94,20.34,0.129,493,21.45,10.12,61.4,0,1,1,0,0
40.93,260.93,8.32,352,11.08,2.66,0.078,16,33.6,71.89,21.89,1,0,1,0,0
35.49,239.07,8.62,131,13.19,6.33,0.083,546,58.55,32.73,44.59,1,1,0,1,0
34.08,103.95,5.68,397,10.9,7.09,0.02,335,40.17,37.44,33.29,1,1,0,1,2
35.62,232.32,7.35,270,6.87,13.84,0.083,423,49.25,14.23,33.31,0,1,1,0,2
41.61,78.74,5.88,187,4.77,12.85,0.157,402,46.61,10.72,33.08,0,1,1,1,1
34.67,98.58,6.2,19,3.18,27.14,0.013,827,41.52,81.35,47.65,0,0,1,1,0
34.52,32.37,8.65,275,9.71,47.2,0.035,430,50.42,69.53,21.89,1,1,0,0,1
44.77,280.52,7.24,176,3.71,43.08,0.169,893,60.42,44.41,32.72,1,0,1,1,0
38.92,87.3,8.15,98,12.06,25.46,0.114,897,58.11,16.29,73.13,0,1,1,0,2
31.06,156.19,5.73,246,13.53,0.86,0.134,709,84.95,79.82,84.47,1,0,0,0,1
37.68,117.4,6.96,323,3.63,3.42,0.064,937,44.65,93.37,11.24,1,1,0,0,2
29.73,287.98,7.86,17,6.51,43.02,0.098,628,42.55,57.47,17.51,1,0,0,1,0
25.72,100.51,5.97,407,13.25,14.18,0.152,492,60.36,22.51,86.95,0,1,1,1,2
34.92,233.56,6.64,410,7.65,15.9,0.175,443,23.83,68.73,29.32,0,1,0,1,2
43.2,256.62,5.73,288,8.42,6.99,0.195,750,28.94,16.44,38.1,0,1,1,1,0
43.23,130.68,7.78,124,10.97,11.16,0.17,10,84.25,24.9,40.34,1,1,1,0,1
28.55,113.45,8.9,319,4.53,12.36,0.013,840,59.5,52.37,87.93,1,0,1,1,0
33.19,224.32,8.39,152,13.75,20.6,0.069,538,25.32,32.41,24.65,0,0,0,1,2
25.29,273.87,8.91,68,11.37,31.16,0.15,269,55.23,93.72,83.13,1,1,1,0,1
44.89,226.48,8.46,145,3.94,17.66,0.084,610,51.86,82.8,52.09,1,1,1,1,2
44.53,68.14,8.49,44,3.33,22.49,0.087,125,39.69,34.91,80.49,0,0,0,1,2
36.24,266.49,7.52,365,13.22,9.1,0.159,723,49.77,96.74,71.92,0,1,0,1,0
40.11,116.27,7.31,19,10.22,2.82,0.167,954,35.07,44.05,75.89,1,0,0,1,1
37.88,172.87,6.92,290,2.46,17.41,0.158,121,55.92,61.15,20.25,0,0,0,0,1
34.83,249.43,8.36,246,3.7,3.12,0.071,351,52.68,60.76,37.79,1,0,0,0,2
21.33,56.52,6.14,389,2.57,14.99,0.046,367,68.6,68.46,30.44,1,1,0,1,0
31.37,235.35,5.7,346,13.69,41.88,0.072,391,95.37,31.93,21.33,1,0,0,0,0
36.87,178.85,8.82,475,7.97,18.35,0.14,74,34.84,92.98,67.53,1,0,1,0,2
36.94,268.0,5.51,202,7.55,9.66,0.073,449,53.4,33.91,72.56,0,0,0,1,2
29.33,51.59,8.92,8,13.47,45.1,0.011,4,64.98,69.84,22.73,1,0,0,0,2
43.54,126.2,8.05,179,8.06,31.97,0.16,157,63.76,78.92,79.17,0,0,0,0,1
24.18,249.85,6.65,155,8.21,49.41,0.013,235,72.91,89.34,35.81,1,1,0,0,2
32.51,5.77,7.94,18,13.81,15.01,0.199,488,41.43,51.12,43.91,0,1,0,0,0
37.27,33.66,8.36,102,3.34,10.02,0.172,202,70.76,74.05,99.39,0,0,1,1,0
37.43,297.17,6.36,245,13.83,14.9,0.191,719,36.09,17.68,27.28,1,1,1,1,2
36.22,84.12,8.2,84,3.99,40.62,0.167,792,30.04,80.02,20.63,1,0,1,1,0
26.88,292.66,8.32,318,7.67,7.58,0.02,361,86.53,78.01,34.17,1,1,0,0,1
23.91,54.76,6.37,350,6.05,12.05,0.084,792,57.9,46.95,93.86,1,0,0,1,0
35.9,108.33,5.65,233,13.47,35.08,0.182,330,51.78,38.21,20.8,0,1,0,1,0
34.98,225.86,6.21,134,7.83,36.9,0.018,573,94.28,44.22,65.43,1,1,0,0,2
24.48,197.33,6.2,36,2.28,47.94,0.061,320,76.78,18.15,81.38,1,0,1,0,1
37.63,174.34,5.73,344,4.66,49.01,0.093,736,74.17,67.4,93.01,0,0,1,0,2
31.38,158.97,8.04,91,7.17,33.18,0.09,256,35.54,92.17,53.02,1,0,0,0,0
36.69,253.03,6.83,291,10.12,18.14,0.189,375,36.74,69.92,51.19,1,0,1,1,2
40.93,70.48,8.6,16,8.74,22.65,0.079,627,58.65,62.25,84.48,0,1,1,1,2
24.24,132.74,6.38,89,12.2,21.96,0.048,174,72.18,99.16,27.63,0,0,0,1,1
20.48,46.64,7.09,347,11.94,19.37,0.089,328,51.62,58.77,51.59,0,0,0,0,2
39.48,178.78,7.74,164,9.09,16.91,0.079,282,25.13,41.12,67.4,1,0,0,1,1
35.24,75.16,8.57,464,8.86,8.4,0.125,293,74.64,73.42,73.01,0,0,1,1,2
37.49,100.15,7.34,443,5.34,18.31,0.199,402,81.9,56.93,20.07,1,0,0,1,1
40.95,141.38,6.81,252,13.49,48.46,0.11,807,95.54,97.49,88.04,0,0,0,1,1
40.07,8.03,8.53,304,2.92,44.11,0.092,720,52.7,90.82,83.64,0,0,1,0,0
44.02,27.58,6.59,80,6.76,30.87,0.119,651,40.64,95.22,38.53,1,0,0,0,0
33.4,205.78,5.78,480,9.93,9.64,0.196,577,94.06,10.09,52.87,1,1,1,0,2
32.21,128.69,7.06,183,13.35,43.93,0.125,199,77.21,40.08,44.56,0,1,0,1,2
30.05,259.44,8.25,289,8.02,15.59,0.025,32,25.12,66.45,98.3,0,0,1,1,2
23.84,208.4,5.61,248,12.75,27.29,0.183,507,66.4,37.75,62.56,1,0,1,0,0
34.32,2.43,7.55,214,3.26,45.59,0.118,140,22.28,69.08,34.34,0,1,0,0,2
26.93,185.01,7.58,157,8.38,16.73,0.032,42,38.12,74.35,77.14,0,1,1,1,1
43.03,28.12,8.75,410,5.79,45.67,0.046,660,25.68,66.1,83.95,1,1,1,1,1
34.58,234.28,6.5,178,11.55,11.76,0.024,722,36.39,51.24,75.35,1,1,1,0,2
34.82,297.45,6.48,392,7.34,46.44,0.192,417,59.19,72.71,17.52,1,0,0,0,2
28.87,159.36,7.04,19,7.7,17.93,0.014,797,43.91,80.23,35.9,1,1,1,0,1
21.3,204.83,6.75,470,2.78,18.73,0.153,275,27.04,72.65,42.62,1,1,1,1,1
20.79,71.19,8.08,430,7.26,27.65,0.068,81,58.56,83.08,29.52,0,0,1,0,1
30.58,131.28,7.75,146,2.97,17.35,0.016,212,76.68,95.25,53.32,1,0,1,0,0
22.11,256.83,8.16,484,5.59,22.5,0.087,631,24.25,19.23,38.75,1,0,0,0,2
35.17,50.23,8.37,492,3.52,25.07,0.0,931,90.59,91.58,13.28,1,1,0,0,0
42.02,79.66,8.73,67,6.01,24.55,0.163,774,72.25,34.62,68.68,1,1,1,1,2
42.07,133.63,7.01,76,4.73,48.06,0.108,196,61.56,60.74,49.24,0,0,0,1,1
36.48,213.67,8.95,101,5.42,14.09,0.09,776,51.71,94.81,12.53,1,0,1,1,0
25.28,112.77,6.25,139,3.78,14.23,0.166,44,51.46,65.81,93.96,1,1,0,1,0
41.57,278.32,8.0,380,7.28,41.9,0.104,529,46.84,17.58,68.59,0,1,1,1,0
42.15,28.34,7.37,72,7.97,19.6,0.119,302,29.26,54.93,16.66,1,0,1,0,0
24.92,111.24,8.36,206,12.04,3.66,0.163,625,26.34,90.49,90.05,0,1,0,0,1
38.44,212.69,7.17,212,8.47,24.06,0.144,512,44.71,47.09,47.88,1,1,0,0,0
27.16,67.8,8.24,78,4.75,27.51,0.132,995,73.37,86.32,31.56,0,1,1,0,1
40.07,196.92,8.76,112,10.83,30.88,0.141,748,43.07,81.48,14.14,1,0,0,1,1
44.93,49.27,8.06,252,5.57,11.75,0.053,845,84.98,91.58,77.03,0,1,0,0,2
20.75,16.79,8.22,132,11.08,48.66,0.023,327,50.42,33.68,97.24,1,1,1,1,2
42.43,36.3,5.74,196,6.65,36.85,0.125,820,70.5,54.69,26.68,1,1,1,0,0
35.57,279.0,6.22,24,8.16,36.01,0.045,36,54.55,40.17,47.52,0,1,1,1,1
44.33,165.53,8.91,471,8.05,43.64,0.01,19,59.83,58.08,31.38,1,1,0,0,0
31.63,238.9,7.93,100,13.47,1.31,0.051,350,40.01,11.72,61.52,0,1,1,0,2
41.18,99.8,7.47,244,3.84,30.66,0.144,966,61.11,31.75,88.42,0,1,0,0,0
21.56,177.8,6.78,30,13.26,40.89,0.142,185,28.85,97.66,21.76,1,1,1,0,0
28.38,148.49,5.66,429,8.74,1.72,0.181,631,50.94,64.28,36.84,0,0,1,1,0
21.68,283.72,6.79,289,13.92,37.81,0.135,40,55.86,25.6,24.82,0,0,0,0,2
44.38,224.27,7.25,255,8.88,49.48,0.088,933,76.32,55.75,30.58,1,0,1,0,1
40.42,219.16,6.24,424,9.88,29.67,0.052,299,52.02,72.82,21.69,1,1,1,1,2
41.31,13.91,6.11,205,10.99,21.23,0.152,376,73.23,64.33,67.12,1,0,0,1,1
43.45,164.9,7.28,474,11.86,22.68,0.082,234,33.97,55.17,13.92,1,0,1,0,0
22.13,140.1,7.55,494,7.73,33.97,0.163,910,22.02,70.66,75.61,1,0,1,0,0
29.64,278.35,6.34,67,10.14,28.5,0.17,880,60.48,25.02,22.79,0,1,1,0,2
21.78,77.2,7.56,214,9.38,39.38,0.07,894,57.91,49.44,34.0,1,1,0,0,0
25.27,80.95,8.65,121,6.89,21.08,0.069,418,73.58,77.52,41.08,1,1,0,1,2
25.73,123.4,7.16,421,11.85,20.87,0.183,80,45.08,62.15,44.29,0,0,0,0,2
31.73,73.01,8.5,45,4.31,37.3,0.079,26,22.39,91.57,25.56,1,1,0,1,1
26.71,38.76,8.75,68,4.01,32.28,0.141,20,77.89,49.94,53.99,0,1,0,1,0
22.52,257.22,5.82,26,10.84,38.9,0.076,295,95.38,21.9,90.53,1,1,1,1,0
24.19,167.48,5.84,170,9.65,44.36,0.146,757,51.54,14.39,51.29,1,1,1,1,1
23.68,258.41,7.17,244,5.81,13.17,0.035,555,68.89,52.97,12.51,1,1,0,1,1
44.33,249.34,7.56,461,9.62,15.75,0.167,876,63.57,49.38,42.71,0,0,0,0,2
38.98,84.61,6.99,454,11.25,26.35,0.197,857,65.28,33.09,46.28,1,1,1,0,0
44.19,164.32,6.64,493,4.6,46.52,0.153,171,89.39,63.15,35.5,1,1,0,0,0
30.99,24.97,7.74,300,8.98,41.73,0.072,772,78.91,32.52,36.64,0,0,0,0,1
26.96,274.58,5.51,273,11.9,23.42,0.111,864,81.58,29.47,27.9,1,1,1,1,2
39.96,121.28,8.89,287,6.93,28.66,0.134,379,27.2,66.0,96.1,0,1,0,0,2
28.16,118.1,6.31,248,8.86,35.62,0.039,944,31.74,95.04,57.65,0,0,1,1,1
27.48,90.83,8.71,1,2.94,26.13,0.057,708,73.06,28.25,58.31,0,0,1,1,2
25.81,138.2,5.88,424,11.97,4.92,0.16,731,63.24,26.45,48.3,0,0,0,0,2
23.24,75.53,6.33,490,11.55,17.64,0.189,148,81.94,56.74,65.52,0,0,0,1,1
26.41,112.46,6.32,19,7.48,2.38,0.054,519,27.45,20.75,48.09,1,0,0,1,2
28.88,239.98,8.99,476,3.43,33.49,0.03,833,65.32,36.47,72.01,1,1,0,1,2
36.85,250.28,5.52,441,9.92,16.86,0.196,886,58.89,99.17,17.94,1,0,1,1,1
21.56,91.25,7.74,490,8.88,36.92,0.064,164,88.37,85.69,12.67,1,1,0,1,1
25.26,140.7,8.54,473,13.03,21.49,0.156,909,34.97,73.55,60.62,1,0,0,1,1
40.23,262.15,7.85,293,5.36,2.28,0.076,417,47.9,12.34,76.07,1,1,0,0,1
23.67,15.8,6.77,256,2.39,18.98,0.19,372,32.04,33.86,70.21,0,0,1,0,2
28.57,266.74,8.85,452,5.06,10.93,0.12,107,56.14,61.27,45.88,0,1,1,0,0
41.62,65.76,8.63,437,7.13,10.71,0.083,315,90.51,73.93,10.29,0,0,0,1,2
23.87,203.56,7.02,248,3.87,18.88,0.036,444,73.63,70.15,20.87,1,0,1,0,1
22.07,174.77,7.51,397,13.76,48.92,0.051,429,79.54,26.69,45.28,1,0,0,0,1
32.11,165.88,8.89,152,4.67,48.0,0.171,484,27.47,51.97,69.79,0,0,1,1,2
27.56,257.81,8.94,495,10.13,40.17,0.011,660,56.16,27.87,38.08,1,1,0,1,2
34.09,30.47,7.07,136,7.45,12.27,0.031,218,87.09,93.12,57.84,1,1,1,0,2
40.1,104.11,8.47,221,8.66,38.2,0.039,497,87.0,60.17,25.8,1,1,0,0,2
23.43,161.48,6.56,210,13.19,0.77,0.014,248,99.04,45.12,25.26,1,1,0,1,1
34.52,243.39,6.8,188,8.38,2.82,0.137,273,62.08,92.62,76.85,1,0,1,1,0
32.64,64.93,6.08,435,5.66,41.79,0.196,367,20.17,91.36,49.46,0,0,0,1,0
23.6,240.88,6.23,231,4.65,28.21,0.028,828,91.92,55.37,95.41,1,1,1,1,1
35.6,119.89,7.8,135,12.7,18.67,0.16,196,96.5,71.81,29.02,0,0,0,1,0
26.84,56.67,7.29,15,13.84,37.02,0.035,673,94.22,38.7,50.3,1,0,0,0,1
32.2,227.7,6.31,113,5.02,5.72,0.195,849,81.75,37.69,26.95,1,1,0,0,2
22.06,27.27,6.91,263,10.66,14.33,0.101,949,36.95,59.46,33.04,0,0,1,0,0
31.49,154.43,6.81,278,8.07,36.38,0.17,505,31.12,86.2,67.61,0,0,1,1,2
27.66,19.16,8.96,72,10.38,10.36,0.034,610,76.07,63.74,91.87,0,1,1,1,1
40.56,106.93,8.49,223,13.57,30.03,0.177,601,31.23,51.31,21.56,0,1,0,0,2
21.42,180.32,6.86,484,5.31,22.38,0.016,668,96.27,69.77,21.66,0,1,1,0,2
30.47,166.83,8.7,33,10.88,10.12,0.005,936,55.67,83.11,95.72,1,0,0,1,1
31.46,121.4,6.7,244,7.26,44.42,0.142,859,22.47,80.86,76.26,0,1,1,1,2
38.13,128.71,7.84,237,9.83,21.78,0.021,709,32.05,43.35,38.15,0,0,1,1,2
34.36,68.03,8.88,17,6.88,29.94,0.173,89,43.24,94.21,46.62,1,0,1,1,0
36.68,136.76,6.87,364,10.5,12.65,0.124,313,76.3,11.42,81.0,0,0,0,0,1
39.43,285.98,7.88,43,6.05,17.34,0.066,721,78.98,50.57,72.89,0,1,0,0,2
41.56,255.14,6.54,142,7.86,2.45,0.055,925,37.04,91.68,64.86,0,1,0,0,2
27.85,43.57,6.43,14,10.51,24.16,0.016,672,71.88,72.64,87.82,0,0,1,1,1
33.45,8.93,7.51,92,2.51,17.24,0.137,958,22.55,73.36,38.12,1,1,1,0,1
41.0,280.06,8.93,382,5.94,16.47,0.183,95,28.23,24.08,29.01,0,1,0,1,2
44.74,158.02,7.09,376,8.55,44.5,0.151,729,62.8,62.39,46.88,0,1,0,0,2
42.24,161.35,8.78,278,2.89,35.19,0.124,725,76.31,97.03,10.67,1,1,1,1,2
29.29,234.22,8.7,214,10.44,22.86,0.024,289,93.15,29.04,55.66,1,1,1,1,1
24.88,94.41,6.39,448,11.76,9.77,0.166,118,55.02,39.45,42.87,1,0,0,1,0
32.23,144.57,6.91,248,3.96,48.66,0.193,630,29.6,44.98,21.87,1,0,0,0,1
38.54,290.6,7.75,469,10.8,3.74,0.053,48,94.32,42.39,88.79,1,1,1,1,0
32.31,201.64,7.31,70,9.75,6.81,0.084,523,55.0,66.43,27.5,0,1,0,0,0
32.08,46.12,5.84,108,6.93,13.52,0.003,253,59.8,31.11,73.54,1,0,1,0,1
40.96,39.97,8.98,287,3.98,47.73,0.166,149,88.35,55.51,73.52,1,0,1,0,1
29.04,61.28,8.13,475,13.46,13.94,0.004,468,66.86,46.02,13.83,0,1,0,1,1
41.49,230.01,7.03,369,7.57,24.57,0.097,663,44.12,68.0,48.49,1,1,1,0,2
30.17,88.61,7.66,159,4.2,38.06,0.115,311,63.26,31.77,52.87,1,1,0,0,2
28.21,6.42,5.81,288,10.62,46.46,0.011,664,69.99,59.78,83.58,1,1,0,1,2
31.35,283.25,7.23,170,9.29,30.25,0.035,449,91.18,76.63,66.2,1,1,1,0,0
39.06,50.91,8.76,12,11.79,19.21,0.158,640,38.79,72.37,15.7,0,0,1,0,2
23.15,2.87,8.64,371,13.95,49.28,0.051,201,64.75,85.09,50.39,1,0,1,1,0
24.91,71.14,6.68,219,2.54,1.31,0.145,373,93.64,96.05,37.08,0,1,1,0,1
43.79,70.51,7.36,392,10.87,41.61,0.15,673,23.64,86.86,25.39,1,1,1,1,1
24.39,126.6,7.94,445,13.87,13.87,0.081,388,35.57,94.44,34.84,0,0,1,1,1
34.19,276.12,6.69,184,8.46,40.87,0.013,784,47.71,11.58,85.62,1,0,1,0,2
34.48,263.76,5.73,431,10.59,8.11,0.002,640,74.28,66.6,65.8,0,0,0,1,2
32.24,137.07,7.27,426,7.29,17.34,0.099,461,87.35,34.1,49.19,0,1,1,0,0
36.12,123.27,7.61,322,6.28,2.8,0.014,404,35.93,82.81,74.84,0,0,0,1,2
25.75,166.5,5.52,208,10.36,9.98,0.145,5,39.74,83.71,97.14,1,1,1,0,0
33.82,73.04,5.83,481,13.86,30.14,0.076,842,85.86,14.3,93.44,0,0,1,1,2
29.3,15.66,6.23,287,3.1,38.08,0.137,38,31.87,63.6,18.72,1,1,0,1,0
36.54,281.77,6.72,328,7.07,45.56,0.082,954,40.89,86.58,39.91,0,1,0,0,2
23.53,56.01,7.39,360,13.29,5.98,0.126,659,78.62,62.87,38.18,1,0,1,1,1
34.27,59.52,6.53,495,3.35,7.03,0.167,851,33.29,48.3,59.85,1,1,1,0,2
24.63,141.74,6.47,443,9.81,46.94,0.177,724,86.24,16.91,18.14,0,1,1,1,1
26.97,147.48,8.54,384,7.16,38.3,0.003,959,59.24,75.72,92.95,0,0,0,0,2
25.47,5.53,6.01,440,6.52,26.99,0.129,629,55.81,16.72,80.43,0,1,0,0,0
24.57,44.39,7.23,368,4.51,23.84,0.113,151,30.82,63.81,21.05,1,1,1,0,1
40.64,113.45,8.83,105,4.12,7.89,0.127,40,74.37,92.59,32.88,0,0,0,1,2
27.14,205.12,7.69,211,8.2,18.97,0.012,118,90.72,47.72,22.88,0,1,0,0,1
43.18,68.53,8.01,324,6.53,18.63,0.014,601,75.37,79.31,52.99,1,0,1,0,0
44.25,126.9,7.01,231,7.9,32.42,0.099,322,45.35,81.98,90.11,1,1,0,0,0
34.28,167.2,5.57,492,4.35,29.95,0.011,805,75.9,10.93,68.02,0,0,1,1,2
23.58,266.58,7.76,212,6.2,2.99,0.155,232,60.8,92.34,64.5,0,0,0,0,0
29.36,97.82,7.71,324,13.96,42.42,0.154,37,88.3,26.99,16.7,0,0,0,1,0
39.94,40.07,5.89,195,6.42,46.88,0.023,283,56.77,35.44,91.57,1,0,1,1,2
29.18,146.78,7.12,248,6.95,39.01,0.091,250,38.98,88.37,35.27,0,0,1,0,1
22.18,224.02,8.7,316,2.24,8.92,0.119,777,28.1,71.79,91.01,0,1,0,0,2
33.92,32.96,6.22,263,6.57,8.61,0.172,151,42.49,43.47,50.86,0,1,1,1,2
41.13,127.41,7.11,216,11.16,36.31,0.198,829,65.08,17.91,57.59,1,0,0,1,0
39.9,5.34,7.11,262,8.19,22.04,0.003,615,33.6,44.76,64.45,0,1,1,1,1
24.38,10.07,8.34,420,9.88,38.94,0.095,691,23.18,96.97,35.97,1,0,0,0,1
36.82,144.89,8.39,169,8.68,3.77,0.161,367,55.91,19.42,85.2,0,0,0,0,1
25.51,89.46,8.16,415,3.27,35.82,0.159,70,47.79,86.15,96.25,1,1,0,1,2
25.46,253.53,6.78,400,5.99,21.2,0.108,214,53.63,39.28,35.51,0,0,1,0,1
41.85,180.65,5.75,155,10.33,1.55,0.036,214,56.33,68.91,10.01,0,1,0,0,0
26.24,136.18,6.72,69,8.58,27.26,0.112,919,81.29,66.84,57.31,0,0,0,0,0
26.58,122.38,7.88,233,10.1,34.95,0.078,862,96.87,39.3,63.36,1,0,1,1,2
20.02,149.17,7.96,431,6.32,26.41,0.082,881,40.98,14.89,15.71,0,1,1,1,1
41.77,12.13,8.88,53,4.32,6.14,0.066,251,95.39,23.39,70.56,1,0,0,0,0
39.81,267.84,7.09,169,11.96,40.8,0.029,49,38.27,60.93,36.29,0,1,1,1,0
35.68,299.49,7.71,35,6.52,15.85,0.148,750,80.4,95.4,96.28,0,1,0,1,2
38.76,54.45,7.39,321,9.86,46.07,0.142,981,74.51,93.32,80.33,1,0,0,1,1
23.8,36.11,6.03,414,6.57,45.34,0.109,730,24.18,20.21,16.53,0,0,1,1,2
31.46,43.07,7.11,448,13.13,10.02,0.071,933,77.99,88.77,95.89,0,1,0,1,1
28.78,198.31,7.41,258,13.9,23.82,0.165,836,92.09,31.04,30.45,1,1,1,1,2
22.34,198.43,8.83,250,9.79,6.87,0.032,913,94.42,91.89,81.85,1,1,0,0,1
32.15,254.38,6.78,12,9.23,33.89,0.087,967,74.82,78.26,67.9,0,0,0,1,0
43.02,225.55,8.93,158,12.09,42.6,0.131,354,82.93,96.51,58.27,1,0,1,1,1
21.0,134.91,7.4,28,8.19,32.42,0.164,688,25.72,49.76,93.94,1,1,0,1,0
27.29,183.86,6.35,56,12.43,13.02,0.13,16,32.9,75.84,64.53,1,0,1,1,2
25.19,206.49,6.17,491,6.96,3.82,0.024,971,41.0,76.17,87.29,0,0,1,0,2
25.95,153.82,6.0,160,2.38,3.46,0.02,374,62.51,54.66,84.49,1,1,1,1,0
42.71,142.7,7.09,436,13.12,30.55,0.01,230,50.9,97.71,70.5,1,1,1,0,2
31.7,193.53,5.58,265,10.66,47.67,0.112,597,72.57,31.93,54.13,1,0,0,0,0
31.66,167.24,7.06,229,8.13,34.76,0.049,885,55.66,98.76,18.83,0,0,1,0,2
39.01,193.18,8.96,318,13.34,36.53,0.032,820,82.0,83.09,23.86,1,0,1,1,2
23.86,183.86,7.85,328,12.64,16.47,0.017,901,77.09,65.45,57.95,1,0,0,0,1
32.18,215.76,8.16,192,3.3,29.3,0.128,861,79.78,16.8,39.9,1,0,1,1,1
30.75,192.84,5.92,107,9.49,15.83,0.151,705,86.31,33.34,28.71,0,1,0,0,2
34.92,155.92,7.16,356,8.46,45.08,0.172,644,86.74,85.72,97.04,1,0,1,0,0
44.99,204.54,6.5,351,11.32,6.63,0.119,897,82.36,75.53,87.28,1,0,1,1,0
39.24,134.84,8.63,352,5.61,31.6,0.071,701,25.27,96.64,48.73,0,0,0,1,2
29.95,72.5,6.13,257,2.1,36.54,0.094,98,69.86,45.71,88.4,0,1,1,1,2
40.69,0.43,7.11,109,4.22,34.92,0.127,900,21.58,90.5,15.35,0,1,1,0,0
24.27,167.99,7.56,129,4.53,12.87,0.143,414,79.5,87.56,18.93,0,1,0,1,2
20.76,177.2,7.3,122,5.5,24.3,0.129,80,24.88,96.95,95.32,0,1,0,0,0
25.11,291.61,8.41,452,6.44,33.17,0.192,702,98.66,34.52,71.99,0,0,1,0,0
28.51,108.44,6.31,457,10.48,46.55,0.15,986,69.13,54.51,78.79,0,1,1,1,0
32.76,118.24,6.82,115,2.89,24.98,0.15,222,34.56,17.29,84.96,1,0,0,1,2
35.38,60.54,8.27,229,7.84,15.03,0.164,754,57.46,63.18,14.79,1,1,0,0,2
42.77,21.16,7.35,292,7.98,19.33,0.092,329,86.13,75.91,74.6,1,0,0,1,2
32.75,231.84,6.91,385,9.39,27.07,0.053,331,34.4,31.42,42.11,1,1,1,1,2
32.53,74.9,5.6,232,5.73,48.82,0.163,117,62.94,25.27,83.62,0,0,0,1,0
21.26,182.67,8.14,316,5.12,31.42,0.093,529,20.29,67.56,44.89,1,1,1,0,0
20.87,206.33,8.9,233,7.81,7.74,0.121,114,83.07,45.38,79.09,0,0,0,0,0
33.78,141.37,7.67,295,9.92,42.16,0.086,204,35.57,48.39,91.12,1,1,1,1,0
30.95,262.91,8.5,190,2.54,9.07,0.079,440,50.97,52.4,40.54,0,1,1,1,1
40.98,133.14,7.31,24,5.52,1.94,0.134,711,62.42,56.03,52.24,1,0,0,1,1
24.02,85.47,6.31,378,11.45,5.01,0.133,866,31.59,27.6,58.37,0,0,0,1,2
20.62,268.8,5.55,165,7.81,39.31,0.062,374,94.13,62.0,71.91,0,0,0,1,0
31.23,258.47,7.79,292,13.42,45.09,0.038,317,57.5,16.22,85.97,0,0,1,1,2
25.94,49.21,7.23,209,12.41,13.41,0.026,766,38.54,20.22,28.94,1,1,0,0,1
21.24,7.79,8.24,26,6.13,24.91,0.023,387,78.81,74.04,95.11,0,1,0,1,2
38.11,27.0,7.93,339,10.72,29.86,0.164,957,91.54,75.83,80.7,0,1,1,1,0
22.79,85.96,8.96,177,5.29,20.93,0.057,301,93.01,33.97,22.56,1,1,1,1,0
35.21,291.68,7.29,417,4.1,3.27,0.136,838,54.49,26.62,40.23,0,0,0,0,2
27.03,167.55,7.0,43,12.57,2.83,0.057,916,48.76,14.86,32.62,1,0,1,0,1
24.34,111.98,6.5,71,6.2,22.02,0.133,827,94.34,47.7,24.31,0,0,1,1,2
29.49,266.61,7.17,387,4.44,39.89,0.197,684,24.23,55.81,68.03,0,0,1,1,1
40.04,135.94,8.56,221,13.58,4.23,0.013,875,80.04,90.95,15.92,1,1,1,0,2
29.8,94.57,5.65,435,2.37,10.28,0.131,78,34.2,10.22,63.89,0,1,1,1,2
38.77,282.37,8.92,310,6.4,13.49,0.057,481,57.24,46.53,84.49,1,0,0,0,0
23.14,254.86,8.98,227,2.46,27.96,0.017,661,96.3,47.74,42.57,0,1,1,0,0
39.32,253.1,7.59,328,8.05,2.16,0.016,192,66.49,89.79,54.07,1,1,0,1,2
25.92,153.69,6.66,232,6.81,43.0,0.074,261,61.88,27.64,22.97,1,0,0,0,0
36.93,236.83,6.28,267,10.65,23.54,0.108,832,24.94,15.96,74.84,1,1,1,1,0
34.14,53.81,6.47,397,13.45,24.26,0.129,594,42.19,44.34,91.79,0,0,1,1,1
43.23,171.97,5.68,253,8.24,16.33,0.114,895,20.24,65.11,75.95,0,1,1,0,1
29.68,295.15,7.16,162,5.42,10.6,0.18,922,90.0,87.23,21.07,0,1,1,1,1
21.65,87.29,5.7,5,12.47,18.18,0.031,905,71.59,34.21,41.09,1,0,1,0,2
20.48,238.31,8.01,46,9.25,45.67,0.166,126,29.44,32.62,25.59,0,1,0,0,2
40.67,147.14,6.8,406,8.64,4.71,0.106,182,49.08,39.34,63.05,1,0,1,1,0
33.12,11.94,6.2,370,4.26,3.04,0.172,461,84.91,20.64,75.03,0,0,0,0,2
39.38,228.91,7.41,67,2.49,5.72,0.085,673,31.22,97.95,97.78,1,0,0,1,1
25.86,50.57,8.91,253,7.54,38.85,0.096,552,38.42,58.66,55.26,0,0,0,1,1
28.63,189.44,7.93,448,8.34,2.42,0.084,159,63.31,34.5,67.35,0,0,1,1,2
20.75,25.7,7.22,58,3.53,16.66,0.019,450,31.6,42.56,19.59,1,1,0,1,2
44.04,284.06,8.22,392,2.71,21.24,0.029,562,50.62,87.94,23.97,0,0,0,0,0
36.7,87.52,8.08,118,4.59,25.36,0.104,109,98.57,70.64,30.85,0,1,1,1,0
43.33,67.94,8.62,185,2.76,0.16,0.107,79,63.51,59.79,14.89,0,0,1,0,1
26.64,38.74,6.22,47,2.67,24.34,0.094,422,76.12,75.23,46.74,1,0,1,0,2
35.29,283.8,8.51,190,7.33,9.75,0.003,224,73.06,78.02,95.61,0,1,1,1,2
36.96,213.57,6.55,264,11.72,4.89,0.101,516,36.94,27.48,68.76,1,1,1,0,1
27.94,222.5,8.79,171,9.97,26.66,0.027,825,87.69,24.28,49.24,0,1,0,0,1
41.2,149.82,6.48,45,10.15,37.21,0.113,226,29.76,97.0,54.45,1,0,1,0,2
43.68,142.42,8.74,142,5.15,46.74,0.058,912,93.73,26.72,23.2,0,1,0,0,1
42.12,33.01,8.87,245,2.13,45.63,0.198,406,37.29,51.83,18.71,1,0,0,1,0
38.48,167.95,6.01,215,7.41,19.95,0.072,473,96.38,98.45,33.31,0,0,0,0,1
26.94,74.07,8.91,436,6.53,35.2,0.164,173,83.84,47.55,37.58,0,1,0,1,2
27.04,293.14,5.8,175,13.37,34.78,0.049,623,33.68,56.34,21.06,0,0,0,0,2
44.08,238.97,6.26,327,2.86,20.61,0.038,390,32.83,81.85,72.23,1,1,0,0,0
20.26,123.9,7.05,475,11.32,4.91,0.044,104,26.76,40.64,93.09,0,1,0,1,2
37.9,45.4,8.98,383,6.62,19.1,0.067,61,39.79,48.79,25.69,1,0,0,1,2
37.66,235.6,7.21,425,11.96,49.62,0.17,6,72.73,39.9,85.43,0,0,1,1,0
35.57,36.62,7.43,365,7.94,27.75,0.153,526,61.62,35.87,36.85,1,0,1,0,2
44.75,56.8,7.93,144,11.85,17.07,0.087,124,69.07,52.46,64.62,0,1,1,1,2
27.8,63.46,8.89,34,7.6,37.19,0.038,925,22.49,77.13,17.98,0,0,0,1,0
28.5,167.07,8.24,414,6.82,34.32,0.01,531,26.4,88.06,31.54,0,1,0,0,2
21.97,236.12,6.28,131,13.56,28.94,0.124,962,75.36,52.31,24.23,0,0,1,0,0
31.07,94.29,6.56,303,6.43,31.87,0.141,853,87.83,38.89,24.52,1,0,0,1,1
26.53,25.4,5.84,397,11.66,29.25,0.121,367,48.75,92.04,94.01,1,1,0,0,0
28.58,139.36,7.76,152,2.8,47.81,0.1,309,33.32,40.23,42.75,1,1,1,1,2
40.86,224.43,6.13,301,2.75,25.46,0.195,433,44.67,79.75,27.65,0,0,0,1,0
43.39,66.5,6.4,47,7.26,29.51,0.005,838,52.96,77.38,25.42,0,0,1,0,2
24.64,65.98,8.61,167,9.03,23.58,0.198,606,70.41,14.48,70.56,1,1,0,1,2
29.31,284.17,6.64,177,9.3,30.01,0.055,432,52.76,25.99,74.66,1,1,0,0,0
43.22,286.25,7.48,262,2.44,44.54,0.077,760,91.76,61.56,98.18,0,0,0,0,1
21.55,297.14,6.89,94,10.36,16.99,0.151,817,52.1,88.09,66.35,1,0,1,0,0
22.31,242.3,5.76,315,3.56,24.8,0.045,258,34.51,63.46,51.29,0,1,0,0,1
24.07,56.46,6.77,290,13.46,22.43,0.142,885,39.87,76.84,30.17,0,0,0,1,2
34.88,63.59,6.93,229,6.0,19.9,0.067,618,57.21,76.1,13.54,1,0,0,1,1
23.76,102.07,8.63,190,5.14,41.05,0.188,447,82.6,54.49,89.27,1,0,0,0,1
44.2,95.44,6.64,403,5.5,11.6,0.034,246,89.55,60.47,81.0,1,1,1,0,0
31.17,286.96,6.83,143,13.25,25.0,0.186,557,34.82,16.42,81.66,0,0,1,0,0
32.54,236.72,8.24,405,7.79,46.23,0.158,848,20.28,93.5,38.98,1,1,0,0,2
26.17,217.2,8.16,163,7.22,8.06,0.034,882,89.55,70.69,42.18,0,0,1,1,2
31.77,55.79,8.29,18,8.79,0.23,0.078,917,38.26,23.9,80.53,0,0,0,1,0
36.55,272.86,8.84,385,13.17,13.26,0.021,435,85.73,31.96,71.88,0,1,1,1,0
38.78,248.36,8.28,67,5.7,46.12,0.12,36,64.06,10.42,68.46,1,1,1,1,1
38.85,49.09,6.93,97,4.17,4.38,0.192,636,52.33,33.76,59.92,1,0,0,0,2
34.45,261.35,8.38,6,9.15,6.85,0.016,59,31.74,38.5,43.15,1,0,1,1,2
42.61,81.67,7.28,302,7.9,16.02,0.052,962,73.76,71.48,76.71,0,0,0,0,2
40.44,24.26,6.47,176,2.74,38.49,0.151,431,85.45,52.9,42.48,1,1,0,1,1
38.93,197.05,6.56,205,8.26,37.56,0.092,413,56.89,85.85,76.12,0,0,0,1,1
21.39,196.14,6.28,298,8.75,4.35,0.068,215,55.71,17.81,27.14,1,1,1,1,2
20.17,28.48,6.01,287,10.33,46.69,0.12,608,80.42,73.63,63.14,0,1,0,1,1
25.31,95.66,6.15,400,13.95,11.94,0.059,810,60.01,88.74,42.16,1,0,1,0,0
36.59,297.84,5.72,228,7.06,14.03,0.066,137,82.85,47.92,84.57,0,1,0,0,0
30.28,203.53,8.61,383,8.12,19.32,0.161,326,24.33,35.99,56.68,1,0,0,1,0
30.06,219.02,8.76,118,2.9,31.72,0.078,975,88.61,50.1,66.16,1,0,1,1,1
42.11,63.88,7.55,269,11.98,26.07,0.14,863,40.97,81.0,17.49,0,1,0,0,2
42.39,23.63,8.44,80,3.18,46.43,0.03,1,33.54,92.71,54.57,1,0,1,0,1
42.73,83.07,6.14,159,13.21,28.23,0.08,583,22.58,15.9,80.27,1,1,1,1,0
27.85,74.67,8.66,187,6.18,42.85,0.11,974,86.73,57.57,87.4,0,1,0,1,1
37.28,70.36,7.27,187,6.05,3.91,0.053,495,24.81,67.57,74.91,1,1,0,1,0
26.79,57.83,5.74,307,5.94,42.8,0.084,834,96.35,11.57,47.67,0,0,0,1,2
24.77,172.43,5.99,193,13.41,9.89,0.152,467,65.19,26.31,33.17,0,1,1,0,1
24.62,98.43,6.58,486,13.76,18.13,0.032,225,75.89,15.63,45.02,0,0,1,1,1
28.55,246.1,5.65,259,13.68,15.99,0.1,238,78.02,36.13,60.54,0,1,1,0,1
30.75,55.18,6.58,487,10.46,16.86,0.052,173,43.41,28.49,10.52,1,1,1,1,1
40.77,139.39,5.71,477,3.33,45.93,0.082,372,84.52,53.81,92.08,0,1,1,1,1
23.0,4.1,6.33,477,6.64,22.08,0.075,168,95.7,68.98,40.93,0,1,0,0,1
38.37,144.5,6.43,190,5.47,13.4,0.131,3,49.59,85.8,81.71,1,1,0,0,2
33.29,16.75,8.98,288,10.5,14.72,0.153,598,86.83,37.39,58.1,0,1,0,0,0
27.2,293.32,6.32,105,7.91,40.17,0.1,391,81.76,14.54,69.6,1,1,0,0,2
32.32,237.18,6.34,128,9.4,26.96,0.033,521,67.17,10.35,78.35,1,0,1,1,2
27.5,147.03,7.9,96,2.1,22.47,0.174,511,49.41,86.01,35.91,1,0,0,0,0
34.9,25.98,8.51,483,11.39,46.34,0.037,112,53.21,89.03,64.55,1,1,1,1,0
30.85,177.73,6.85,496,13.42,46.5,0.116,101,44.61,19.09,77.65,0,1,0,1,1
24.11,227.63,8.56,63,10.03,37.81,0.105,516,54.1,10.92,79.38,1,1,0,1,1
22.91,57.22,6.69,127,12.22,25.9,0.057,73,99.17,82.02,47.44,0,0,0,0,1
33.67,170.46,6.19,222,7.74,5.83,0.191,601,49.07,67.67,75.57,0,0,0,1,1
42.56,244.26,6.65,292,2.24,35.4,0.135,112,73.24,60.05,37.17,1,1,0,1,1
28.6,230.47,7.63,461,13.89,40.76,0.094,79,45.57,57.99,21.18,0,1,0,1,1
38.33,240.9,6.79,381,2.71,42.6,0.089,632,57.33,79.64,20.16,0,0,0,0,1
36.47,263.8,7.86,325,4.31,29.09,0.018,442,26.7,36.4,55.51,1,0,1,1,2
43.29,281.3,6.33,390,2.63,30.84,0.156,441,81.06,45.02,44.49,1,0,0,1,1
40.52,121.66,7.95,103,9.5,35.46,0.017,406,72.88,17.01,30.92,0,0,0,0,2
34.17,170.63,6.72,151,9.0,43.7,0.04,316,47.8,60.95,45.21,0,1,1,0,0
36.43,237.2,7.1,113,4.52,2.27,0.033,912,61.99,96.47,47.07,1,0,1,1,2
42.46,209.14,7.45,451,13.48,28.16,0.014,283,89.78,35.55,59.82,1,0,1,1,1
29.99,298.66,7.9,54,12.96,18.45,0.166,145,23.55,93.63,15.21,0,1,1,0,1
28.17,4.1,6.34,120,5.36,41.66,0.181,819,94.42,75.63,91.72,0,1,0,0,1
20.27,106.54,8.43,216,9.91,6.69,0.125,569,57.66,31.05,43.5,1,1,1,1,0
40.66,84.31,8.03,122,12.26,45.49,0.176,680,88.77,69.66,65.38,0,0,0,0,1
40.02,78.69,6.32,2,6.32,6.2,0.135,714,88.92,42.96,37.58,1,0,1,1,2
22.61,66.76,8.91,91,5.04,4.47,0.137,737,24.7,21.01,78.55,1,0,0,1,1
34.42,212.74,7.83,406,5.07,17.32,0.178,493,82.53,18.34,51.28,0,1,0,1,2
31.6,25.43,7.08,163,11.85,49.74,0.018,590,78.63,11.55,38.96,0,0,1,0,1
22.97,222.48,6.05,440,7.56,31.69,0.011,768,23.46,81.8,96.74,0,0,0,1,2
44.51,208.03,7.37,118,10.58,1.32,0.011,352,95.24,89.64,87.87,0,0,1,0,0
25.37,75.24,6.08,431,9.8,12.46,0.084,72,70.76,53.43,26.23,1,1,0,1,1
21.68,75.85,7.0,396,5.67,7.46,0.189,619,33.4,56.79,73.06,0,0,0,1,1
34.87,188.66,6.93,60,4.5,0.05,0.174,656,29.85,72.24,77.89,0,1,1,0,1
38.47,228.65,8.02,213,3.51,25.75,0.156,462,64.96,73.08,13.11,0,0,0,0,1
20.81,262.95,6.17,472,2.29,19.06,0.081,259,24.71,39.17,96.49,0,0,0,0,1
36.47,255.64,8.38,246,2.98,30.66,0.165,100,33.15,24.33,30.97,0,1,1,0,2
33.31,289.46,6.64,234,5.07,10.82,0.044,301,95.88,48.74,91.75,1,1,0,0,2
22.58,174.42,7.05,407,10.56,41.55,0.117,837,79.58,72.73,68.87,1,1,0,0,0
24.31,272.6,8.2,426,3.86,19.16,0.149,517,69.08,82.38,56.09,1,0,1,1,2
34.2,242.55,7.69,356,8.28,24.15,0.018,338,36.71,18.02,80.73,1,1,1,0,0
27.41,268.4,6.58,371,4.94,36.62,0.175,406,37.48,62.95,70.75,1,1,1,1,2
43.46,3.49,6.85,288,8.14,8.31,0.145,605,55.67,14.87,76.62,0,0,1,1,2
40.47,289.77,6.57,77,11.0,13.12,0.107,119,80.32,84.23,87.21,0,0,0,1,2
44.59,142.06,7.58,23,5.19,7.74,0.012,384,20.31,70.01,52.41,0,1,1,1,1
26.49,239.45,6.66,405,6.17,38.4,0.139,508,23.54,72.7,48.32,1,0,1,0,1
44.24,38.16,8.04,307,10.68,4.88,0.089,712,89.61,78.55,90.98,0,1,1,0,2
30.78,118.78,7.53,498,8.56,24.45,0.147,700,85.13,54.61,81.81,1,0,1,0,0
28.69,81.44,6.01,100,3.13,37.5,0.007,917,75.57,36.9,11.73,0,0,0,1,1
21.26,87.5,6.59,371,11.1,25.39,0.115,192,59.96,80.71,68.84,1,1,0,0,1
21.32,36.98,6.28,250,5.33,25.43,0.089,890,31.61,79.96,91.35,1,1,1,0,2
37.3,241.73,6.87,122,6.62,3.18,0.086,824,28.18,22.14,71.52,1,1,0,0,2
31.45,2.77,7.31,214,4.94,39.14,0.104,419,92.43,91.25,59.81,1,0,0,1,0
25.66,93.75,7.27,261,8.52,30.2,0.025,24,50.6,29.91,25.83,1,1,1,1,0
35.35,52.32,8.14,402,10.49,33.38,0.187,527,75.66,37.58,95.55,0,1,1,1,0
26.32,176.71,6.16,331,11.64,38.29,0.141,921,56.5,29.43,66.37,1,1,0,0,1
34.44,76.28,8.81,345,13.07,28.03,0.017,731,78.47,96.9,19.09,0,0,1,1,0
28.98,77.7,6.7,412,6.31,25.43,0.016,516,35.46,36.95,93.49,1,1,0,1,0
40.59,146.5,6.55,122,13.19,33.16,0.042,879,58.77,97.43,56.49,1,0,1,1,1
40.52,195.81,7.9,251,9.4,45.0,0.048,149,50.15,67.41,24.15,0,0,0,1,2
31.93,36.39,8.32,319,6.68,31.92,0.098,781,39.6,25.89,30.39,1,1,0,1,2
28.77,52.65,6.82,397,12.65,39.42,0.107,456,67.82,59.85,97.1,1,1,0,1,0
29.06,74.15,8.11,336,8.96,24.01,0.029,461,62.96,89.4,49.3,0,0,1,1,1
40.14,292.12,8.59,157,7.45,29.48,0.195,591,59.66,60.55,47.77,1,0,0,1,2
28.2,119.15,8.18,326,2.14,9.01,0.165,638,67.29,21.93,53.76,0,1,0,1,1
25.23,179.7,5.62,148,10.61,24.43,0.127,989,31.4,35.82,73.05,1,0,1,0,0
22.12,72.46,8.4,64,2.93,7.44,0.056,735,49.64,30.23,42.85,1,0,1,0,0
31.67,147.14,8.21,368,5.47,23.35,0.182,837,45.97,21.33,47.89,1,0,1,1,2
32.05,22.24,7.84,357,13.54,3.25,0.063,784,81.53,39.46,77.15,0,0,0,0,1
41.02,10.42,8.16,3,3.86,28.81,0.064,256,22.86,69.5,51.51,0,1,0,1,1
25.53,140.62,8.93,173,5.74,14.34,0.071,145,42.55,44.43,74.22,0,1,0,0,2
29.52,119.6,7.01,135,13.19,42.08,0.01,586,93.46,49.94,96.6,0,0,1,0,1
40.21,41.06,5.74,401,6.05,18.81,0.012,10,44.03,38.86,96.63,0,1,0,1,0
40.59,206.28,7.11,243,5.94,45.89,0.095,603,32.15,99.5,50.23,1,1,0,1,1
29.62,297.87,5.66,59,9.78,23.64,0.176,779,80.59,62.76,31.08,1,0,0,0,0
31.48,118.69,6.53,44,3.58,42.44,0.188,161,23.83,85.05,32.61,0,1,0,0,2
27.58,187.37,7.55,71,13.67,14.86,0.155,591,54.11,49.72,83.73,0,1,1,1,1
43.31,288.89,6.58,94,5.3,22.58,0.081,713,88.43,25.18,17.17,0,0,0,1,0
22.97,249.46,7.9,30,11.43,31.68,0.062,761,96.33,86.21,13.64,0,0,1,1,0
43.34,139.07,8.38,155,5.45,12.93,0.043,756,39.92,78.71,71.33,1,1,1,0,1
37.1,221.25,6.97,375,5.3,32.87,0.108,877,43.7,39.68,91.91,0,1,1,1,1
33.29,38.44,8.65,239,2.69,14.43,0.096,253,65.38,64.58,30.77,0,0,0,1,1
20.82,153.63,5.78,63,3.43,24.21,0.093,614,38.12,18.41,14.91,1,1,0,0,0
31.89,83.72,8.44,420,8.26,1.17,0.063,903,32.06,12.37,90.58,0,1,1,1,2
30.19,48.35,8.4,322,8.92,3.91,0.116,217,54.08,83.42,41.87,0,1,1,1,2
24.03,127.88,6.63,108,11.79,11.36,0.122,809,25.78,94.77,59.47,1,1,1,0,2
36.41,39.3,6.55,462,2.72,40.32,0.175,745,91.54,40.97,85.26,1,1,0,0,1
44.28,209.7,6.57,67,6.27,33.02,0.152,141,46.74,63.78,32.5,0,0,0,1,1
34.05,136.87,8.34,34,4.4,44.67,0.066,946,46.9,74.56,64.11,1,0,1,1,0
37.87,159.34,8.41,250,6.29,45.24,0.076,392,83.31,77.14,99.24,1,0,1,0,2
21.71,43.91,6.65,353,6.25,18.73,0.048,240,47.32,53.3,76.72,1,0,0,0,2
30.44,41.93,7.57,35,6.25,18.38,0.034,82,80.87,65.2,45.76,1,1,0,1,2
22.91,175.02,5.99,440,5.72,41.79,0.022,353,34.5,69.13,79.12,0,0,1,0,0
35.32,295.5,7.14,453,11.17,21.32,0.007,878,62.32,19.29,11.96,0,0,0,0,2
43.46,28.88,9.0,131,10.28,42.86,0.084,421,81.48,68.06,29.38,1,1,0,0,2
36.54,85.72,6.06,304,6.1,25.3,0.192,127,55.99,55.98,77.02,0,0,1,1,0
21.92,260.84,8.82,221,3.76,21.24,0.108,924,25.75,44.06,33.6,1,0,1,0,1
28.87,21.68,8.38,166,8.22,13.95,0.148,796,78.95,33.56,21.35,1,0,1,0,2
33.77,262.77,8.9,273,13.03,6.32,0.08,27,59.52,67.41,36.4,1,0,0,0,0
30.08,157.29,6.13,59,3.48,26.3,0.077,751,45.31,25.01,25.42,1,1,0,0,2
40.84,122.48,6.25,341,11.04,16.26,0.025,240,99.42,82.98,47.86,1,0,1,1,0
40.37,92.9,5.56,393,9.19,12.47,0.06,343,90.09,25.46,21.21,1,0,0,1,1
35.3,89.14,8.04,112,9.06,8.48,0.186,91,23.03,79.45,85.39,0,1,1,1,0
29.34,91.74,7.75,220,13.22,19.43,0.098,105,67.49,83.57,80.2,1,0,0,0,2
26.38,265.44,6.12,278,13.47,27.79,0.041,747,48.37,94.57,37.63,1,0,1,1,1
22.65,217.14,8.27,67,4.93,41.85,0.133,121,22.99,51.7,56.79,1,0,1,1,1
28.87,200.92,6.55,314,11.7,41.01,0.081,75,20.9,15.73,86.95,1,0,0,1,0
30.33,239.62,5.97,466,9.45,42.75,0.165,338,66.7,70.99,93.61,1,1,1,0,0
36.9,77.13,6.98,345,6.91,28.81,0.019,261,45.61,35.44,18.2,0,1,0,0,1
36.45,185.41,5.82,262,9.99,27.98,0.104,769,76.27,18.35,74.98,1,0,1,0,2
21.75,138.02,6.42,268,13.47,45.26,0.16,564,56.35,87.02,22.19,0,0,1,0,1
29.88,234.73,6.8,130,8.2,14.43,0.171,255,81.32,22.58,11.8,1,1,1,1,0
24.54,92.78,8.48,423,13.28,7.27,0.079,881,85.05,55.57,17.11,0,1,0,1,0
23.92,192.95,8.27,266,9.71,4.14,0.148,358,72.58,80.97,61.83,0,0,0,0,0
40.68,264.66,7.05,207,7.79,44.05,0.193,286,53.44,27.92,43.94,1,1,1,0,1
21.05,120.65,8.04,211,9.73,18.59,0.124,36,99.08,90.7,20.68,0,1,1,0,2
30.48,19.99,7.49,50,9.23,24.94,0.162,695,44.53,39.84,52.69,0,0,1,1,1
24.21,154.82,6.69,470,7.06,40.15,0.115,629,61.17,45.68,55.74,0,1,0,0,0
41.98,103.79,8.04,406,8.75,18.66,0.158,476,61.63,21.83,80.87,1,0,1,0,0
33.93,201.67,7.89,287,10.44,43.4,0.188,679,54.27,68.0,69.73,0,0,0,1,1
25.78,285.31,7.67,424,12.07,16.08,0.142,651,29.71,54.58,51.94,0,0,1,0,2
32.56,145.68,7.66,41,5.65,36.62,0.031,760,48.32,97.67,39.19,0,0,1,1,1
38.29,139.86,7.89,246,2.18,33.37,0.016,566,37.22,72.85,10.18,1,1,1,0,2
43.95,196.38,6.85,421,8.61,10.07,0.162,736,91.99,78.31,84.88,1,1,1,1,0
25.51,31.05,8.54,194,7.87,6.22,0.052,696,72.43,27.92,34.03,1,1,1,0,1
42.15,76.05,6.07,243,2.65,5.58,0.175,366,43.03,74.15,29.19,1,1,0,1,2
43.36,275.69,8.59,199,9.59,32.55,0.039,684,65.26,60.17,76.11,0,0,1,0,2
42.91,200.98,6.7,357,13.3,0.65,0.182,24,88.26,46.34,16.45,0,0,1,1,2
35.89,4.03,5.94,120,6.83,33.03,0.161,681,94.75,80.44,33.64,1,0,0,1,1
35.75,61.39,7.6,487,12.73,39.1,0.176,145,26.0,98.07,49.16,0,1,0,1,2
30.08,204.85,6.82,333,11.76,15.13,0.047,669,82.95,18.53,49.74,1,1,0,0,2
38.81,229.32,8.35,327,3.94,37.29,0.176,785,97.3,81.0,24.21,1,0,1,0,1
33.28,251.96,7.01,202,11.45,8.27,0.118,646,57.38,92.75,13.61,0,1,0,1,1
36.94,87.65,7.84,105,8.2,48.02,0.017,590,99.64,38.37,52.35,1,0,0,1,0
30.71,279.31,6.58,249,13.02,11.6,0.186,285,96.57,42.67,42.17,1,0,1,0,2
38.29,165.88,6.23,374,4.27,24.42,0.039,388,72.55,81.53,35.64,0,1,1,1,1
40.61,208.96,6.86,425,3.5,49.02,0.043,196,87.81,95.83,34.36,1,1,1,0,2
23.66,179.02,7.62,426,4.9,45.36,0.141,416,43.73,94.5,55.38,1,1,0,1,2
40.82,36.82,7.8,288,2.72,32.97,0.117,5,93.4,15.01,11.95,1,1,0,1,0
33.51,288.93,7.52,78,5.84,18.46,0.181,303,67.35,88.43,19.55,1,1,0,1,0
41.12,36.86,8.96,164,5.4,35.0,0.061,871,60.77,62.78,39.27,0,1,1,0,0
30.78,76.46,7.92,333,6.99,23.01,0.008,387,86.85,47.9,53.18,0,1,0,0,2
29.48,244.09,8.76,118,7.56,5.44,0.199,652,91.16,86.1,72.44,1,1,1,0,0
42.88,185.58,5.91,473,3.74,39.8,0.063,617,76.1,82.04,36.38,1,0,0,1,2
26.28,251.44,5.71,56,9.43,43.58,0.032,793,22.0,55.84,70.03,1,0,1,0,2
41.11,154.72,6.59,447,4.68,20.38,0.197,944,67.78,46.96,44.84,0,1,0,0,0
32.1,113.1,5.98,447,3.46,33.29,0.113,531,85.73,52.52,79.72,1,0,0,1,2
32.85,276.55,7.34,187,10.51,1.52,0.03,671,63.62,38.65,53.26,0,1,0,1,1
27.71,10.88,7.32,51,2.27,9.86,0.167,223,94.79,71.25,58.73,0,1,1,0,2
34.33,256.84,7.51,71,6.42,28.51,0.189,625,91.79,90.28,49.16,0,1,1,1,0
28.13,69.25,8.11,240,3.73,13.7,0.176,484,62.37,32.55,21.96,0,0,1,1,0
20.98,254.62,8.9,323,12.59,47.22,0.04,619,52.31,84.3,25.41,1,1,1,1,1
26.8,41.76,8.57,99,11.89,41.85,0.011,249,24.41,42.47,46.04,0,1,1,1,0
20.16,174.07,5.91,337,2.73,32.75,0.074,960,70.61,21.86,18.89,1,1,0,0,1
44.46,266.43,6.68,154,8.61,49.94,0.071,984,41.28,13.64,22.62,1,0,1,1,2
44.14,142.06,6.4,58,5.54,12.16,0.081,472,73.48,53.14,66.14,0,1,1,1,2
29.88,223.97,6.12,274,4.31,45.96,0.16,692,83.9,61.15,66.99,0,1,1,1,0
38.21,241.4,7.41,258,5.74,15.23,0.002,64,52.7,10.54,21.47,0,0,1,0,2
28.65,220.95,7.44,200,11.79,29.83,0.135,642,21.25,68.74,86.84,0,0,0,0,0
36.78,277.6,6.3,294,2.69,21.72,0.197,870,89.22,56.67,87.11,1,0,0,0,0
40.14,134.05,7.99,321,9.78,22.16,0.08,404,63.92,99.77,44.18,1,1,0,0,2
43.67,51.94,8.07,328,12.96,38.13,0.097,298,45.18,19.41,54.82,0,0,1,1,0
30.01,14.34,5.57,439,7.38,17.38,0.126,792,70.7,73.45,82.14,1,0,1,1,0
39.58,73.94,6.89,389,12.82,25.38,0.057,499,73.95,29.53,78.64,1,0,1,1,2
26.65,42.96,8.62,485,12.88,10.59,0.144,852,31.8,28.57,42.65,0,1,0,0,2
44.76,167.38,7.32,283,9.32,38.17,0.041,366,71.71,11.68,38.54,1,0,1,0,0
20.64,55.48,6.72,175,7.47,27.6,0.013,962,42.93,10.59,69.79,1,1,0,1,0
35.09,11.68,6.39,97,10.85,12.75,0.16,487,84.29,26.8,42.72,0,1,0,0,1
36.49,10.8,6.35,348,12.99,13.3,0.035,732,95.32,25.8,72.05,0,1,0,1,2
37.2,249.47,5.85,431,10.16,14.68,0.146,930,28.21,10.04,21.67,1,1,0,0,1
23.01,177.43,8.36,450,4.52,34.96,0.174,597,93.39,74.54,70.48,1,0,1,1,2
43.46,107.43,5.8,181,11.84,29.75,0.009,150,92.28,55.33,80.66,0,0,0,0,1
24.53,268.27,6.52,381,13.42,41.11,0.141,780,47.43,45.65,91.41,1,1,0,1,2
35.57,21.06,5.66,271,6.92,28.58,0.129,481,22.31,19.34,51.06,1,1,1,1,2
25.57,294.1,8.23,491,10.37,15.33,0.125,22,73.06,40.05,60.43,1,1,0,0,2
27.68,184.89,5.64,34,8.22,48.14,0.059,62,47.58,52.35,36.0,1,0,0,0,2
33.66,55.04,6.58,330,3.34,44.31,0.009,610,35.33,99.82,23.54,0,0,1,0,1
30.43,203.72,7.51,362,6.2,13.94,0.02,594,28.69,55.95,25.58,0,0,1,0,0
24.01,229.01,6.93,86,3.97,45.63,0.055,526,35.68,11.76,86.01,1,1,1,1,0
24.27,128.8,6.49,157,10.08,36.01,0.081,116,39.0,28.7,58.73,0,1,0,0,2
30.45,258.49,6.46,431,8.99,20.73,0.184,462,83.67,41.91,43.87,1,0,0,1,1
38.93,45.22,8.29,324,2.4,23.34,0.137,243,82.71,51.03,87.76,1,0,0,1,1
42.45,83.65,8.91,115,2.74,22.32,0.005,793,59.55,70.69,20.24,1,1,0,1,0
22.1,28.05,6.72,7,5.13,39.84,0.184,870,64.27,63.15,63.48,0,0,1,0,1
29.83,63.26,5.64,106,10.94,8.78,0.144,450,93.43,55.83,81.17,0,1,0,0,2
22.51,71.62,5.63,106,3.52,2.93,0.099,504,92.64,85.41,21.24,0,1,0,0,1
20.41,275.29,8.16,113,4.46,24.92,0.093,336,86.29,27.66,20.85,1,1,1,1,1
36.54,23.43,7.43,434,12.89,14.52,0.187,605,49.94,17.01,13.0,1,0,0,0,1
35.06,128.22,8.24,9,8.55,28.2,0.11,572,49.32,85.44,94.78,1,0,1,0,2
24.08,159.72,7.94,283,9.45,48.91,0.101,667,91.03,51.59,72.3,0,0,1,1,2
25.85,269.61,8.68,419,7.47,33.57,0.155,289,94.12,59.8,16.43,0,0,0,1,2
20.59,299.31,8.6,59,5.6,47.96,0.119,655,83.88,85.36,70.41,0,1,1,0,0
40.87,226.02,8.26,265,4.99,36.6,0.05,426,80.57,95.12,37.33,1,1,0,0,0
44.37,291.24,7.16,397,9.07,3.8,0.2,232,64.65,59.68,19.84,0,0,0,0,2
23.39,236.13,6.58,101,7.65,44.47,0.056,650,47.07,83.1,99.3,0,0,1,1,2
25.79,288.96,7.27,62,6.84,9.95,0.137,663,39.25,59.03,26.19,1,1,0,1,2
41.71,212.18,7.26,484,10.33,43.24,0.098,470,31.23,13.0,81.87,1,0,0,1,2
43.16,23.93,7.64,174,6.85,37.45,0.024,408,78.26,96.03,89.33,1,0,0,1,0
30.49,120.58,6.15,196,2.44,41.93,0.192,228,82.16,83.6,57.73,1,1,1,1,1
21.27,193.98,7.79,311,12.08,12.68,0.067,588,48.69,77.81,97.84,0,0,1,0,2
20.98,105.22,7.1,389,5.82,40.37,0.131,914,20.48,49.76,20.79,0,1,1,0,1
34.35,82.02,7.67,221,13.36,30.52,0.148,289,95.09,94.83,96.48,0,0,1,0,2
29.82,173.22,6.34,402,12.55,4.09,0.079,373,54.97,54.09,16.36,0,0,1,1,1
20.72,280.05,7.02,435,4.81,44.46,0.052,833,97.97,74.87,52.96,1,1,0,0,0
34.58,10.49,6.24,189,13.59,43.84,0.012,199,74.19,19.05,86.95,0,1,1,1,1
20.28,230.77,8.56,127,12.24,28.6,0.19,132,29.92,29.7,59.79,0,1,1,0,2
39.68,216.82,7.21,432,13.82,22.63,0.116,586,46.16,48.18,62.51,0,1,0,1,0
27.66,289.19,6.29,333,10.14,20.03,0.143,321,72.56,62.32,24.49,1,1,1,1,1
21.01,279.21,5.64,394,13.17,30.14,0.094,869,71.94,82.5,98.59,0,1,1,0,0
34.71,228.67,7.87,45,10.28,42.08,0.047,693,38.56,31.68,30.8,1,1,0,0,1
29.94,156.12,6.25,68,12.26,28.3,0.199,765,34.15,79.69,87.3,0,0,0,0,0
44.35,61.28,8.96,300,9.33,6.48,0.193,991,42.14,90.1,96.09,0,0,1,1,0
33.6,163.57,7.37,350,13.15,15.31,0.172,791,82.95,83.66,35.27,0,0,1,0,1
26.88,229.61,6.51,363,8.22,33.41,0.183,587,39.35,66.02,75.75,1,0,0,1,1
37.74,268.7,7.8,57,10.84,32.34,0.115,741,76.14,82.9,17.23,0,1,0,0,2
26.79,236.91,6.46,415,13.0,25.94,0.074,335,89.6,88.98,76.73,1,0,0,0,2
42.61,58.58,8.37,215,7.07,12.02,0.069,178,51.33,59.96,53.59,1,1,0,1,0
29.37,179.91,6.58,114,2.32,13.53,0.187,663,20.56,82.91,20.61,0,0,0,0,2
33.75,99.65,8.96,9,3.36,24.21,0.192,433,31.36,47.9,90.52,1,1,0,0,1
21.26,2.76,7.62,396,13.66,19.72,0.088,872,44.95,57.02,71.1,0,1,1,0,2
30.65,60.07,8.46,366,12.48,15.8,0.121,437,35.2,14.74,25.17,0,1,1,1,2
40.81,33.97,5.75,499,7.8,41.47,0.161,784,43.16,89.51,57.95,0,1,0,1,2
40.14,252.82,6.72,268,13.53,25.2,0.141,479,63.52,22.63,39.33,1,1,1,0,2
25.61,77.55,8.08,291,4.23,25.15,0.174,467,21.69,34.86,73.95,0,0,0,0,0
25.65,85.41,7.79,85,3.33,21.4,0.122,496,25.14,38.57,66.47,1,1,0,1,2
40.43,287.98,6.18,383,9.22,34.05,0.116,418,88.46,20.43,27.06,1,0,0,1,0
43.26,113.73,6.75,456,6.59,8.78,0.075,541,61.79,92.96,31.79,0,1,1,1,1
22.38,2.88,6.42,377,6.08,47.18,0.015,174,94.84,97.3,73.41,0,0,1,0,2
31.25,85.15,7.65,146,10.81,5.23,0.011,297,20.26,87.87,70.76,1,1,0,1,2
28.44,35.79,6.71,499,3.8,35.51,0.03,277,20.01,41.17,38.1,1,1,1,0,0
41.77,30.84,6.58,117,11.34,35.22,0.012,30,79.17,14.97,53.04,0,1,0,1,0
22.09,23.25,6.23,134,6.31,5.7,0.107,50,58.1,26.46,52.05,0,0,1,0,1
25.28,177.98,6.93,14,13.84,49.65,0.081,676,93.1,79.49,21.2,0,1,0,1,0
38.81,56.8,6.18,336,11.7,1.72,0.005,983,82.93,35.74,65.9,0,1,0,1,0
21.28,108.37,8.87,301,9.75,18.23,0.004,855,60.32,90.33,33.8,0,0,0,0,2
32.31,258.61,6.04,205,4.75,21.24,0.105,908,58.28,85.16,51.39,0,1,0,0,0
31.05,127.3,8.7,232,13.48,40.14,0.11,600,84.89,31.33,16.46,1,1,0,1,2
28.36,274.71,7.0,303,2.39,1.49,0.007,635,84.3,72.41,65.26,0,1,0,0,2
29.86,149.38,6.82,65,4.68,27.85,0.134,158,42.16,49.81,85.56,1,0,0,0,1
33.25,119.65,6.31,461,2.44,10.2,0.025,99,73.97,29.35,61.26,1,1,1,1,1
24.03,225.12,7.73,3,13.6,28.63,0.099,141,71.46,63.11,63.71,1,1,1,1,0
34.3,21.95,7.9,2,12.46,32.32,0.032,116,88.49,85.36,70.6,1,1,0,0,2
40.14,26.84,7.14,258,13.43,1.71,0.008,467,89.49,93.41,27.67,1,0,0,1,2
39.0,195.59,5.69,202,10.58,3.37,0.042,38,41.46,15.29,16.19,1,1,0,0,1
23.85,146.08,8.71,324,2.33,4.26,0.093,347,90.38,47.69,86.86,0,0,1,1,1
23.73,237.12,8.93,239,13.18,42.61,0.149,984,93.97,64.4,86.19,1,0,1,1,1
26.7,274.88,7.01,92,7.05,46.33,0.053,165,28.77,40.42,59.02,1,1,0,1,1
29.03,116.51,7.65,283,6.42,21.89,0.137,106,65.9,38.59,27.74,0,0,0,0,1
30.21,178.92,7.08,22,5.41,43.74,0.173,842,54.92,79.47,83.55,1,0,0,1,1
36.99,150.21,6.63,285,5.44,23.81,0.054,785,52.16,80.43,29.82,1,1,1,1,2
21.42,294.48,5.77,317,11.61,20.06,0.104,550,76.39,75.6,87.48,0,1,0,0,1
20.87,249.33,7.1,86,5.08,26.56,0.082,594,30.37,90.87,48.14,0,0,1,1,0
29.8,273.52,8.36,50,4.67,39.51,0.005,503,85.6,54.52,15.17,0,1,1,1,1
37.43,76.3,5.56,296,10.38,11.19,0.078,322,22.13,80.9,83.52,0,0,1,0,1
24.84,231.76,7.54,469,5.45,15.09,0.075,808,66.26,11.01,60.46,0,1,0,0,2
36.04,79.64,8.58,319,2.16,42.44,0.124,813,38.03,98.87,38.65,1,0,1,0,2
26.5,62.62,6.26,42,13.18,45.8,0.173,944,73.4,92.73,50.76,0,1,1,1,0
42.15,283.28,6.14,203,5.76,6.15,0.134,501,62.03,85.72,89.76,1,0,0,1,1
42.39,5.79,8.2,346,11.17,35.25,0.071,154,99.98,62.9,28.28,1,1,0,0,0
27.43,289.62,6.39,57,7.63,0.48,0.09,121,88.99,58.97,19.34,1,1,0,0,1
25.75,44.78,6.17,58,3.61,12.31,0.177,22,46.93,23.51,80.63,0,0,1,1,2
30.28,245.83,6.82,167,9.94,3.43,0.128,34,62.28,14.86,65.95,1,0,1,0,1
26.01,82.78,6.87,173,4.78,25.77,0.078,229,45.42,33.03,88.3,1,0,1,0,1
36.81,105.21,8.56,317,5.46,17.17,0.12,490,78.3,23.59,38.21,1,1,0,0,2
40.65,65.03,7.66,432,2.39,6.88,0.129,140,53.79,60.47,60.51,1,0,1,1,1
36.83,175.65,6.92,371,2.2,0.02,0.096,381,29.24,39.93,13.82,0,1,0,1,1
40.61,104.43,7.37,206,8.16,19.42,0.173,281,72.86,44.91,86.2,0,0,1,0,2
29.92,197.22,8.84,110,2.69,14.72,0.163,205,20.89,12.38,27.21,0,1,1,0,2
23.91,4.69,5.9,22,4.51,2.33,0.105,162,43.78,59.38,20.32,1,1,1,0,2
38.45,19.31,6.23,427,13.09,42.59,0.192,424,92.57,69.05,53.61,0,0,1,1,2
29.01,29.9,8.87,232,2.99,20.54,0.191,133,27.53,40.1,77.04,0,1,0,1,0
36.78,125.7,8.85,427,5.49,38.74,0.193,583,60.35,21.81,28.88,1,1,0,1,1
26.77,244.44,6.12,274,10.72,21.1,0.044,563,83.61,73.34,31.01,1,0,0,0,1
22.03,266.45,6.01,171,12.61,3.38,0.021,487,92.36,21.61,38.4,1,1,1,0,2
44.81,73.44,6.97,10,2.55,19.71,0.124,564,64.79,83.52,83.0,0,1,1,1,1
23.91,172.31,5.67,59,4.23,44.31,0.146,494,32.25,59.14,77.26,0,1,0,0,0
44.71,230.51,7.79,421,6.65,0.39,0.061,462,95.27,31.37,34.29,1,1,0,1,2
44.43,86.65,5.77,231,6.33,44.77,0.108,903,79.94,90.89,32.96,1,1,1,1,2
39.85,122.7,5.7,234,5.46,32.84,0.13,686,51.65,22.76,91.58,0,0,1,1,2
36.49,157.19,7.2,2,4.91,49.78,0.093,79,42.16,64.11,65.33,0,1,0,0,1
34.45,40.46,8.85,143,5.22,45.81,0.108,92,23.82,65.58,30.25,1,1,1,1,0
41.65,7.79,6.99,479,3.6,43.45,0.015,63,35.31,13.36,22.63,1,0,0,1,0
27.24,45.84,6.75,229,3.96,1.88,0.199,545,82.21,64.87,15.95,0,1,0,1,0
31.69,188.06,8.99,8,9.28,14.01,0.076,509,28.69,72.48,32.17,0,1,0,1,0
35.48,22.09,7.36,296,5.51,18.74,0.041,284,30.35,91.91,74.8,0,0,0,1,1
30.28,56.91,6.81,293,6.8,34.99,0.096,418,35.67,73.8,43.45,0,0,1,1,2
30.69,101.36,6.85,324,6.94,32.43,0.063,815,51.63,53.6,96.85,0,1,1,0,2
28.26,23.36,6.18,192,3.32,8.58,0.078,713,35.13,86.8,39.18,1,1,0,1,0
34.11,57.51,7.29,290,11.83,36.84,0.113,627,92.34,41.84,23.52,0,1,1,0,2
41.26,273.38,7.04,126,13.48,7.78,0.056,192,40.61,87.0,25.89,1,1,1,1,0
25.04,5.79,6.45,418,5.16,22.82,0.133,452,93.56,85.96,53.96,1,0,0,1,2
43.36,196.03,6.06,459,5.53,28.94,0.086,450,98.8,64.33,94.37,0,0,1,0,0
37.23,115.32,6.59,483,10.32,43.53,0.017,358,80.38,41.02,91.03,1,1,0,0,0
40.58,201.79,7.28,468,2.97,31.57,0.177,397,20.59,63.21,26.5,1,0,0,0,2
33.9,176.61,5.7,47,12.89,47.74,0.095,173,39.2,91.53,77.9,0,1,1,0,0
39.49,67.05,6.04,106,3.45,49.72,0.185,26,41.39,67.29,77.71,1,1,1,1,2
20.41,254.16,8.82,263,10.78,25.44,0.076,941,63.42,85.6,24.88,0,1,1,1,1
40.46,147.58,7.4,252,5.5,2.57,0.109,412,32.67,41.02,36.84,0,1,0,0,0
21.0,246.76,5.72,26,5.88,1.42,0.175,256,26.18,36.31,16.84,0,0,1,0,1
42.25,121.8,7.93,8,3.69,42.78,0.092,849,34.11,33.03,16.74,1,1,1,1,0
44.8,295.41,5.72,219,9.76,24.99,0.127,642,46.19,54.21,49.79,1,0,0,0,1
27.35,231.15,8.09,157,11.54,18.34,0.049,537,23.94,48.88,53.56,1,0,0,0,0
25.26,289.79,8.12,13,13.4,14.22,0.048,404,35.63,86.88,12.95,1,0,0,1,2
39.13,154.3,7.78,406,5.98,14.09,0.109,629,33.4,20.13,96.96,1,0,0,0,2
26.33,142.11,8.06,28,9.45,3.64,0.123,791,81.79,59.86,53.77,1,0,1,0,2
41.64,226.64,5.81,25,6.98,15.15,0.131,300,33.57,46.31,80.91,1,1,1,1,0
22.57,264.09,8.04,213,8.69,32.24,0.154,627,83.32,94.38,67.14,0,0,1,1,1
23.15,289.24,5.98,142,3.96,19.26,0.185,750,60.65,80.96,65.74,1,1,0,1,1
44.48,97.37,6.69,114,8.98,47.39,0.048,723,80.63,49.0,37.28,1,0,0,1,1
36.85,239.61,8.8,328,12.19,33.41,0.124,412,56.03,67.66,89.84,1,1,0,0,2
41.17,63.19,7.26,217,12.36,43.2,0.089,17,92.08,77.1,36.98,1,0,0,0,2
28.11,163.67,8.89,80,7.8,5.71,0.018,642,42.12,16.4,95.64,1,1,1,1,2
36.91,53.95,5.81,200,4.83,22.53,0.091,946,81.34,70.63,13.55,1,0,0,0,1
34.86,104.22,7.17,66,12.04,2.07,0.158,895,33.07,22.55,20.32,1,1,0,1,1
35.08,279.41,5.72,248,13.99,44.75,0.016,622,90.61,27.01,75.39,0,1,1,1,2
37.06,43.83,7.71,143,6.53,7.34,0.121,127,22.28,51.51,64.78,1,0,0,1,2
34.38,189.72,5.78,140,13.09,40.27,0.082,113,56.59,98.15,74.54,0,0,1,0,0
30.73,177.89,6.11,345,13.8,46.19,0.131,736,53.7,95.69,67.75,0,1,0,1,0
26.9,36.22,6.41,464,6.75,22.09,0.164,145,69.9,91.2,57.45,0,1,0,0,2
39.21,97.79,8.12,95,10.6,19.47,0.108,932,55.27,13.09,12.81,0,0,0,0,1
25.66,168.89,6.07,407,8.97,30.01,0.061,887,67.12,86.76,82.8,0,1,1,0,0
37.31,56.15,8.46,117,10.67,37.02,0.018,190,88.94,79.85,55.91,1,1,0,0,0
25.83,240.19,5.96,317,3.85,32.28,0.058,980,31.36,54.89,19.52,1,1,0,1,1
35.63,291.65,5.62,184,6.4,0.06,0.073,619,39.53,39.29,27.32,1,1,0,0,0
38.68,64.43,6.88,291,2.75,39.3,0.128,530,84.23,78.0,69.58,1,0,0,1,2
25.47,56.07,8.93,443,9.36,7.37,0.078,150,38.25,19.63,16.93,0,0,0,1,2
21.5,136.48,5.89,244,13.12,22.48,0.081,851,92.45,68.54,88.25,1,0,0,1,2
23.27,224.33,5.86,469,8.72,14.12,0.058,694,63.26,70.47,81.17,0,1,0,1,2
35.15,84.48,8.13,379,2.84,46.4,0.073,791,26.55,59.83,37.57,0,0,1,0,2
41.24,5.96,6.59,200,13.16,25.11,0.053,466,21.65,89.0,89.52,1,1,1,0,2
21.12,162.37,8.01,277,3.6,26.11,0.147,153,81.03,39.69,89.67,0,0,1,1,0
38.35,286.98,6.2,360,12.6,3.81,0.197,224,88.51,53.03,85.41,0,0,1,1,2
28.53,117.38,7.11,369,10.57,44.87,0.147,991,39.19,78.28,37.69,1,1,0,0,2
31.96,126.04,6.43,109,9.64,11.95,0.015,503,39.26,74.5,69.03,1,1,1,0,1
43.22,290.67,7.08,211,9.04,20.7,0.127,565,96.33,60.62,50.63,1,1,1,0,2
28.3,208.38,8.19,258,3.57,49.26,0.141,610,72.49,34.49,58.5,1,0,1,1,2
31.63,215.75,8.17,163,8.01,5.69,0.156,600,33.41,36.48,46.87,1,1,0,1,1
20.34,168.81,7.31,96,4.36,35.93,0.153,672,55.89,76.71,10.36,1,0,1,1,2
22.04,292.38,8.75,209,8.86,13.01,0.102,983,92.83,10.52,10.9,0,1,1,0,1
26.46,206.66,6.42,35,7.37,20.99,0.052,56,69.69,68.75,79.56,1,1,0,1,2
20.7,268.51,6.34,265,10.16,20.91,0.024,633,52.6,32.34,95.17,1,1,0,0,0
35.78,209.81,7.65,99,13.79,46.61,0.002,880,32.08,70.57,30.66,1,0,1,1,2
30.66,220.53,7.67,20,6.33,0.52,0.0,392,78.08,26.82,58.99,1,1,1,0,2
33.7,87.12,5.66,216,9.4,18.36,0.187,100,42.11,43.88,37.54,1,0,0,1,1
24.37,91.04,7.63,432,12.37,42.62,0.122,831,65.27,77.84,52.98,1,0,1,1,0
27.4,234.9,6.81,103,3.12,45.53,0.115,740,68.01,77.97,20.63,0,0,0,1,1
36.6,89.01,8.12,370,11.6,15.57,0.075,202,64.44,28.87,75.29,0,1,1,1,2
44.13,168.83,8.33,392,4.87,12.1,0.16,596,39.72,43.87,56.46,0,1,1,1,2
21.26,74.81,7.43,111,8.48,23.06,0.044,58,76.66,55.23,37.79,1,1,0,0,1
42.26,245.1,5.51,218,13.9,37.29,0.148,208,65.28,62.86,69.72,0,1,0,0,1
34.42,33.15,7.73,119,13.81,7.7,0.073,15,52.29,76.82,56.01,1,1,1,0,1
34.1,248.83,8.12,248,5.79,39.22,0.142,900,24.17,12.13,46.39,0,0,0,1,2
32.51,180.82,6.37,334,3.58,25.63,0.141,555,46.5,20.38,57.99,0,0,0,1,0
21.73,56.07,7.13,435,13.26,7.04,0.063,557,48.2,24.2,95.83,0,1,1,0,1
22.25,162.61,8.88,95,12.72,33.59,0.187,765,83.29,27.16,16.24,0,0,0,0,0
35.02,84.75,6.54,431,9.39,31.41,0.102,905,61.08,12.72,93.16,0,0,0,1,0
28.52,97.04,6.28,187,2.39,31.12,0.052,332,94.57,92.84,21.37,0,1,0,0,1
42.93,105.46,6.24,363,11.02,37.74,0.135,494,80.06,24.6,28.57,1,0,1,1,2
30.16,19.0,7.46,374,3.93,9.06,0.15,569,63.04,16.63,98.13,1,1,1,1,1
23.58,295.79,8.82,433,13.32,34.87,0.19,581,33.51,52.46,82.9,0,1,1,0,1
37.87,9.46,7.63,422,7.22,44.36,0.015,740,37.68,94.71,41.65,0,0,0,1,2
27.33,198.75,6.56,143,9.38,26.52,0.108,319,32.81,96.79,46.42,0,1,0,0,2
33.14,111.37,7.73,27,5.37,24.3,0.098,207,55.43,70.88,36.92,0,1,0,0,1
37.45,193.8,7.69,498,7.7,39.89,0.062,837,77.8,26.05,30.27,1,1,1,0,0
42.51,106.87,7.59,5,11.06,7.31,0.154,732,80.75,10.34,15.48,1,0,0,0,1
39.8,202.13,6.06,316,7.9,17.04,0.039,382,27.69,40.15,13.03,1,0,0,1,1
36.91,218.77,7.72,261,12.17,42.69,0.066,571,59.67,21.29,55.14,1,1,0,1,2
36.99,207.17,7.01,229,10.56,24.99,0.153,280,58.52,77.96,57.71,1,0,0,1,0
43.65,34.19,5.57,121,2.93,42.02,0.095,854,55.11,97.22,78.54,1,1,0,0,2
27.4,197.07,7.39,494,9.28,12.59,0.027,778,44.1,17.54,18.56,0,1,0,1,2
20.03,84.0,8.96,193,9.35,19.48,0.179,348,58.06,45.72,56.32,1,0,0,1,0
26.8,8.64,6.72,104,6.57,41.18,0.146,852,61.33,91.22,93.2,1,1,0,1,0
25.45,124.45,8.88,423,5.87,8.17,0.113,318,67.98,75.55,86.74,1,1,1,1,1
36.55,130.06,5.84,198,2.75,44.74,0.122,895,50.19,88.28,58.11,1,0,0,1,0
35.84,140.15,8.06,474,7.35,15.49,0.125,665,95.61,93.07,22.03,1,1,1,1,1
34.84,211.45,5.9,61,6.04,48.63,0.1,40,47.11,47.14,24.04,0,0,0,1,1
20.41,92.65,6.46,283,13.41,41.39,0.149,308,91.6,72.43,52.96,1,1,0,1,0
38.22,94.58,7.5,79,10.09,22.78,0.143,996,84.1,73.84,65.56,1,1,0,0,0
28.09,18.17,7.57,174,7.52,37.11,0.001,714,57.22,66.77,98.08,1,1,0,0,0
36.63,206.05,8.21,8,11.06,27.76,0.022,741,59.7,39.32,84.82,1,0,0,0,1
33.91,170.35,7.65,179,11.35,42.66,0.005,151,89.59,84.9,47.29,0,1,1,0,0
28.57,104.83,7.58,270,7.77,25.91,0.034,848,59.42,79.2,41.52,0,0,0,0,0
23.36,211.56,8.69,161,2.91,49.4,0.014,456,74.35,50.07,11.21,1,1,1,1,2
22.36,161.21,7.08,275,11.37,6.68,0.039,455,84.74,47.89,10.69,0,0,1,1,2
40.79,140.77,6.29,205,3.08,33.82,0.108,93,92.63,10.97,52.7,1,0,1,1,2
42.96,153.4,6.07,59,12.17,12.28,0.134,390,37.45,85.91,16.24,0,0,1,0,1
36.24,190.9,6.9,185,6.01,9.56,0.184,639,98.03,35.56,24.07,1,0,1,1,1
22.59,198.0,7.99,74,9.66,20.41,0.148,228,97.23,52.37,98.23,0,1,1,1,0
30.05,86.69,5.65,93,10.88,18.37,0.006,496,43.79,47.02,74.55,1,0,1,1,0
38.22,42.22,5.95,66,2.42,2.32,0.094,470,69.1,71.03,50.7,0,0,0,1,1
39.5,46.99,5.87,1,6.62,21.39,0.135,584,23.75,45.11,87.21,0,1,0,0,1
22.96,191.82,7.55,177,9.25,47.6,0.063,82,33.43,26.18,25.97,1,0,1,0,0
20.0,261.86,6.35,141,12.18,23.34,0.074,747,66.71,88.18,45.04,1,0,0,1,1
37.8,122.85,6.08,439,10.61,15.09,0.161,191,72.01,26.52,36.53,1,1,1,1,0
28.91,50.86,7.57,476,12.75,47.45,0.009,455,62.77,12.56,99.59,1,1,1,1,2
26.36,226.98,8.16,452,2.99,25.29,0.108,879,76.38,27.66,91.1,1,1,0,0,0
20.32,249.75,6.66,43,2.86,14.36,0.161,45,83.43,50.96,57.35,1,1,0,1,2
33.51,264.17,7.52,173,10.56,39.15,0.159,461,33.48,48.09,48.16,1,0,0,0,2
41.28,182.05,5.84,389,6.78,11.18,0.024,562,72.77,81.67,99.83,1,0,1,0,1
43.94,258.22,8.77,391,7.78,12.39,0.169,731,65.01,27.54,28.57,1,1,0,0,0
34.14,4.62,6.68,294,9.25,16.22,0.015,610,29.41,79.8,46.71,0,1,1,1,2
32.86,32.17,8.99,230,13.83,19.74,0.185,966,38.29,18.67,74.06,0,0,0,0,1
22.13,27.77,8.93,235,2.81,29.14,0.043,901,53.57,52.63,73.35,0,1,0,0,0
33.72,213.78,8.23,92,3.31,25.76,0.023,797,89.1,87.88,61.68,0,1,0,0,2
29.5,20.87,5.57,486,11.95,37.19,0.015,100,37.36,47.16,95.67,0,0,1,1,1
35.18,148.91,7.4,43,2.25,35.86,0.069,655,34.63,96.7,32.21,0,1,1,0,2
29.72,141.81,5.8,26,7.41,2.28,0.07,234,77.68,66.79,61.18,0,0,0,0,0
26.01,93.21,8.63,271,11.29,6.7,0.105,886,98.06,78.1,82.94,0,0,0,0,1
22.37,261.12,8.26,474,4.34,10.76,0.147,312,55.79,55.89,30.92,1,0,0,0,1
27.87,51.13,8.9,38,4.24,29.88,0.102,960,48.01,48.68,88.4,1,1,0,0,1
22.42,105.74,7.63,487,5.72,44.76,0.196,361,40.32,17.62,67.52,0,1,0,0,1
24.42,232.25,7.33,384,3.8,16.25,0.042,828,23.98,20.8,44.3,1,1,1,1,2
44.68,9.13,7.32,492,10.14,48.19,0.042,784,34.27,61.45,68.29,0,0,1,1,0
31.1,201.89,6.85,434,4.4,8.64,0.141,958,27.47,65.23,93.53,0,1,1,1,1
33.3,244.92,7.14,446,4.72,46.24,0.063,244,59.53,98.63,98.94,1,0,0,1,0
41.84,279.68,7.72,288,8.9,40.05,0.034,247,98.26,87.2,35.33,1,0,1,0,0
44.89,262.89,8.77,247,13.61,19.45,0.158,262,82.99,86.0,91.82,0,1,1,1,0
34.57,95.82,7.59,49,12.97,10.32,0.045,162,68.14,35.79,13.47,1,1,1,0,0
40.31,175.91,8.5,358,12.37,19.56,0.15,632,58.93,47.06,10.65,1,1,0,1,1
28.17,23.19,8.52,437,8.37,10.69,0.041,196,69.37,19.19,64.15,1,0,0,0,2
27.64,77.36,7.32,282,5.57,28.06,0.188,858,50.08,62.34,53.35,1,0,0,0,1
30.07,28.27,6.72,208,10.47,28.74,0.059,541,34.27,16.26,52.23,0,1,1,0,0
36.81,94.56,7.74,123,6.67,38.41,0.15,683,67.18,50.21,31.07,0,1,0,0,1
37.05,262.56,7.06,462,11.33,26.39,0.168,617,62.25,60.96,63.77,1,0,0,1,2
27.88,104.15,5.79,341,2.19,17.26,0.025,482,95.56,30.54,11.52,1,1,0,0,0
23.33,168.57,6.82,248,8.35,45.58,0.014,207,71.99,79.79,49.04,0,0,1,1,1
35.81,130.01,8.98,402,6.05,3.9,0.12,901,81.87,70.74,43.02,1,0,1,1,1
23.21,137.67,5.67,283,4.99,40.44,0.124,975,27.42,23.31,27.37,0,0,1,1,2
34.46,290.87,7.94,150,9.94,20.48,0.125,567,80.87,98.53,55.97,1,1,0,0,2
37.34,88.85,8.44,63,9.9,9.05,0.091,135,98.63,58.78,72.12,0,0,1,0,2
37.52,188.2,7.77,483,2.44,6.02,0.187,979,72.6,12.38,83.17,1,1,0,1,0
38.84,126.02,7.49,240,13.37,11.04,0.138,380,79.37,41.51,51.6,1,0,0,1,2
41.82,18.34,7.98,166,6.34,6.1,0.015,222,98.36,98.14,31.59,0,0,1,0,1
32.5,146.8,7.0,239,13.01,22.95,0.157,19,51.3,91.21,28.89,0,0,1,1,2
38.26,244.0,5.82,48,9.0,17.48,0.055,456,85.93,23.6,62.13,0,0,0,0,0
35.48,29.63,8.87,186,9.83,17.83,0.145,285,51.98,86.95,45.03,1,1,0,0,2
24.67,20.88,7.01,147,13.53,7.84,0.012,445,54.07,65.66,38.58,1,0,0,0,2
20.64,46.09,7.83,188,11.87,32.99,0.153,332,72.66,11.96,57.07,0,0,0,0,2
27.11,229.32,7.36,110,3.68,30.39,0.109,25,40.51,78.17,60.08,1,1,1,1,2
31.08,217.2,5.69,383,2.06,49.11,0.144,577,99.42,47.16,31.04,1,1,1,1,2
35.43,169.51,8.83,264,5.7,8.38,0.099,572,46.34,45.65,44.05,0,1,0,0,1
41.25,140.47,8.27,278,7.86,41.7,0.16,444,29.83,44.45,73.69,0,1,0,0,1
24.91,266.5,6.02,236,10.79,1.69,0.189,556,45.8,63.69,44.87,1,0,1,0,2
23.14,230.01,8.94,390,9.93,3.67,0.148,813,88.48,74.28,49.97,0,1,0,1,1
44.09,243.58,8.08,158,5.75,32.4,0.149,791,45.11,68.29,67.6,0,0,0,0,0
22.7,243.98,7.15,59,8.5,20.32,0.043,332,68.91,31.76,27.17,0,0,0,1,2
31.96,192.82,7.64,498,9.81,11.53,0.071,114,94.83,73.61,88.01,1,1,1,1,2
34.64,137.4,5.87,316,8.17,0.14,0.025,15,40.8,22.2,40.46,1,0,1,1,1
33.53,259.4,7.46,74,10.27,33.16,0.106,337,30.51,97.42,71.89,0,1,1,0,1
22.15,277.8,5.76,487,7.82,22.04,0.089,143,27.75,52.63,36.75,1,1,0,1,0
21.43,7.14,7.41,464,8.36,8.54,0.059,833,55.23,18.22,68.33,1,1,1,1,0
22.64,15.47,7.43,227,13.29,48.61,0.014,640,28.34,61.9,34.96,0,1,0,1,2
34.64,287.62,8.56,153,6.67,17.54,0.186,585,56.3,61.93,77.32,1,1,0,0,2
33.61,83.15,8.04,355,11.07,15.15,0.121,536,89.02,13.49,19.44,1,1,0,0,1
25.84,262.01,6.37,465,6.02,25.52,0.065,13,82.2,10.98,37.67,0,0,0,0,0
35.94,116.64,8.61,309,5.98,13.86,0.07,208,66.54,99.65,61.08,0,0,1,0,1
40.5,35.73,7.51,286,13.12,13.64,0.079,977,88.03,45.11,66.99,1,0,0,1,1
21.04,24.13,7.62,240,10.38,48.31,0.162,646,28.02,32.09,22.44,0,0,0,1,2
32.45,46.95,6.09,226,13.15,13.06,0.042,20,68.75,59.3,38.76,1,1,1,0,1
37.23,74.97,8.5,168,13.93,30.27,0.171,860,29.25,10.75,19.16,1,0,0,0,1
26.31,146.56,8.76,283,2.0,1.87,0.062,90,58.57,11.16,85.09,1,0,0,0,2
27.69,210.45,8.21,345,13.8,7.72,0.174,560,57.08,20.15,98.53,1,0,1,1,0
35.34,295.92,8.79,261,3.21,1.1,0.179,899,41.21,82.23,35.54,0,0,1,0,1
42.45,132.45,6.56,289,2.84,26.72,0.139,523,86.39,32.34,53.48,1,1,1,1,0
40.25,155.46,8.51,347,11.21,24.58,0.179,21,38.26,55.31,55.59,0,1,1,1,0
34.58,156.54,7.21,363,6.2,16.55,0.149,871,64.15,30.13,24.8,1,0,1,0,2
38.26,161.83,6.07,494,13.01,35.01,0.029,673,58.58,59.03,70.09,0,0,0,1,1
29.12,155.32,7.84,8,8.53,31.29,0.191,409,54.53,55.79,56.51,1,1,1,0,0
36.02,2.63,7.89,348,6.63,30.02,0.038,155,22.68,46.07,56.25,0,1,1,1,0
31.65,0.52,6.5,97,2.88,16.81,0.099,914,75.74,48.99,15.27,1,0,0,0,0
24.75,29.3,5.6,11,7.58,16.36,0.077,158,21.01,68.8,17.19,1,0,1,1,1
37.54,30.47,6.2,271,5.33,43.67,0.07,781,85.64,85.79,96.79,0,0,1,0,0
33.91,211.47,6.9,70,2.92,27.2,0.157,86,41.31,38.75,94.57,0,1,0,0,2
28.97,61.47,6.09,414,10.04,13.61,0.058,336,29.6,57.89,11.64,0,0,0,1,2
42.78,268.41,6.18,416,13.73,27.16,0.108,406,53.36,86.88,58.64,0,0,0,1,2
20.52,278.58,6.87,134,6.55,13.34,0.067,720,64.75,25.11,15.84,0,1,0,1,0
27.89,292.77,8.87,258,5.57,9.26,0.179,519,44.83,98.16,81.38,0,0,1,0,2
21.42,281.72,8.17,403,3.08,14.11,0.031,677,29.74,77.56,14.43,0,0,1,1,0
39.16,81.57,6.62,4,4.68,31.44,0.035,9,21.47,42.95,59.44,0,1,1,0,2
37.55,152.93,8.83,450,5.42,25.79,0.022,29,76.31,43.77,65.73,0,1,0,0,1
28.28,52.64,7.76,238,6.13,8.23,0.152,774,90.91,28.48,18.65,1,0,0,1,0
36.89,241.86,7.09,293,9.61,45.4,0.032,257,28.04,34.11,63.49,1,0,1,1,1
29.9,266.53,7.14,334,3.38,24.91,0.107,277,38.45,62.83,94.75,0,1,0,1,1
38.91,255.39,6.94,98,2.7,39.69,0.153,132,21.62,10.34,18.76,1,0,1,0,0
31.35,130.01,6.32,439,13.17,16.53,0.023,962,90.81,12.08,71.62,1,1,1,0,1
30.31,227.6,6.85,150,11.59,47.88,0.186,456,55.58,98.78,34.41,1,1,1,0,2
43.37,29.27,7.35,480,5.34,37.6,0.057,196,94.02,31.2,34.63,1,0,1,1,1
26.27,12.07,7.35,257,9.67,22.73,0.158,567,57.45,84.66,58.97,0,0,1,0,1
23.01,225.97,8.17,355,9.11,45.11,0.159,275,88.97,65.12,93.51,0,1,1,1,2
34.61,127.61,6.76,148,10.92,35.87,0.07,476,96.14,50.14,30.77,0,1,1,1,1
44.23,298.66,8.01,461,12.31,21.53,0.11,197,46.81,75.9,99.4,0,0,0,1,1
29.45,29.18,7.52,141,6.29,48.71,0.126,323,71.26,14.5,18.23,1,1,1,1,1
21.55,256.69,8.87,250,9.93,14.93,0.083,483,73.31,78.05,94.62,1,1,0,1,0
28.48,143.99,6.85,445,11.62,12.83,0.072,184,21.71,87.13,11.61,0,0,0,0,1
32.65,248.15,8.65,233,10.39,44.73,0.17,532,55.06,35.22,24.6,1,1,1,1,1
24.05,245.14,8.37,394,13.07,35.37,0.04,16,88.43,37.15,97.87,0,1,1,1,0
36.45,274.8,7.73,131,7.94,17.28,0.159,78,95.7,19.27,33.95,1,1,0,0,1
44.94,89.36,7.79,46,11.63,11.59,0.041,26,91.94,87.03,10.64,1,1,0,0,2
31.29,284.94,5.8,371,12.92,8.9,0.14,678,97.83,82.71,89.66,1,0,0,0,2
28.87,45.5,8.83,93,8.68,15.67,0.058,338,72.24,48.27,92.26,1,0,1,0,2
30.02,24.59,5.87,248,2.21,6.28,0.185,746,38.62,43.99,77.0,0,1,0,1,0
22.88,129.48,7.47,355,11.82,7.27,0.121,962,66.03,48.48,94.56,0,0,0,0,0
42.08,248.5,6.66,19,12.15,38.83,0.107,475,53.69,47.83,33.91,1,1,1,0,0
30.37,142.03,7.0,179,6.8,3.19,0.059,110,40.69,48.67,68.08,1,1,0,0,1
29.68,248.79,7.64,271,4.75,21.96,0.102,725,81.82,23.12,76.81,1,1,0,0,0
36.49,218.91,8.68,481,13.74,20.25,0.013,370,70.34,11.21,97.62,0,0,1,1,0
31.05,62.83,7.1,428,8.62,48.01,0.029,368,83.21,78.62,90.83,0,1,0,0,0
36.21,284.66,8.96,135,8.19,23.28,0.059,709,41.56,40.94,15.32,0,1,0,1,1
21.54,18.23,7.57,236,13.35,8.04,0.19,478,92.31,54.18,40.51,1,1,0,1,2
40.34,269.48,6.06,189,6.9,4.42,0.094,708,39.1,37.67,65.36,1,1,0,1,1
43.51,91.33,6.17,211,12.18,36.62,0.08,12,68.15,44.35,86.98,0,0,1,1,2
36.22,150.04,8.01,404,10.41,7.39,0.155,624,24.55,16.74,35.17,0,1,1,0,1
43.86,126.71,5.68,63,13.61,46.9,0.139,609,63.28,43.33,10.72,1,1,1,0,0
23.79,51.55,7.18,359,7.14,27.96,0.133,817,27.9,51.68,26.83,0,1,1,0,2
31.94,107.44,6.02,413,12.89,20.08,0.121,649,46.58,84.96,48.28,0,1,1,0,2
35.05,57.88,7.02,163,8.83,34.22,0.026,567,88.86,39.0,15.5,0,1,0,1,0
34.54,61.17,8.12,388,7.71,9.95,0.078,103,91.48,17.97,13.81,0,1,1,0,1
30.04,56.12,7.11,468,5.67,19.11,0.18,231,81.38,78.33,46.15,1,1,1,0,2
28.45,146.71,6.07,37,8.63,1.67,0.192,171,49.42,43.81,68.31,1,1,1,1,1
23.17,239.38,6.38,214,8.87,43.88,0.087,539,66.3,92.38,73.95,0,1,0,0,1
29.79,170.69,6.79,18,12.78,21.26,0.0,468,37.92,96.31,57.95,1,0,0,1,0
24.07,267.96,5.74,253,10.45,37.94,0.1,804,74.27,88.47,49.23,1,0,0,0,0
38.36,190.96,7.55,73,11.92,45.84,0.045,291,47.79,30.4,11.7,0,1,0,1,1
25.22,206.8,7.63,410,11.23,32.64,0.038,951,37.68,32.84,33.63,0,1,1,1,1
21.46,200.28,5.72,482,5.32,18.79,0.057,603,66.8,81.47,70.29,1,1,1,0,0
33.81,134.84,6.91,140,4.47,30.98,0.025,204,28.94,50.15,50.46,0,0,0,0,1
34.88,206.8,6.95,392,5.1,18.02,0.009,824,74.94,36.8,33.77,1,0,0,1,2
41.8,20.91,6.67,16,3.76,28.37,0.089,547,34.96,36.45,30.65,0,0,0,1,1
34.42,257.96,7.45,94,6.63,21.61,0.053,128,64.28,61.97,11.55,1,1,0,1,2
28.64,233.34,6.71,233,9.85,7.49,0.051,170,51.4,90.55,84.26,1,0,0,0,0
40.08,73.57,6.96,427,8.44,39.01,0.044,904,65.3,65.7,89.02,1,1,1,0,2
33.51,230.41,8.29,300,10.15,24.82,0.099,496,39.68,65.83,42.91,1,1,0,0,2
21.98,3.79,6.07,87,6.27,9.51,0.147,979,44.83,77.22,73.11,0,1,1,1,1
34.15,65.17,7.67,297,4.46,44.59,0.131,362,31.23,78.43,15.85,1,1,0,0,2
42.7,19.54,7.27,50,4.43,42.66,0.195,873,82.16,91.85,89.99,1,1,0,1,2
29.91,234.07,6.57,244,9.21,27.94,0.183,976,25.61,24.59,91.61,1,1,0,0,0
27.41,226.76,8.05,466,3.97,48.52,0.083,194,50.11,98.62,24.12,1,1,0,0,1
23.59,244.09,7.43,441,6.77,46.36,0.163,882,55.93,39.59,80.25,1,1,0,1,1
23.79,1.34,7.17,112,4.55,44.85,0.037,543,35.62,35.34,52.59,0,1,1,0,1
30.82,150.37,7.84,441,9.95,6.66,0.042,630,50.79,55.88,71.29,1,1,1,1,1
34.89,211.45,8.31,413,9.39,14.73,0.14,379,53.45,33.79,52.72,0,1,0,1,1
22.02,46.62,8.9,388,6.57,20.51,0.043,994,37.95,30.96,17.08,1,1,0,0,0
43.49,194.94,7.7,7,3.54,41.6,0.09,581,71.14,97.01,85.6,1,0,1,1,1
38.88,25.23,8.56,36,4.54,43.56,0.064,313,22.47,19.36,17.72,1,1,0,0,0
34.67,54.4,5.5,46,7.67,37.57,0.047,435,35.81,99.09,42.41,0,1,1,1,2
40.71,142.74,7.36,99,13.66,23.62,0.031,197,69.93,66.02,98.74,0,0,1,1,1
22.0,196.07,6.25,344,5.25,8.1,0.122,344,70.2,96.27,48.4,1,1,0,1,2
31.92,43.76,5.83,172,4.29,1.76,0.011,283,41.22,90.77,83.83,1,1,1,1,0
35.75,55.57,7.36,240,4.65,34.97,0.141,230,74.64,68.36,25.2,0,0,0,1,1
40.72,61.33,8.11,388,10.5,49.71,0.179,704,57.58,63.09,84.71,1,1,1,0,0
39.59,71.61,6.94,480,12.98,17.27,0.069,679,62.18,99.34,51.51,0,1,0,0,0
26.93,67.97,7.85,190,2.9,28.44,0.083,463,46.61,56.37,55.89,1,0,1,1,1
43.52,118.54,7.21,341,10.99,40.53,0.118,915,98.74,26.09,97.18,1,0,1,0,2
23.11,196.14,7.03,430,7.94,9.32,0.133,599,78.99,99.36,89.75,1,0,0,1,0
41.88,131.41,6.52,233,11.9,41.48,0.109,974,39.87,39.12,41.3,1,0,0,1,0
44.27,232.79,6.84,280,7.06,31.27,0.138,114,38.93,17.87,95.45,0,0,1,0,1
24.43,215.78,6.72,234,2.06,28.49,0.162,649,81.93,74.52,19.28,0,0,0,0,2
38.05,37.96,7.76,125,10.19,38.11,0.198,75,51.04,50.14,12.36,1,0,0,1,0
21.01,14.65,5.91,177,11.7,12.05,0.079,445,27.32,44.92,57.94,1,1,0,0,2
30.14,263.38,5.82,476,12.82,30.74,0.117,292,22.85,66.84,79.29,1,0,1,1,1
32.91,23.95,7.81,172,8.83,12.02,0.075,738,53.12,14.76,29.88,0,1,1,1,1
34.52,44.5,7.41,371,3.46,8.98,0.048,827,53.18,72.84,17.23,0,1,1,1,1
43.4,6.64,7.01,119,6.44,31.17,0.2,602,76.55,55.31,86.1,1,1,0,1,1
36.81,188.5,6.03,29,11.41,13.46,0.003,76,65.98,54.12,98.77,1,1,0,1,2
32.03,174.71,6.94,47,7.93,35.72,0.013,349,81.61,91.0,72.49,0,0,1,1,2
40.24,296.07,8.26,178,10.39,25.72,0.117,370,45.42,84.81,97.77,1,0,1,1,2
43.76,266.08,8.61,93,2.06,34.75,0.142,322,69.94,57.84,84.94,1,0,1,0,1
20.55,123.25,7.96,54,2.88,44.58,0.146,179,90.86,62.05,32.67,0,1,0,0,1
44.56,111.48,5.71,235,10.17,6.91,0.141,418,25.54,82.63,19.88,1,0,0,0,0
22.15,89.06,7.85,438,5.48,3.34,0.158,367,76.68,47.02,82.8,1,1,0,1,0
40.36,45.72,6.34,301,6.66,20.0,0.149,701,77.27,70.41,69.36,0,1,1,0,0
27.01,41.43,6.6,286,9.71,35.84,0.109,395,83.52,58.67,83.16,1,1,0,1,2
23.3,39.69,6.19,417,3.34,44.31,0.094,753,41.52,54.97,74.65,0,0,1,1,1
31.0,34.23,8.22,347,11.99,1.74,0.144,540,53.32,98.62,55.46,0,1,1,1,1
36.1,72.15,7.77,73,3.73,39.65,0.146,285,39.18,11.58,94.67,0,1,1,1,1
29.52,92.0,7.64,451,10.8,3.77,0.067,661,44.69,47.32,77.82,0,0,0,0,0
21.36,288.47,7.84,416,5.51,29.03,0.001,336,97.48,93.72,10.77,0,0,1,0,0
34.99,173.54,6.33,311,5.12,17.21,0.063,308,55.65,93.53,73.38,0,0,0,1,2
42.56,296.28,7.06,441,11.86,0.88,0.107,218,87.88,77.29,58.97,1,1,0,1,1
29.58,111.74,7.72,121,8.63,4.85,0.105,789,83.59,63.27,22.45,1,0,1,1,2
25.41,137.29,7.73,56,4.47,17.69,0.076,955,55.56,72.18,49.16,0,0,1,1,0
31.06,97.37,8.27,272,2.03,47.69,0.186,816,99.37,32.76,57.18,0,0,0,1,1
21.21,54.87,6.5,138,13.68,7.74,0.095,944,87.26,53.96,52.16,0,1,0,0,2
40.51,42.95,8.2,198,7.18,13.6,0.028,390,58.62,58.25,49.09,1,1,1,0,1
40.66,283.52,7.04,208,6.77,49.71,0.039,45,44.78,15.73,66.81,1,1,1,1,1
34.7,296.04,7.85,475,2.6,24.03,0.019,10,26.02,87.96,69.27,1,1,0,1,0
28.83,13.47,7.1,272,12.73,13.11,0.054,15,57.18,51.1,72.78,0,1,0,0,2
39.99,45.1,8.82,360,3.69,30.8,0.061,181,48.8,90.9,78.53,0,0,1,0,2
33.87,127.06,6.13,137,6.03,21.8,0.067,696,76.91,45.1,84.98,0,1,0,0,0
40.65,55.9,7.86,409,7.05,42.92,0.167,547,21.57,46.8,61.68,0,1,0,1,2
35.79,109.16,7.52,133,11.72,0.4,0.153,50,86.52,31.98,16.56,0,1,1,0,0
39.61,38.73,6.1,336,6.31,49.84,0.099,149,53.33,67.99,42.83,0,1,1,0,2
34.96,136.95,5.73,15,8.38,3.32,0.089,487,57.58,59.36,10.34,0,1,1,0,2
30.35,81.51,8.3,102,7.14,26.86,0.076,420,34.62,92.17,63.57,1,0,0,0,1
43.95,105.57,6.05,242,5.74,34.87,0.003,258,95.0,48.63,97.76,0,1,0,1,0
33.53,28.29,6.15,89,13.36,27.49,0.184,290,51.87,68.33,84.44,1,1,1,0,2
35.13,128.44,8.92,3,11.56,15.04,0.058,624,87.42,73.68,53.76,0,1,1,1,2
25.51,294.98,8.01,61,4.09,42.77,0.168,805,39.0,38.79,73.74,0,1,1,1,0
35.64,98.65,6.38,211,8.66,21.52,0.148,361,27.73,89.27,76.77,0,0,1,1,2
34.29,262.93,7.57,247,11.56,15.04,0.023,566,70.86,44.28,63.54,1,1,1,0,2
24.62,252.96,7.37,191,8.96,38.42,0.063,424,98.75,67.36,89.7,0,1,0,1,0
21.49,285.62,8.46,496,7.93,7.29,0.097,293,71.76,65.43,38.97,1,0,0,0,1
35.11,237.03,8.05,55,2.86,10.25,0.052,727,68.7,47.93,70.6,0,1,0,1,2
39.09,197.88,8.41,488,3.27,12.64,0.08,885,55.38,26.5,15.82,0,0,0,1,2
33.09,256.98,6.24,458,4.94,21.74,0.056,161,42.7,63.32,22.44,1,1,1,1,0
25.67,22.69,7.74,406,8.16,1.02,0.127,994,54.47,43.8,94.46,0,1,1,0,0
36.66,138.85,5.64,288,13.85,49.59,0.072,522,31.92,44.12,58.88,0,0,0,1,2
22.0,296.78,5.74,30,11.63,30.01,0.069,206,40.95,54.36,77.89,0,0,0,0,0
31.05,230.88,8.0,390,3.32,48.54,0.054,269,58.99,70.95,88.24,0,0,1,0,2
24.08,288.62,5.59,469,10.61,40.37,0.16,336,31.58,75.67,94.07,0,0,0,1,1
24.61,233.89,7.53,388,11.73,6.72,0.129,532,83.32,48.44,18.08,0,0,1,1,1
25.06,262.46,8.44,420,6.97,10.45,0.144,411,20.92,20.79,73.16,0,0,1,1,1
29.67,211.96,6.83,0,5.96,1.72,0.079,618,45.73,81.25,66.69,0,1,0,0,0
21.28,228.15,5.66,197,9.02,41.69,0.168,101,61.33,70.25,64.01,0,1,1,1,0
29.94,156.95,8.0,44,8.23,29.67,0.083,853,94.32,82.06,23.09,1,1,0,0,0
32.79,277.27,8.75,46,5.18,10.75,0.035,571,65.88,38.43,79.59,1,1,0,1,2
32.08,247.51,8.01,451,6.77,48.5,0.102,545,43.59,91.82,38.4,1,1,1,1,0
29.57,253.17,7.52,221,8.53,36.84,0.089,64,48.18,33.65,30.0,1,1,1,1,1
40.98,201.9,6.31,285,8.96,35.28,0.018,214,47.13,36.08,73.65,1,1,0,0,1
23.63,91.37,5.55,80,8.38,13.35,0.133,991,34.43,58.27,29.38,0,0,0,0,1
32.64,10.69,7.93,443,12.15,15.67,0.162,771,31.59,99.76,54.89,0,1,0,1,1
21.55,280.7,6.31,279,2.38,33.4,0.071,360,58.45,28.19,38.58,1,0,1,1,1
21.78,175.84,8.5,286,6.0,29.68,0.152,746,41.62,85.47,84.11,1,1,1,0,0
34.35,89.44,7.13,283,11.0,32.36,0.117,311,27.35,10.21,95.89,0,0,0,1,2
34.15,44.74,7.36,428,9.82,43.94,0.055,69,37.32,31.38,84.22,1,1,1,0,0
41.95,248.86,8.14,490,13.02,8.02,0.069,847,61.66,41.15,45.72,1,1,0,0,2
33.95,250.96,8.23,387,9.06,5.82,0.189,9,40.55,68.37,24.65,0,0,1,1,1
43.99,244.35,7.75,188,9.66,28.23,0.043,802,39.02,20.24,72.85,0,0,0,0,1
21.22,193.52,8.78,38,10.46,25.01,0.03,215,69.65,21.58,91.33,0,1,1,1,1
22.45,109.8,8.94,82,4.23,20.14,0.015,763,75.15,23.17,46.13,1,1,1,1,2
21.1,91.22,8.81,407,11.04,45.24,0.175,905,39.3,69.63,13.67,0,0,1,0,1
24.63,2.57,8.38,326,5.6,27.92,0.134,843,57.77,20.32,21.19,0,0,1,1,2
33.53,250.08,7.97,429,7.09,28.36,0.023,190,81.17,45.84,44.44,0,1,0,0,0
36.14,26.23,7.82,436,2.17,18.32,0.153,608,75.19,24.1,54.93,0,1,1,1,1
21.14,189.23,5.86,175,12.12,17.2,0.126,218,25.54,44.39,36.15,0,0,1,1,2
43.65,151.22,6.45,8,13.44,49.38,0.197,408,48.81,74.26,53.87,0,1,0,1,0
41.05,158.01,5.52,277,2.72,31.15,0.102,201,77.86,35.0,96.29,1,0,1,1,0
27.42,278.01,5.98,382,9.62,41.26,0.103,380,34.35,65.59,16.93,0,1,1,0,0
21.93,9.48,7.04,257,13.53,22.37,0.05,216,35.67,32.37,82.32,1,0,0,1,2
24.25,232.02,6.01,346,9.28,9.59,0.038,799,70.41,76.38,50.98,0,0,1,0,0
23.17,15.62,8.66,271,11.58,16.24,0.147,105,42.7,79.94,68.83,1,1,0,0,1
23.08,11.45,8.32,260,3.42,17.31,0.075,55,45.9,37.94,97.24,0,1,0,0,1
32.96,128.95,5.75,395,4.94,28.25,0.145,153,61.83,12.14,51.36,1,1,1,0,0
26.15,18.92,6.37,179,6.15,7.73,0.155,67,80.05,21.62,18.64,1,0,1,1,2
28.95,236.74,8.37,153,13.77,19.35,0.181,456,59.86,54.19,84.51,1,0,0,0,1
44.74,158.87,8.31,14,11.38,5.03,0.085,922,91.47,44.38,33.82,0,0,0,0,0
37.11,8.71,8.81,66,12.63,24.83,0.019,712,28.53,41.1,91.47,1,1,1,1,1
43.72,12.15,8.99,328,7.84,47.37,0.004,491,80.33,62.14,17.37,0,0,0,1,0
23.56,183.8,8.92,186,10.6,16.95,0.058,601,63.49,24.54,30.52,1,0,0,0,2
29.55,241.83,6.94,347,10.78,2.49,0.186,10,85.33,51.1,97.13,0,1,1,1,1
33.87,131.34,6.38,422,8.83,30.44,0.15,436,45.31,28.3,89.22,1,1,0,0,1
21.92,166.37,8.15,62,12.54,31.74,0.112,613,58.57,98.3,29.69,1,1,0,0,1
20.1,239.95,6.55,355,3.9,23.98,0.048,799,85.89,14.38,79.88,1,0,1,0,1
36.76,183.15,8.32,280,2.69,19.84,0.143,698,86.54,11.42,17.77,1,0,1,1,0
36.05,67.43,7.37,40,5.65,44.63,0.148,413,50.08,60.78,24.21,0,1,1,1,2
30.27,183.92,8.28,27,3.06,46.92,0.046,230,85.78,15.64,26.41,0,0,0,0,1
32.24,188.48,6.47,366,2.72,33.66,0.142,136,74.59,82.99,13.89,1,0,1,0,2
30.39,220.23,7.28,276,7.03,25.06,0.024,522,52.75,83.76,53.61,1,0,0,1,2
20.6,186.26,7.47,220,4.41,3.38,0.02,854,97.58,48.9,45.16,1,0,1,1,1
28.38,290.77,8.8,216,11.48,15.05,0.011,400,22.47,85.45,63.06,1,1,0,1,0
24.43,59.19,6.43,221,8.96,14.25,0.162,863,50.61,76.65,71.98,1,1,1,1,0
22.46,285.33,8.78,60,6.33,2.91,0.054,778,44.56,22.19,63.58,0,1,0,1,2
43.92,161.5,8.32,102,5.44,42.17,0.121,568,94.86,87.36,35.06,1,1,0,0,0
34.98,201.59,8.06,184,8.76,43.35,0.029,981,27.96,88.69,17.44,1,1,0,1,1
38.22,29.84,8.25,394,7.21,45.62,0.088,49,70.24,39.04,75.88,1,1,1,1,1
27.88,114.17,7.62,146,2.67,37.09,0.006,479,77.33,79.75,37.82,0,0,1,1,2
29.83,230.81,6.35,74,9.98,35.53,0.172,584,34.73,90.76,32.24,1,1,0,1,2
25.92,212.07,6.16,472,8.0,23.89,0.108,848,32.0,77.11,72.15,0,0,1,1,2
22.42,12.04,8.53,0,5.32,42.87,0.178,52,23.83,18.46,49.77,1,0,0,0,0
24.48,163.98,8.04,415,5.48,25.51,0.094,600,32.71,18.52,28.41,0,0,0,0,0
39.94,26.48,6.25,468,7.43,1.48,0.063,763,84.66,98.42,78.99,0,1,1,0,2
36.94,298.76,7.65,364,11.93,29.25,0.08,207,95.52,58.72,82.57,0,0,0,0,0
33.67,269.19,7.07,332,7.08,19.52,0.049,109,92.11,68.0,98.68,0,0,1,0,1
31.88,6.32,6.06,161,12.07,26.06,0.177,736,49.22,92.1,52.12,0,1,0,0,2
43.06,257.59,7.36,16,7.1,22.04,0.059,449,78.07,10.67,13.3,0,0,1,0,1
21.82,275.83,6.49,242,11.96,24.84,0.058,170,86.16,48.4,56.55,1,0,0,1,0
27.02,106.06,5.84,438,13.18,5.43,0.126,806,85.0,60.98,12.09,0,1,0,1,2
28.75,215.85,7.13,366,2.25,0.73,0.025,41,25.01,10.19,95.28,0,1,1,0,0
39.56,132.63,7.57,18,2.75,17.01,0.044,715,37.19,66.2,25.73,0,0,0,0,0
44.81,196.57,5.66,329,3.61,12.73,0.086,929,95.12,86.58,93.29,0,0,1,0,2
26.02,102.1,6.91,425,3.47,12.5,0.037,664,79.19,14.94,95.5,1,1,1,0,2
41.86,96.77,6.4,58,7.45,46.85,0.051,589,86.75,82.38,79.79,1,0,1,0,2
40.77,127.33,5.61,200,11.17,40.95,0.14,904,61.13,97.98,17.86,0,1,1,1,0
25.62,43.67,5.94,114,13.54,0.67,0.056,378,51.44,92.83,60.25,0,1,1,0,0
29.98,249.34,5.99,202,7.01,0.44,0.127,733,72.1,58.33,41.88,0,0,0,0,0
30.24,104.61,6.14,293,10.26,38.84,0.099,508,57.83,87.44,83.82,0,0,1,1,1
44.46,120.04,8.31,30,9.63,49.24,0.154,907,49.9,79.36,37.2,0,0,1,0,0
24.52,268.22,7.04,193,6.72,23.26,0.15,777,47.83,83.59,50.61,1,1,1,1,1
39.98,148.99,6.01,471,10.65,21.66,0.04,215,32.63,45.82,61.63,1,0,1,1,1
28.35,163.28,5.85,105,9.1,13.79,0.189,673,62.35,52.81,13.18,1,0,1,1,1
38.27,286.95,6.54,366,11.12,33.33,0.16,587,61.59,31.52,64.8,1,1,0,1,1
30.5,266.02,8.29,452,4.32,23.58,0.107,537,67.26,14.64,40.98,0,1,1,1,1
34.46,50.84,6.78,305,6.32,8.38,0.112,991,29.3,63.75,57.63,1,0,1,1,1
40.82,141.96,6.06,125,10.05,24.07,0.166,546,93.19,37.86,21.23,1,1,0,0,0
40.1,291.39,6.91,413,3.5,18.82,0.097,76,79.36,55.24,40.22,0,1,0,1,0
41.66,111.71,7.44,102,11.24,44.49,0.096,722,30.48,96.64,62.36,1,0,1,0,0
21.49,111.47,5.6,162,3.6,38.58,0.126,951,26.35,15.68,61.44,0,0,0,1,0
37.3,58.51,7.7,314,5.89,35.06,0.018,972,71.43,88.61,24.22,1,0,1,0,2
23.5,34.3,6.88,120,4.85,16.36,0.116,823,47.32,17.81,47.32,1,1,1,0,0
30.4,222.09,5.53,239,2.73,6.98,0.045,981,45.52,68.82,56.76,1,1,1,0,2
33.71,231.01,7.86,400,5.25,43.23,0.023,47,87.2,40.89,17.31,0,1,1,0,1
30.07,290.7,7.99,94,12.94,17.14,0.163,22,47.61,19.01,63.94,0,0,1,1,1
32.99,232.03,7.7,449,2.32,29.65,0.076,64,70.57,78.12,30.85,0,0,1,0,2
44.91,73.01,6.7,207,2.2,29.54,0.101,519,62.97,72.87,92.82,0,0,0,1,1
23.38,12.03,7.35,148,10.45,46.4,0.059,492,41.04,67.62,34.17,0,0,0,1,2
36.89,295.63,6.86,349,6.4,8.59,0.006,742,46.53,96.84,80.86,1,0,0,0,1
29.9,102.14,7.95,307,4.76,38.58,0.088,500,95.46,12.13,62.39,1,1,0,1,2
23.33,93.59,7.54,192,8.11,23.13,0.15,372,46.51,49.12,71.68,1,1,0,1,0
23.97,271.79,5.79,141,5.2,8.74,0.152,737,82.72,60.64,91.16,0,0,0,0,2
43.73,175.53,7.75,271,6.7,41.78,0.184,140,88.9,42.19,86.3,0,0,0,0,0
41.99,64.46,7.91,310,10.58,41.01,0.168,747,25.68,70.25,21.5,1,1,0,0,1
42.68,266.73,6.8,392,3.4,2.01,0.196,176,73.05,90.93,94.04,1,0,1,0,2
44.79,298.01,8.57,496,13.52,35.47,0.114,766,79.94,72.73,22.48,1,1,1,1,0
25.21,26.0,8.45,391,2.51,7.68,0.01,104,54.72,61.24,38.48,0,1,1,0,0
28.89,258.68,6.11,200,11.68,30.52,0.173,649,65.55,76.41,57.08,0,1,1,0,1
36.73,117.15,8.66,161,10.7,32.19,0.19,130,32.94,19.87,94.0,0,0,1,0,0
32.1,157.22,7.04,108,5.39,33.26,0.093,539,45.48,66.7,66.45,1,1,1,1,2
30.46,274.44,8.03,416,3.42,6.0,0.023,26,76.61,46.65,88.75,0,0,0,0,1
28.95,292.01,8.35,469,12.23,29.92,0.005,340,68.21,38.69,94.75,0,0,1,0,0
34.84,78.65,7.27,349,10.16,4.99,0.123,522,30.91,55.64,77.36,0,1,1,1,0
34.39,63.86,6.9,262,5.49,37.28,0.134,215,99.04,82.43,53.37,1,0,1,1,0
24.04,24.15,8.7,209,2.2,3.19,0.003,11,95.02,47.13,44.92,0,0,1,0,0
31.79,168.54,6.31,148,13.26,37.89,0.19,6,37.93,73.22,34.77,0,0,1,1,0
33.84,4.08,6.4,255,6.85,44.17,0.108,681,90.01,63.0,55.59,1,0,0,0,1
34.26,123.57,6.77,388,4.12,14.93,0.122,863,41.37,92.45,14.32,0,0,1,0,1
25.25,22.02,8.51,198,12.94,38.91,0.113,905,65.1,50.04,30.53,0,0,1,1,0
38.56,121.57,8.79,395,6.31,20.88,0.063,828,82.56,83.79,42.25,0,0,0,0,1
20.63,11.98,6.27,442,7.56,39.89,0.18,575,47.53,85.78,86.8,0,0,1,1,1
28.87,250.57,8.52,336,10.38,34.31,0.001,283,64.41,51.78,43.85,1,1,0,0,2
39.51,62.92,6.4,185,11.83,14.46,0.149,409,56.03,53.97,31.56,1,0,0,0,1
34.1,98.49,8.9,343,3.2,9.69,0.072,860,80.82,40.01,80.44,1,1,1,1,0
26.53,261.01,7.59,164,12.78,45.74,0.038,858,58.29,54.6,94.88,0,0,0,1,1
37.37,223.88,5.52,107,13.19,41.95,0.087,691,65.35,32.43,79.73,1,0,1,0,1
34.18,65.71,5.62,82,5.11,33.0,0.04,457,87.64,87.24,21.32,0,0,1,1,0
39.91,21.57,6.02,300,7.97,17.47,0.174,899,75.89,32.49,38.83,0,1,1,0,2
38.38,214.7,6.16,79,12.29,25.52,0.159,105,62.2,33.19,64.26,0,0,1,1,2
35.25,117.21,8.19,252,7.85,27.89,0.171,149,56.9,90.61,27.64,1,0,0,0,1
32.2,229.82,6.28,24,7.78,4.3,0.167,265,30.14,57.89,67.29,0,0,0,0,0
23.33,133.59,8.89,282,9.42,48.61,0.165,899,24.51,19.46,31.24,0,1,1,0,2
26.53,103.8,7.73,50,11.21,4.59,0.116,646,96.22,41.12,58.84,0,1,0,1,1
30.48,135.36,7.92,374,9.99,36.08,0.18,190,34.92,73.48,73.61,0,0,0,1,1
34.98,224.57,6.26,425,9.52,24.64,0.012,241,42.15,46.52,80.81,1,0,0,0,1
32.84,270.67,8.62,107,6.46,37.99,0.057,598,68.88,48.09,82.05,1,0,1,0,1
27.2,14.93,7.84,454,9.56,13.05,0.043,194,86.23,54.88,79.73,1,0,0,0,0
20.16,157.23,8.53,237,3.24,19.76,0.024,87,86.65,30.03,22.34,1,1,1,0,1
32.41,9.85,8.85,425,6.91,26.28,0.001,366,86.37,48.16,99.04,1,0,1,0,1
27.14,140.52,5.94,315,4.26,6.04,0.081,484,98.25,29.38,79.49,1,1,1,1,2
38.37,265.58,5.84,327,8.45,42.59,0.145,925,24.46,41.57,19.37,1,0,1,1,2
20.6,108.48,8.31,462,5.14,49.58,0.129,360,51.99,57.91,72.78,0,1,1,0,0
34.62,279.74,8.53,185,8.07,20.88,0.13,115,93.09,72.44,52.3,0,0,0,0,0
43.54,189.18,7.54,79,11.33,18.84,0.178,843,57.39,67.05,48.52,0,0,0,1,1
24.36,280.25,6.78,327,7.21,29.7,0.191,788,89.7,61.8,70.9,1,1,1,1,0
31.79,227.15,7.78,483,4.62,34.43,0.136,431,21.41,63.6,25.11,0,0,0,1,2
22.29,31.03,6.57,95,4.68,43.43,0.017,490,60.35,55.98,99.95,1,0,1,0,2
35.64,69.35,6.33,381,12.88,18.64,0.135,784,93.8,65.32,59.0,0,1,1,1,0
33.76,118.25,7.21,464,11.37,38.24,0.111,962,40.9,43.8,63.52,1,1,1,1,2
30.18,51.03,6.26,483,2.44,12.0,0.013,462,94.37,90.95,48.27,0,1,1,1,1
33.03,148.47,7.19,149,13.31,34.02,0.051,355,20.68,63.15,64.53,0,1,1,0,2
42.41,141.41,8.85,351,3.35,23.34,0.048,479,26.31,94.29,69.76,0,0,1,0,2
24.91,286.88,8.44,441,9.84,33.08,0.155,520,58.15,46.41,41.09,1,0,0,1,2
20.56,130.12,8.8,394,8.62,18.99,0.069,423,28.51,45.51,51.59,0,0,0,0,2
41.54,235.69,8.32,364,2.56,14.72,0.1,753,38.05,96.85,33.0,0,1,1,1,0
34.43,282.57,6.74,5,5.54,24.3,0.157,383,43.8,75.62,79.48,1,1,1,1,1
42.27,263.1,8.34,21,11.31,44.76,0.187,213,58.52,56.69,76.36,1,0,1,1,0
34.92,62.6,8.73,461,5.68,33.74,0.108,995,51.24,74.67,82.98,0,1,1,1,0
40.25,148.81,8.81,219,7.76,30.58,0.111,735,93.77,45.71,73.25,0,0,1,1,2
30.74,104.32,7.89,358,10.38,35.99,0.019,698,90.88,78.29,11.81,0,0,1,0,1
38.75,119.96,6.24,11,2.86,36.46,0.099,836,79.85,28.86,27.2,1,0,1,0,2
42.83,108.24,5.64,282,11.99,14.74,0.137,121,72.74,95.58,44.98,0,0,0,1,1
34.3,247.91,6.02,384,2.5,11.64,0.038,936,36.35,51.48,31.08,1,0,0,1,1
24.52,135.64,8.88,191,5.15,25.46,0.022,707,68.15,18.36,57.85,0,1,1,0,2
26.72,157.11,7.12,457,11.16,7.39,0.173,943,31.77,86.05,90.83,0,1,0,0,1
24.97,294.73,8.49,224,12.94,23.74,0.023,700,56.22,90.49,76.42,1,1,1,0,0
26.17,17.99,7.13,335,11.12,34.65,0.183,260,56.92,75.7,33.99,1,0,0,0,1
27.66,146.39,7.81,166,4.72,0.37,0.055,6,75.18,66.67,45.78,1,0,0,0,1
33.88,232.22,5.58,315,13.83,5.56,0.066,458,86.81,93.56,14.68,0,1,1,0,0
34.7,45.35,6.37,115,6.96,48.11,0.105,870,45.64,65.99,10.56,0,1,0,1,0
30.66,183.46,7.03,325,6.52,46.4,0.038,901,23.29,81.23,48.26,0,1,1,1,1
35.39,71.84,7.71,437,12.38,20.9,0.138,668,23.76,52.41,75.51,0,0,1,0,2
22.04,260.22,6.1,408,2.79,29.5,0.105,946,89.99,75.45,87.47,0,1,1,1,0
22.19,98.13,8.18,497,8.67,7.76,0.189,976,58.91,99.91,48.83,0,0,1,1,1
24.3,98.72,6.78,147,13.59,16.55,0.182,27,39.84,44.43,26.22,0,1,1,1,1
32.95,179.46,8.36,35,3.2,39.65,0.154,824,22.58,74.81,33.52,0,1,1,1,2
25.35,55.07,5.84,406,8.49,42.8,0.037,830,62.3,23.4,50.09,0,1,1,1,0
27.08,85.47,7.88,463,3.59,20.26,0.043,421,30.97,67.16,68.46,0,1,0,0,1
30.01,124.99,6.53,384,12.68,15.55,0.054,722,53.36,39.06,58.85,0,0,1,0,0
40.3,106.09,8.28,244,9.05,34.08,0.167,560,61.29,87.99,85.66,0,0,0,1,0
20.35,157.46,6.91,477,4.82,35.9,0.13,491,38.34,42.37,11.67,0,1,0,0,2
36.23,179.89,7.83,410,5.68,49.19,0.035,779,35.91,50.06,99.29,1,1,0,1,1
36.72,170.0,8.77,307,8.2,34.87,0.092,684,21.58,98.23,93.63,1,1,0,1,2
39.97,196.25,5.57,129,10.7,12.01,0.195,357,66.84,29.38,23.47,0,1,1,0,1
43.32,92.32,5.54,239,7.85,3.0,0.146,722,36.04,60.83,14.34,0,0,0,1,2
20.5,37.93,8.2,404,4.27,12.88,0.187,480,90.26,87.74,65.59,0,1,1,1,0
23.84,228.24,7.76,392,10.5,11.33,0.162,300,68.3,38.33,74.93,1,1,0,1,2
42.15,255.23,6.53,366,3.42,4.64,0.145,388,64.51,11.37,52.77,1,0,0,0,1
31.46,77.1,7.23,343,11.71,22.22,0.166,64,60.37,90.67,35.04,0,1,1,1,2
34.11,122.13,5.65,303,6.75,14.41,0.139,930,37.22,65.77,67.52,1,0,0,0,0
36.58,149.57,6.17,104,9.83,46.25,0.113,162,97.55,30.74,67.23,1,0,1,1,1
36.98,160.0,6.99,166,6.14,20.2,0.147,878,97.36,34.87,23.35,1,1,1,0,2
43.29,197.85,8.42,41,10.03,43.83,0.046,110,45.7,81.96,81.95,1,0,1,0,0
44.92,12.48,7.18,454,12.67,15.34,0.098,670,82.1,67.79,77.46,0,0,0,0,0
38.0,216.44,7.55,253,10.42,41.57,0.19,245,29.54,75.93,17.63,1,1,1,0,0
27.18,18.59,8.56,349,10.06,22.73,0.162,803,82.44,61.95,51.62,1,0,0,0,0
41.99,140.49,6.58,300,11.09,1.62,0.185,423,42.91,81.1,45.41,1,1,0,0,1
21.23,248.3,7.95,385,8.0,24.35,0.193,610,43.13,83.9,51.62,0,1,0,0,0
25.78,135.36,8.52,459,4.64,11.34,0.117,423,60.58,44.82,51.52,0,1,0,0,1
42.43,44.73,6.21,204,11.79,15.37,0.039,700,51.39,91.09,57.16,1,0,0,1,2
26.4,295.51,6.75,194,9.78,34.22,0.148,523,29.43,55.47,34.95,1,1,1,0,0
25.52,266.79,8.93,170,5.77,26.48,0.001,246,67.45,24.41,52.27,0,1,0,1,0
23.45,231.39,8.94,249,5.31,44.43,0.018,721,37.11,29.66,18.95,1,0,0,0,0
41.48,123.45,6.28,103,8.0,46.8,0.057,731,55.56,76.04,25.9,1,0,1,1,2
32.5,55.15,5.73,362,4.49,34.55,0.003,780,38.48,43.96,17.92,0,0,0,1,2
36.87,282.42,6.45,401,12.54,43.18,0.137,413,88.61,33.62,26.76,0,1,1,1,1
25.98,159.71,6.89,38,11.46,9.75,0.163,551,47.04,64.43,10.39,1,1,1,1,0
38.95,255.71,7.04,235,5.7,3.96,0.151,912,91.0,80.4,13.4,1,1,0,0,1
39.0,102.63,7.67,133,2.59,16.65,0.029,72,46.09,19.83,81.7,0,1,0,1,1
27.81,100.59,8.65,251,2.62,16.29,0.161,358,34.36,50.42,27.92,1,0,0,0,1
30.27,295.66,6.66,169,5.57,33.25,0.166,405,66.13,79.43,56.8,0,0,0,1,2
25.24,156.55,8.47,435,3.77,42.02,0.019,567,64.41,91.33,43.33,1,1,0,1,1
44.41,42.21,5.83,282,12.48,14.84,0.098,829,69.51,11.22,39.61,1,0,1,0,1
36.14,65.9,5.65,206,7.05,21.24,0.138,568,44.17,69.05,87.14,1,0,1,1,0
43.36,144.58,7.26,499,6.18,5.25,0.081,654,45.6,63.76,53.76,0,1,0,1,0
27.58,12.74,5.71,142,4.61,20.64,0.178,348,38.99,56.6,56.51,1,1,1,1,1
39.55,138.76,6.87,18,12.09,10.72,0.106,375,94.27,24.42,51.32,0,0,0,0,0
39.15,125.68,8.64,189,11.51,19.12,0.024,565,74.64,76.76,34.2,1,1,1,1,0
37.29,233.8,6.35,63,6.61,13.32,0.106,655,80.5,45.35,71.49,0,0,0,1,0
44.14,106.48,7.97,229,4.03,40.44,0.115,723,35.53,31.12,14.25,1,0,0,1,2
29.84,294.76,6.56,306,13.42,0.2,0.191,984,72.93,86.5,35.33,0,1,1,0,2
23.27,54.23,5.66,174,5.79,16.94,0.084,743,81.01,37.63,69.54,1,0,0,1,1
36.79,177.3,7.45,312,11.25,48.46,0.179,407,47.4,27.86,13.01,1,1,1,1,0
38.23,26.91,8.42,19,7.56,33.95,0.064,591,32.62,38.08,12.31,1,0,1,0,1
34.38,220.16,6.93,275,11.38,38.61,0.09,882,75.76,26.29,43.55,0,0,0,0,1
25.17,298.43,7.66,337,7.78,42.99,0.135,719,68.89,79.95,32.61,0,0,0,1,2
32.61,245.74,8.65,447,13.11,18.09,0.177,889,66.05,26.39,73.09,1,0,0,1,1
27.8,166.71,8.26,225,11.61,3.3,0.155,408,34.61,74.5,78.03,1,1,1,0,1
30.69,145.42,6.18,230,5.12,20.53,0.031,126,41.0,24.63,13.26,1,0,1,1,2
36.13,250.51,8.07,100,7.16,32.64,0.039,941,69.99,30.37,49.28,0,1,0,1,2
38.63,280.79,7.26,226,3.21,18.54,0.014,694,69.09,40.83,94.89,1,0,1,0,0
25.81,296.76,8.11,293,12.84,22.42,0.124,879,64.38,95.51,38.17,0,1,0,0,2
30.13,118.96,7.23,37,2.83,41.28,0.088,896,81.45,92.24,27.73,0,0,0,0,1
26.73,297.28,5.95,64,2.22,1.81,0.175,433,85.17,17.66,56.92,0,1,1,1,1
24.97,46.78,7.49,498,7.96,16.74,0.198,122,42.12,40.22,50.58,1,1,1,0,0
39.58,76.06,7.22,75,9.24,24.42,0.176,177,32.61,41.17,29.76,1,0,1,0,2
42.73,26.7,7.31,388,4.68,14.96,0.009,928,36.09,29.04,30.41,0,1,0,1,0
29.26,81.52,8.58,191,8.85,22.29,0.189,752,42.5,49.21,71.8,1,1,0,0,1
38.78,230.38,8.63,122,12.75,20.09,0.021,115,95.82,77.32,39.06,0,1,1,0,0
42.42,255.88,7.09,124,9.51,46.2,0.089,838,30.97,18.94,98.74,0,0,0,0,2
41.15,233.67,7.1,26,7.47,24.66,0.059,741,90.3,70.45,36.08,0,1,1,1,0
24.57,189.32,7.3,102,3.73,23.82,0.031,492,36.27,33.47,59.31,0,1,0,0,2
43.91,154.19,7.32,275,4.03,12.72,0.034,859,47.88,67.82,16.58,0,0,0,0,1
29.42,212.61,8.83,59,7.81,2.32,0.069,998,30.07,71.37,58.49,1,0,0,1,2
28.48,117.25,7.77,167,7.56,14.97,0.005,667,28.27,75.53,51.45,1,0,1,0,1
21.56,252.39,6.47,82,8.27,1.36,0.013,159,27.61,87.55,41.44,0,0,1,0,0
32.15,203.16,7.36,485,8.09,41.34,0.143,599,47.42,90.97,48.67,1,0,1,1,0
22.73,209.34,7.7,462,6.1,10.21,0.125,519,61.9,78.32,26.06,0,0,0,1,1
26.21,160.78,7.74,5,10.35,45.56,0.02,811,36.06,53.3,83.82,1,1,0,0,2
27.92,265.57,7.55,456,4.55,44.29,0.086,95,94.61,13.98,92.96,1,0,1,0,2
40.22,75.6,6.12,163,12.23,33.23,0.122,27,66.91,94.34,85.37,0,0,1,0,0
41.89,114.34,5.62,367,4.33,43.13,0.02,123,90.81,64.12,82.44,1,0,0,1,1
27.56,233.29,6.68,470,6.99,43.9,0.194,879,31.91,58.11,59.35,0,1,1,0,0
41.47,147.82,7.0,201,4.53,38.82,0.17,706,31.48,31.55,40.03,0,1,0,1,0
41.43,266.76,5.72,448,9.42,25.4,0.045,646,87.74,71.58,25.47,1,0,0,1,0
39.12,103.92,8.35,394,7.73,47.5,0.104,133,65.44,99.53,83.78,1,0,1,1,0
23.67,110.8,6.7,176,6.49,40.89,0.102,476,95.09,39.7,13.91,0,1,1,0,0
37.26,266.62,8.7,369,7.7,6.35,0.067,556,31.75,81.96,26.29,0,0,1,1,1
43.63,139.31,6.04,339,7.05,21.0,0.152,13,22.08,36.2,46.16,0,1,0,0,1
37.06,154.84,5.7,155,12.26,26.98,0.132,172,93.32,53.9,27.52,1,1,0,0,1
28.29,99.83,7.19,277,3.49,26.47,0.173,698,75.91,29.2,62.47,0,1,1,0,0
32.51,83.0,6.16,339,11.52,18.98,0.001,935,84.57,56.15,75.18,0,0,0,1,0
36.14,196.78,8.78,302,9.86,26.58,0.121,594,43.68,51.34,91.82,1,1,1,1,2
32.76,35.95,5.54,101,6.18,4.65,0.199,685,20.25,13.5,28.94,1,1,0,0,1
23.0,263.78,6.94,79,13.03,32.76,0.158,314,58.63,44.36,35.17,1,0,0,0,0
27.8,233.76,8.74,193,4.12,24.89,0.069,856,99.2,15.65,74.51,1,0,0,1,1
40.06,57.22,6.85,280,5.72,39.38,0.031,804,92.6,50.56,29.53,0,0,1,1,2
41.54,208.21,5.83,90,6.5,34.67,0.086,81,25.76,98.22,44.54,1,0,0,1,1
23.43,180.79,6.56,66,9.77,5.64,0.085,963,35.02,36.37,77.81,1,1,1,1,1
43.81,55.36,7.24,214,13.36,17.54,0.117,576,44.9,56.41,43.83,0,1,0,1,2
28.22,81.96,6.15,415,9.12,36.81,0.013,352,86.43,21.72,23.17,0,0,0,0,1
36.56,122.7,7.13,144,12.28,16.84,0.077,923,85.98,23.86,34.25,1,0,1,0,0
38.8,209.77,8.43,39,12.86,28.35,0.171,40,34.8,41.99,17.28,0,1,0,1,0
40.3,191.62,8.55,211,7.6,48.06,0.129,850,62.65,54.08,70.68,1,1,0,0,0
43.64,159.67,5.67,285,7.67,4.0,0.087,96,60.14,73.13,14.12,0,0,0,1,1
27.82,230.52,6.06,58,5.0,9.51,0.062,782,53.14,51.1,61.66,0,0,1,1,1
41.46,227.38,6.46,27,9.22,24.03,0.056,236,62.87,12.19,95.5,1,0,0,1,0
23.29,185.36,7.58,46,3.44,36.92,0.15,342,43.42,34.39,87.39,1,0,0,1,0
37.63,236.1,6.76,236,9.61,16.51,0.086,988,62.52,12.23,16.56,0,1,0,1,0
38.55,100.28,8.45,116,12.71,5.87,0.049,678,74.85,92.61,74.3,1,1,0,1,0
36.94,264.37,8.01,150,11.13,15.79,0.163,461,25.0,12.61,72.11,0,1,0,1,0
26.31,184.47,5.85,82,9.79,32.22,0.053,989,97.38,14.46,36.85,0,0,0,0,0
41.83,246.71,7.69,56,12.06,39.63,0.013,193,33.22,36.84,19.84,0,1,1,0,0
24.22,163.88,5.9,216,10.76,48.85,0.11,332,48.82,66.91,86.87,1,0,1,1,1
21.34,65.53,6.39,471,8.36,38.07,0.056,999,57.65,42.22,59.89,1,0,1,0,2
37.94,162.72,6.12,384,8.25,24.61,0.001,283,23.28,15.54,72.86,1,0,1,1,2
31.89,111.33,6.11,219,3.28,14.63,0.1,414,63.87,85.26,51.2,0,1,1,1,1
41.23,209.25,7.66,284,7.21,46.38,0.179,651,89.6,73.02,30.01,1,0,0,1,2
29.58,142.74,7.47,491,8.27,26.71,0.129,268,92.08,45.67,33.43,1,0,1,0,1
24.21,250.83,6.12,241,7.64,34.44,0.004,514,46.1,70.92,58.13,1,1,1,0,1
40.91,203.42,8.97,433,11.31,23.62,0.076,574,64.7,34.71,31.11,0,1,1,1,1
33.72,205.36,6.98,319,3.93,12.11,0.049,540,82.14,57.51,45.88,1,0,0,0,0
24.73,65.15,5.84,98,11.54,27.35,0.134,370,40.23,89.25,16.7,1,1,1,0,0
38.01,295.27,5.92,241,10.9,42.0,0.091,63,62.28,19.69,99.6,1,1,1,0,2
32.78,252.5,7.54,464,12.81,19.17,0.035,93,49.34,86.22,65.5,0,0,0,0,0
35.11,236.7,8.93,202,6.48,33.44,0.091,331,50.25,80.97,23.15,1,1,1,0,1
31.52,99.06,7.5,36,4.12,2.12,0.186,852,27.53,95.42,21.71,1,0,1,1,2
40.72,160.69,8.82,245,11.1,46.83,0.082,125,52.55,56.24,53.5,1,0,1,1,0
40.74,41.13,7.05,444,9.06,48.5,0.174,833,32.87,34.74,12.23,1,0,1,1,2
37.73,161.54,7.03,127,10.55,19.31,0.095,883,44.1,41.78,47.08,0,0,1,0,2
22.64,43.77,7.25,134,13.96,24.92,0.152,689,46.42,67.58,95.04,1,1,0,0,1
40.97,165.91,7.94,345,4.33,8.03,0.157,207,54.45,22.67,84.1,1,0,0,0,2
36.78,194.62,6.79,342,6.93,9.81,0.152,351,93.35,41.65,93.7,1,0,0,1,1
37.43,117.06,8.52,63,4.31,30.1,0.128,731,70.48,75.38,20.0,0,1,1,0,0
29.07,149.56,5.6,273,12.33,31.35,0.19,968,97.96,61.64,43.37,1,1,0,1,2
41.98,262.7,7.04,28,2.2,17.08,0.186,501,67.25,15.65,59.95,0,0,0,0,0
38.13,32.57,7.29,486,3.62,18.7,0.061,656,84.44,54.72,74.82,1,1,0,0,2
22.81,237.52,7.62,369,4.97,25.31,0.139,120,86.73,57.18,45.32,1,0,0,1,0
30.19,51.23,6.47,225,11.26,46.99,0.133,55,79.12,73.07,38.71,0,0,0,0,2
42.16,11.01,7.0,59,9.54,7.48,0.04,113,73.59,10.96,37.46,1,0,1,1,1
21.18,55.67,7.2,485,6.66,27.58,0.053,722,53.43,48.56,81.05,0,1,1,0,2
44.04,229.51,7.9,53,3.9,2.91,0.062,518,65.38,89.8,44.36,1,0,1,1,0
36.98,121.54,8.21,327,5.86,22.92,0.066,931,35.5,12.26,11.47,1,1,1,1,1
35.78,261.76,8.08,148,10.92,19.86,0.171,295,69.46,70.52,79.32,1,0,0,1,2
26.76,157.41,6.7,404,6.58,8.21,0.151,256,61.14,30.09,24.52,0,1,0,0,0
26.22,6.68,9.0,57,7.55,8.2,0.162,169,84.35,44.87,66.54,1,0,0,1,0
43.55,215.01,8.47,432,9.3,22.5,0.183,163,92.2,89.57,12.65,1,0,0,1,2
27.46,33.07,6.41,35,12.95,6.33,0.103,880,30.62,42.63,44.83,1,1,0,0,2
39.39,236.81,6.18,144,5.0,14.74,0.167,806,75.27,59.09,51.03,1,0,0,1,1
29.83,50.43,6.6,249,7.38,3.56,0.139,888,96.0,18.07,97.58,1,0,0,0,1
23.48,103.63,7.08,79,5.72,14.86,0.093,128,93.43,39.22,17.94,0,1,1,1,2
20.27,228.38,8.48,436,7.59,26.68,0.039,751,86.75,22.75,77.64,0,1,1,1,1
33.61,286.27,8.22,14,10.36,37.19,0.086,727,23.87,60.54,96.83,1,1,1,1,1
44.39,111.43,8.48,462,7.78,41.52,0.041,190,40.2,51.38,34.92,1,0,0,0,2
29.23,248.82,6.45,39,12.01,16.89,0.057,585,31.86,33.81,30.31,0,1,1,1,2
28.93,57.24,7.58,80,8.64,46.94,0.057,842,94.15,99.97,95.69,1,0,0,1,2
28.6,242.15,6.49,306,6.63,12.03,0.152,869,79.91,23.79,54.06,1,1,1,1,2
33.01,197.25,5.88,192,11.39,4.03,0.102,853,62.54,84.29,84.03,1,1,1,1,1
31.02,57.82,7.89,396,7.18,46.25,0.159,823,98.35,13.22,81.52,0,0,1,0,0
42.0,90.75,6.0,165,8.19,26.99,0.175,414,35.58,86.22,39.34,0,0,1,1,1
32.64,39.53,7.84,457,13.94,17.57,0.122,256,71.33,52.93,26.87,0,0,1,0,2
32.69,114.89,7.77,352,11.44,44.91,0.081,552,68.75,84.54,73.26,1,0,1,0,1
23.46,61.09,8.34,409,12.26,38.79,0.171,650,47.24,77.25,55.12,1,1,0,1,0
44.57,193.2,5.99,203,9.11,41.62,0.114,261,58.83,61.54,54.14,1,1,0,1,0
26.25,298.35,8.24,210,6.18,14.62,0.171,946,38.83,43.44,59.16,1,0,1,1,2
21.83,3.6,9.0,398,13.9,43.67,0.053,191,74.17,69.9,12.31,1,0,0,1,0
36.58,162.28,8.48,372,4.93,32.49,0.113,236,53.46,84.93,10.46,1,1,1,1,0
34.88,172.1,8.13,388,12.47,36.9,0.042,720,21.88,55.3,38.27,1,1,1,1,1
30.38,274.26,7.82,257,12.94,15.62,0.14,77,96.06,47.34,39.13,1,1,1,1,2
30.55,151.8,6.98,114,11.81,12.25,0.117,351,60.11,22.86,74.69,0,0,0,0,0
39.63,163.11,8.06,333,3.37,20.41,0.111,403,76.45,90.66,39.31,0,0,0,1,2
24.89,141.5,8.03,348,12.25,28.76,0.128,884,35.75,34.06,42.36,0,0,1,1,2
40.51,80.67,7.71,232,9.97,33.3,0.075,771,30.18,21.12,59.46,1,1,1,0,0
36.22,16.81,8.29,448,10.17,24.9,0.038,762,92.19,15.96,63.24,1,1,0,1,0
30.47,122.6,7.07,76,11.44,34.94,0.161,934,67.27,77.57,40.0,1,0,0,0,2
31.45,15.78,5.92,496,7.89,35.42,0.077,46,59.47,70.75,60.23,0,0,0,1,0
26.42,165.15,7.46,315,5.21,33.3,0.198,917,61.69,20.84,65.6,1,1,1,1,1
38.8,92.19,6.43,95,8.9,12.55,0.096,348,38.9,57.71,33.51,1,0,0,0,1
32.82,160.08,6.85,97,3.3,22.32,0.098,809,93.01,23.74,31.22,0,0,0,0,1
28.02,40.29,5.56,55,10.1,38.29,0.136,612,37.14,44.52,90.14,1,1,0,0,1
34.9,279.79,6.84,117,7.8,44.35,0.133,460,32.64,80.46,68.27,1,1,1,1,2
44.89,268.36,8.33,461,8.03,25.06,0.036,974,94.4,30.51,38.0,1,0,1,0,2
30.88,57.0,7.4,499,4.23,49.34,0.054,802,40.61,12.49,59.57,1,1,0,0,2
43.02,103.03,5.53,118,2.5,8.74,0.046,152,89.0,27.4,73.67,1,0,0,1,1
28.63,184.05,7.14,37,9.34,11.22,0.011,626,81.8,46.04,12.04,1,1,1,0,2
21.37,28.71,6.52,184,9.91,23.04,0.004,898,50.56,31.75,92.78,1,1,0,0,1
25.11,106.37,7.17,357,7.98,25.44,0.129,306,40.32,75.0,74.55,1,0,1,1,1
30.47,75.33,6.92,241,11.19,21.22,0.1,267,80.72,81.03,45.3,0,1,1,0,0
25.49,274.66,8.76,50,8.76,21.52,0.179,653,67.81,31.65,93.9,1,0,0,0,2
20.01,255.75,5.64,424,12.18,24.36,0.06,935,40.32,34.18,15.03,0,1,1,0,2
42.88,173.95,7.89,462,5.46,16.01,0.158,287,91.27,60.41,77.88,1,1,1,1,2
41.1,156.1,8.48,126,4.92,6.55,0.021,305,77.68,77.73,57.37,1,1,1,0,2
38.56,279.22,8.86,102,5.13,47.81,0.163,67,92.74,96.34,69.83,1,0,1,0,1
24.2,279.73,6.12,453,2.37,39.75,0.184,284,55.0,37.05,52.43,1,0,1,1,0
23.01,290.8,7.36,476,12.81,40.75,0.125,542,30.26,92.0,23.25,0,0,1,1,2
21.69,37.61,5.65,228,13.99,18.25,0.147,479,93.93,26.36,33.47,1,0,1,0,1
38.1,48.17,7.25,210,11.8,20.19,0.198,23,68.11,13.7,51.67,1,0,0,1,0
43.22,203.02,5.94,435,6.95,46.79,0.076,10,68.48,81.32,92.7,0,1,0,0,1
30.76,162.43,8.43,384,6.25,48.65,0.006,638,66.74,53.08,16.15,1,0,1,0,1
22.98,5.54,5.9,84,11.3,47.13,0.137,285,57.79,16.92,19.42,1,1,0,0,0
32.81,18.59,7.3,358,8.12,32.13,0.003,786,40.4,16.4,23.74,0,1,0,0,1
28.72,266.42,7.32,273,13.27,12.14,0.114,675,69.04,11.23,66.89,1,1,0,1,0
29.37,260.66,8.9,26,5.35,30.25,0.119,773,77.49,37.57,42.97,1,1,1,1,0
35.53,107.18,7.79,347,5.89,29.45,0.117,129,93.32,76.18,23.43,1,0,0,1,0
37.97,267.32,6.51,71,13.99,45.41,0.033,742,25.77,69.88,20.98,0,0,0,0,2
22.77,178.1,6.34,94,13.74,15.58,0.015,379,40.38,99.97,70.67,1,0,0,1,2
20.89,241.77,5.95,75,12.62,10.03,0.182,786,82.13,63.45,51.63,1,1,1,1,0
44.86,128.23,8.15,425,6.86,13.29,0.108,429,82.01,19.94,88.55,0,1,1,0,2
25.82,34.02,7.92,5,12.05,12.16,0.065,239,36.96,98.07,46.36,1,1,0,1,1
21.35,130.12,7.63,89,5.4,32.42,0.154,551,34.78,72.37,69.02,0,1,0,1,1
24.75,137.19,5.64,79,5.06,40.62,0.184,145,49.37,43.66,81.63,1,1,0,1,2
20.97,165.28,8.17,221,8.56,18.41,0.081,872,25.03,32.23,95.83,1,0,0,1,1
29.8,31.67,7.75,82,12.32,8.82,0.02,291,78.43,30.0,88.24,1,0,0,1,2
40.06,297.42,8.87,81,3.17,17.15,0.139,941,73.58,96.06,79.78,1,1,0,0,1
28.53,73.24,7.56,151,8.78,27.33,0.182,311,88.7,47.75,47.16,1,0,1,1,2
31.1,59.57,6.56,44,9.32,33.22,0.196,307,54.4,53.81,98.45,0,1,0,1,1
36.89,158.04,6.84,211,8.96,27.49,0.163,821,70.94,85.31,33.82,0,0,0,1,0
32.72,161.16,6.12,70,4.62,12.84,0.054,823,96.32,96.75,69.52,0,1,0,1,0
41.54,131.95,8.03,262,2.77,45.9,0.072,884,96.7,10.4,21.76,1,0,1,0,1
41.65,231.57,7.98,399,12.74,21.89,0.027,629,25.69,99.12,64.53,1,0,1,1,1
20.25,155.0,6.2,381,8.89,22.95,0.143,625,20.15,16.79,72.09,1,1,0,1,1
39.45,182.91,6.05,57,11.21,48.37,0.034,531,96.8,85.32,18.13,1,1,0,0,2
31.52,217.12,5.77,56,6.37,43.42,0.086,228,62.83,95.53,36.55,0,1,0,1,0
44.72,7.51,8.69,425,2.51,40.31,0.106,512,76.03,60.5,67.74,0,1,1,1,1
32.08,171.19,6.32,110,5.11,9.13,0.077,790,93.01,59.65,64.19,0,0,0,1,2
44.67,265.26,6.7,141,2.88,41.9,0.03,805,54.65,70.21,70.14,0,0,1,0,0
38.86,5.22,6.48,55,2.94,22.77,0.058,19,55.25,41.75,21.2,1,1,1,1,1
26.22,121.55,6.95,11,4.57,10.47,0.127,259,33.36,24.92,56.38,0,1,1,0,0
33.46,277.87,8.0,348,9.6,49.54,0.145,754,92.47,15.98,93.48,1,0,1,0,2
44.8,105.95,8.55,14,11.81,8.6,0.123,891,71.81,89.3,95.84,0,1,1,0,0
41.44,137.62,6.14,7,11.86,46.1,0.193,613,34.42,59.26,21.41,1,0,1,1,2
22.43,294.46,7.9,230,13.25,0.03,0.123,196,64.78,72.47,90.5,0,1,1,1,2
37.66,59.8,6.73,185,9.88,21.9,0.045,389,46.25,39.88,61.88,0,0,1,1,1
28.64,19.58,8.93,52,2.24,1.49,0.098,702,31.77,82.63,77.76,0,1,0,0,2
20.17,257.83,6.55,136,6.53,45.62,0.167,345,34.55,41.49,23.56,1,0,0,0,2
30.09,260.54,5.53,173,3.34,6.29,0.065,640,64.74,12.68,76.41,0,1,0,1,2
25.87,141.62,7.3,347,11.33,33.65,0.147,127,65.15,40.32,16.4,0,0,0,0,0
40.47,154.26,6.03,218,3.44,31.56,0.157,113,83.2,86.53,66.97,1,0,0,1,0
28.43,250.74,5.66,262,3.27,38.95,0.187,958,39.84,88.83,70.13,0,1,1,0,2
40.69,221.57,7.94,254,2.34,37.34,0.08,206,93.27,94.12,69.83,1,0,1,1,0
20.01,79.54,8.06,299,13.47,1.62,0.052,847,61.49,54.95,15.28,1,0,1,0,2
27.7,5.07,7.11,269,11.43,19.42,0.102,854,36.33,96.09,44.58,1,1,0,1,1
26.03,143.91,7.87,74,6.0,16.13,0.199,104,53.06,54.93,77.0,1,0,1,1,2
25.84,257.67,7.38,223,6.52,48.64,0.18,725,93.87,23.85,81.71,0,0,0,1,0
21.7,268.75,7.7,370,2.71,38.74,0.057,949,58.25,55.18,47.4,0,0,1,0,0
24.68,286.87,7.59,91,3.9,35.4,0.039,708,89.98,88.18,24.58,1,1,0,0,2
33.89,263.87,7.83,133,5.74,22.11,0.095,170,32.79,80.71,54.95,0,1,1,0,0
27.28,174.01,6.2,162,6.65,44.55,0.033,260,93.12,49.06,68.52,0,0,1,1,0
30.43,133.38,6.44,197,9.44,0.84,0.152,965,54.45,29.13,92.84,0,1,1,0,1
29.42,232.45,7.04,188,6.2,11.42,0.007,321,94.89,62.3,71.32,1,0,0,0,2
41.9,221.95,7.06,407,13.46,34.75,0.045,777,89.29,93.81,84.04,0,1,1,1,0
42.63,161.44,8.21,72,6.11,25.42,0.004,885,72.8,25.97,33.83,1,1,1,1,2
32.32,26.2,6.79,385,13.3,26.69,0.045,163,73.83,84.43,84.99,1,0,1,0,2
28.25,277.82,6.07,485,10.76,20.82,0.01,237,36.92,23.26,65.08,1,1,0,1,0
22.67,136.68,6.38,205,12.8,8.32,0.135,674,68.23,92.76,59.41,0,0,0,0,2
43.84,109.0,6.25,434,10.44,8.31,0.114,940,63.96,72.39,34.02,1,1,0,1,1
21.51,188.87,8.06,30,8.82,14.72,0.043,534,46.73,19.83,28.35,0,1,0,1,0
27.44,202.15,7.15,381,8.11,23.42,0.041,701,60.45,28.22,58.95,1,0,1,1,2
27.45,63.21,7.98,477,5.5,41.21,0.058,302,94.33,93.42,90.23,0,0,0,0,1
28.01,251.08,6.96,118,5.58,22.34,0.16,911,20.42,55.68,31.18,1,0,1,1,0
24.11,86.98,8.61,282,4.68,44.89,0.03,164,53.37,50.81,35.08,0,0,1,0,0
39.58,56.01,8.94,483,6.63,6.03,0.024,937,46.69,15.24,95.31,1,0,1,1,0
23.06,121.92,7.84,365,3.52,13.59,0.102,418,96.9,17.56,12.39,1,1,0,0,0
35.87,219.17,8.52,158,6.65,3.53,0.173,239,97.91,72.25,53.69,1,0,0,0,1
23.1,289.64,7.28,254,12.0,25.5,0.045,551,66.85,79.92,57.59,1,0,1,1,2
21.76,242.78,8.77,244,12.44,4.5,0.021,527,64.0,88.03,70.82,0,1,1,1,2
42.74,282.1,8.41,105,9.71,39.78,0.098,196,92.26,55.25,27.46,1,1,0,0,1
24.75,42.18,8.97,197,5.08,1.99,0.146,266,20.52,39.57,61.43,1,0,1,1,0
40.53,21.35,7.68,426,4.88,23.77,0.124,50,64.98,66.3,19.85,0,1,1,0,0
33.62,167.31,8.23,492,5.34,21.03,0.084,732,21.97,65.7,34.03,1,0,1,0,1
21.95,87.09,7.4,119,8.0,10.11,0.008,367,97.45,13.12,11.36,1,1,1,1,1
43.89,248.42,6.41,81,13.72,29.34,0.06,365,45.61,94.49,50.81,1,0,0,1,2
26.17,201.6,6.74,307,3.31,19.3,0.184,458,61.66,67.83,25.76,1,0,1,0,1
41.49,291.22,8.63,269,8.01,9.9,0.045,237,53.41,10.58,18.71,0,1,1,1,2
24.22,76.44,5.7,186,10.19,41.33,0.123,335,91.49,96.37,40.99,1,1,0,0,2
41.35,145.74,7.57,275,4.95,33.03,0.181,344,99.99,95.74,17.13,1,1,1,1,2
20.33,150.37,6.8,373,13.63,0.61,0.098,945,25.47,95.13,69.8,1,1,1,0,0
32.79,71.75,6.85,51,6.19,25.09,0.089,322,78.56,90.0,28.08,1,0,0,0,0
39.24,177.03,8.6,458,13.19,13.57,0.028,706,49.44,26.62,73.92,0,1,0,0,1
43.37,132.99,8.49,356,9.17,45.76,0.196,64,31.13,97.95,85.59,1,0,0,0,0
42.73,134.02,7.6,295,2.05,36.28,0.035,11,52.44,78.57,76.72,1,1,0,1,0
40.49,108.82,6.46,67,5.73,30.58,0.096,902,99.85,67.67,78.66,1,0,1,0,2
42.2,5.08,7.16,299,2.26,4.45,0.034,938,48.61,94.84,67.94,0,0,1,1,1
24.98,156.63,6.93,133,6.58,46.53,0.07,813,42.19,44.3,43.87,0,0,1,0,0
27.1,100.57,6.74,342,13.19,7.21,0.177,351,87.69,93.82,41.37,1,0,0,1,1
27.22,0.4,5.86,119,11.35,22.54,0.129,789,89.44,64.51,61.2,1,0,0,0,2
29.43,92.38,7.4,56,9.44,34.05,0.002,331,47.11,62.14,32.32,0,1,1,0,2
29.83,83.59,6.56,185,8.46,24.74,0.193,901,43.89,68.14,41.02,0,0,1,0,2
33.61,118.03,7.81,71,6.47,44.12,0.157,549,71.78,77.87,23.98,1,1,0,1,0
24.0,39.56,6.62,157,4.54,41.77,0.2,166,36.41,50.04,80.21,1,0,0,0,2
37.28,152.31,7.01,227,2.75,6.77,0.153,741,58.69,98.25,76.21,0,0,1,0,2
24.19,207.73,5.68,307,4.28,30.88,0.153,443,31.31,17.97,55.29,1,0,0,0,2
27.76,189.06,8.97,233,6.22,2.61,0.14,616,44.38,92.24,43.26,1,1,0,0,1
32.58,241.13,7.28,10,8.24,36.03,0.085,596,43.8,69.17,72.7,1,0,0,1,1
39.91,135.6,5.58,174,4.45,36.8,0.063,189,75.59,91.89,17.62,0,1,1,0,1
38.49,155.73,7.39,260,13.69,17.22,0.105,91,42.58,43.19,14.3,1,0,1,1,1
36.14,243.12,8.55,130,2.92,39.33,0.036,991,91.88,84.61,72.98,0,0,1,1,1
23.89,128.31,8.2,398,3.14,32.64,0.144,666,98.64,65.44,59.51,1,0,1,1,2
33.68,210.48,7.95,385,10.19,25.2,0.199,816,26.48,84.8,75.99,0,0,1,0,1
22.19,130.38,5.99,1,11.06,22.76,0.12,880,51.81,39.25,35.16,0,0,1,1,1
29.43,125.32,7.8,248,13.67,5.46,0.171,526,44.15,92.56,19.75,1,1,0,1,0
30.34,228.06,8.18,199,8.37,26.56,0.034,800,48.16,93.18,48.7,1,1,0,1,1
21.0,52.45,7.5,181,3.99,7.8,0.165,95,41.23,52.73,48.4,0,0,0,0,1
26.85,101.58,8.62,429,13.26,32.8,0.181,813,50.61,46.03,78.31,1,0,0,1,0
43.89,67.25,6.47,349,13.76,29.74,0.168,225,31.31,61.77,20.99,0,1,1,1,0
43.84,107.73,6.35,126,13.08,14.53,0.125,499,42.39,28.02,95.15,1,0,0,1,1
28.81,69.11,8.54,381,12.46,12.35,0.185,629,79.83,54.66,15.04,1,0,1,0,1
21.08,173.82,7.69,296,2.93,23.8,0.192,198,47.52,90.71,38.16,0,0,0,1,0
24.48,239.45,5.51,196,12.26,25.62,0.163,652,36.63,42.87,73.27,1,0,1,0,0
29.81,235.98,6.74,285,13.44,39.9,0.109,692,28.68,76.24,74.57,1,1,0,0,0
43.69,109.35,8.5,43,8.63,15.2,0.167,166,47.84,66.08,61.04,0,1,0,0,2
23.53,296.63,5.6,9,11.27,20.17,0.074,945,71.47,33.53,16.39,0,1,1,0,0
39.09,178.16,5.51,224,9.93,17.16,0.069,965,40.26,57.86,87.07,0,1,1,0,1
22.72,119.82,6.48,215,5.46,19.71,0.07,114,53.8,86.73,67.13,1,0,1,0,0
44.53,250.66,8.7,210,9.05,28.35,0.04,827,96.19,59.94,78.29,1,1,1,1,1
29.54,218.96,8.66,285,12.67,27.87,0.125,904,64.19,72.72,44.76,0,0,0,1,1
39.38,224.78,7.32,216,7.96,18.07,0.132,105,62.56,79.79,31.9,0,1,0,1,0
28.56,58.84,7.44,330,9.08,30.12,0.172,889,52.8,14.45,74.81,1,0,1,0,2
35.69,140.5,6.66,48,8.38,30.8,0.139,3,64.55,14.61,83.4,1,0,0,1,2
24.8,258.55,6.35,162,5.39,26.34,0.156,244,98.77,20.35,83.13,1,1,0,0,2
23.65,151.21,8.35,192,9.72,22.62,0.138,989,40.3,24.67,74.55,0,0,0,1,0
43.45,205.04,5.87,144,8.11,3.9,0.139,859,95.35,83.03,22.51,1,0,1,1,1
42.94,176.38,7.21,158,4.79,27.06,0.068,788,31.93,49.2,29.96,0,0,1,0,2
42.19,252.71,7.72,325,12.74,35.63,0.193,139,28.89,26.67,55.04,1,1,0,1,1
35.64,85.37,5.86,460,13.4,10.77,0.128,76,72.37,57.86,55.66,1,1,0,0,0
40.21,172.64,7.32,179,2.66,38.89,0.117,893,40.09,78.7,53.97,0,1,1,0,0
21.73,36.97,7.52,25,9.47,29.32,0.169,49,55.55,22.61,84.34,1,0,0,1,0
28.37,207.06,8.1,99,6.98,11.88,0.084,652,78.37,41.0,21.28,0,1,0,1,0
27.84,219.59,6.32,388,8.31,8.15,0.019,691,62.79,27.49,81.3,1,1,0,1,0
35.89,12.85,6.53,110,6.49,12.27,0.048,474,21.1,68.17,12.01,1,1,1,0,1
28.9,202.74,7.49,269,7.69,37.95,0.162,347,44.47,22.32,39.08,0,0,1,1,1
23.71,124.41,8.94,50,5.88,12.53,0.146,977,25.17,80.3,27.69,0,0,0,1,0
34.91,37.23,6.26,14,3.41,34.16,0.023,484,94.09,28.7,57.4,0,1,0,0,0
40.36,125.97,8.95,127,5.62,27.29,0.014,207,83.57,15.27,57.15,0,0,0,1,0
29.55,58.27,8.0,139,10.04,27.34,0.124,628,98.71,91.98,55.59,0,0,0,0,0
23.31,124.67,8.39,241,2.6,42.63,0.188,660,90.81,39.99,35.99,1,0,1,1,1
24.92,115.3,5.81,45,6.59,43.74,0.035,182,58.03,55.25,56.96,0,0,1,0,2
25.94,221.52,6.55,233,2.51,26.85,0.11,521,90.61,19.09,73.52,0,0,0,0,1
27.5,232.26,5.7,447,6.28,3.26,0.162,973,73.8,53.15,45.44,0,1,0,0,2
36.07,182.11,6.8,71,3.05,8.06,0.106,630,61.97,30.03,93.58,0,1,0,0,1
35.02,6.81,8.93,442,6.08,47.43,0.07,91,49.65,85.63,16.16,0,0,0,0,0
37.4,279.31,5.87,94,12.06,6.73,0.158,668,74.48,74.24,98.84,0,1,0,0,0
29.06,205.87,7.47,409,9.36,41.77,0.154,110,67.21,69.7,78.52,1,0,1,0,0
40.6,10.26,5.52,284,10.19,27.02,0.166,394,69.13,80.31,63.39,0,1,0,0,2
25.1,245.65,7.99,131,8.05,5.7,0.189,29,51.99,36.43,28.3,1,1,0,1,0
31.73,60.08,6.19,433,13.07,45.98,0.03,679,79.15,50.83,66.46,0,0,0,1,2
40.02,173.77,5.95,475,8.49,46.41,0.068,474,26.51,17.79,82.19,0,0,1,1,2
24.5,139.99,6.68,280,3.25,30.77,0.197,176,78.09,16.1,32.83,0,1,1,1,0
22.75,125.95,8.2,423,13.2,19.44,0.119,642,78.46,39.62,13.59,1,0,0,0,2
42.09,266.91,5.87,31,3.6,30.37,0.134,512,61.28,84.05,49.85,0,1,0,1,1
28.57,131.21,6.3,355,13.99,31.39,0.177,287,41.06,63.79,37.4,1,0,1,0,0
37.1,22.6,5.53,458,7.22,31.11,0.138,294,61.54,48.21,35.75,1,0,1,1,1
20.63,283.99,8.89,36,2.88,36.67,0.137,596,29.85,97.03,75.23,0,0,0,1,0
37.25,276.16,7.57,125,12.37,3.36,0.021,129,42.81,49.8,23.32,1,1,1,0,1
27.9,205.33,8.02,137,3.11,5.13,0.101,713,53.7,52.2,68.58,0,0,0,1,0
21.39,140.37,7.78,421,4.09,14.14,0.135,670,73.86,99.33,15.51,1,0,0,0,2
35.25,27.86,6.01,444,7.01,17.48,0.161,657,34.98,21.82,92.79,0,0,0,1,2
26.02,237.22,7.58,99,10.11,31.9,0.083,134,32.65,33.01,62.75,1,1,1,0,0
29.67,22.64,5.96,241,3.45,8.59,0.025,772,68.62,50.8,93.79,1,0,0,0,0
22.01,20.58,6.9,244,9.47,27.05,0.073,412,74.36,61.42,88.11,1,0,1,0,2
23.68,161.22,7.49,26,11.36,9.27,0.086,963,26.69,23.33,88.28,0,1,1,1,0
27.45,48.04,7.46,208,3.48,17.77,0.15,557,22.65,39.59,20.78,0,0,1,1,0
22.24,2.32,5.92,390,9.77,46.77,0.004,183,31.77,29.82,72.63,1,0,0,1,0
42.77,126.93,5.62,456,13.51,44.78,0.077,2,92.08,86.49,46.04,0,1,0,0,0
20.15,41.17,8.29,98,13.61,47.66,0.09,140,73.81,85.12,51.32,0,1,1,1,1
32.1,48.15,8.04,136,3.94,29.57,0.11,66,93.68,31.59,35.12,0,0,1,0,1
23.08,23.07,5.79,186,11.12,25.07,0.194,71,73.18,49.14,22.59,0,1,0,0,0
27.69,61.53,5.95,35,12.16,42.45,0.148,689,97.22,68.65,37.57,0,1,1,1,2
43.15,214.65,8.62,117,12.67,3.98,0.044,114,55.11,14.33,59.46,1,0,1,1,0
24.04,242.68,8.19,157,5.88,48.92,0.127,899,67.93,89.52,46.9,0,0,0,1,2
44.15,135.76,8.99,478,5.24,23.12,0.069,425,68.09,55.99,73.35,0,1,0,0,2
25.14,151.97,6.39,274,2.57,33.79,0.162,610,20.25,30.39,85.51,1,0,0,0,1
38.54,9.8,7.21,168,6.79,36.42,0.034,587,22.2,45.71,28.96,0,1,0,1,0
33.67,20.79,6.33,54,3.49,31.44,0.029,279,31.62,91.15,15.07,1,1,0,0,0
42.11,77.27,7.68,470,11.44,44.58,0.02,357,60.89,12.23,99.18,0,0,0,1,0
33.85,163.17,5.9,83,3.72,14.41,0.109,274,54.44,22.85,89.44,0,1,0,1,1
33.36,221.87,5.95,5,11.83,26.62,0.025,758,63.18,27.35,33.86,0,0,1,1,2
24.89,181.5,5.75,378,3.29,21.52,0.008,99,84.04,15.41,24.64,0,0,1,1,0
24.16,117.64,7.93,362,7.77,35.21,0.066,994,85.78,30.27,95.59,0,0,0,0,0
42.91,35.5,7.23,343,6.62,19.76,0.16,81,98.16,83.54,30.92,1,0,1,0,1
28.2,234.23,7.66,494,9.22,44.64,0.031,807,64.6,57.44,29.97,0,1,0,1,1
29.3,109.14,8.58,255,8.23,24.52,0.072,759,47.78,64.49,19.89,1,1,1,0,0
39.0,220.82,8.09,405,9.18,26.8,0.087,638,44.64,24.03,35.91,1,1,1,0,1
28.47,153.89,7.12,197,2.01,24.67,0.175,255,47.26,35.05,85.69,1,0,1,1,0
43.8,221.6,8.95,499,3.53,31.13,0.095,801,45.91,92.57,61.28,1,0,0,1,2
38.45,272.19,7.1,151,8.21,25.52,0.102,728,51.43,28.94,18.28,1,1,1,1,1
34.94,276.31,5.89,317,4.76,46.87,0.051,635,25.99,91.61,97.07,1,0,0,0,1
42.02,160.53,8.97,169,2.92,6.56,0.134,6,70.67,69.69,58.55,1,0,0,0,1
21.24,153.45,5.58,247,4.61,0.67,0.005,74,65.44,55.25,47.5,0,0,0,0,1
26.43,79.7,7.42,248,11.36,26.09,0.193,549,56.96,25.66,80.58,0,1,0,0,2
31.63,280.74,6.58,149,8.5,38.23,0.1,914,26.49,70.62,60.43,1,0,0,0,0
25.67,137.38,7.26,209,4.28,32.41,0.012,738,27.46,89.78,90.62,1,1,1,0,0
38.6,38.28,7.46,399,2.19,48.14,0.112,812,63.61,24.38,73.21,1,1,1,0,2
42.98,129.81,6.34,227,6.29,9.11,0.103,659,22.93,10.56,70.14,0,0,0,1,0
30.59,38.12,7.45,243,6.29,34.7,0.048,474,77.98,76.61,40.4,1,1,1,1,2
28.55,150.76,8.15,140,10.82,40.79,0.042,222,99.5,64.04,99.08,0,1,0,0,2
44.04,168.38,6.43,119,13.03,45.6,0.054,728,67.79,55.28,68.67,0,1,1,0,1
31.12,101.33,6.84,292,6.46,26.43,0.026,887,77.87,51.04,49.77,0,0,1,0,0
32.23,21.5,6.44,179,10.26,18.16,0.106,129,55.11,54.78,23.28,1,1,0,1,1
28.79,283.05,8.37,407,9.62,47.77,0.176,988,73.39,43.71,60.01,0,1,0,0,1
42.74,232.01,8.04,124,7.06,39.57,0.185,548,72.14,17.41,69.96,0,1,0,1,2
34.22,251.66,8.55,466,2.79,23.54,0.191,30,85.93,79.82,43.43,1,0,0,1,2
39.05,110.06,6.1,241,7.68,32.56,0.12,238,76.91,52.11,15.81,0,0,0,0,1
40.3,228.25,5.76,211,6.25,13.93,0.124,553,79.92,84.25,81.86,0,1,1,1,2
28.55,145.61,5.92,474,8.6,30.74,0.062,261,64.53,98.4,68.86,0,0,1,1,2
30.84,60.33,6.06,16,3.5,27.0,0.177,621,58.76,25.46,71.61,1,0,1,0,2
41.21,37.33,7.37,15,10.69,1.96,0.098,980,56.7,81.41,32.05,0,0,1,0,1
29.08,103.52,8.9,384,11.45,43.29,0.056,992,51.36,97.98,21.76,1,1,1,1,0
39.85,41.27,6.75,340,6.66,24.51,0.193,648,41.28,75.2,50.69,1,0,1,0,2
43.52,299.48,8.85,380,4.1,23.99,0.141,713,22.66,32.14,31.72,1,0,1,1,0
35.58,14.76,5.63,474,9.48,14.17,0.093,597,73.69,90.68,80.29,1,1,0,1,2
38.54,132.34,8.74,256,13.47,9.82,0.014,478,92.08,81.39,57.88,1,0,0,1,2
40.13,135.63,6.13,285,10.41,14.57,0.028,180,94.44,50.44,21.88,0,0,1,1,2
41.13,90.19,8.69,467,3.48,32.5,0.039,906,66.44,61.53,27.66,0,0,0,0,0
29.88,171.41,5.7,279,6.77,4.88,0.181,373,27.53,74.97,89.82,1,1,0,0,2
21.28,44.99,8.82,45,12.98,16.64,0.194,594,90.29,21.21,66.85,0,0,0,0,1
30.05,235.17,6.2,257,9.61,48.94,0.053,360,79.82,93.43,46.05,0,0,0,0,2
36.84,99.73,6.56,142,3.77,13.58,0.1,971,40.11,98.87,74.87,1,0,0,1,1
31.26,177.4,7.22,284,10.7,48.33,0.158,499,84.28,39.75,82.8,0,0,0,1,0
38.72,214.69,6.83,354,6.24,5.24,0.077,229,57.76,74.36,20.3,1,1,0,0,2
28.92,266.71,7.84,317,7.87,39.7,0.098,271,91.01,47.92,85.78,1,0,1,1,0
35.87,250.74,8.91,12,6.98,21.99,0.178,12,39.81,12.5,95.19,1,1,1,1,0
24.66,182.49,7.62,466,10.71,9.74,0.042,421,84.07,96.28,18.1,1,0,0,1,2
38.73,116.52,8.03,320,4.61,39.37,0.199,908,76.95,22.81,39.17,0,1,0,1,1
33.64,150.96,5.81,44,6.66,0.35,0.091,398,21.16,16.74,25.11,1,0,0,0,0
25.1,230.62,7.7,46,10.93,17.36,0.052,17,65.07,85.35,48.7,1,1,0,0,0
27.3,263.26,7.09,15,10.46,30.24,0.178,399,77.24,13.05,29.81,0,0,0,0,0
38.72,31.13,8.6,381,4.42,11.55,0.015,168,32.51,71.91,42.62,0,0,1,1,1
32.07,115.46,6.86,106,6.21,16.63,0.128,49,62.55,93.71,31.78,1,1,1,1,1
25.4,232.83,7.88,2,2.17,4.57,0.012,105,44.33,46.56,10.32,0,1,0,1,2
44.18,129.5,6.3,103,8.36,42.66,0.189,107,75.7,16.15,11.71,0,0,1,1,1
37.88,99.67,6.41,453,5.37,21.11,0.128,196,63.21,29.65,56.34,0,0,1,0,0
43.93,123.4,6.82,94,2.14,7.26,0.08,218,69.72,95.35,56.22,1,1,1,0,2
30.68,180.85,6.56,132,7.1,9.95,0.085,127,25.8,51.88,13.25,1,1,0,1,1
31.88,299.94,6.39,409,13.12,13.76,0.033,705,31.02,58.72,72.95,1,1,1,0,1
42.45,147.9,5.67,347,13.08,11.47,0.072,40,64.17,24.05,12.42,1,0,1,0,0
33.13,62.55,8.43,270,6.47,25.17,0.181,369,34.49,92.62,53.79,1,0,1,0,0
37.68,48.85,5.73,200,7.39,45.26,0.161,631,59.9,56.54,45.57,1,1,0,1,1
26.3,12.7,8.61,253,4.91,9.2,0.132,538,75.2,57.6,89.47,0,0,1,1,0
31.17,167.65,5.94,182,2.82,22.67,0.194,698,84.78,61.84,61.88,0,1,0,1,1
23.09,163.37,5.73,149,10.33,33.2,0.115,320,31.44,79.06,84.02,0,0,1,0,1
25.15,61.57,7.47,36,11.6,9.19,0.035,382,79.35,28.27,99.85,1,1,1,0,0
20.02,208.6,7.26,468,12.56,7.7,0.143,141,49.05,94.81,25.97,1,1,0,0,0
20.98,222.33,7.22,489,13.22,7.77,0.118,930,74.31,25.79,15.65,0,0,1,0,2
44.43,77.73,7.51,412,12.99,44.1,0.087,278,31.62,27.77,79.7,1,1,0,1,0
26.06,103.23,6.5,409,2.33,35.56,0.029,490,61.21,11.12,66.84,0,1,0,1,1
36.58,297.14,7.82,325,13.74,16.82,0.136,21,87.0,11.77,67.07,0,1,1,0,0
40.98,112.28,7.26,138,6.55,45.13,0.089,538,28.51,48.6,38.46,1,0,1,1,0
33.77,228.24,6.67,99,12.63,47.68,0.116,433,86.21,26.47,19.22,0,0,0,1,1
23.83,135.82,8.39,403,7.29,19.91,0.063,24,56.22,29.07,74.91,1,1,1,0,1
38.2,238.0,8.05,235,7.07,25.52,0.031,865,85.86,98.91,58.9,1,0,1,0,1
35.01,230.71,6.88,83,2.13,17.9,0.072,181,96.67,93.64,55.13,0,0,1,1,0
38.28,200.33,8.47,346,2.63,11.38,0.17,688,32.77,39.02,76.24,1,1,1,0,0
39.24,256.43,8.72,453,10.06,39.0,0.032,858,73.97,40.88,98.98,0,1,1,0,0
44.39,281.77,7.38,32,13.25,32.45,0.094,994,38.81,36.29,76.62,1,0,0,0,2
34.34,173.99,6.25,120,4.69,18.34,0.06,340,30.84,89.4,94.11,0,0,1,0,1
28.54,71.24,8.71,29,3.13,0.72,0.192,102,70.25,18.85,45.87,0,1,1,0,2
36.21,119.59,6.16,433,4.57,38.18,0.017,898,28.64,62.57,90.83,1,1,1,0,0
21.71,227.49,5.67,33,4.55,23.87,0.049,664,57.21,26.77,75.46,0,0,0,0,2
42.43,195.27,6.65,132,5.52,3.65,0.09,494,70.88,78.23,43.45,1,0,1,0,1
22.98,53.34,8.04,207,3.14,6.23,0.049,323,59.97,66.82,55.8,1,0,0,1,2
28.2,15.37,8.73,139,4.83,31.42,0.141,824,75.77,44.91,28.22,0,0,1,1,2
40.39,204.89,7.73,75,13.06,27.32,0.074,782,84.11,18.83,17.32,1,0,0,0,2
34.93,75.32,8.83,74,12.68,12.02,0.156,706,89.78,79.07,52.07,1,1,0,1,0
29.84,149.9,5.82,307,5.8,6.99,0.11,650,64.79,16.93,99.39,0,1,1,1,1
31.84,224.02,5.71,306,13.96,44.24,0.085,91,42.13,34.64,88.34,1,0,0,1,2
41.36,168.8,7.61,404,5.58,6.74,0.073,514,60.77,32.83,11.5,0,1,1,0,2
28.5,24.99,8.88,454,10.66,4.28,0.044,124,51.02,62.07,97.29,0,1,0,1,0
41.74,55.67,7.26,57,9.73,31.0,0.051,529,38.07,56.24,52.2,1,0,0,0,0
22.2,65.8,5.68,97,2.77,12.63,0.035,877,62.33,35.18,26.1,0,0,1,0,2
39.42,77.36,6.27,124,6.11,32.83,0.17,692,21.81,48.73,92.34,0,1,1,0,0
41.19,169.62,6.36,447,13.42,24.45,0.11,264,68.45,49.27,93.24,0,1,0,1,2
24.55,151.19,6.68,348,2.61,10.56,0.097,638,85.73,61.62,86.22,0,1,0,1,2
30.76,60.95,5.65,133,4.1,3.48,0.064,334,99.95,90.84,65.92,1,0,0,1,1
24.14,20.27,8.67,483,13.65,3.53,0.103,103,93.73,22.77,31.29,1,1,1,0,0
37.67,51.43,7.3,225,2.48,29.29,0.177,839,27.19,60.19,31.69,1,1,1,0,0
33.38,295.31,7.85,432,7.36,37.91,0.171,935,32.99,11.65,96.9,0,0,1,0,2
35.88,140.56,5.74,199,13.02,34.48,0.12,439,31.09,72.84,35.09,0,1,0,1,0
24.91,260.2,5.69,36,13.32,29.64,0.106,781,64.67,67.64,48.02,0,1,1,0,1
25.29,254.63,7.55,137,13.75,10.55,0.045,357,23.67,72.46,77.75,1,1,0,1,2
21.04,153.46,8.61,207,7.78,43.09,0.139,700,94.96,52.74,84.11,1,1,1,0,1
28.05,212.01,7.35,193,3.04,31.44,0.171,780,24.95,26.82,47.02,0,0,1,1,2
33.99,57.83,8.57,55,11.27,34.71,0.061,998,51.3,50.33,45.61,0,0,0,0,0
41.45,206.52,8.34,338,10.51,11.19,0.087,762,91.52,12.12,42.13,0,0,1,0,1
36.67,81.72,5.77,326,8.96,13.07,0.021,942,95.87,44.33,44.95,0,0,1,1,2
30.88,249.62,6.21,321,12.66,45.38,0.172,329,57.22,85.47,78.25,1,1,1,1,2
43.83,25.12,7.8,300,12.94,23.8,0.02,619,59.07,40.47,15.57,0,1,0,0,1
37.98,231.94,7.05,86,10.2,27.69,0.141,733,70.89,63.26,82.01,1,0,1,0,0
43.25,29.98,6.52,94,3.35,5.54,0.037,388,52.61,33.5,29.33,0,0,0,0,0
33.19,264.36,6.97,195,3.15,19.73,0.147,341,45.97,22.08,24.53,0,1,1,0,1
26.47,91.26,7.06,191,6.9,44.35,0.129,866,79.15,56.88,20.87,1,0,0,0,2
21.32,196.32,8.69,143,5.51,45.01,0.138,260,67.63,13.22,31.2,1,1,1,0,2
38.15,146.25,5.86,9,3.6,36.51,0.127,761,58.53,91.4,85.05,1,1,0,1,2
23.03,109.89,6.48,240,9.33,27.28,0.079,395,28.06,79.95,58.42,1,1,0,0,2
27.57,193.63,7.38,148,10.2,46.54,0.124,930,25.51,99.81,34.21,0,0,1,1,2
33.31,284.26,7.94,475,10.38,43.59,0.047,596,60.87,99.39,26.74,0,0,0,0,0
34.11,12.38,7.71,493,4.1,42.32,0.055,409,69.55,75.61,79.26,1,0,1,1,1
35.01,275.66,8.8,139,5.67,44.09,0.013,384,72.6,79.9,55.49,1,0,1,0,2
24.16,182.72,8.28,12,4.39,22.66,0.123,752,91.59,57.53,20.83,0,1,0,0,2
29.49,242.19,7.45,253,9.22,26.27,0.168,137,85.3,29.67,43.77,1,0,0,0,1
35.43,115.16,6.25,499,8.8,21.2,0.076,254,31.26,82.76,50.05,0,0,1,0,1
44.25,141.55,7.08,487,8.04,37.0,0.042,421,83.55,34.27,41.86,1,0,0,1,2
38.19,260.66,7.93,80,5.55,29.6,0.165,151,74.1,68.5,33.87,0,0,0,1,0
43.07,124.45,8.43,209,4.84,3.48,0.129,115,86.24,75.78,39.61,1,1,1,0,1
39.06,160.4,8.86,372,12.68,6.83,0.179,734,87.47,60.79,76.51,0,0,0,1,2
34.79,6.06,7.62,393,2.59,9.62,0.001,748,47.64,69.65,95.77,0,0,1,1,1
24.8,47.58,7.34,377,9.88,33.53,0.08,46,41.06,36.36,12.33,0,0,1,0,2
36.67,192.51,5.56,219,2.23,5.49,0.18,854,64.21,78.45,66.41,1,1,1,1,0
35.58,215.09,5.75,396,4.33,27.04,0.135,852,43.89,94.92,16.55,0,1,1,1,1
35.06,174.78,6.05,417,5.47,42.04,0.094,257,47.97,53.56,28.2,0,1,0,0,0
32.24,42.99,5.69,58,12.64,47.38,0.083,372,25.53,20.89,59.0,1,0,1,0,0
33.22,133.62,6.9,127,3.65,21.41,0.179,606,99.31,65.77,81.45,1,0,1,0,1
28.36,106.53,6.68,304,13.25,26.67,0.166,379,44.74,40.73,49.2,0,1,0,1,0
32.98,148.7,7.73,261,11.79,41.58,0.002,641,82.41,47.72,89.15,1,0,1,0,0
24.94,261.1,7.37,267,10.15,46.79,0.024,157,99.45,23.65,74.42,1,0,0,1,2
40.13,232.76,7.59,28,6.94,19.49,0.102,152,97.53,66.32,27.44,0,1,1,1,0
24.64,25.2,7.15,332,12.86,17.65,0.023,368,70.71,80.85,71.76,0,0,0,1,2
22.12,267.09,6.47,379,8.34,22.54,0.055,594,63.09,78.98,38.65,1,0,1,0,2
30.91,141.53,8.83,281,6.45,12.69,0.167,189,44.74,99.45,79.0,1,0,0,1,1
36.46,223.16,5.8,67,9.03,42.98,0.077,765,88.92,29.1,30.75,0,1,0,0,2
30.94,42.01,8.79,206,4.79,15.91,0.09,256,47.04,92.27,23.0,0,1,1,0,0
26.92,201.22,6.59,271,5.27,22.47,0.035,868,28.54,75.94,67.4,1,1,0,1,2
33.95,70.9,7.29,308,13.03,16.0,0.12,475,43.53,73.67,65.5,1,1,0,0,2
28.68,131.51,5.88,402,11.53,5.95,0.024,190,45.21,71.54,61.62,0,1,1,1,1
43.32,5.06,5.75,174,8.16,30.33,0.126,979,77.48,58.45,31.89,0,1,1,1,2
43.07,45.48,7.0,217,7.0,29.38,0.149,186,33.56,44.08,28.54,0,1,0,0,2
32.56,27.62,8.1,159,11.69,14.75,0.175,623,45.35,94.9,92.12,1,0,1,1,0
28.2,71.92,6.44,325,8.85,1.57,0.116,309,26.13,23.6,57.94,1,0,1,1,1
38.43,30.01,7.47,243,6.98,46.84,0.066,964,87.87,25.84,46.59,1,0,1,0,0
20.92,207.57,6.48,252,8.19,17.78,0.17,438,77.98,11.5,83.75,0,0,1,0,0
31.87,8.71,6.86,453,4.79,26.94,0.119,605,55.0,76.54,14.57,1,1,1,0,1
28.41,185.32,8.67,188,4.42,7.19,0.072,982,54.4,90.46,70.84,1,0,1,0,1
43.01,42.21,8.5,260,13.87,12.56,0.065,297,33.31,26.74,23.27,0,1,0,1,2
20.3,283.55,7.31,442,13.64,21.76,0.064,986,50.76,13.1,30.35,0,1,1,1,1
33.82,279.93,6.33,385,7.05,28.11,0.011,820,92.55,31.97,67.55,0,1,0,0,2
38.52,67.65,6.18,499,8.18,42.7,0.02,233,31.09,89.53,35.17,0,0,0,1,1
32.13,184.33,8.84,129,11.93,14.52,0.018,64,81.2,11.46,80.02,0,0,0,0,2
22.14,8.4,6.21,484,10.71,43.59,0.062,648,23.77,19.1,56.67,0,1,0,1,0
44.31,279.54,8.33,2,3.19,22.92,0.095,113,44.93,12.25,39.07,0,1,1,1,1
32.95,156.9,6.79,453,6.5,21.63,0.03,198,87.76,94.88,87.82,0,1,0,1,1
35.35,12.97,8.95,350,5.0,19.82,0.166,50,55.6,22.2,66.6,1,1,0,1,1
25.92,102.75,6.79,42,13.91,44.31,0.013,217,76.22,91.04,47.91,1,1,1,0,0
32.09,23.05,6.73,132,10.98,12.55,0.189,373,28.28,52.61,50.81,1,0,0,1,2
30.73,117.88,7.73,177,2.57,42.87,0.015,15,74.67,45.54,34.17,1,0,1,1,2
21.87,200.98,8.87,493,12.8,4.46,0.179,436,85.52,48.39,19.76,1,0,0,1,2
22.65,140.97,8.92,265,13.14,47.77,0.052,837,84.42,47.68,37.23,1,0,1,0,2
40.94,115.12,7.98,410,6.0,25.15,0.197,189,55.11,40.76,33.79,0,1,1,0,0
26.0,35.75,8.14,23,9.7,49.95,0.104,745,92.33,82.97,40.21,1,1,1,1,0
24.87,73.48,7.47,21,10.18,30.4,0.004,36,66.0,55.72,52.23,0,1,1,0,0
32.62,30.04,8.15,344,10.75,5.88,0.057,444,85.43,99.19,15.67,1,0,0,1,2
39.22,242.25,8.51,2,10.32,3.04,0.188,696,37.08,56.6,19.54,1,0,0,1,0
21.55,40.57,7.2,399,8.72,9.67,0.06,172,36.82,83.66,75.65,0,0,1,0,1
34.42,178.61,7.67,157,13.45,21.06,0.072,331,80.35,77.06,26.51,0,0,1,0,2
22.98,102.82,7.38,367,8.15,37.36,0.009,87,71.73,46.1,40.51,0,0,0,1,2
20.91,67.79,7.47,426,3.33,0.04,0.051,637,74.1,80.98,67.33,0,0,0,1,0
21.32,191.84,8.62,3,2.97,12.87,0.052,784,38.93,23.95,97.93,1,1,1,1,2
40.85,137.1,6.74,106,2.22,29.38,0.143,253,51.97,28.3,21.97,0,1,1,1,2
22.95,120.04,6.23,295,7.14,14.89,0.101,888,40.67,65.7,78.16,0,1,1,1,1
21.13,177.86,7.1,271,5.28,17.85,0.032,385,25.45,74.04,54.22,0,0,0,1,2
30.95,147.38,6.23,231,12.74,15.04,0.159,478,36.32,67.94,18.44,0,1,1,1,1
41.1,91.05,7.24,360,12.41,47.66,0.122,804,99.61,55.85,25.21,0,0,1,1,2
26.56,167.72,8.66,237,12.05,3.29,0.054,949,38.72,22.38,72.48,0,0,1,1,0
30.54,200.85,7.66,71,12.41,45.38,0.045,937,32.74,43.55,89.15,1,1,1,1,1
21.0,8.01,8.49,87,5.57,16.16,0.185,284,75.75,64.44,11.09,1,1,1,0,1
31.23,139.76,6.08,15,7.11,12.33,0.127,832,68.17,30.35,30.06,0,1,1,0,0
34.44,17.3,8.65,373,5.74,44.16,0.161,747,79.68,67.41,42.22,1,0,1,1,1
34.27,55.92,7.61,90,3.03,14.35,0.045,205,72.29,31.09,98.99,1,1,0,1,1
28.31,168.15,5.61,449,13.09,49.37,0.118,374,37.84,18.81,68.7,0,1,1,1,0
27.89,259.86,7.72,438,9.39,27.4,0.011,935,60.07,39.19,42.47,0,1,0,0,0
22.67,264.84,8.83,19,3.59,23.82,0.119,112,34.13,34.55,28.15,0,0,0,1,0
29.17,20.98,5.78,434,4.47,48.82,0.041,778,40.28,82.94,30.41,1,1,1,0,2
22.49,125.73,7.54,211,7.41,11.34,0.134,953,98.95,53.53,14.45,0,1,1,1,1
39.16,174.9,8.7,83,2.62,45.45,0.186,223,78.29,15.76,99.52,1,1,0,0,0
44.16,44.12,5.53,338,5.26,29.58,0.092,275,82.63,83.4,98.4,1,1,0,0,0
44.25,229.63,7.71,440,10.44,37.75,0.061,705,22.4,34.18,11.01,1,1,1,1,2
41.63,223.27,7.16,125,13.04,29.1,0.025,414,50.57,61.11,34.37,1,1,1,1,2
35.02,271.0,6.71,50,13.14,30.93,0.134,388,64.42,58.74,11.84,1,0,1,1,2
37.52,2.55,7.7,17,8.24,7.75,0.117,351,31.97,97.44,37.16,0,1,0,1,2
27.13,65.01,5.68,460,5.75,7.58,0.109,49,87.88,32.94,91.11,0,1,0,0,2
35.77,248.16,8.14,336,13.05,19.86,0.187,904,31.17,23.07,88.73,0,0,1,1,2
31.39,201.17,5.52,442,11.44,17.32,0.196,40,70.92,33.26,71.65,1,1,1,0,0
32.05,268.32,6.57,352,9.05,35.6,0.143,510,64.25,61.88,98.84,0,0,0,0,1
38.94,17.15,7.26,116,12.01,36.14,0.039,521,87.95,29.58,77.14,0,0,1,1,0
27.05,179.09,6.82,123,7.51,28.19,0.189,692,44.94,40.64,31.73,0,0,1,1,0
27.95,170.71,6.58,27,3.35,20.1,0.069,867,42.73,69.22,85.14,0,0,0,0,0
43.12,10.7,8.41,452,13.26,33.84,0.016,176,87.71,20.48,55.71,1,0,1,1,2
21.41,154.06,8.77,411,8.41,34.37,0.048,409,37.71,95.08,55.36,1,0,1,0,0
32.14,182.86,8.56,344,10.34,40.46,0.166,107,79.68,57.91,84.96,1,0,1,0,0
42.82,57.39,7.33,467,6.71,40.59,0.041,578,35.29,53.52,58.09,0,0,0,0,2
35.26,82.0,8.59,468,3.63,3.48,0.079,35,90.06,42.67,39.45,0,1,1,0,0
33.66,192.1,8.72,140,5.26,18.7,0.055,406,87.13,32.11,93.59,0,0,0,1,2
26.24,140.49,6.93,5,2.52,21.0,0.01,349,83.0,53.51,16.62,0,1,0,1,0
28.58,257.4,6.49,156,3.05,42.35,0.112,166,59.32,53.76,69.2,0,0,0,0,2
41.3,102.71,5.84,105,4.46,25.09,0.126,314,22.71,15.05,80.69,0,0,1,0,1
33.98,80.0,7.18,118,8.73,24.44,0.158,790,30.6,86.26,14.61,0,1,0,0,1
32.87,295.46,8.81,136,13.91,27.69,0.083,278,56.53,83.87,31.09,0,0,1,1,0
22.49,273.34,7.46,28,12.12,6.36,0.028,938,23.49,50.3,30.09,1,1,1,1,0
20.4,8.7,7.84,165,3.03,28.26,0.13,611,25.08,40.31,90.03,0,0,0,0,1
44.09,231.22,5.9,64,12.11,27.58,0.178,792,30.04,54.9,68.53,1,1,1,0,0
29.42,33.1,6.0,55,8.44,37.72,0.024,339,40.87,29.93,29.53,1,1,0,0,1
35.08,8.25,7.13,285,9.92,31.71,0.037,59,79.95,10.08,91.88,1,0,1,0,0
21.99,82.11,8.83,369,3.56,47.75,0.066,101,23.84,41.89,31.93,1,0,0,0,2
37.08,80.8,6.76,95,6.75,4.01,0.13,672,98.69,11.62,69.58,0,0,1,1,0
43.31,245.8,8.57,376,12.61,38.58,0.105,160,41.91,13.66,50.72,1,1,1,1,2
34.39,213.2,5.92,442,7.1,37.58,0.142,997,45.62,12.65,18.79,0,0,0,0,1
23.15,294.48,7.66,214,3.53,13.47,0.006,704,39.83,89.21,77.79,0,1,1,0,0
34.54,213.45,7.6,230,5.73,34.93,0.162,814,68.19,22.92,39.49,0,1,1,0,1
39.16,125.48,8.51,57,4.66,32.97,0.197,544,21.55,32.89,42.4,1,0,0,1,2
30.16,209.68,5.51,393,10.24,14.94,0.009,293,27.49,54.12,29.31,1,1,1,1,2
42.0,299.84,6.16,491,12.93,36.19,0.099,151,27.9,57.64,82.38,1,1,0,1,2
36.22,213.04,6.27,404,10.8,46.53,0.148,456,73.16,20.99,24.4,1,1,0,1,2
42.48,228.5,8.82,183,12.12,15.26,0.095,350,46.36,91.86,29.64,1,1,1,0,1
35.59,281.51,6.04,281,11.67,49.0,0.119,869,55.0,30.8,46.6,0,0,0,1,1
23.28,34.1,5.63,270,2.18,11.21,0.184,816,96.0,94.83,23.39,0,1,0,1,1
27.74,211.44,7.37,208,3.49,6.73,0.108,987,36.0,33.12,20.15,0,0,0,0,0
25.04,255.24,7.35,162,7.08,3.85,0.047,726,25.62,10.23,56.95,0,0,1,0,2
42.72,286.31,8.45,88,3.35,10.68,0.148,797,55.31,97.47,95.82,1,1,0,0,0
39.01,63.29,8.82,270,10.82,17.13,0.075,465,33.13,53.53,82.16,1,0,0,1,0
36.91,151.18,7.38,96,2.84,36.66,0.057,502,31.57,89.09,25.94,0,1,0,1,0
27.52,204.17,8.75,74,6.99,3.6,0.05,57,52.81,76.09,62.88,0,0,0,1,2
24.6,74.24,8.04,87,6.71,25.36,0.016,729,73.57,26.11,81.42,0,0,1,1,0
38.91,180.14,6.43,5,8.52,25.94,0.187,883,39.43,86.07,23.04,1,0,0,0,0
31.85,77.27,8.75,155,9.55,11.4,0.113,352,90.08,14.6,17.37,0,0,1,1,0
25.64,100.04,7.84,62,13.36,2.27,0.191,954,49.0,55.68,90.2,1,1,1,0,2
35.42,132.46,6.95,28,5.25,11.26,0.172,632,94.72,32.87,32.05,0,0,0,1,2
21.01,158.76,7.88,303,9.99,11.52,0.006,143,59.39,42.54,54.81,0,1,0,0,2
28.15,134.81,6.9,190,2.42,34.4,0.049,988,78.14,78.13,28.79,1,0,1,1,0
31.71,147.96,5.9,441,2.01,11.69,0.063,655,87.92,71.5,14.29,1,1,1,0,1
23.7,89.58,8.02,404,2.3,17.01,0.098,416,62.38,49.61,56.19,0,0,0,0,0
44.62,47.69,8.38,203,7.39,2.37,0.143,294,88.03,14.13,49.16,0,1,0,0,0
25.23,14.2,8.05,277,8.66,31.2,0.136,557,50.24,13.59,75.38,1,1,1,1,1
23.26,58.79,6.3,26,2.07,23.71,0.197,494,49.07,73.2,87.17,1,1,0,0,1
25.09,174.58,8.85,84,6.76,17.25,0.185,421,83.53,95.39,22.75,0,1,0,1,0
39.23,235.83,5.59,334,2.49,35.14,0.037,150,39.3,86.25,25.45,1,0,1,1,2
30.64,50.77,6.66,440,9.84,34.11,0.172,25,77.36,21.0,95.52,0,1,0,0,2
34.14,32.57,6.41,209,9.57,16.4,0.169,816,26.17,20.91,47.62,0,0,1,0,0
20.53,224.79,5.67,137,11.41,35.47,0.115,592,70.85,64.95,95.74,1,0,1,1,0
20.86,91.55,6.92,277,8.56,17.41,0.068,613,95.35,69.19,40.46,0,1,0,0,2
31.15,285.45,7.68,171,9.48,11.1,0.042,620,56.52,65.48,41.29,1,0,0,0,1
40.42,214.3,8.59,339,5.35,35.99,0.042,279,53.28,89.69,73.63,0,0,0,0,1
42.13,98.03,8.96,338,3.03,36.4,0.068,638,63.24,30.79,18.73,1,0,0,0,1
22.17,86.86,8.33,155,10.85,43.29,0.101,618,77.57,25.51,47.17,1,1,0,1,1
33.46,157.11,7.14,228,9.34,25.05,0.117,850,48.71,92.28,44.24,1,0,1,1,0
42.83,23.74,8.03,305,13.26,11.62,0.065,169,20.01,74.99,13.18,1,1,1,0,2
29.7,35.3,8.45,178,13.87,41.84,0.071,125,60.17,74.06,38.14,1,0,1,1,0
40.74,52.76,7.13,246,12.17,8.73,0.003,538,53.54,40.18,45.87,0,0,0,1,0
23.34,232.42,8.25,491,13.83,46.93,0.0,129,62.62,66.51,15.22,0,1,1,1,0
43.38,154.16,7.19,384,9.77,15.33,0.181,627,77.22,75.4,11.81,0,0,0,1,0
38.79,3.17,6.85,161,3.1,0.94,0.003,135,42.67,64.02,63.99,0,1,1,0,1
43.53,202.05,7.34,162,3.08,9.34,0.007,846,60.42,76.26,28.53,1,0,1,0,2
36.92,127.11,7.87,217,11.69,20.74,0.041,380,40.27,63.1,42.63,0,1,0,1,2
29.09,153.26,8.04,316,4.84,2.76,0.149,680,56.75,98.38,17.21,0,0,1,1,1
43.45,64.23,6.75,285,2.73,20.48,0.136,140,47.56,54.28,19.08,1,1,0,0,0
26.89,165.53,7.5,75,7.67,10.14,0.129,90,49.52,11.12,23.9,1,1,0,1,2
28.3,293.75,8.68,461,5.78,0.95,0.115,661,66.35,24.7,12.68,1,0,1,0,2
37.52,22.03,8.92,486,9.06,14.95,0.04,886,75.17,96.77,78.61,0,1,1,0,0
39.13,85.18,6.3,451,9.2,11.32,0.08,46,21.01,52.26,91.55,0,1,0,0,2
43.24,72.9,6.17,203,10.18,20.99,0.096,302,90.13,20.85,56.99,0,0,1,0,0
25.12,74.56,7.87,215,8.92,37.95,0.116,576,49.15,24.02,83.48,0,0,1,1,0
39.95,113.61,6.95,423,6.57,25.49,0.04,196,71.49,12.61,22.2,0,0,1,1,2
38.46,245.43,5.58,222,2.28,38.4,0.146,412,29.79,30.37,50.43,0,0,1,0,0
21.59,273.86,6.71,192,12.86,16.83,0.062,334,65.72,98.8,22.87,1,1,1,0,1
29.68,60.66,8.32,292,5.92,0.66,0.132,373,74.28,39.59,99.58,0,1,1,0,1
27.07,162.88,8.29,191,8.09,46.11,0.103,797,32.6,32.52,15.23,0,0,1,1,2
27.61,191.07,7.23,384,8.68,15.74,0.118,761,92.97,70.09,49.96,0,0,0,0,2
44.57,156.55,7.15,398,5.78,26.34,0.083,301,80.6,70.68,20.1,0,1,1,0,0
36.07,130.22,7.53,268,5.7,23.46,0.089,261,62.71,97.11,16.18,1,0,1,1,1
37.94,57.59,6.27,412,5.13,29.15,0.174,901,33.29,75.66,76.15,1,1,0,1,2
44.42,146.47,7.34,438,4.92,44.25,0.095,598,89.24,19.9,17.21,1,0,1,1,0
29.43,120.36,5.54,300,2.36,43.36,0.159,563,25.49,98.7,12.16,0,0,0,1,1
40.05,238.67,7.16,259,13.49,49.05,0.079,4,29.21,77.52,95.47,1,0,1,1,1
30.86,229.08,6.68,191,9.14,26.42,0.14,725,75.85,33.33,26.63,0,0,0,1,2
41.74,40.2,7.86,270,3.3,46.12,0.047,552,40.31,33.51,86.0,0,1,1,0,2
24.52,26.56,7.73,491,9.1,24.12,0.183,915,56.75,96.4,95.77,0,0,0,1,0
43.69,272.45,6.83,103,4.79,2.22,0.193,403,63.11,27.34,77.68,0,1,1,1,2
25.47,160.65,5.53,431,5.73,7.31,0.18,678,56.66,30.48,19.34,1,1,0,0,1
28.16,257.34,6.38,203,11.61,16.7,0.069,29,26.71,42.3,25.34,1,0,0,1,0
38.9,17.45,7.72,183,12.63,36.27,0.055,559,79.0,71.15,26.12,0,0,1,1,1
29.84,157.95,5.75,216,10.4,4.07,0.036,720,39.2,48.68,68.85,0,1,1,0,2
35.21,161.83,5.88,90,13.19,18.08,0.175,699,79.08,38.01,26.16,0,0,1,0,2
31.11,258.21,7.76,197,12.86,49.12,0.024,634,89.22,34.09,12.7,1,0,0,0,0
38.56,29.28,8.15,470,8.61,39.28,0.128,150,62.91,21.26,51.27,1,1,0,1,2
25.71,72.13,6.63,398,12.89,28.6,0.066,359,76.51,59.16,63.02,0,0,1,1,2
21.46,121.96,7.21,38,8.54,3.09,0.038,955,22.96,34.61,51.44,1,1,1,1,1
27.5,259.75,8.81,196,3.25,0.73,0.037,689,22.94,39.83,54.02,0,1,1,0,1
31.86,281.66,8.81,470,11.95,5.26,0.174,883,35.77,10.7,51.11,0,0,1,1,1
24.2,297.82,6.58,78,3.57,16.36,0.172,12,48.67,57.81,33.89,1,1,1,0,0
28.87,287.76,8.33,216,5.79,30.32,0.054,109,34.62,72.68,96.03,1,1,1,0,2
30.0,1.78,7.58,315,6.56,9.87,0.007,995,70.8,93.48,85.43,1,1,0,1,1
21.43,14.31,8.91,93,11.69,2.56,0.174,745,42.15,27.74,39.06,1,0,1,0,2
34.58,44.28,7.17,171,3.0,4.54,0.011,969,87.66,92.74,13.57,1,1,0,0,2
42.11,104.66,8.21,42,7.34,21.34,0.017,37,64.85,42.5,87.22,0,0,1,1,1
23.79,248.98,8.19,131,7.24,38.66,0.164,806,50.25,82.22,76.8,0,0,0,1,0
34.95,267.8,7.24,76,8.99,41.05,0.163,358,91.45,90.71,17.31,0,1,1,0,1
36.62,56.05,8.28,433,6.25,14.55,0.04,451,86.27,96.52,72.82,0,1,0,1,2
30.48,185.9,6.41,231,8.93,33.17,0.008,402,85.6,39.29,50.74,0,1,1,1,1
37.53,275.21,5.93,38,13.83,19.64,0.013,691,78.27,33.44,21.73,1,0,0,0,1
30.27,139.12,6.99,53,2.86,48.63,0.091,424,69.14,49.56,75.22,0,1,0,0,2
32.62,31.06,8.8,150,12.5,20.25,0.084,121,49.35,59.92,42.01,0,1,1,0,2
20.18,137.34,7.25,187,5.7,19.8,0.036,91,53.81,72.16,91.94,0,0,0,1,0
37.29,112.74,7.72,463,7.59,25.08,0.182,26,71.77,72.27,13.86,1,0,1,0,2
36.53,173.3,7.68,418,10.89,1.28,0.11,918,33.83,20.5,94.36,0,1,1,0,0
20.96,131.6,5.96,309,12.92,20.9,0.161,382,86.23,65.06,17.92,0,0,1,1,0
29.21,5.2,6.87,185,2.11,41.44,0.021,18,95.09,25.11,13.25,0,1,0,1,1
44.48,298.2,7.97,317,9.95,30.6,0.195,335,27.84,74.02,62.36,1,1,0,1,2
30.52,163.06,8.9,463,2.83,48.47,0.162,418,21.8,97.89,64.95,1,0,0,0,1
32.55,142.09,6.09,431,8.31,16.28,0.058,388,31.42,79.38,27.79,0,0,1,0,2
42.75,286.39,6.94,134,11.0,8.08,0.004,599,80.79,72.53,88.84,1,1,0,0,1
37.93,46.76,5.83,172,4.03,37.53,0.033,900,28.63,16.97,82.18,1,1,1,1,0
34.55,56.77,6.35,268,11.17,2.18,0.084,92,49.78,26.62,35.43,1,1,0,1,2
39.95,242.4,6.82,436,5.71,7.98,0.001,261,25.05,41.97,49.88,1,0,1,1,2
41.61,78.25,7.39,114,9.33,25.35,0.008,40,54.6,94.01,80.5,0,0,1,1,1
31.42,239.77,6.31,497,9.9,37.68,0.02,808,68.31,39.78,85.0,0,0,1,1,0
31.88,81.46,6.3,220,9.79,30.05,0.162,693,70.28,83.24,81.66,0,0,1,1,0
29.65,9.96,8.22,38,2.22,49.74,0.109,427,61.51,19.34,34.11,1,0,1,1,0
44.17,155.1,8.87,339,3.83,32.75,0.038,751,95.05,69.58,78.88,1,1,1,0,2
37.43,59.01,6.63,241,12.27,36.25,0.053,47,62.49,80.12,66.93,1,1,1,0,0
22.08,227.35,7.91,220,13.28,49.7,0.128,420,88.74,58.86,57.36,1,1,1,0,2
41.57,192.36,6.4,145,8.76,29.62,0.064,604,99.44,79.02,96.72,1,0,1,0,0
32.01,277.08,8.75,405,9.16,35.73,0.136,183,38.38,75.13,63.82,0,0,1,1,0
21.72,234.9,7.86,163,11.06,14.92,0.156,255,41.24,52.93,88.19,0,1,1,0,0
33.74,54.23,8.31,360,6.87,26.84,0.061,544,61.75,87.9,77.71,0,1,0,1,2
30.43,240.05,5.67,436,5.94,45.6,0.073,218,34.59,40.75,14.06,1,0,0,0,1
41.94,192.52,7.59,367,11.22,42.67,0.01,418,65.13,48.29,34.02,1,1,0,0,1
25.1,200.69,7.35,483,2.34,15.31,0.164,101,74.75,58.59,64.82,0,1,1,1,2
40.66,249.68,6.53,327,12.62,17.86,0.121,999,24.83,21.76,49.45,0,1,1,0,1
33.94,172.15,6.42,258,7.29,42.32,0.178,367,74.51,56.38,95.99,0,1,1,1,0
21.37,139.8,7.53,189,8.05,14.23,0.038,901,32.76,39.17,62.53,1,1,0,1,1
44.3,190.99,7.97,412,9.61,44.38,0.192,301,43.95,33.1,93.62,0,1,1,1,0
32.82,89.39,5.62,328,5.29,38.69,0.141,585,79.1,61.92,28.53,0,1,1,0,0
27.27,54.78,7.49,263,9.17,7.62,0.039,35,33.09,39.66,90.8,1,1,1,0,1
31.74,184.98,6.1,221,10.32,35.99,0.093,427,62.53,87.0,58.34,1,0,0,1,0
41.45,70.15,5.99,331,3.42,41.72,0.14,134,67.13,46.9,29.27,0,0,0,1,2
27.62,23.97,7.68,173,8.25,7.22,0.003,902,33.15,47.17,45.12,1,1,0,1,2
24.82,0.17,6.59,91,5.95,22.87,0.156,284,41.98,98.37,97.19,1,0,0,1,1
23.23,182.5,7.04,439,8.69,43.13,0.19,719,68.52,40.74,96.35,0,1,0,1,1
27.45,108.64,6.76,105,2.26,9.93,0.016,576,56.9,21.83,11.98,0,0,0,0,0
39.5,225.69,7.77,244,10.91,22.45,0.18,315,72.8,88.89,37.67,0,1,1,0,0
31.79,112.55,7.15,304,4.02,30.64,0.093,367,88.38,92.53,90.94,1,0,0,1,1
25.69,145.8,8.87,42,10.27,4.86,0.103,290,30.8,30.38,12.93,1,0,1,0,2
24.15,122.13,6.73,393,11.23,10.6,0.168,238,25.65,89.39,96.12,0,1,0,1,1
28.32,195.17,8.09,396,11.03,23.34,0.118,696,73.34,54.51,44.92,1,0,1,1,1
43.5,106.84,6.4,440,11.81,18.68,0.07,28,81.65,13.91,20.33,0,0,0,1,0
28.58,289.13,7.28,257,5.69,16.24,0.147,805,55.94,59.39,37.1,0,0,0,1,0
44.7,280.84,7.43,320,13.61,1.32,0.028,204,51.51,86.39,82.73,0,1,0,0,1
32.13,254.41,6.65,85,2.29,46.4,0.133,499,67.74,45.7,99.86,1,0,1,1,2
24.48,276.09,7.15,96,7.77,43.57,0.155,231,64.12,59.59,22.04,0,1,0,0,2
42.28,134.74,6.48,463,5.24,19.63,0.067,907,59.21,22.66,67.38,1,1,0,0,0
31.51,160.93,5.52,425,10.88,9.07,0.194,854,85.5,85.8,93.28,1,0,1,1,0
37.74,222.63,6.25,441,11.66,3.45,0.128,621,33.88,19.62,90.97,0,0,1,1,0
44.59,208.84,7.95,476,11.87,6.16,0.019,591,74.5,18.5,44.5,1,1,1,1,1
21.25,267.2,8.2,265,5.56,30.1,0.193,697,79.31,94.02,87.92,0,1,0,1,0
22.42,214.9,6.48,62,5.29,36.7,0.149,845,92.1,88.61,27.24,1,0,1,1,1
38.01,299.37,6.93,102,10.12,7.82,0.139,335,95.61,61.74,66.89,1,1,1,1,2
27.05,104.55,5.63,253,13.14,5.64,0.051,389,60.63,19.55,63.82,1,0,0,1,1
24.61,249.9,6.33,454,5.05,34.55,0.095,547,54.69,59.14,80.46,0,1,1,1,1
20.98,209.29,8.23,316,12.93,25.85,0.18,51,60.31,92.85,30.61,1,0,1,1,0
20.55,207.42,7.62,0,9.1,18.59,0.062,855,78.61,65.11,66.6,0,1,1,0,1
39.36,97.75,6.22,153,10.86,36.25,0.085,370,21.37,27.84,64.94,0,1,0,1,0
23.36,235.68,6.4,492,7.28,22.78,0.051,794,33.93,91.52,17.58,0,0,0,1,2
31.69,270.11,8.36,260,11.68,23.26,0.043,536,92.61,87.89,39.75,0,0,0,0,2
35.15,65.56,6.23,34,13.65,0.79,0.009,167,35.63,59.19,28.67,1,0,1,1,0
30.71,187.65,6.67,380,4.05,15.8,0.147,931,38.28,86.7,99.96,1,0,0,1,1
20.68,117.64,7.83,396,6.63,0.25,0.018,955,95.16,15.07,99.15,1,0,0,0,1
39.59,296.86,7.46,26,12.35,46.19,0.106,796,43.54,51.51,32.72,1,0,1,1,0
20.26,143.65,7.11,395,4.12,14.7,0.01,350,43.24,26.03,82.77,1,1,1,1,1
39.05,68.5,8.65,349,6.96,9.03,0.197,514,93.9,85.38,83.48,1,1,1,1,1
42.33,114.56,6.27,305,3.99,4.54,0.142,652,50.01,97.41,94.23,1,0,0,1,1
30.82,196.15,8.09,223,9.78,2.33,0.126,323,59.52,93.76,21.63,1,1,1,0,2
33.39,22.83,6.06,186,4.86,44.3,0.037,138,64.83,55.3,70.08,1,1,1,0,2
31.92,181.08,7.66,158,6.57,8.43,0.106,431,89.46,55.99,28.53,1,0,0,0,1
29.73,279.37,8.55,68,7.89,30.87,0.101,974,26.21,91.74,69.19,1,0,1,1,0
42.19,255.11,7.1,164,5.57,32.56,0.072,827,40.87,74.96,88.5,1,1,0,1,2
42.35,20.3,8.04,257,10.16,15.88,0.031,1,66.96,16.71,17.31,1,1,0,1,1
28.4,298.02,8.37,101,3.33,41.66,0.073,334,54.77,21.55,67.33,1,0,1,1,0
35.38,209.62,5.98,454,12.56,10.7,0.122,965,42.26,95.66,58.38,0,1,0,0,0
43.17,48.68,7.97,192,7.78,3.57,0.097,878,52.77,42.93,25.8,1,0,0,1,1
44.05,3.72,8.72,258,8.87,3.43,0.114,780,97.3,26.86,31.38,0,0,1,0,0
32.72,51.38,7.52,403,9.47,15.02,0.114,546,21.68,76.2,56.85,1,1,0,1,1
31.32,251.45,6.15,385,2.72,23.16,0.049,818,31.76,89.17,87.44,1,0,1,0,0
26.97,6.49,5.94,297,11.08,31.47,0.022,747,21.49,28.59,70.77,1,0,0,0,2
43.97,69.94,6.41,298,13.35,36.44,0.104,107,67.47,32.63,12.47,0,0,1,0,0
23.57,227.19,5.86,20,8.24,8.93,0.178,624,21.03,90.99,21.36,1,1,0,0,0
34.5,175.83,7.3,44,6.69,34.2,0.199,55,56.32,11.19,89.44,0,0,0,0,0
27.06,234.82,5.74,479,11.42,9.13,0.157,39,88.74,91.72,68.74,1,0,1,1,2
26.98,223.85,6.28,495,10.64,49.86,0.044,504,27.78,13.53,11.63,0,0,0,0,1
30.12,15.18,7.04,275,9.81,47.95,0.126,972,49.21,18.59,63.65,0,0,0,1,2
44.97,267.75,7.16,170,13.58,5.12,0.048,698,50.24,87.6,25.17,0,1,0,1,0
21.37,68.11,7.48,177,8.98,32.76,0.115,11,48.98,32.36,92.79,1,1,0,0,0
34.46,166.02,7.97,222,4.98,45.16,0.096,783,78.2,30.22,21.02,1,0,1,1,0
22.06,193.29,5.67,298,2.3,4.04,0.076,948,20.35,85.97,16.93,0,0,1,1,2
23.86,50.59,5.78,480,7.44,6.2,0.128,234,82.4,58.8,68.03,0,1,0,0,2
30.99,292.87,5.71,23,9.83,17.35,0.172,627,87.12,41.56,81.35,1,0,0,0,0
32.76,146.45,6.98,337,4.07,4.79,0.067,296,54.52,74.28,34.64,1,1,0,1,0
26.47,17.29,5.65,83,2.31,44.28,0.097,915,90.97,82.88,37.12,0,1,1,1,1
27.91,281.18,8.11,59,12.91,43.78,0.091,423,50.48,87.65,42.11,1,0,1,1,1
22.17,175.88,6.28,287,5.62,47.44,0.05,572,75.58,20.74,78.92,0,1,0,0,0
27.58,209.76,8.79,121,7.59,10.25,0.084,972,51.11,62.43,33.58,0,1,0,1,0
44.16,157.55,7.2,4,3.09,2.27,0.004,545,23.03,71.04,17.93,1,0,0,0,2
43.62,250.42,7.06,385,6.58,22.23,0.103,274,26.67,20.48,37.83,0,0,1,0,0
28.37,9.94,8.23,153,7.09,44.03,0.144,172,55.36,64.91,96.94,1,0,0,0,2
34.27,80.51,8.0,280,12.83,31.92,0.074,602,99.21,12.87,49.11,1,1,0,1,0
42.74,140.89,7.63,433,12.39,49.92,0.149,28,34.2,40.74,60.4,0,0,0,1,0
20.15,22.98,8.77,341,4.27,45.28,0.15,530,91.65,25.48,78.61,0,1,1,0,2
40.27,211.77,6.98,422,8.67,19.64,0.197,746,93.55,60.51,60.27,0,1,1,1,2
43.71,118.1,8.33,85,10.77,1.98,0.109,183,52.77,27.2,69.12,1,1,1,0,1
22.28,81.8,6.83,74,5.5,0.26,0.081,538,56.95,81.02,89.23,1,1,0,1,1
24.04,1.01,8.43,266,6.73,32.21,0.128,641,60.23,20.9,43.57,0,1,0,1,2
44.02,215.95,6.41,190,13.82,45.79,0.125,423,81.63,78.2,20.03,0,0,1,0,0
33.44,250.14,6.51,251,11.12,22.21,0.197,614,29.9,18.9,18.5,1,0,1,1,2
20.35,118.51,7.87,492,7.25,43.71,0.142,448,46.29,49.82,80.44,0,1,1,1,0
26.44,169.27,6.24,67,8.41,28.34,0.061,77,33.66,72.87,68.94,0,0,1,0,1
31.25,68.31,6.3,352,9.51,4.9,0.038,519,90.27,24.53,60.98,1,1,1,1,2
37.32,186.66,6.57,145,7.99,39.92,0.159,26,25.64,77.71,93.7,1,0,1,0,0
38.33,3.64,7.88,478,6.94,24.63,0.036,736,79.82,95.81,66.42,1,0,1,1,0
44.89,146.59,8.61,363,6.31,2.55,0.125,990,55.18,43.61,14.29,0,0,1,0,1
27.19,193.26,7.86,121,4.03,40.73,0.026,925,77.17,10.02,52.18,0,0,1,1,1
33.46,275.46,8.4,411,13.68,37.88,0.144,664,91.19,52.91,29.34,0,1,0,0,2
33.33,114.4,7.4,41,3.1,22.86,0.157,560,47.17,91.22,65.92,0,1,0,0,0
30.14,229.56,5.74,315,9.21,0.97,0.198,756,38.16,69.85,26.89,1,1,0,0,0
24.23,179.31,5.85,149,13.52,17.35,0.191,567,72.02,73.3,68.05,1,1,0,0,1
44.44,278.1,7.44,423,6.5,21.75,0.143,867,99.8,81.32,89.5,1,0,1,0,2
41.33,119.51,6.65,61,5.03,8.27,0.056,613,78.36,91.74,16.95,0,0,0,0,0
32.46,95.73,6.27,254,13.47,8.05,0.009,320,83.65,21.23,33.31,0,0,0,0,0
35.08,266.14,7.13,130,11.62,8.35,0.111,286,70.39,63.12,70.61,1,1,1,1,1
25.68,14.77,7.83,326,9.86,18.53,0.153,226,49.45,90.08,74.01,0,1,0,1,1
33.59,40.92,6.85,446,9.34,40.88,0.002,315,72.37,79.83,62.81,0,0,1,0,0
37.37,24.72,8.31,376,6.32,37.97,0.105,212,30.28,32.4,22.52,1,1,1,1,0
32.88,252.93,8.08,19,9.7,0.51,0.177,673,59.11,88.71,31.84,0,1,0,1,0
44.76,3.18,8.07,490,10.7,0.48,0.127,656,65.84,36.47,91.66,0,1,0,0,0
35.28,258.5,8.95,198,2.38,3.88,0.137,72,92.54,46.98,83.73,0,0,0,0,1
29.27,135.38,6.53,326,3.41,23.33,0.095,28,93.58,26.71,95.5,0,0,1,0,2
39.3,1.21,7.76,220,5.78,44.44,0.189,199,24.81,89.67,46.82,1,1,1,1,2
24.26,120.49,8.49,409,5.88,9.11,0.075,722,70.55,18.37,49.56,0,1,1,1,2
29.61,56.04,7.53,424,12.81,23.84,0.076,494,83.71,99.47,33.3,0,1,0,1,1
28.67,187.32,8.26,130,10.21,2.04,0.104,645,62.92,39.58,57.21,0,0,0,0,0
30.8,203.81,6.95,170,6.48,1.02,0.117,343,27.65,73.97,84.69,1,1,1,1,2
39.54,146.26,7.57,144,11.71,0.37,0.107,125,38.62,21.59,32.29,0,1,1,0,0
32.1,12.16,5.69,487,5.88,36.83,0.164,517,45.09,53.91,22.66,1,1,0,0,1
39.85,196.84,8.95,339,13.89,1.19,0.167,103,73.02,13.61,77.55,1,0,0,0,0
34.41,252.61,8.3,353,11.38,13.69,0.026,642,25.25,89.06,72.41,1,0,1,1,2
28.55,216.1,8.54,180,11.7,32.25,0.119,94,63.97,50.18,84.63,1,1,1,1,0
40.25,248.99,7.93,435,5.13,30.93,0.197,158,28.71,76.85,77.64,1,0,0,0,0
25.96,60.15,6.15,160,3.74,2.76,0.12,587,51.61,90.51,47.74,1,0,0,0,2
25.61,266.67,5.61,463,6.67,12.83,0.138,691,54.04,16.17,24.11,0,0,1,0,0
32.61,96.66,8.53,59,6.01,31.97,0.172,135,56.15,56.03,74.31,1,1,1,0,2
26.52,4.02,6.89,214,11.24,19.61,0.173,234,76.87,27.06,89.06,0,0,1,1,0
20.23,253.02,6.42,67,4.09,23.29,0.003,601,26.5,16.21,23.75,0,1,0,1,0
36.21,282.55,7.47,439,8.33,10.35,0.048,762,41.46,65.98,56.68,1,0,0,1,2
32.78,196.67,6.97,360,9.54,1.89,0.173,281,71.29,20.27,39.6,0,0,1,1,2
31.14,69.43,7.78,191,6.62,17.26,0.133,398,95.49,54.27,56.75,1,1,0,1,0
44.17,75.52,7.19,487,4.41,34.15,0.126,460,69.66,27.72,12.82,1,0,1,1,2
34.28,139.98,7.94,224,12.75,38.33,0.172,183,90.67,27.79,41.82,1,1,0,1,0
41.59,269.35,8.49,391,3.67,29.63,0.161,597,97.47,57.07,53.58,0,0,1,1,1
23.49,44.88,6.18,196,5.65,19.66,0.15,121,90.71,59.99,23.58,1,0,0,1,2
34.23,247.79,6.65,160,11.08,29.16,0.009,894,97.78,10.31,46.67,1,0,1,1,1
41.7,87.39,7.03,248,9.26,35.25,0.156,317,82.16,55.07,25.84,1,1,1,1,1
34.58,242.58,8.87,408,10.77,37.76,0.04,140,90.97,70.28,29.41,1,1,0,1,2
37.95,276.08,6.78,454,11.71,4.72,0.005,557,59.32,71.07,97.99,0,1,1,1,2
29.3,128.25,6.83,110,12.74,40.15,0.098,181,47.64,86.49,64.16,0,0,0,0,1
22.31,109.52,7.79,390,5.65,3.17,0.188,776,99.98,90.58,45.05,1,1,0,1,1
31.45,240.67,6.97,58,7.69,43.52,0.177,343,27.82,66.06,56.91,1,1,0,0,0
29.86,158.84,8.83,32,10.26,19.61,0.196,258,96.66,53.36,44.48,1,1,0,0,1
41.68,205.33,8.63,40,11.54,27.35,0.049,918,54.47,28.37,64.17,1,1,0,1,2
26.1,186.85,7.3,160,8.93,14.5,0.139,11,21.79,21.41,10.04,0,1,0,0,1
44.17,45.87,7.76,28,8.16,21.33,0.011,552,84.24,64.82,31.25,0,1,1,1,1
43.95,253.44,5.7,254,10.3,42.26,0.161,427,55.54,95.19,99.0,1,1,1,0,2
26.19,58.73,7.94,491,6.58,14.78,0.105,697,83.89,35.04,20.11,0,1,0,1,0
28.7,279.68,7.98,422,12.72,28.21,0.199,522,23.59,18.95,17.1,1,0,0,0,2
42.39,75.17,6.76,184,4.55,32.35,0.048,658,97.93,48.15,54.38,0,1,0,1,0
44.17,220.16,6.27,360,12.61,7.32,0.157,442,73.68,10.04,36.17,0,1,1,0,1
31.09,85.4,8.7,223,9.72,38.89,0.034,72,23.84,59.82,58.04,1,1,1,0,2
28.02,95.34,6.99,356,9.21,49.95,0.057,164,20.37,14.45,96.47,1,1,0,1,2
33.15,93.0,7.79,491,7.64,7.75,0.059,137,67.52,93.79,21.36,0,0,1,0,0
37.19,224.37,5.62,220,3.86,38.39,0.116,328,98.12,88.29,49.6,1,1,0,1,1
26.84,167.04,6.95,319,12.38,7.35,0.073,32,61.92,20.34,78.29,1,1,1,1,0
38.41,264.89,8.36,85,2.63,47.51,0.088,716,48.31,23.22,24.47,0,0,0,0,1
21.29,92.21,6.86,65,5.24,20.55,0.104,147,95.11,95.81,74.09,0,0,0,1,1
21.23,207.6,7.61,113,3.32,49.0,0.011,939,98.72,83.22,46.02,1,0,0,0,0
29.66,225.88,6.23,377,3.28,3.4,0.133,330,82.76,94.78,65.87,0,1,1,0,1
28.84,45.44,6.96,264,6.69,39.55,0.13,744,77.43,40.11,57.31,0,1,0,1,0
27.89,120.18,8.75,284,3.93,23.67,0.193,348,20.17,19.99,50.55,1,1,1,1,0
32.28,144.85,7.48,96,8.98,14.47,0.027,622,45.09,65.38,53.11,0,0,1,0,1
28.02,106.71,8.66,329,9.53,37.39,0.006,636,94.01,97.0,23.25,0,1,1,1,1
24.81,96.63,8.66,123,12.59,31.77,0.027,635,49.45,21.7,49.08,0,1,1,1,1
27.74,205.93,8.8,155,5.6,45.14,0.084,268,46.77,83.7,77.78,0,0,1,1,0
44.37,64.76,8.63,109,5.71,12.44,0.043,123,62.97,42.37,90.7,0,1,1,0,1
30.28,212.82,5.51,52,4.96,46.99,0.043,747,55.82,20.4,66.4,1,1,0,0,2
31.12,280.51,8.77,173,11.38,32.09,0.174,830,88.7,51.31,84.46,1,1,0,0,2
34.41,169.56,5.98,166,7.14,22.52,0.065,653,26.54,53.99,55.68,0,0,0,0,0
44.58,183.43,5.64,75,8.63,2.66,0.083,712,72.7,10.82,29.45,1,1,0,1,0
26.04,20.68,5.69,313,6.5,38.26,0.137,53,75.78,52.7,75.16,0,0,1,0,0
37.03,259.34,6.72,213,3.88,42.92,0.068,425,90.41,68.27,73.17,1,1,0,1,1
37.9,85.63,7.67,181,3.23,40.48,0.111,933,53.26,78.82,10.65,1,0,1,1,2
35.18,184.52,6.91,389,12.42,36.78,0.105,82,43.6,18.87,53.15,1,0,0,1,2
22.21,293.73,5.59,44,5.19,48.47,0.052,617,70.12,88.89,94.31,1,0,0,0,0
36.92,178.65,7.17,423,13.3,42.46,0.143,622,77.99,25.1,98.59,1,1,0,1,2
21.6,217.41,7.05,150,13.37,46.39,0.167,372,33.68,69.25,51.12,1,0,1,1,1
34.9,133.6,8.15,116,7.75,36.52,0.157,509,32.65,59.74,74.96,1,0,1,1,2
38.49,18.11,6.48,121,13.5,41.01,0.079,839,41.09,89.2,11.59,1,1,0,0,2
25.27,239.28,6.26,481,2.34,14.46,0.187,849,39.83,13.48,34.13,0,1,0,1,0
41.04,10.5,6.4,169,3.1,33.44,0.18,225,80.05,27.24,74.96,0,0,1,0,1
20.76,210.2,6.56,165,4.92,10.28,0.053,291,62.46,20.98,68.77,0,0,1,1,0
41.1,6.88,7.6,399,4.51,3.46,0.025,8,63.82,39.48,69.45,1,0,1,1,0
31.51,258.69,7.15,329,5.03,28.96,0.179,719,21.18,40.5,72.68,1,0,1,0,1
25.44,47.29,6.68,430,7.43,39.15,0.149,772,99.54,17.98,48.64,0,0,1,0,2
23.34,154.28,6.81,148,2.76,4.14,0.062,754,86.38,56.29,94.41,0,1,1,1,1
43.83,179.15,6.8,499,8.66,9.06,0.061,654,55.49,20.46,42.95,0,0,1,1,1
21.82,137.26,8.9,73,5.71,4.65,0.064,919,25.35,16.69,91.19,1,1,0,1,1
24.98,102.23,6.32,458,2.86,31.71,0.172,510,75.54,12.99,15.43,0,1,1,1,1
28.7,140.34,8.36,148,11.04,3.98,0.048,63,62.8,93.62,86.43,1,0,1,1,1
35.51,93.42,7.98,24,9.84,4.66,0.13,494,74.2,45.71,37.3,1,1,1,0,1
33.62,131.44,5.52,379,11.52,13.21,0.167,47,74.21,35.53,69.38,1,0,0,0,0
23.14,107.67,8.98,60,13.27,13.51,0.077,938,32.38,53.4,14.95,0,0,1,0,0
27.24,169.86,8.15,353,9.03,27.88,0.012,166,46.3,24.19,17.2,0,0,0,0,0
25.97,71.38,7.89,53,11.44,1.61,0.152,664,21.42,46.55,15.13,1,0,0,0,0
25.34,296.6,6.92,222,4.39,30.77,0.004,719,98.58,27.15,53.64,0,0,1,0,1
30.28,150.26,7.44,218,6.92,20.59,0.166,341,84.52,37.4,47.46,1,1,0,0,1
37.6,58.25,6.39,472,8.36,8.94,0.072,369,94.3,93.18,38.72,0,1,0,0,2
25.44,143.12,5.62,315,8.49,32.67,0.16,719,23.53,23.38,50.14,1,0,0,0,2
29.17,259.92,8.43,169,10.62,16.48,0.109,224,60.03,52.65,38.22,0,0,1,1,2
29.77,6.54,8.64,188,11.55,41.37,0.072,900,79.79,69.48,88.43,1,0,1,1,2
44.41,203.87,6.07,31,10.0,49.47,0.18,443,28.3,92.62,60.65,1,1,0,0,0
43.87,164.39,8.25,52,2.57,38.95,0.153,374,82.17,93.07,37.92,1,1,1,0,0
40.0,50.87,8.09,427,6.21,37.15,0.016,262,71.8,32.25,50.92,1,1,1,1,2
26.04,245.24,6.12,138,8.87,17.76,0.186,145,98.8,94.88,88.04,1,0,0,0,0
21.7,110.67,6.98,373,8.09,26.73,0.093,127,31.27,39.83,46.82,0,1,1,1,2
27.92,88.14,6.98,46,2.54,2.63,0.03,773,70.34,90.54,48.45,1,1,0,1,2
26.67,248.44,8.16,89,13.77,36.37,0.154,624,95.77,18.39,40.39,1,0,0,1,0
32.65,191.56,8.43,315,13.47,33.75,0.104,267,79.49,27.85,33.44,1,1,1,1,0
39.44,269.48,5.83,35,11.29,13.47,0.135,363,46.89,17.11,52.46,0,1,1,0,2
41.46,188.97,7.47,484,2.66,26.71,0.139,672,29.54,36.91,76.29,0,0,0,0,2
41.12,222.25,8.17,443,7.16,33.97,0.039,481,97.1,88.65,43.12,1,1,1,0,2
28.99,250.93,8.25,416,6.92,18.39,0.194,788,25.75,24.33,30.41,0,1,0,1,1
37.18,16.42,6.02,224,8.7,36.28,0.021,697,98.01,30.24,69.4,0,1,0,0,0
27.82,232.81,7.34,41,2.67,39.84,0.121,209,44.28,29.46,82.77,0,0,0,1,0
21.52,184.11,8.5,227,7.08,11.18,0.029,973,88.82,34.72,11.96,0,1,1,1,0
37.54,20.85,6.61,268,11.09,15.06,0.175,553,64.34,11.68,66.92,1,0,0,1,1
20.25,152.57,6.99,397,13.98,20.08,0.035,221,93.01,48.15,91.08,1,0,0,1,2
30.23,24.74,8.32,185,9.15,11.78,0.088,301,54.13,97.87,17.96,0,1,1,0,2
28.23,220.78,5.81,370,13.29,38.78,0.017,258,87.98,50.33,90.93,1,1,1,1,1
37.33,163.95,8.51,356,13.98,28.59,0.09,952,39.07,83.2,20.6,0,0,0,1,1
39.16,286.07,6.59,234,7.22,19.01,0.001,52,57.34,61.43,99.71,1,1,0,1,0
27.6,54.94,5.51,121,10.02,0.8,0.089,61,87.7,11.34,56.06,1,1,1,1,2
40.29,181.81,6.32,423,4.56,16.29,0.138,908,29.47,62.7,75.7,1,0,1,1,0
27.35,63.47,5.81,320,7.71,41.83,0.037,818,78.29,95.19,15.65,0,1,0,1,1
31.16,184.22,5.82,388,2.94,37.18,0.111,484,54.95,59.82,19.22,1,1,0,1,1
38.18,216.79,7.92,413,2.35,3.37,0.095,402,61.06,57.51,96.7,1,0,0,0,2
37.32,216.69,6.25,116,12.72,40.07,0.067,442,66.32,70.32,98.97,1,0,0,0,1
44.68,244.52,8.77,465,12.3,8.95,0.134,317,42.05,88.38,34.94,0,0,1,1,0
25.63,256.07,7.31,428,5.74,49.35,0.199,420,27.71,60.83,40.77,0,1,0,0,0
36.56,23.18,7.11,356,7.48,43.43,0.188,716,21.49,46.58,10.9,1,1,0,0,0
35.24,102.98,7.02,441,7.92,45.66,0.194,398,54.47,13.34,96.04,1,1,1,1,0
42.88,206.14,7.92,38,8.25,38.47,0.004,89,41.51,20.0,92.59,0,1,1,1,1
23.91,149.58,7.08,395,3.61,35.54,0.051,581,70.63,68.38,20.44,1,0,1,0,1
38.79,57.2,5.95,161,11.3,12.22,0.185,602,77.28,65.7,42.86,0,0,1,0,0
34.21,165.81,8.58,108,6.17,29.32,0.01,779,60.3,31.51,97.0,1,0,1,1,2
26.87,122.23,7.0,13,2.38,34.82,0.073,495,69.52,74.7,21.32,0,1,1,1,1
31.86,117.01,5.76,165,10.12,14.4,0.13,344,64.86,35.17,88.64,0,0,0,0,1
28.34,242.93,7.35,399,11.96,19.92,0.197,433,20.37,37.45,28.15,0,0,0,1,2
34.48,122.28,7.77,361,13.02,47.35,0.055,558,87.34,15.53,16.15,0,1,1,1,2
42.23,7.94,6.46,444,10.09,20.4,0.153,527,24.77,59.53,22.8,1,1,1,0,1
34.23,17.42,8.3,442,4.3,15.77,0.132,365,52.83,35.89,73.89,1,1,0,0,1
35.79,256.87,7.84,330,9.08,5.36,0.123,399,28.88,83.7,22.36,0,1,0,1,1
32.97,288.18,7.78,480,12.94,17.07,0.149,194,72.99,82.13,10.34,0,1,1,0,1
21.28,206.52,6.97,334,6.21,30.61,0.051,801,46.05,21.56,79.81,0,0,0,1,1
25.82,109.31,8.87,111,13.44,7.39,0.068,983,25.69,24.4,69.0,1,0,0,0,0
32.3,281.58,6.46,233,3.17,30.26,0.112,233,23.63,38.89,89.03,0,1,0,1,1
27.76,198.84,7.52,201,10.74,37.06,0.088,813,38.97,62.28,61.99,1,1,1,0,0
24.54,253.3,6.58,322,3.44,38.41,0.144,598,73.38,40.83,14.1,1,0,0,0,1
32.6,229.76,8.11,138,11.59,49.24,0.16,63,77.46,41.52,11.94,1,1,1,1,1
28.07,113.74,5.67,266,3.17,21.73,0.106,477,30.27,22.61,80.68,0,1,1,0,2
26.45,143.61,5.66,271,5.91,1.62,0.079,944,31.13,40.2,90.09,0,0,0,1,2
31.6,55.84,8.34,165,11.32,42.73,0.182,404,67.46,52.34,82.03,1,1,0,1,0
23.33,87.6,7.02,413,7.52,4.18,0.15,948,96.58,98.62,43.66,1,1,1,0,2
43.19,233.44,6.69,168,12.59,43.08,0.135,701,64.23,85.42,69.59,0,1,1,1,1
41.69,268.19,7.63,256,6.82,49.14,0.011,976,76.94,81.37,17.0,1,1,0,0,0
37.69,217.34,7.96,123,13.94,45.34,0.106,693,66.03,60.38,74.64,1,1,1,0,1
22.66,139.55,6.2,37,2.22,48.2,0.024,593,28.39,42.41,32.46,1,1,1,0,1
39.4,25.95,6.15,369,10.35,1.17,0.132,130,95.72,87.13,94.09,1,1,1,1,1
40.2,17.08,8.85,248,12.99,0.57,0.06,436,25.76,41.27,40.39,0,0,1,1,1
39.19,112.3,7.56,236,8.43,10.51,0.148,238,80.79,63.35,40.54,1,1,1,0,2
22.85,139.15,6.87,97,13.86,39.94,0.156,139,98.35,33.15,35.77,0,0,0,1,2
36.1,182.74,8.31,59,10.5,4.47,0.06,975,45.52,79.88,67.02,0,0,0,0,2
40.86,1.95,7.34,18,7.15,37.33,0.195,549,33.73,56.31,18.72,0,1,0,1,1
34.43,296.92,6.35,123,8.18,0.63,0.103,333,65.29,90.57,14.81,0,0,0,0,0
36.16,109.18,6.22,225,12.53,36.55,0.044,90,83.61,61.2,72.65,0,1,0,1,0
31.46,254.43,6.89,442,13.49,12.5,0.155,145,95.96,24.79,95.1,1,0,0,0,1
33.22,160.49,8.51,99,8.67,22.02,0.152,595,75.49,99.37,76.94,0,1,1,1,2
20.86,39.13,5.72,323,5.69,48.83,0.083,674,46.87,55.18,32.49,1,0,0,1,2
35.97,239.27,6.26,393,4.87,27.59,0.132,976,59.55,32.56,42.59,1,1,0,1,2
22.04,212.95,8.63,16,7.72,3.73,0.004,339,80.9,39.64,28.3,0,0,1,1,1
30.88,158.23,5.93,247,5.56,43.66,0.058,197,83.03,20.91,71.57,1,0,1,0,1
27.32,154.37,7.7,79,7.05,16.18,0.176,473,25.95,16.65,31.36,1,1,1,1,2
33.64,26.24,6.25,84,12.01,29.27,0.046,454,69.1,50.55,61.42,1,1,0,0,1
23.34,196.75,7.62,347,7.66,35.59,0.181,357,97.39,95.67,85.55,1,1,1,0,2
37.29,273.37,6.84,455,9.69,38.88,0.116,843,82.82,21.07,56.48,0,0,0,0,1
39.88,27.97,5.86,28,3.08,21.62,0.181,272,20.59,91.25,63.41,0,0,1,0,0
24.08,79.05,7.54,133,11.15,38.65,0.026,916,38.0,81.71,97.13,1,0,1,1,1
22.61,270.69,7.89,477,7.79,5.84,0.093,500,55.6,82.58,38.73,0,0,0,1,1
23.64,85.3,7.88,193,6.33,26.28,0.059,69,76.5,73.9,81.77,0,0,1,1,2
41.93,196.18,7.73,118,9.33,1.09,0.177,814,64.42,63.27,71.81,1,1,1,0,2
33.2,160.45,7.25,377,3.22,20.31,0.068,932,26.19,20.92,20.18,1,1,1,0,1
31.68,178.9,7.32,366,6.97,18.24,0.118,984,79.06,61.81,99.08,1,0,1,1,0
22.67,124.74,7.72,190,11.73,48.91,0.166,821,87.1,41.68,72.06,0,1,1,1,0
36.24,90.0,7.92,414,5.14,19.89,0.046,782,36.46,19.48,11.25,0,0,0,0,1
41.7,14.56,7.79,152,12.97,45.35,0.009,906,25.39,82.34,75.01,1,0,0,0,1
40.7,223.28,7.55,342,9.24,21.76,0.099,8,83.28,59.19,22.05,0,0,1,1,1
35.65,223.83,6.05,490,8.49,26.67,0.137,707,71.24,77.05,36.4,1,0,1,1,2
21.88,201.22,6.24,404,6.79,17.54,0.144,2,84.28,53.16,41.35,1,0,0,1,2
22.81,193.09,6.41,271,10.9,32.0,0.083,268,65.33,59.65,37.88,1,1,0,0,2
21.23,73.12,8.72,131,8.77,36.96,0.016,351,54.28,74.11,77.0,1,1,1,1,2
26.44,6.7,8.16,362,11.56,39.55,0.081,5,97.05,32.23,77.79,0,0,0,0,2
23.39,242.61,7.44,429,5.98,34.7,0.024,384,82.4,86.23,57.56,0,0,1,0,0
26.5,147.34,6.38,7,10.42,16.5,0.014,233,52.95,47.89,61.03,1,1,1,0,2
29.63,92.05,5.89,133,13.32,16.53,0.061,900,92.6,73.76,38.22,1,0,1,0,2
43.57,30.58,8.65,380,5.36,17.4,0.155,577,99.48,39.35,12.09,0,0,1,0,0
35.26,18.82,8.62,383,13.77,1.89,0.154,981,44.66,73.22,41.65,0,1,0,1,0
40.87,104.66,5.89,308,6.93,47.15,0.122,95,91.4,13.92,10.85,1,0,0,0,0
37.76,241.42,8.29,374,2.46,9.79,0.165,498,23.63,93.63,87.83,1,1,0,0,2
22.81,275.62,7.06,191,6.29,7.96,0.1,623,37.15,80.82,67.67,0,1,1,1,0
38.4,269.03,6.63,90,3.8,27.62,0.049,124,32.87,69.83,98.13,0,1,0,0,1
26.88,276.0,8.09,434,5.65,2.37,0.114,509,48.53,39.15,26.46,0,1,0,1,1
35.98,272.32,7.65,248,3.15,41.89,0.185,552,65.01,85.83,69.2,0,1,0,0,0
28.52,158.17,8.23,483,4.14,43.81,0.007,945,77.6,79.09,26.91,0,0,0,1,2
44.94,65.82,5.76,251,3.52,19.89,0.193,368,92.22,50.78,67.51,0,0,1,1,0
26.59,239.41,6.62,483,2.52,48.57,0.149,6,32.68,27.77,54.26,0,0,0,1,2
26.98,64.11,6.62,62,5.55,16.21,0.137,276,66.26,25.8,69.82,0,1,0,0,2
43.27,80.16,6.65,215,13.29,13.01,0.123,208,64.38,53.94,75.28,1,1,0,1,0
20.62,69.98,7.26,133,13.39,49.48,0.052,948,56.68,80.51,57.05,1,0,1,1,0
37.42,154.49,6.49,445,12.16,12.52,0.177,915,75.57,74.3,54.44,0,1,1,0,0
38.13,96.55,7.06,106,2.15,22.21,0.194,192,61.07,54.42,16.27,1,0,0,0,0
40.91,46.25,6.79,160,2.34,30.59,0.185,159,64.02,28.4,42.74,0,1,1,0,0
44.36,135.95,8.07,257,2.12,16.13,0.022,487,92.27,31.53,37.18,0,1,1,0,2
44.39,262.17,7.61,424,6.4,19.21,0.147,607,88.82,15.19,66.3,1,1,1,1,1
21.63,171.17,7.79,15,13.76,36.04,0.111,979,66.19,25.91,34.84,1,0,1,1,2
40.55,263.5,6.24,357,12.76,36.15,0.158,457,32.5,11.15,30.91,1,1,0,0,2
36.16,58.76,6.64,374,5.01,40.18,0.07,246,96.7,70.7,86.38,1,0,1,1,1
36.18,50.09,5.57,58,6.92,29.69,0.191,5,69.82,62.94,84.56,1,0,0,0,2
23.21,172.67,5.88,8,11.89,11.68,0.063,552,84.6,98.92,39.57,0,0,1,1,0
36.25,139.0,6.43,498,11.1,16.66,0.148,32,24.4,78.65,17.71,1,0,0,1,2
44.56,198.05,5.73,196,3.59,45.04,0.101,969,91.75,32.16,54.78,1,0,0,1,0
42.8,238.39,7.61,116,3.29,36.69,0.123,664,75.48,73.71,50.61,1,0,1,0,1
30.98,225.39,8.99,9,8.52,4.4,0.023,279,74.83,11.1,88.29,1,1,0,1,0
21.0,282.68,5.85,349,3.23,37.68,0.122,606,28.81,98.75,59.22,1,1,1,1,2
29.06,119.48,8.37,6,11.9,16.53,0.113,988,77.03,65.3,94.85,1,0,1,0,0
40.66,61.92,5.92,348,5.04,1.16,0.144,907,26.13,20.77,53.5,1,1,1,1,1
37.54,165.27,7.84,193,4.26,24.19,0.058,932,24.47,54.87,70.06,0,0,0,1,0
31.48,33.22,7.75,403,4.23,44.17,0.166,754,46.03,94.66,53.17,1,1,1,0,0
21.38,86.66,8.66,122,2.54,22.22,0.189,105,21.85,86.47,38.9,0,1,0,0,1
30.67,62.37,5.9,62,9.7,49.44,0.176,945,32.77,36.9,12.47,0,0,0,0,0
31.73,118.97,6.6,3,3.97,8.9,0.078,520,78.09,45.65,81.4,0,0,1,1,1
43.21,33.36,5.82,283,4.8,17.54,0.152,604,86.79,86.82,91.28,0,0,1,0,0
36.03,9.55,6.93,327,11.02,0.83,0.073,637,34.36,91.0,76.02,0,0,1,0,2
27.79,197.04,8.69,249,2.69,2.52,0.173,66,85.86,92.31,34.51,0,1,0,0,2
33.13,183.07,8.24,418,4.43,17.72,0.075,3,58.44,95.31,83.53,0,0,1,1,2
21.65,212.51,8.03,129,3.79,26.42,0.037,53,96.63,55.05,65.16,1,0,0,1,2
44.31,198.12,7.37,424,2.06,11.85,0.098,340,31.14,87.54,71.46,1,1,0,0,0
29.0,34.29,8.59,411,8.47,8.32,0.027,133,24.29,41.23,15.96,0,1,0,1,0
31.95,87.32,7.07,74,4.28,21.03,0.117,449,87.61,85.43,62.37,1,1,1,1,2
28.88,38.86,6.02,483,9.59,8.53,0.115,932,48.96,41.27,60.5,1,1,0,1,1
37.06,252.89,8.43,328,8.02,31.54,0.098,979,56.57,64.75,69.55,1,0,1,0,2
36.56,224.07,6.48,357,10.01,47.76,0.121,44,60.94,52.16,79.45,0,1,0,1,2
37.88,60.46,5.69,384,13.78,40.33,0.195,224,86.01,90.36,46.42,1,0,0,0,1
26.7,102.39,5.94,253,4.64,10.76,0.077,653,26.08,15.99,23.95,0,0,0,0,1
27.89,289.98,7.63,410,9.99,47.56,0.085,851,64.09,95.39,93.15,0,0,0,1,2
23.13,178.25,7.62,322,12.0,37.56,0.055,170,54.45,51.59,79.89,0,1,0,1,0
36.39,240.35,6.41,166,13.49,7.75,0.037,449,47.22,53.33,58.63,1,0,0,1,2
20.99,79.38,8.05,200,9.47,28.97,0.058,366,47.85,84.5,41.91,0,0,1,0,2
34.94,63.02,8.21,167,3.57,48.32,0.043,902,94.43,69.96,98.56,0,0,1,1,2
41.74,235.18,8.72,283,2.65,4.84,0.086,310,41.45,95.83,18.41,1,1,1,1,0
42.27,205.76,7.55,468,5.34,13.55,0.047,676,56.37,59.2,94.12,1,1,1,1,2
31.23,204.29,8.23,347,13.14,18.7,0.103,203,59.42,60.28,46.37,1,0,0,0,2
31.48,165.79,8.14,492,8.44,5.78,0.057,496,77.59,97.45,18.71,1,0,1,0,0
21.92,169.07,6.4,407,8.95,14.96,0.085,271,61.52,93.38,44.13,0,0,0,0,2
36.77,220.71,6.59,337,9.33,34.62,0.026,784,69.7,28.78,77.47,0,0,1,1,1
40.53,81.0,7.17,50,5.99,23.86,0.033,478,51.91,37.63,48.23,0,0,0,0,0
26.12,105.83,5.57,55,4.18,21.05,0.123,250,77.49,66.28,54.37,0,1,0,0,1
30.53,261.49,6.54,72,13.45,21.6,0.113,70,57.27,94.54,84.11,1,0,1,1,2
40.97,92.66,7.16,281,11.06,37.98,0.034,345,37.82,60.7,65.4,0,1,1,0,1
41.93,163.89,5.88,87,8.13,49.56,0.059,254,85.35,75.95,70.13,1,0,1,1,0
26.08,210.79,5.94,51,6.52,29.43,0.044,128,81.24,18.46,23.86,1,1,1,0,1
33.76,299.98,7.12,124,7.79,37.58,0.159,513,70.2,57.04,32.72,1,1,0,1,1
24.81,130.59,8.06,261,2.4,18.63,0.073,350,61.76,23.28,47.01,1,0,1,1,0
22.55,128.43,8.42,442,4.97,43.03,0.081,83,36.68,33.46,19.88,1,0,1,0,1
42.78,252.78,7.41,372,5.01,21.02,0.133,356,89.47,24.97,35.12,1,1,1,1,2
40.51,241.65,7.16,267,7.34,46.76,0.065,122,27.78,24.93,85.01,0,0,0,0,2
39.0,219.32,6.84,62,4.84,37.18,0.076,672,50.65,99.25,11.99,1,0,1,1,2
21.22,138.97,6.18,35,4.23,35.37,0.16,908,88.2,36.84,14.58,1,1,0,0,0
41.09,97.18,6.01,8,11.19,14.51,0.159,832,67.65,60.89,71.83,1,1,1,0,2
30.95,182.62,8.27,329,12.72,39.81,0.121,306,55.09,11.81,44.75,0,1,1,1,2
28.56,262.87,7.13,322,2.81,5.26,0.112,160,83.31,82.57,79.57,0,1,0,1,0
33.66,265.13,8.27,240,4.52,26.9,0.036,514,99.16,71.22,93.87,1,1,0,1,2
22.28,32.55,7.96,284,11.28,36.77,0.095,740,35.11,30.59,34.01,1,0,1,0,2
38.92,128.51,6.18,326,11.79,44.18,0.055,571,24.06,13.25,13.33,0,0,0,1,0
34.56,139.42,7.29,89,8.0,28.48,0.146,466,57.04,34.71,51.03,0,1,0,0,1
24.66,293.28,7.05,263,10.34,12.92,0.126,683,42.99,66.57,96.78,0,0,1,1,1
24.71,203.4,6.98,298,2.93,42.44,0.076,377,73.34,11.37,59.09,0,1,1,1,2
24.61,122.17,7.4,204,12.19,38.4,0.107,103,59.54,16.78,43.97,0,0,1,1,1
21.43,7.82,8.94,290,11.99,7.68,0.084,479,59.92,46.84,59.68,0,0,1,1,2
34.69,169.62,8.35,210,10.32,43.62,0.029,132,48.4,25.84,24.88,0,1,1,1,2
41.01,28.82,8.66,365,13.0,47.99,0.156,942,36.85,66.86,77.62,0,0,0,1,2
20.44,250.33,5.6,277,2.57,26.89,0.18,554,37.08,25.72,71.24,1,1,1,0,2
21.23,225.76,5.99,463,4.77,1.92,0.186,814,50.96,99.43,75.17,0,0,0,0,0
34.32,138.15,5.8,206,6.35,45.78,0.158,228,74.55,49.22,37.21,0,1,1,1,2
40.49,128.76,6.42,321,3.9,6.14,0.164,517,46.97,23.35,83.22,0,0,1,1,1
28.17,269.2,7.05,357,11.78,31.66,0.011,187,46.08,16.65,90.37,0,1,0,1,0
28.74,86.54,7.75,404,11.09,20.05,0.156,419,54.0,47.85,96.0,1,0,0,0,0
34.91,74.71,7.25,93,11.28,49.6,0.061,932,99.27,82.82,67.47,1,0,1,0,2
26.86,281.76,8.66,198,5.5,45.86,0.028,972,27.3,49.5,41.34,0,0,0,0,2
20.67,242.77,8.79,350,11.15,39.23,0.104,373,43.57,22.7,44.88,0,0,0,0,1
38.38,246.19,6.07,168,3.48,9.96,0.114,459,43.36,53.98,60.91,0,0,1,0,2
35.64,58.56,8.49,296,3.28,34.96,0.097,517,97.96,40.36,61.79,0,0,1,0,1
34.52,42.99,7.19,432,9.01,28.61,0.131,797,52.57,55.17,81.32,1,1,0,1,1
38.54,7.81,7.09,226,2.58,6.77,0.143,100,65.36,45.2,17.64,1,0,0,1,1
36.88,71.11,8.25,3,13.26,39.73,0.027,893,35.85,68.31,60.99,1,1,0,1,0
25.15,232.26,5.83,97,5.95,4.32,0.123,219,21.02,82.33,41.37,0,1,0,0,1
28.81,72.01,8.59,192,7.72,24.08,0.011,137,47.14,89.78,85.06,0,1,0,1,0
23.15,218.73,7.85,265,11.76,21.33,0.09,667,71.12,76.72,41.69,1,1,0,1,1
23.25,75.57,8.56,349,6.8,40.31,0.02,261,75.32,41.95,52.1,1,1,0,1,1
36.9,118.59,8.98,223,7.17,21.38,0.09,584,80.31,50.36,30.49,1,1,1,0,2
41.47,294.95,7.31,66,6.18,34.72,0.035,279,88.85,67.76,36.62,1,1,1,0,2
44.07,73.44,5.83,137,6.22,23.91,0.147,563,29.25,29.78,60.0,0,0,1,0,1
35.71,112.91,6.08,328,7.62,29.1,0.18,81,26.62,73.16,48.33,0,1,0,0,0
24.6,90.33,6.63,400,13.35,12.05,0.034,323,83.01,68.48,28.14,1,0,0,1,2
22.64,32.89,5.86,238,13.23,10.12,0.147,428,54.86,69.08,52.65,1,1,0,1,1
40.32,146.97,8.35,450,8.54,35.5,0.029,373,95.77,40.0,24.88,1,0,0,0,1
34.47,113.61,6.54,474,7.47,6.12,0.087,505,95.48,64.14,89.36,1,0,1,0,1
35.46,208.47,8.92,308,11.7,8.8,0.125,470,31.33,27.8,93.18,1,0,0,1,1
39.54,245.28,7.96,418,10.17,47.05,0.108,282,75.3,27.07,30.38,0,1,1,1,0
37.58,163.27,6.11,3,12.58,12.67,0.011,963,25.37,79.17,14.71,0,1,0,1,2
40.86,9.66,7.17,323,10.77,16.16,0.073,780,52.27,44.16,93.43,0,0,1,1,1
21.41,185.68,7.13,368,13.43,31.66,0.094,970,87.34,59.01,38.08,0,1,0,0,0
38.69,16.62,7.22,351,12.63,22.02,0.078,586,56.88,36.35,26.92,0,0,0,0,0
41.27,184.91,7.37,101,12.26,27.95,0.133,146,22.69,31.23,92.74,1,1,1,1,1
27.15,205.51,5.61,394,6.7,7.23,0.178,160,39.23,80.19,89.44,0,1,1,0,2
36.01,59.33,7.9,43,6.63,33.62,0.134,717,26.91,81.48,14.78,0,1,1,0,1
27.85,245.8,7.21,118,10.89,7.83,0.118,268,52.66,85.27,28.69,1,1,0,0,2
43.95,273.33,8.27,187,3.0,37.39,0.03,262,75.74,86.9,83.13,0,0,1,1,1
20.84,243.93,8.35,230,5.87,26.18,0.07,800,72.83,47.02,34.05,0,0,0,0,2
34.49,91.53,6.31,492,13.19,40.81,0.11,159,77.52,82.81,70.16,0,1,1,1,2
24.16,175.99,5.67,453,7.4,8.63,0.187,556,50.71,41.13,13.6,1,0,0,1,2
37.81,274.44,7.96,189,5.24,18.88,0.061,311,41.22,14.73,85.75,0,1,0,0,2
24.4,96.2,8.92,482,7.72,42.34,0.068,228,24.55,72.04,48.0,1,0,1,1,2
25.88,246.01,7.06,109,5.46,39.94,0.118,967,95.33,27.91,52.31,1,1,1,1,0
32.36,2.84,6.41,415,11.22,48.29,0.18,301,29.46,50.63,82.74,0,1,0,1,0
42.87,1.09,6.05,301,12.21,11.1,0.109,737,34.26,24.75,50.88,0,1,0,1,2
25.29,227.91,6.51,278,11.39,26.95,0.035,786,22.0,45.24,19.37,1,0,1,0,2
23.61,228.43,6.65,105,3.79,0.89,0.015,99,45.37,89.64,55.39,1,0,0,1,1
38.97,236.69,6.98,164,6.03,48.26,0.178,417,85.51,65.18,51.11,0,0,0,1,1
32.52,279.01,7.79,125,4.57,8.76,0.134,227,46.58,23.33,50.5,0,0,0,0,0
42.79,35.37,6.46,345,2.51,45.24,0.044,190,73.28,75.3,27.35,1,0,0,1,2
23.67,69.6,5.68,97,10.87,33.92,0.145,69,97.24,86.31,24.76,0,1,1,1,0
36.15,271.12,6.81,485,7.14,46.84,0.144,762,91.4,24.98,80.01,1,0,1,0,2
25.82,53.17,8.49,330,5.32,12.41,0.154,511,34.4,76.97,65.73,1,1,0,0,0
23.92,204.67,7.24,369,5.69,17.26,0.178,892,48.74,59.42,10.57,0,1,0,1,1
37.09,159.14,8.88,441,3.62,8.22,0.03,758,80.09,64.38,85.18,1,0,0,1,0
34.84,24.96,7.26,119,11.92,21.12,0.191,309,98.21,94.51,20.92,0,0,0,0,1
38.87,85.58,6.47,340,3.73,47.37,0.2,950,77.27,13.29,76.39,1,1,1,0,0
27.74,156.11,6.18,298,6.06,28.56,0.003,817,40.18,67.49,18.65,0,0,1,0,2
31.2,255.71,7.93,343,2.09,20.81,0.018,832,30.63,17.33,97.42,1,1,1,1,0
30.14,212.26,7.38,142,7.24,16.24,0.087,300,59.61,81.06,91.05,0,0,1,1,1
44.6,186.56,7.61,194,6.26,29.24,0.007,29,35.44,90.65,26.47,0,1,1,1,1
27.31,148.81,8.14,129,10.63,36.16,0.147,78,38.21,17.79,10.76,1,1,0,1,2
27.37,89.61,8.04,454,10.58,20.34,0.13,840,70.75,12.33,15.37,0,1,0,0,0
28.86,35.77,5.65,388,2.46,11.54,0.155,246,61.19,96.01,82.79,1,0,1,1,2
34.11,122.72,8.31,436,3.39,29.25,0.2,316,29.66,93.39,16.91,0,0,0,0,0
26.31,8.56,7.36,428,12.86,18.28,0.187,220,32.29,93.14,80.03,0,1,0,1,2
42.88,63.32,6.87,103,11.5,49.72,0.06,442,21.55,94.57,83.78,0,1,1,1,2
26.64,129.75,7.38,92,6.67,22.05,0.079,129,37.57,55.01,37.62,0,0,0,1,1
42.4,125.58,7.64,296,4.0,21.72,0.155,157,90.99,97.92,76.16,0,0,1,0,2
22.59,13.29,6.02,446,5.13,41.97,0.078,173,83.44,90.31,83.83,1,0,0,0,1
36.41,176.72,6.96,479,9.9,12.55,0.14,758,53.18,18.79,80.26,0,1,1,1,1
42.67,164.91,6.67,221,13.35,3.3,0.184,67,79.35,83.14,27.24,0,0,0,1,1
24.22,23.43,6.73,199,9.39,42.69,0.081,146,52.56,74.12,50.44,0,0,0,0,0
44.21,282.95,5.82,287,2.32,29.45,0.112,467,83.37,22.07,16.14,0,0,1,0,2
31.32,29.81,6.06,361,9.81,13.01,0.168,4,34.56,76.41,57.28,1,1,0,1,0
43.64,256.45,6.07,257,13.34,17.14,0.096,584,32.2,53.64,49.81,1,1,0,0,2
36.92,0.09,6.81,9,6.3,21.28,0.058,211,26.24,86.84,91.24,0,1,0,0,0
27.54,264.68,8.63,170,13.2,34.02,0.052,568,39.34,83.69,11.63,0,1,0,1,2
24.71,5.92,6.22,374,10.05,23.41,0.014,446,31.71,94.81,57.72,1,0,1,0,1
27.59,227.34,6.96,426,4.28,19.79,0.066,563,83.89,16.78,75.91,0,0,1,0,1
22.33,108.51,6.59,100,3.74,39.02,0.137,368,39.2,73.92,51.76,0,0,1,1,2
23.6,221.47,8.26,109,4.12,3.59,0.012,58,61.3,43.94,31.43,1,0,0,1,1
22.62,120.52,5.68,246,10.39,32.63,0.055,315,80.5,79.84,64.89,0,0,1,1,1
30.57,21.27,6.19,322,9.07,22.45,0.022,122,74.17,64.23,98.84,0,1,1,1,1
39.89,230.25,6.24,243,7.47,16.74,0.081,591,36.37,54.6,13.69,0,0,0,0,0
23.53,21.38,8.98,22,5.16,46.38,0.019,378,26.17,10.38,27.64,0,1,1,0,2
23.26,276.64,7.5,353,12.89,38.9,0.149,752,92.94,64.65,54.15,0,0,0,0,2
36.09,15.29,5.99,465,4.56,10.96,0.186,595,69.76,47.83,63.78,0,0,0,0,1
24.93,143.8,6.45,224,5.4,32.62,0.038,915,76.53,39.93,66.17,1,0,0,1,2
22.44,216.91,6.09,352,2.66,41.11,0.05,985,50.88,98.99,15.42,0,1,0,0,1
24.17,117.97,5.94,443,5.3,49.47,0.032,102,39.33,73.03,21.06,1,1,1,1,1
43.09,65.17,8.29,464,13.07,34.92,0.037,672,62.45,58.59,95.02,1,0,0,1,0
40.54,227.73,7.24,261,4.25,34.53,0.062,651,26.23,88.19,16.78,1,1,1,0,2
28.85,235.29,7.71,268,4.45,30.66,0.056,916,84.0,30.44,47.72,0,0,1,1,2
36.4,276.81,6.66,20,9.2,2.0,0.077,505,72.36,65.79,61.95,1,0,1,0,0
33.43,112.85,7.44,478,8.8,29.25,0.105,311,80.93,87.48,38.27,1,1,1,0,0
36.93,151.88,6.4,313,4.11,40.25,0.146,887,65.54,21.12,33.01,1,0,0,0,2
37.07,108.94,6.58,119,3.85,19.77,0.177,662,66.23,31.25,36.12,1,0,1,1,2
35.72,77.12,7.78,468,3.4,29.35,0.092,403,68.03,17.44,35.43,1,0,0,1,0
26.65,225.31,6.03,480,12.33,46.32,0.182,982,82.73,99.32,44.15,1,0,1,1,1
20.98,101.9,7.66,411,9.85,8.6,0.136,560,38.03,62.28,20.45,1,0,1,0,1
31.39,128.44,8.48,119,13.44,14.02,0.146,686,74.52,54.05,86.82,1,1,1,1,0
42.27,121.1,5.92,197,3.99,5.52,0.104,69,64.22,40.46,78.35,1,0,0,0,0
34.24,213.8,8.64,135,7.53,25.01,0.105,254,59.61,50.45,13.07,1,1,0,0,0
40.81,275.34,5.78,76,10.92,41.98,0.106,300,63.27,79.83,78.51,0,1,0,1,0
44.79,200.03,6.72,353,4.56,21.76,0.098,502,41.78,92.5,84.52,0,0,1,0,0
24.09,141.47,7.64,57,10.22,3.49,0.092,203,22.97,19.45,92.98,0,1,0,1,1
37.29,233.76,7.46,423,7.69,13.18,0.155,162,80.73,36.97,65.17,1,0,0,1,0
36.86,192.29,5.84,85,7.17,44.49,0.078,839,93.29,27.02,86.76,1,1,0,0,0
44.5,18.18,8.3,0,9.74,27.88,0.041,887,58.46,49.19,78.32,0,1,0,0,0
44.64,28.7,8.91,76,7.61,45.7,0.027,375,87.03,57.74,12.29,0,0,1,0,1
37.17,11.38,6.13,448,11.84,41.72,0.176,154,64.42,74.92,82.99,1,0,0,1,1
26.09,137.04,8.63,9,13.17,20.71,0.173,463,94.42,88.81,62.29,0,0,1,1,2
39.96,247.76,7.45,443,9.07,31.68,0.049,302,60.67,58.79,68.55,1,0,1,1,1
22.68,93.92,8.78,68,5.61,33.22,0.024,244,36.39,53.99,89.64,0,0,0,0,1
39.52,115.25,6.12,147,11.33,37.34,0.192,287,89.61,61.82,10.94,0,1,1,0,0
42.75,272.84,8.27,61,4.05,16.65,0.096,28,84.02,89.96,19.71,1,0,0,1,0
29.57,251.07,5.71,12,3.14,14.45,0.019,198,51.84,68.37,61.64,1,0,1,0,2
35.77,199.51,8.59,185,8.22,34.23,0.043,975,87.35,80.86,46.87,1,1,1,0,2
30.75,80.04,7.86,164,9.76,40.94,0.141,52,20.72,74.75,47.62,0,0,0,1,1
30.94,35.11,6.8,9,12.02,20.71,0.016,92,83.98,93.12,38.1,1,1,1,0,0
27.76,4.82,6.17,258,13.46,16.05,0.087,439,75.04,83.52,83.67,1,1,0,0,0
39.05,32.1,8.36,161,12.48,41.28,0.086,216,50.37,40.71,19.32,1,1,0,0,0
43.4,87.78,7.61,289,13.86,34.35,0.137,298,83.33,86.89,57.97,0,1,0,1,0
43.52,165.54,6.76,413,7.71,17.18,0.04,611,30.13,52.07,51.24,0,0,1,1,0
24.37,19.2,7.05,420,5.8,26.48,0.197,111,36.27,86.25,59.62,0,1,1,1,1
41.87,40.87,8.39,195,7.52,48.04,0.031,643,62.69,91.52,14.55,1,1,0,0,0
38.44,54.32,6.69,33,9.73,37.49,0.12,447,90.48,71.67,70.64,0,1,1,0,1
26.32,189.59,5.81,159,8.09,11.08,0.066,90,30.41,74.7,11.22,0,1,0,1,1
21.68,184.74,8.69,84,9.61,14.75,0.027,982,65.14,22.7,57.5,1,0,0,0,1
26.7,165.23,6.86,57,12.64,13.26,0.108,662,80.25,39.15,33.9,0,1,0,0,1
42.81,75.15,6.72,360,3.99,42.42,0.034,315,79.47,60.2,38.17,1,0,0,0,0
35.83,111.34,6.22,407,3.44,32.07,0.136,285,70.24,10.32,76.46,0,1,1,0,2
38.03,29.01,8.64,264,7.98,47.0,0.006,42,95.27,86.26,98.73,0,0,0,1,0
26.43,67.94,6.26,296,13.78,4.55,0.102,215,58.57,43.25,52.78,1,1,0,1,0
37.98,269.31,7.73,407,2.71,2.6,0.044,815,90.42,75.11,70.26,0,1,1,1,0
20.7,293.91,8.58,24,13.84,33.81,0.19,975,69.57,79.24,32.36,0,1,0,1,1
29.38,194.3,5.62,35,13.61,13.33,0.142,262,79.0,59.33,59.86,1,1,0,0,1
35.67,275.05,8.4,263,5.51,33.96,0.151,86,57.19,81.12,19.0,0,0,1,1,0
23.65,192.82,6.94,381,12.69,36.17,0.141,741,33.41,71.42,86.52,0,0,1,0,1
40.58,9.96,7.8,113,2.09,15.22,0.133,798,28.73,42.39,51.01,1,0,1,1,2
25.88,299.03,6.8,104,7.45,47.63,0.028,117,74.59,83.45,42.53,0,1,0,1,2
36.31,29.69,7.93,92,6.83,38.74,0.199,745,50.12,67.24,56.21,1,1,0,0,1
30.13,204.79,6.39,88,12.83,18.37,0.131,18,65.4,24.42,92.17,0,0,0,0,1
34.9,75.85,5.58,442,7.67,20.61,0.179,51,79.68,79.55,79.88,0,1,0,1,0
22.69,117.59,8.82,162,7.02,35.79,0.101,750,82.92,70.86,23.75,0,0,1,1,0
20.42,193.78,5.56,37,9.68,15.2,0.057,505,60.77,35.62,79.12,0,1,1,1,0
42.74,130.95,8.38,91,6.51,14.77,0.087,835,45.16,85.78,45.36,0,1,0,1,1
26.74,75.16,6.09,118,8.44,31.25,0.08,504,82.07,43.66,45.55,0,0,0,0,2
40.49,100.33,6.87,210,13.47,6.74,0.003,133,53.23,59.75,78.2,0,0,0,1,0
44.98,102.46,8.38,159,4.43,49.67,0.135,763,94.94,40.88,51.37,1,0,1,0,0
25.29,287.8,6.22,100,7.51,14.36,0.148,889,85.97,75.19,16.52,1,0,1,1,1
26.63,239.58,8.53,368,2.18,19.14,0.008,210,79.75,62.31,32.21,1,1,1,0,1
36.57,137.56,7.24,178,12.11,11.21,0.049,315,39.3,52.33,90.52,0,0,1,0,0
44.14,59.95,6.78,283,3.1,32.17,0.133,474,49.02,11.83,63.28,0,1,1,1,1
42.9,243.3,7.82,439,3.14,3.02,0.064,499,87.92,64.65,87.6,0,1,0,1,2
32.57,47.15,6.69,354,12.59,46.39,0.187,348,21.85,66.01,37.46,0,0,0,1,1
39.88,63.14,6.72,391,6.91,15.2,0.023,117,82.52,26.31,72.01,0,0,1,1,1
23.39,109.8,8.07,296,10.25,46.37,0.186,651,52.33,39.91,80.68,1,0,0,0,2
44.44,264.1,6.58,373,12.29,12.68,0.183,165,83.95,89.09,26.46,0,1,0,0,2
44.11,39.54,6.2,22,6.49,25.69,0.191,140,64.19,59.42,12.1,0,1,0,0,2
24.09,36.67,8.33,437,5.14,34.76,0.015,507,62.14,49.16,67.1,1,1,1,1,2
27.49,148.19,8.32,487,4.03,30.63,0.054,27,76.13,94.24,61.92,0,0,1,1,1
22.5,82.92,7.24,493,9.29,25.62,0.05,4,84.51,83.08,13.58,0,0,1,0,2
26.79,170.62,7.34,278,5.03,39.43,0.177,173,75.48,18.77,46.97,1,1,1,0,2
40.4,135.49,7.94,31,9.61,23.52,0.161,813,56.06,87.3,60.71,1,1,1,0,2
29.46,130.49,7.28,137,5.81,16.66,0.032,848,45.67,23.48,29.09,0,1,1,1,0
22.21,33.59,6.96,80,6.17,35.93,0.028,154,87.65,25.73,18.69,0,1,1,0,0
28.56,42.31,8.98,418,4.99,46.86,0.095,409,61.66,16.78,82.12,1,1,1,1,2
44.53,246.32,6.02,354,7.02,30.07,0.035,757,82.68,53.32,93.25,0,1,0,1,2
35.74,265.76,7.57,318,3.95,13.99,0.095,61,99.66,68.02,50.27,0,0,1,0,2
30.4,70.41,8.6,194,5.84,38.14,0.169,195,71.51,77.83,22.06,1,0,1,0,0
24.16,34.04,7.91,291,11.33,38.1,0.1,583,42.27,12.41,47.92,1,0,0,0,0
44.65,16.03,8.58,92,4.59,13.34,0.145,89,89.24,26.01,35.12,1,0,0,0,0
40.52,182.49,6.68,432,13.37,19.23,0.05,608,41.89,65.91,54.15,0,1,1,1,0
27.04,214.61,6.45,45,7.92,7.05,0.053,639,40.83,57.3,10.81,1,0,1,0,1
21.75,111.84,8.48,26,3.28,3.98,0.119,395,25.91,14.62,88.03,0,0,1,1,1
21.42,203.9,6.88,414,13.32,40.37,0.17,460,26.29,94.19,15.23,1,1,1,1,1
23.01,213.89,7.98,161,7.48,18.63,0.106,468,88.99,78.27,48.69,0,0,0,0,0
34.52,280.6,6.02,331,8.68,14.07,0.04,179,38.46,42.29,69.5,1,1,1,1,2
43.22,19.46,8.15,100,4.22,12.8,0.044,932,28.7,58.28,68.6,1,1,1,1,0
32.42,57.69,7.42,186,6.0,3.74,0.123,664,48.21,43.68,36.84,1,0,0,0,0
41.07,20.56,6.44,437,10.44,49.24,0.021,38,77.08,50.98,54.96,0,0,1,0,1
31.15,260.4,7.23,472,3.49,18.35,0.013,706,47.17,63.66,54.72,0,1,1,1,0
37.71,237.78,7.94,193,8.85,8.21,0.021,146,44.74,45.86,21.81,0,0,1,1,2
38.3,172.39,5.54,157,10.32,43.21,0.078,582,59.05,65.86,43.52,1,0,0,0,2
24.35,25.1,7.73,491,2.02,36.16,0.071,464,21.7,51.86,20.74,1,1,1,0,2
29.03,81.99,7.4,456,12.05,33.13,0.0,76,59.29,69.15,15.14,1,0,1,0,2
35.93,89.32,6.27,406,2.68,14.86,0.032,791,99.2,33.6,15.01,0,1,0,1,1
21.77,168.22,8.14,8,4.96,20.77,0.07,946,83.95,25.41,49.15,0,0,0,0,0
29.04,77.41,6.56,211,13.56,42.05,0.086,812,25.64,11.22,75.66,0,1,1,1,0
33.37,21.89,6.47,438,2.97,31.99,0.08,775,72.39,64.18,98.61,1,0,1,1,0
44.91,219.23,7.15,384,11.91,17.28,0.064,455,56.89,98.27,61.41,1,1,1,1,2
31.86,89.72,7.87,311,9.82,5.46,0.162,428,86.1,47.83,36.94,1,0,0,0,0
40.4,135.71,8.75,166,9.18,45.01,0.083,129,27.88,29.14,28.64,1,1,1,1,0
30.8,38.3,5.99,342,8.98,47.78,0.129,925,38.62,11.18,72.53,1,1,0,1,1
39.91,240.76,6.89,273,4.0,35.94,0.166,322,83.29,56.15,14.66,1,0,0,0,0
34.89,169.66,5.73,297,10.03,34.57,0.171,428,87.94,99.34,33.61,1,0,0,0,2
42.16,270.48,8.15,479,13.42,26.89,0.171,665,62.35,98.54,71.97,0,1,1,0,1
30.27,148.64,7.07,110,2.92,48.58,0.099,528,21.58,19.12,50.05,0,1,0,1,0
35.11,282.43,7.97,328,5.99,34.71,0.132,549,91.5,83.48,55.02,0,0,1,0,2
35.75,267.56,6.63,202,7.67,3.84,0.063,834,50.62,25.6,97.79,0,0,0,1,1
30.43,172.94,8.46,247,4.79,4.59,0.172,56,23.17,82.84,46.42,0,0,0,0,1
23.61,280.17,7.37,64,10.89,48.18,0.043,160,85.5,86.82,63.56,1,0,0,1,2
22.34,96.93,8.8,202,10.26,47.16,0.158,861,53.45,10.7,99.88,1,1,1,0,2
20.42,109.69,5.78,160,3.41,27.89,0.094,462,35.2,31.35,71.77,1,0,1,0,2
41.84,13.64,7.3,413,8.83,10.71,0.06,71,84.13,15.09,56.3,0,0,1,0,1
25.91,176.76,8.18,132,6.43,29.18,0.076,349,56.62,54.9,39.15,0,1,1,1,0
25.29,216.58,7.6,177,4.74,38.18,0.118,319,68.62,12.4,97.88,1,1,0,0,0
38.4,232.06,5.58,192,12.18,0.41,0.186,278,85.85,66.35,36.44,0,1,0,1,1
28.0,44.94,8.9,265,2.66,41.14,0.02,11,61.79,60.25,20.42,0,1,0,0,2
32.65,133.25,6.54,59,7.61,23.24,0.184,358,28.84,44.15,93.33,0,0,1,0,2
24.06,53.06,6.37,204,7.7,23.16,0.163,762,97.1,51.56,38.71,1,0,1,1,1
43.99,198.64,7.2,154,8.84,21.72,0.117,519,42.92,99.11,63.0,0,1,0,0,2
41.29,47.38,7.4,71,4.37,34.59,0.026,456,99.54,25.09,68.13,0,1,1,1,1
41.59,271.25,8.18,155,12.45,10.47,0.162,967,20.48,75.79,33.48,1,0,0,0,1
30.17,69.19,6.88,172,13.58,30.33,0.138,805,58.7,68.08,48.11,0,0,1,0,2
39.06,87.42,7.04,307,8.59,2.2,0.099,32,76.39,69.73,23.99,1,0,1,0,0
23.6,255.27,7.37,449,5.07,40.57,0.177,431,92.5,41.11,89.61,0,1,0,0,0
20.22,137.54,6.88,61,12.52,40.77,0.133,352,82.43,29.48,62.61,1,0,1,0,1
20.5,7.2,8.7,372,13.86,15.59,0.058,300,40.45,68.57,90.12,0,1,1,1,1
34.67,148.38,8.48,459,10.9,5.27,0.009,74,39.46,92.15,33.14,1,0,0,0,2
31.38,25.36,7.09,474,6.0,37.39,0.152,918,48.53,97.84,67.06,0,1,1,0,0
32.95,295.6,5.5,380,4.83,23.51,0.051,874,28.84,53.28,29.62,1,1,1,1,2
20.19,176.43,8.65,204,3.88,46.25,0.056,242,73.57,48.31,36.01,0,0,0,0,2
30.57,76.96,5.94,59,4.82,17.67,0.09,370,95.3,41.4,42.5,0,1,1,1,2
37.95,169.12,6.36,85,4.73,42.08,0.15,298,71.37,82.9,59.45,1,1,0,1,1
31.07,23.06,6.03,423,13.61,1.27,0.185,280,62.67,32.99,60.02,0,1,0,0,0
38.31,239.97,6.13,142,9.72,38.64,0.043,526,60.27,56.17,28.03,0,0,1,1,2
25.83,277.6,8.31,350,4.0,33.91,0.176,521,67.41,41.05,14.15,0,0,0,0,0
40.33,262.33,7.53,6,7.86,26.31,0.121,403,76.85,88.81,79.49,0,0,0,1,0
34.71,102.53,8.85,294,4.22,45.52,0.171,271,83.6,35.44,57.34,0,0,1,0,2
25.27,97.73,6.31,496,9.27,47.1,0.17,866,75.87,71.78,38.19,1,0,1,0,2
25.92,10.53,7.2,178,6.1,46.48,0.078,380,76.4,62.99,14.75,0,0,1,0,1
35.7,195.42,8.92,226,4.35,29.89,0.136,97,96.14,39.55,19.41,0,0,1,1,0
40.75,160.47,8.39,6,4.91,25.97,0.189,212,91.95,32.93,48.12,1,0,1,1,0
30.39,137.8,8.05,139,10.1,13.45,0.134,824,85.91,82.34,53.54,0,1,0,1,2
26.46,272.29,6.16,13,6.9,8.1,0.092,45,23.47,55.95,43.97,0,1,0,0,0
41.68,50.36,8.19,33,8.16,27.85,0.074,878,73.51,65.03,60.99,0,1,0,1,2
36.73,2.9,6.72,377,11.86,7.42,0.029,635,56.4,96.59,83.27,0,0,0,1,1
31.2,21.99,7.36,422,9.87,8.61,0.2,503,69.41,45.82,70.94,0,1,1,1,2
32.2,67.01,7.63,239,7.55,17.84,0.132,231,74.9,83.29,88.03,1,1,1,1,1
25.11,9.99,7.63,328,13.45,9.34,0.055,128,77.17,67.49,65.42,0,1,1,1,1
35.67,150.85,8.04,319,4.57,25.09,0.015,792,89.55,63.42,19.45,0,1,1,0,2
28.97,94.23,7.82,96,5.47,33.19,0.151,311,92.8,14.91,23.5,1,0,0,1,1
44.89,54.14,5.74,267,12.94,34.9,0.171,45,68.55,92.11,45.15,0,0,1,0,2
32.0,225.03,7.1,125,12.24,26.64,0.086,954,91.53,30.57,35.55,1,1,1,1,2
32.15,61.34,7.82,33,3.56,26.09,0.191,445,81.17,52.59,68.7,0,1,1,1,2
34.15,206.28,6.54,282,13.16,23.74,0.066,461,36.22,77.68,66.32,0,0,0,1,1
42.92,104.78,6.6,405,2.12,12.26,0.151,444,22.82,57.01,51.63,1,1,1,0,0
40.02,153.55,5.94,17,11.87,32.71,0.053,978,20.79,10.39,67.93,1,1,0,0,0
31.28,280.16,6.97,429,5.35,32.85,0.067,775,66.93,95.41,92.0,0,1,1,0,1
37.97,11.21,8.95,427,4.26,12.79,0.121,552,61.73,11.84,54.25,0,0,1,0,1
34.66,150.08,6.5,401,7.38,35.03,0.007,142,75.71,18.09,41.25,1,0,1,0,1
32.31,256.33,7.36,292,12.76,42.9,0.042,555,87.43,30.17,52.86,0,1,0,1,2
24.81,176.39,8.1,390,11.43,29.74,0.035,849,33.16,63.91,23.06,1,0,0,0,1
31.6,83.06,5.55,67,13.6,5.88,0.066,254,88.51,97.4,18.76,0,1,1,0,1
26.15,119.3,8.65,236,8.49,16.36,0.155,640,27.85,93.04,46.95,1,0,0,1,1
42.87,204.08,6.85,79,8.13,4.64,0.182,110,90.66,68.62,93.11,1,1,1,0,2
28.39,267.24,8.54,85,2.16,15.1,0.003,224,88.04,76.75,87.66,1,1,1,1,0
43.81,12.32,5.64,59,4.17,10.6,0.051,192,75.76,74.07,71.04,0,0,1,0,2
33.33,21.46,6.01,47,7.97,27.73,0.005,116,44.0,71.83,74.7,1,1,0,0,1
35.79,97.52,6.63,178,11.03,21.18,0.172,417,27.47,83.12,87.45,0,1,0,0,2
33.57,69.83,6.71,355,11.87,36.13,0.04,387,82.25,40.59,92.39,1,1,1,0,0
23.23,79.48,8.47,83,5.4,18.15,0.154,848,37.43,29.9,69.35,1,0,0,1,2
29.4,66.38,5.54,94,10.55,7.74,0.007,385,55.27,41.29,44.74,0,0,0,0,1
22.48,58.75,7.74,307,11.94,11.8,0.08,422,62.47,14.37,23.27,0,0,0,0,0
35.57,39.19,5.96,251,6.5,27.29,0.072,254,74.84,97.03,10.62,1,0,0,0,2
31.17,280.19,8.38,480,10.35,22.49,0.066,760,59.0,76.56,68.31,1,0,1,0,0
39.45,43.26,8.23,332,7.25,2.13,0.114,949,75.56,29.21,45.8,0,0,1,1,2
25.51,61.32,7.25,179,13.83,10.5,0.078,649,85.12,33.02,17.17,0,1,0,1,2
24.11,73.88,6.24,83,2.08,14.84,0.081,297,77.04,99.33,35.08,1,0,0,1,1
30.16,279.9,7.72,309,6.97,36.27,0.038,556,43.96,79.13,52.19,0,0,0,0,2
43.16,226.71,6.05,424,5.16,36.52,0.083,612,91.54,48.31,80.52,1,1,1,0,1
37.76,236.91,6.17,425,12.2,34.9,0.148,409,64.05,28.6,38.33,0,0,0,0,0
30.47,31.43,7.69,485,5.45,40.92,0.065,794,57.23,13.64,69.06,0,0,1,0,2
32.93,250.89,8.97,149,8.53,43.69,0.171,678,66.0,70.24,13.89,1,1,0,0,0
22.11,122.46,8.62,38,10.88,3.56,0.033,920,58.66,80.2,96.61,0,1,0,0,1
44.61,78.85,7.58,278,7.97,24.65,0.169,796,80.41,19.7,97.45,0,1,1,1,1
36.66,172.73,7.38,303,6.92,7.45,0.123,365,53.65,10.22,57.55,0,1,1,1,0
27.14,246.65,8.99,112,2.51,17.7,0.085,465,82.14,42.17,69.18,1,1,1,1,0
34.65,233.6,7.42,375,2.28,33.16,0.007,533,80.81,70.07,78.81,1,1,1,0,0
22.74,267.0,6.97,416,13.49,30.08,0.025,370,42.15,93.14,97.33,1,1,0,1,1
44.15,278.44,8.68,126,9.72,6.43,0.083,857,27.68,89.16,59.02,0,1,0,0,0
24.37,71.44,6.32,40,11.9,37.85,0.176,443,88.08,71.97,77.98,0,1,1,0,2
36.2,127.16,5.84,157,7.77,39.35,0.191,345,33.51,83.26,27.31,1,0,1,0,1
26.14,4.39,7.72,205,5.14,6.96,0.186,691,22.49,42.03,23.86,0,0,1,1,2
37.94,263.8,5.84,46,5.53,30.78,0.055,596,52.19,32.06,74.13,0,0,1,1,2
39.42,46.37,6.81,483,2.52,47.26,0.051,404,40.33,21.18,93.15,1,1,1,0,0
36.84,258.44,6.98,184,11.49,4.7,0.148,617,37.63,26.35,61.09,0,0,0,0,0
35.36,98.82,7.42,71,8.98,8.23,0.188,135,33.79,96.66,58.11,0,1,0,0,2
42.31,110.44,8.97,56,7.77,38.28,0.027,372,79.94,93.7,61.4,0,0,1,1,0
21.97,11.74,6.27,238,12.23,16.85,0.076,321,82.67,14.22,89.16,1,0,0,0,2
28.27,98.06,6.82,61,7.34,47.78,0.167,225,23.71,52.29,82.0,1,0,1,0,2
26.21,266.51,5.96,341,13.38,31.22,0.098,715,63.74,43.6,82.15,0,1,0,1,0
44.7,7.66,7.63,56,2.16,24.16,0.168,112,30.81,68.66,19.59,0,1,1,1,1
29.73,121.9,8.05,451,13.82,16.88,0.023,17,59.96,39.56,78.38,0,0,1,1,2
38.32,9.42,7.19,242,11.79,11.96,0.155,848,47.83,35.25,79.15,0,1,0,1,1
37.12,111.28,6.36,482,6.26,32.5,0.078,654,36.15,82.83,21.89,0,0,0,1,0
25.3,51.79,7.67,327,9.14,29.6,0.139,770,95.84,95.24,52.43,0,1,1,1,2
25.97,75.67,7.39,481,12.38,17.9,0.059,852,96.54,28.25,18.81,1,1,1,1,0
27.03,263.28,6.1,123,7.78,45.89,0.138,594,65.12,31.18,45.73,1,0,0,0,0
30.28,130.81,6.92,469,2.61,38.09,0.14,314,35.04,47.72,67.69,0,1,1,1,1
25.86,82.14,7.02,152,12.84,13.0,0.084,694,66.66,73.57,29.65,0,0,1,1,0
20.49,176.8,8.94,254,8.2,47.17,0.194,121,94.28,25.04,21.9,0,1,0,1,2
41.98,42.63,8.47,216,8.54,37.78,0.0,415,50.22,52.11,67.45,1,1,0,0,1
44.14,77.82,8.07,423,2.16,44.86,0.135,10,31.02,85.68,84.41,1,0,0,1,1
28.54,163.87,8.61,231,3.2,6.81,0.182,977,75.5,31.07,23.89,0,1,0,0,2
28.46,71.26,8.07,16,11.33,1.65,0.171,180,72.5,14.29,91.38,0,1,0,1,0
20.18,203.74,8.66,79,7.22,24.65,0.113,412,20.11,91.61,76.33,1,0,1,1,2
37.01,147.45,5.69,495,13.98,22.41,0.179,834,88.29,80.88,71.02,1,1,1,1,1
40.64,231.6,7.1,175,10.35,43.49,0.022,497,72.86,72.89,20.89,0,1,0,1,1
23.67,284.47,8.11,38,13.4,8.61,0.109,387,35.66,17.86,93.68,0,0,1,1,0
23.99,34.74,7.54,142,5.35,1.18,0.196,219,20.26,90.94,52.61,0,1,1,0,2
39.75,100.4,6.11,16,4.11,26.46,0.198,136,97.78,37.47,58.2,0,0,1,1,0
35.41,95.86,6.69,248,6.52,8.88,0.136,312,80.37,29.03,56.14,1,0,0,0,1
21.12,45.35,6.61,34,5.18,2.48,0.034,165,49.2,53.87,57.8,0,1,1,0,2
35.56,243.09,6.41,288,9.36,1.11,0.023,774,54.62,93.05,84.06,1,1,1,1,0
27.72,227.96,6.7,487,10.93,7.12,0.184,960,63.11,99.51,18.89,0,0,0,1,0
29.22,145.33,7.3,486,6.83,18.79,0.176,418,77.49,65.27,53.54,1,1,1,1,0
39.24,161.33,8.49,145,3.08,44.2,0.063,430,33.83,96.0,65.25,0,1,0,0,0
40.27,17.86,8.1,413,2.32,38.03,0.186,33,35.66,50.8,20.6,1,0,0,1,2
30.01,166.65,8.42,214,4.62,26.51,0.026,318,23.86,12.67,62.29,1,1,1,1,1
43.68,237.4,8.59,164,10.79,21.52,0.059,264,98.86,34.81,55.82,1,1,0,1,1
30.16,172.15,6.96,110,4.66,22.79,0.129,857,90.05,37.16,30.04,0,1,1,0,2
39.3,79.59,6.71,134,12.93,44.23,0.034,711,64.24,80.44,33.16,0,1,0,1,0
32.1,200.26,5.7,73,9.82,36.23,0.198,274,54.42,21.18,17.76,0,1,1,1,1
42.44,108.45,8.76,463,12.35,8.6,0.045,409,39.0,25.74,73.49,1,0,0,0,1
42.69,163.46,5.73,155,6.63,46.99,0.049,173,67.6,65.28,23.35,0,0,1,1,2
22.19,146.27,8.09,214,13.8,38.65,0.095,311,75.24,21.76,81.01,1,0,0,0,0
43.41,114.35,6.82,353,10.15,1.71,0.156,265,75.13,54.6,90.07,1,0,1,1,0
40.64,215.66,8.82,273,6.28,25.11,0.024,631,20.51,13.16,31.7,0,0,0,1,2
39.78,265.16,6.97,430,4.55,32.64,0.133,682,76.16,70.2,33.43,0,0,0,1,1
25.02,1.56,8.36,278,12.4,3.05,0.02,413,89.31,91.75,21.08,1,0,1,0,2
40.13,280.08,6.49,498,5.82,17.65,0.019,551,29.19,88.74,58.68,0,1,0,1,0
41.25,153.45,6.55,147,2.53,32.42,0.008,483,80.43,16.63,96.78,1,0,1,1,1
27.23,210.22,7.58,30,5.34,40.8,0.109,182,85.86,63.19,31.94,0,0,1,1,1
43.81,256.69,8.99,13,4.15,48.86,0.087,441,42.09,19.35,24.38,1,0,1,1,2
21.25,140.13,7.31,22,5.84,6.08,0.061,798,76.97,14.82,64.55,0,0,1,0,1
23.75,250.49,8.78,1,9.36,31.62,0.105,455,27.74,64.93,87.09,0,1,0,0,1
33.44,53.29,8.25,412,8.01,44.64,0.1,489,71.94,61.52,88.32,0,0,0,0,1
34.39,47.75,8.29,177,10.53,35.85,0.095,46,60.83,18.45,41.09,1,0,0,1,2
36.13,197.24,7.03,328,6.01,31.62,0.034,972,87.99,42.39,80.81,1,0,1,1,1
20.42,261.04,6.85,58,3.44,10.72,0.179,292,56.16,38.5,63.31,0,1,1,1,0
44.01,267.73,6.17,288,3.92,40.76,0.124,989,54.25,40.82,75.96,0,0,1,0,0
21.11,193.12,8.87,175,11.57,28.12,0.025,696,94.7,39.99,70.92,0,1,1,1,0
23.58,157.65,8.86,171,3.18,5.57,0.051,78,94.74,84.22,21.49,0,0,0,0,2
20.35,99.42,8.11,395,11.58,46.78,0.153,184,22.86,41.82,42.17,0,1,1,0,0
34.17,294.0,6.54,82,4.55,49.42,0.155,610,58.85,39.74,78.68,0,0,0,0,1
43.31,95.91,6.36,425,10.14,26.88,0.145,898,32.88,12.67,78.39,1,0,1,0,1
36.65,223.26,8.96,467,9.48,38.82,0.158,668,41.9,81.14,20.99,0,0,1,0,1
40.57,159.59,5.73,484,3.18,29.17,0.12,471,73.29,69.39,51.59,1,1,1,0,2
20.33,182.55,8.45,222,9.99,21.11,0.058,556,30.34,40.73,88.21,0,0,1,1,2
33.55,118.04,6.74,34,7.37,20.46,0.072,598,20.9,50.67,81.24,1,1,1,1,0
31.49,289.45,6.97,296,10.49,48.22,0.102,328,78.17,81.47,62.28,1,1,0,0,1
32.47,171.5,8.41,468,12.03,18.44,0.049,513,71.31,40.98,28.58,0,0,0,0,2
21.81,281.34,5.82,438,2.47,24.52,0.171,398,92.21,52.6,39.21,0,1,0,0,0
37.11,2.28,6.74,494,9.78,12.42,0.149,991,63.38,11.78,68.83,0,1,1,1,1
32.58,171.8,8.83,109,3.26,12.66,0.196,657,95.63,92.65,80.33,1,0,1,1,0
39.13,215.16,7.95,234,6.55,17.81,0.083,758,68.75,43.41,65.23,0,1,1,0,2
32.13,223.52,8.14,396,2.15,46.24,0.174,668,50.97,36.68,45.58,1,0,1,0,2
23.73,271.49,8.15,38,5.94,19.83,0.156,295,68.68,64.82,61.9,0,0,0,1,0
36.21,1.32,5.71,218,4.03,27.61,0.166,2,79.93,57.4,10.34,1,0,1,0,0
24.31,0.1,6.21,216,8.68,27.29,0.138,736,47.8,46.08,76.21,0,0,1,0,1
41.81,141.68,7.22,193,8.15,29.16,0.07,313,49.8,93.01,85.96,0,1,1,0,2
35.33,8.79,6.79,162,11.52,41.0,0.049,326,70.39,42.67,14.15,0,1,0,0,0
23.93,292.36,6.94,115,9.68,45.06,0.054,349,56.45,99.85,45.95,0,1,1,1,0
44.06,66.62,8.24,327,10.58,10.44,0.113,218,62.16,81.02,86.39,1,0,1,0,1
32.96,141.8,5.55,160,3.11,43.02,0.176,677,98.57,91.3,63.74,0,0,1,1,2
21.82,18.34,7.81,88,2.33,27.39,0.09,668,23.5,35.45,53.51,0,1,1,1,0
35.67,156.61,5.5,468,13.63,46.22,0.12,670,71.83,16.32,17.84,0,1,0,0,1
26.33,113.99,5.72,419,7.12,45.81,0.147,637,93.83,47.73,76.35,0,0,0,0,1
40.09,13.4,6.93,140,6.74,19.47,0.171,704,38.9,38.2,72.03,0,1,0,0,2
40.45,100.54,8.44,311,2.42,32.59,0.13,872,36.96,15.46,63.08,0,0,0,1,0
44.47,117.43,6.01,173,3.43,43.57,0.126,298,49.04,16.43,15.44,0,1,1,0,1
32.55,296.98,7.44,200,13.29,19.24,0.198,666,25.93,25.68,67.85,0,1,0,1,2
31.37,62.37,7.87,354,10.34,2.19,0.172,154,64.82,44.0,14.65,1,0,0,0,2
38.84,163.43,6.3,301,6.91,17.99,0.147,629,71.64,94.17,83.99,1,0,0,1,1
23.31,296.19,7.29,355,12.85,18.27,0.166,988,85.59,69.2,88.23,0,0,0,1,0
33.67,237.61,8.69,112,9.08,40.34,0.2,324,25.29,45.86,57.78,0,0,0,0,0
33.66,298.01,7.29,366,10.96,15.48,0.101,2,54.89,81.95,86.36,0,0,1,0,2
22.24,290.49,6.05,427,7.18,44.7,0.141,668,82.74,61.16,46.07,0,0,0,1,1
30.45,146.86,7.7,173,7.18,27.43,0.163,870,81.46,47.57,36.1,0,1,0,1,1
41.33,208.91,7.57,498,2.82,29.31,0.089,652,25.89,22.99,53.57,0,0,0,0,0
41.4,33.13,5.59,73,10.81,40.35,0.191,864,20.91,93.43,60.29,0,0,0,0,1
22.48,132.34,5.82,324,3.19,6.73,0.076,59,82.67,66.15,78.98,1,1,1,0,2
22.27,242.71,6.05,286,11.17,0.9,0.049,595,31.04,49.53,64.19,1,0,0,1,2
26.57,151.6,5.98,124,4.29,2.83,0.135,834,66.22,49.45,87.03,0,0,1,0,2
41.87,210.81,6.41,23,4.97,1.53,0.016,197,27.54,78.85,94.22,0,1,0,1,2
23.22,223.73,7.09,31,13.01,34.99,0.025,362,43.64,26.15,56.98,0,1,0,0,0
38.0,76.04,6.8,253,7.66,12.25,0.194,848,32.64,47.58,74.59,1,1,0,1,1
22.53,262.71,8.62,496,3.5,42.87,0.056,890,78.91,15.67,53.34,0,1,1,0,1
35.58,137.95,7.64,112,12.86,44.14,0.007,814,73.82,17.19,91.55,0,1,0,0,2
28.9,63.06,8.57,194,7.43,17.8,0.095,963,30.82,57.37,12.75,1,1,0,0,1
39.72,259.62,7.34,15,3.57,9.74,0.173,608,24.75,44.27,74.67,1,0,1,1,1
25.84,125.35,5.81,440,6.69,24.94,0.067,160,57.31,74.76,54.67,1,0,1,1,1
35.98,225.09,7.12,488,9.07,40.79,0.084,517,35.64,98.81,15.5,0,0,1,1,0
25.89,164.41,8.38,496,6.35,34.24,0.031,885,20.65,87.35,77.11,1,1,1,0,1
37.84,114.56,6.18,211,13.09,1.29,0.069,447,41.14,49.77,45.35,0,1,0,0,0
41.84,242.96,5.82,107,5.24,0.36,0.193,488,37.22,44.01,57.45,1,0,0,1,2
23.17,175.34,6.65,23,4.11,5.69,0.175,845,74.8,62.66,74.15,1,0,0,0,1
41.66,117.17,6.86,289,4.65,16.84,0.148,454,88.87,18.25,32.69,0,1,0,0,2
34.84,32.88,6.57,383,3.0,26.84,0.157,837,39.01,98.89,35.95,1,0,1,1,2
23.18,268.63,5.97,307,7.43,40.88,0.134,946,37.84,98.29,42.1,1,1,0,0,2
30.69,10.64,6.38,303,12.54,7.14,0.024,322,51.02,93.07,77.29,1,0,1,0,1
24.02,258.96,7.89,342,5.66,7.62,0.023,868,33.8,69.6,98.36,1,0,0,0,1
37.51,107.99,6.85,118,5.1,43.18,0.107,405,95.75,55.28,42.67,0,1,1,0,2
38.97,191.8,7.71,180,12.05,46.2,0.119,997,39.48,73.6,64.97,0,0,0,0,2
22.64,276.66,7.38,438,5.67,27.56,0.194,455,27.47,38.3,39.16,1,1,0,0,0
32.65,45.51,7.42,37,7.72,39.24,0.09,791,64.55,86.7,88.91,0,1,1,0,1
40.37,170.09,6.37,385,2.37,17.13,0.183,204,63.01,22.12,94.2,0,1,1,1,1
43.4,229.33,7.33,232,5.44,47.31,0.198,972,70.55,82.31,27.07,0,1,0,1,1
32.84,227.28,5.58,68,3.57,45.24,0.169,320,97.34,88.07,68.87,1,0,1,1,0
43.76,157.69,7.01,81,3.27,42.48,0.08,754,45.88,25.31,91.54,1,0,0,0,1
33.39,187.42,7.5,117,7.18,0.65,0.151,180,48.77,53.07,52.75,1,0,1,1,2
29.85,227.26,6.14,308,5.33,26.16,0.109,127,46.96,90.25,40.18,1,1,1,0,1
41.21,252.31,6.4,49,4.0,1.33,0.04,936,70.29,96.34,91.51,0,0,0,1,2
32.32,228.54,6.27,156,8.14,33.87,0.026,99,68.33,83.02,33.21,1,1,0,1,2
31.8,106.2,5.75,73,11.41,9.17,0.014,799,62.3,94.68,28.64,0,0,1,1,1
32.26,299.02,6.72,489,10.82,31.97,0.065,580,49.15,94.33,89.25,1,1,1,0,2
41.17,130.35,8.93,182,5.01,4.9,0.138,326,54.21,98.17,67.02,1,0,0,0,1
40.8,7.34,6.74,105,5.16,37.83,0.183,241,83.4,47.21,26.65,0,1,0,0,2
30.09,108.79,7.11,188,10.78,36.32,0.064,44,68.74,35.82,67.86,1,1,0,0,1
28.33,38.33,7.79,305,8.69,0.23,0.106,31,77.3,66.96,88.86,1,0,0,0,1
32.3,36.43,7.77,271,10.91,39.6,0.094,539,42.14,27.0,18.04,0,1,1,1,2
34.32,84.46,8.82,86,2.02,8.19,0.022,352,92.92,60.13,33.1,1,0,1,1,2
25.96,16.01,8.5,349,3.05,5.46,0.152,749,22.81,62.14,64.38,0,0,0,1,1
39.85,206.55,8.28,325,11.62,25.01,0.104,781,67.66,82.58,20.35,0,0,0,1,1
32.16,22.2,8.83,171,12.21,29.5,0.183,652,84.99,42.56,91.49,0,0,0,1,2
28.35,60.99,6.31,251,6.12,5.16,0.167,988,89.3,64.16,63.37,1,0,0,1,1
22.67,27.87,7.66,355,13.5,15.24,0.056,433,45.56,91.29,62.65,1,1,0,1,1
25.97,18.95,8.61,467,5.62,20.39,0.063,167,56.78,47.96,15.03,1,0,0,1,0
43.73,80.33,7.68,143,12.68,47.18,0.107,896,22.79,61.46,47.92,1,1,1,0,1
27.63,171.57,8.92,283,7.06,12.57,0.025,430,83.18,80.86,27.54,0,1,0,0,0
24.22,289.41,5.85,184,8.74,13.02,0.05,112,29.97,32.47,82.77,1,1,1,0,1
31.52,262.67,7.04,153,9.72,32.97,0.164,624,54.25,19.3,40.25,0,1,0,1,0
27.68,262.78,8.92,341,3.6,36.36,0.031,474,99.26,71.36,46.27,1,1,1,1,0
20.88,52.82,6.83,117,2.45,0.54,0.109,285,93.42,43.34,67.66,1,1,1,1,0
28.08,79.47,8.09,266,7.12,6.7,0.079,545,46.4,44.34,74.57,1,0,0,1,0
33.6,22.92,5.61,384,3.92,17.88,0.04,557,37.91,93.71,81.1,0,0,0,1,1
33.79,233.54,7.93,324,8.59,31.6,0.194,0,40.14,46.71,25.74,0,0,1,1,0
28.91,20.94,8.77,254,7.44,6.71,0.165,417,74.78,95.83,33.63,1,0,1,1,2
31.18,167.01,6.84,240,3.47,17.85,0.053,186,78.06,19.57,18.31,1,1,1,1,0
44.14,74.36,5.57,170,9.99,4.01,0.157,902,37.32,40.87,87.08,1,0,1,0,1
29.43,73.03,5.6,429,2.25,28.56,0.001,448,39.2,72.36,38.39,1,0,0,0,0
26.46,297.22,8.62,104,3.52,21.32,0.056,681,45.87,21.34,21.35,0,1,0,0,2
26.09,227.03,8.03,489,10.4,39.4,0.022,977,54.65,44.83,38.02,0,0,1,0,0
31.44,251.08,5.87,35,8.33,28.69,0.085,994,93.4,86.66,15.14,1,1,1,0,2
38.99,171.59,5.69,65,5.38,32.96,0.128,753,22.12,78.56,85.29,1,0,1,0,2
25.15,261.3,8.32,184,4.16,33.56,0.034,274,71.06,35.39,35.83,1,1,0,1,1
37.73,193.65,8.33,389,9.71,29.48,0.048,908,88.94,42.08,41.51,0,0,0,1,0
20.53,283.85,5.92,189,4.47,0.8,0.079,22,77.87,55.46,94.63,0,1,1,1,0
30.47,84.4,6.56,154,13.82,41.6,0.126,65,37.34,75.82,27.04,1,0,0,1,2
39.4,178.6,8.23,380,12.43,45.83,0.062,386,58.14,23.67,28.36,0,1,0,0,1
28.47,207.04,7.34,409,3.59,26.71,0.12,85,92.82,57.49,60.44,1,0,0,1,1
34.09,117.88,8.85,226,12.31,5.61,0.07,931,29.26,16.6,97.5,0,1,1,0,2
25.12,263.91,7.18,140,6.14,32.74,0.052,944,99.0,45.8,91.11,1,0,1,0,1
38.55,293.94,7.87,75,7.88,18.19,0.171,711,31.49,27.19,63.36,0,0,1,0,0
21.31,148.13,7.28,145,3.71,3.66,0.077,86,31.39,37.81,83.1,0,0,0,1,1
41.31,117.19,8.8,37,3.42,42.71,0.184,327,85.03,39.83,53.89,1,1,1,1,1
24.95,141.58,6.9,489,12.39,35.59,0.061,952,86.27,79.31,49.12,0,0,0,0,0
41.86,255.82,6.3,261,9.56,40.24,0.109,856,23.03,33.86,46.04,0,0,1,1,2
28.81,193.64,6.64,125,7.53,39.81,0.011,738,33.46,69.74,50.91,0,1,0,1,1
38.07,13.43,8.48,91,2.43,17.88,0.136,959,95.88,57.99,73.62,1,0,1,1,2
27.98,162.65,7.24,283,13.06,24.11,0.159,622,42.35,82.38,83.93,1,0,0,0,0
42.65,5.19,6.74,344,6.51,11.68,0.194,138,20.98,38.94,61.84,0,1,0,1,2
23.17,233.56,7.4,260,7.0,37.74,0.167,808,40.32,99.52,88.21,0,1,1,0,2
24.46,98.49,5.97,442,5.48,26.2,0.063,234,78.83,36.62,67.48,0,1,0,0,1
32.33,141.6,5.52,462,12.7,32.5,0.111,773,93.32,62.16,82.25,1,1,0,1,1
22.05,239.6,6.48,366,6.14,17.83,0.118,873,32.41,66.9,72.06,1,1,1,1,0
24.9,13.93,7.62,107,4.09,33.96,0.011,812,37.95,58.44,79.64,0,0,0,0,1
43.59,47.56,7.99,456,8.01,33.56,0.015,720,55.32,87.3,11.71,1,0,0,0,2
44.41,119.39,8.39,44,11.38,38.51,0.065,227,79.86,20.17,88.05,0,0,0,1,1
29.41,68.98,8.74,367,6.46,7.77,0.149,696,72.7,63.75,89.73,1,1,0,0,1
43.08,101.37,6.94,436,9.82,31.18,0.057,81,46.2,55.57,85.72,0,0,0,1,1
33.62,299.45,8.09,1,5.65,43.97,0.175,672,25.31,47.55,75.71,0,1,0,1,1
26.74,247.62,5.76,432,10.64,4.71,0.129,188,40.24,41.16,80.88,1,0,1,1,1
37.56,265.17,5.7,200,10.02,48.04,0.094,17,37.57,23.76,26.31,0,1,0,1,2
36.47,281.12,5.94,89,10.17,10.39,0.108,6,21.68,68.5,14.29,1,0,1,1,1
44.73,102.28,7.07,214,9.75,46.83,0.066,284,98.0,20.59,36.08,1,1,1,0,1
26.63,89.12,6.24,114,3.88,43.4,0.195,196,40.43,84.64,49.82,1,1,1,1,2
36.8,70.22,6.5,318,12.66,38.51,0.035,399,86.92,50.3,34.37,1,1,1,1,2
21.3,249.04,7.77,91,9.03,10.47,0.172,734,58.79,64.49,88.36,0,1,0,1,1
22.84,203.87,6.75,325,6.59,10.82,0.136,964,97.78,17.0,96.8,1,0,1,0,2
20.1,70.85,7.45,185,4.07,12.97,0.142,73,31.96,18.41,79.37,0,0,0,1,2
44.99,113.1,6.94,259,11.4,40.52,0.167,412,28.85,31.23,52.89,0,0,1,0,2
40.06,152.01,6.09,157,8.11,9.38,0.027,412,20.2,80.18,23.12,1,0,1,1,0
39.67,158.44,5.76,56,3.77,29.04,0.139,15,77.48,53.72,88.48,1,0,1,1,0
32.74,266.62,6.33,46,13.06,38.88,0.155,259,44.51,37.98,85.78,0,1,1,0,1
27.5,114.17,5.7,401,3.27,23.03,0.197,64,89.63,86.45,24.61,1,0,1,0,2
23.78,272.56,7.67,221,8.29,42.04,0.15,71,70.7,27.27,14.38,1,1,0,1,0
27.12,132.41,8.29,474,9.33,28.11,0.19,987,66.19,33.35,90.91,0,0,1,0,1
29.4,223.91,6.69,107,13.99,29.76,0.17,640,58.95,79.91,83.97,0,1,1,1,0
38.91,279.08,6.85,350,3.69,33.84,0.175,505,40.65,12.43,94.08,0,1,0,0,0
33.49,272.27,8.36,299,9.36,42.3,0.183,731,25.18,29.83,42.21,0,1,1,1,2
21.94,17.09,6.28,179,7.72,0.23,0.106,130,55.49,56.92,69.21,1,1,1,0,2
20.45,61.71,5.92,176,5.09,19.63,0.142,575,27.93,92.35,87.78,0,0,1,1,2
22.56,143.07,7.25,486,13.31,48.15,0.025,753,92.46,33.93,40.73,0,0,0,1,1
30.26,129.47,7.76,413,11.49,4.93,0.071,65,86.35,29.18,52.71,1,1,1,0,1
43.33,192.27,7.6,179,11.32,11.67,0.176,600,69.58,97.74,57.85,1,1,1,1,2
35.94,283.41,8.0,36,12.79,28.55,0.196,824,56.2,57.21,12.63,1,1,1,0,0
40.05,33.72,5.7,62,10.7,42.89,0.022,356,56.34,15.63,84.55,1,0,0,0,0
31.66,135.56,7.0,267,8.08,4.86,0.117,458,57.16,34.88,94.94,0,0,0,0,0
29.04,57.72,6.33,272,6.7,0.2,0.147,877,79.64,58.03,47.54,1,0,0,0,0
22.71,268.23,8.16,289,10.45,34.35,0.103,273,30.1,16.48,65.0,1,1,1,1,0
41.9,289.37,8.55,411,9.23,29.87,0.047,105,62.5,72.33,58.75,0,1,1,1,0
39.58,143.61,6.48,387,8.51,13.55,0.008,38,85.01,57.02,41.31,1,0,0,1,2
24.2,31.2,5.83,353,9.07,47.88,0.19,487,60.81,73.87,17.42,1,0,1,0,2
32.81,235.59,6.39,301,9.86,27.96,0.047,635,21.1,40.76,56.81,0,1,0,1,2
32.18,209.14,5.86,269,13.62,33.17,0.06,120,39.58,47.8,31.97,1,0,1,0,1
35.63,106.4,6.63,268,11.04,18.94,0.129,595,73.49,93.53,68.71,0,0,1,1,2
43.65,266.22,7.38,496,4.12,46.08,0.086,208,94.74,28.96,58.35,0,0,1,0,1
34.49,292.75,8.91,441,7.6,13.8,0.085,774,91.5,13.56,63.15,1,0,0,1,2
33.51,167.36,6.9,304,10.14,37.44,0.017,950,85.82,98.4,64.16,1,1,0,1,0
21.26,169.72,6.27,245,4.11,5.83,0.198,111,96.01,10.67,89.71,0,0,1,1,1
21.57,89.25,6.08,177,13.19,26.89,0.057,400,42.39,89.94,23.27,1,0,0,1,0
24.68,175.35,6.11,66,2.92,28.89,0.022,579,20.99,84.34,82.51,1,0,0,1,1
20.81,131.89,6.17,276,9.33,9.42,0.136,803,48.35,53.89,95.93,1,1,1,1,0
38.58,90.66,8.17,207,13.71,16.19,0.15,891,66.16,73.48,74.92,0,1,0,1,2
38.08,20.16,5.71,306,10.73,8.93,0.005,733,45.32,19.46,22.51,1,0,1,0,1
23.4,75.81,8.99,37,10.13,42.25,0.054,0,23.54,78.73,86.52,0,0,0,1,2
40.9,59.36,7.33,118,13.97,32.86,0.039,758,60.57,80.54,81.26,0,1,0,0,2
23.87,162.61,7.4,25,11.5,22.32,0.158,290,35.98,14.62,87.65,1,0,1,0,0
27.53,180.5,6.75,5,13.64,27.8,0.037,75,78.21,54.75,53.77,0,0,0,0,1
26.22,182.57,7.92,273,10.39,17.2,0.047,400,27.14,95.33,83.82,0,0,1,1,2
29.31,116.45,7.15,232,9.99,21.44,0.197,591,96.65,95.6,23.86,0,0,1,0,0
26.37,126.37,6.65,113,11.15,30.97,0.14,667,90.13,98.61,61.9,0,0,0,0,0
32.22,250.27,6.43,133,4.27,10.57,0.078,799,89.91,69.1,59.66,0,0,0,0,2
30.19,142.87,8.74,424,11.67,6.7,0.151,749,83.19,22.7,90.71,0,1,0,0,0
44.66,296.33,6.52,312,13.64,47.22,0.093,950,70.69,47.16,87.66,0,1,0,0,0
21.4,131.89,7.03,177,9.34,11.84,0.043,802,24.27,75.42,74.44,0,1,0,1,2
23.55,194.87,6.73,24,2.15,24.76,0.098,895,72.99,35.55,25.74,0,1,0,1,0
21.32,15.11,5.8,47,2.87,38.08,0.154,530,79.75,82.91,82.61,1,1,0,0,1
35.65,196.0,6.15,279,4.82,27.8,0.036,92,30.47,87.52,65.28,0,0,1,1,1
21.36,255.43,6.16,413,7.89,31.74,0.097,604,69.26,78.72,83.49,0,0,1,1,0
40.91,282.74,7.93,342,6.97,8.17,0.024,498,58.31,40.79,94.45,0,0,0,1,2
32.8,299.2,6.92,300,13.75,19.75,0.169,591,57.8,76.73,50.51,1,0,1,1,0
33.18,84.65,8.24,298,13.35,34.51,0.164,771,35.96,16.51,77.01,0,0,1,1,1
34.04,172.61,7.98,71,6.71,10.49,0.135,404,79.16,40.17,97.57,0,1,1,1,2
24.27,135.22,6.17,439,11.53,24.18,0.184,509,94.01,78.9,29.23,1,0,0,0,2
24.94,169.15,7.47,496,9.64,29.46,0.08,624,83.02,81.53,86.23,0,0,1,0,0
27.97,47.24,8.1,200,4.92,39.47,0.026,114,49.52,38.69,22.77,0,1,0,0,2
34.84,256.84,7.72,325,13.17,10.82,0.195,683,98.73,96.43,11.54,1,1,0,1,0
25.25,272.87,7.6,32,5.11,48.9,0.103,573,49.13,34.6,86.23,1,0,1,0,2
22.91,134.9,8.09,96,12.44,48.37,0.095,640,38.75,69.4,96.39,1,1,0,1,0
44.25,84.13,5.7,44,9.65,0.61,0.013,850,97.45,89.11,12.9,1,0,1,0,1
20.55,42.25,8.06,262,9.45,18.4,0.114,306,83.19,59.63,86.0,0,1,0,1,1
40.07,205.13,6.45,361,12.06,3.39,0.129,115,80.9,47.12,72.95,1,0,0,0,2
39.7,93.67,7.5,401,7.93,15.86,0.095,107,26.19,29.03,72.98,0,0,1,0,0
27.43,272.86,6.35,69,12.24,30.35,0.182,217,35.36,27.68,51.37,1,1,1,1,0
23.39,201.3,8.44,300,8.6,30.44,0.148,715,21.48,24.3,47.54,0,0,0,0,1
23.64,193.71,7.18,292,13.82,4.83,0.008,656,82.13,49.87,43.57,0,0,1,0,0
37.44,167.82,7.75,404,9.92,33.86,0.109,36,42.26,59.31,44.37,0,0,0,0,1
36.07,13.73,8.28,217,6.49,42.32,0.199,987,30.58,85.51,94.34,1,0,1,0,0
39.57,279.58,8.63,206,11.16,31.56,0.04,35,34.55,29.56,83.42,1,1,1,0,0
43.44,188.38,8.06,171,8.12,15.5,0.123,924,71.29,77.97,38.23,0,1,1,1,1
37.3,298.22,6.02,245,11.67,0.12,0.055,324,54.64,72.47,76.65,1,1,0,0,0
23.9,161.21,8.49,413,12.0,32.42,0.074,613,95.31,67.11,69.08,0,0,1,1,1
26.09,213.03,7.67,394,9.4,33.89,0.007,642,49.27,40.54,86.14,1,0,1,0,2
41.05,16.86,7.63,255,12.47,35.44,0.138,398,86.71,38.62,18.27,1,1,1,1,0
25.23,189.52,8.72,263,6.84,1.96,0.153,962,63.72,78.3,73.01,0,0,0,1,0
21.81,229.39,6.37,388,2.69,25.82,0.155,332,76.43,34.71,32.04,0,0,0,1,0
37.58,233.55,6.34,263,9.95,20.67,0.194,708,33.49,39.67,31.74,0,0,1,1,1
30.06,231.03,7.3,4,11.17,38.37,0.168,916,79.92,96.87,73.52,1,0,1,0,0
43.0,67.88,8.13,9,2.87,36.13,0.042,360,26.85,99.86,90.54,1,0,1,1,1
36.26,292.62,7.07,270,11.25,47.53,0.046,278,75.29,10.15,56.44,1,1,0,0,1
22.26,298.55,7.72,229,9.67,44.88,0.154,46,57.24,71.81,51.9,0,0,0,0,1
43.7,22.68,7.08,311,3.4,27.9,0.155,213,38.28,58.2,83.36,0,0,0,0,2
26.46,280.93,7.64,369,8.48,49.02,0.025,545,58.43,51.42,12.29,1,1,0,1,0
28.43,86.83,8.38,54,3.3,7.51,0.001,808,88.45,34.81,73.64,1,0,1,1,2
30.06,206.79,6.13,386,5.86,0.36,0.08,729,32.38,55.64,15.05,1,0,1,0,1
21.28,101.43,7.93,40,11.65,5.39,0.139,814,33.57,51.09,32.0,1,0,1,0,2
32.41,290.33,8.26,137,3.21,17.76,0.173,158,62.72,46.12,70.04,0,0,0,0,2
23.08,30.45,7.06,390,7.51,37.76,0.033,34,70.02,86.48,44.22,0,1,0,0,0
30.02,149.32,6.63,446,9.27,19.15,0.163,902,53.62,34.36,36.57,0,0,0,0,1
28.77,128.41,5.55,114,13.29,39.03,0.137,487,41.31,63.77,55.39,0,1,0,0,0
39.32,97.81,8.29,62,10.85,37.14,0.033,812,25.38,87.78,86.49,0,1,0,1,2
40.08,193.66,6.65,343,3.67,39.72,0.175,824,23.98,98.11,48.34,0,1,0,0,1
23.84,39.32,6.75,409,13.63,9.36,0.187,735,23.27,64.25,57.96,1,0,1,0,1
29.16,215.0,6.68,33,7.74,25.8,0.053,509,92.1,56.8,24.22,0,0,1,1,1
29.33,294.18,7.25,377,6.44,35.63,0.03,628,30.51,85.65,50.02,0,0,0,0,0
23.79,241.37,7.96,251,3.54,14.21,0.194,917,43.61,26.96,11.49,1,0,0,0,1
39.96,258.01,8.2,455,13.2,41.9,0.005,622,98.87,66.7,85.43,1,1,0,1,0
37.68,107.89,6.87,422,9.03,38.97,0.19,837,94.2,15.78,28.62,1,0,0,0,2
24.76,97.47,7.82,443,13.86,5.99,0.043,660,23.43,69.4,92.79,0,0,1,1,2
29.17,155.11,8.02,196,4.09,10.89,0.088,236,64.1,81.62,42.19,0,1,0,0,1
22.65,13.72,6.54,355,8.55,11.87,0.062,358,70.68,15.67,85.23,1,1,0,1,1
35.71,283.61,5.84,362,3.32,43.92,0.031,560,24.33,86.36,45.07,1,1,1,0,0
23.03,43.14,8.63,409,8.29,9.34,0.07,46,78.25,21.1,23.75,1,1,0,1,2
44.65,270.9,7.87,251,12.68,31.1,0.108,100,99.03,25.83,55.34,0,0,0,0,1
39.52,25.07,7.77,61,3.31,3.25,0.019,922,54.35,85.28,33.45,1,1,0,0,0
29.76,246.79,5.71,393,5.24,27.63,0.162,777,55.95,21.22,39.07,1,1,1,0,1
34.46,45.59,8.36,224,10.19,7.06,0.16,597,72.75,70.65,38.45,0,1,0,0,2
42.78,11.44,7.48,355,2.92,28.77,0.159,427,78.92,36.53,41.13,0,1,0,1,1
33.85,215.85,8.47,53,7.45,18.39,0.137,946,83.18,32.35,54.83,1,0,0,1,1
24.36,84.08,8.91,158,6.0,30.28,0.091,401,26.21,68.51,21.49,0,1,1,0,1
29.47,214.35,8.85,293,12.06,19.72,0.167,963,84.06,19.61,33.19,1,1,0,1,0
41.08,166.53,8.5,369,2.59,42.71,0.17,748,89.13,61.72,66.91,1,0,0,1,1
36.11,32.64,5.54,24,12.36,37.85,0.057,866,23.62,93.21,78.01,0,0,1,1,1
36.27,279.64,8.6,236,10.44,42.24,0.096,997,23.13,86.63,31.94,1,1,0,1,1
41.67,135.69,5.76,460,5.57,11.1,0.041,293,64.07,86.6,33.58,0,1,0,0,2
42.35,220.33,8.48,320,4.37,7.44,0.051,547,59.74,37.26,53.02,1,0,1,1,2
42.99,150.31,6.48,99,13.4,27.87,0.048,315,98.41,73.12,98.3,1,0,1,1,1
22.37,181.31,7.64,227,8.65,43.64,0.165,707,43.55,80.21,59.52,0,1,1,1,1
33.6,90.83,5.63,177,6.14,5.53,0.05,236,67.22,91.13,83.21,1,1,1,0,1
38.51,60.11,8.2,407,2.53,11.69,0.109,585,60.53,33.77,92.68,1,0,0,0,0
38.92,162.77,5.89,154,3.99,37.3,0.126,863,62.86,78.48,67.32,1,0,1,0,1
35.17,132.07,6.94,465,9.18,23.27,0.149,841,72.77,30.9,56.72,0,0,1,1,2
24.17,117.03,8.36,433,8.16,30.17,0.006,746,63.01,12.5,78.81,0,0,0,1,2
39.94,201.77,7.93,238,11.09,29.59,0.095,428,20.56,53.37,38.7,1,1,0,1,1
38.0,207.15,5.52,433,12.02,20.62,0.059,329,87.5,78.93,97.53,0,0,1,1,1
22.15,13.78,6.91,142,6.77,35.29,0.167,458,36.09,29.29,52.78,0,0,0,1,0
31.6,101.62,5.65,16,3.21,42.61,0.007,625,38.49,14.37,93.55,1,1,1,0,1
24.35,123.53,7.86,284,11.5,45.39,0.041,742,71.84,43.64,78.38,1,1,0,1,2
28.44,29.07,8.89,4,8.64,2.32,0.063,648,58.22,28.26,29.04,1,0,0,1,2
20.45,70.77,7.79,10,13.76,27.68,0.016,12,65.96,44.39,29.86,0,0,1,1,2
30.01,15.49,6.29,207,11.56,2.02,0.079,184,59.8,92.87,41.48,1,0,0,1,1
33.75,298.87,6.74,435,5.95,45.05,0.149,81,53.43,76.95,43.48,0,0,1,0,2
35.49,220.97,8.92,417,7.14,21.46,0.042,366,58.66,43.56,11.35,0,0,1,1,1
36.59,26.24,6.28,80,4.83,45.03,0.151,312,31.29,39.25,87.02,1,0,0,1,0
40.91,6.07,7.47,32,8.14,9.38,0.106,164,97.54,92.91,31.64,1,0,1,0,2
25.39,215.79,6.9,497,10.53,8.12,0.069,942,65.98,90.0,84.23,1,1,1,0,1
23.01,131.76,8.19,304,9.35,45.42,0.074,522,42.95,64.37,53.46,0,1,0,1,2
41.29,236.04,8.54,376,6.11,46.92,0.023,923,77.03,42.18,63.28,0,1,0,1,2
23.92,277.04,6.69,158,11.88,38.34,0.05,517,90.41,81.31,58.28,1,0,1,0,2
44.37,179.79,7.81,273,3.26,11.1,0.146,928,43.72,69.74,95.02,0,1,1,1,1
41.06,56.13,7.42,114,3.71,8.6,0.173,909,45.96,60.82,47.62,0,1,1,1,0
32.52,234.66,6.47,216,6.85,37.4,0.053,686,55.08,76.47,44.99,1,1,0,1,1
44.54,286.74,6.45,260,10.43,31.74,0.118,796,37.38,22.1,65.34,0,1,1,0,1
22.43,174.07,7.39,157,10.33,43.6,0.007,102,84.78,93.71,44.37,1,0,0,1,1
27.58,204.6,6.04,44,6.4,13.84,0.015,654,66.73,97.56,64.67,0,0,0,1,2
35.96,101.24,8.34,119,10.36,14.77,0.193,495,24.56,41.9,61.51,1,1,0,1,0
28.75,114.46,5.74,214,2.73,36.58,0.179,695,99.74,95.21,79.75,1,1,1,1,0
43.21,220.4,5.83,127,5.48,13.39,0.016,836,66.0,81.62,99.1,1,0,0,1,1
21.64,278.33,6.7,253,10.33,23.12,0.164,341,91.19,94.69,97.96,1,0,0,1,1
33.74,188.7,5.91,37,4.21,26.01,0.021,158,60.13,92.57,21.14,1,1,1,0,2
34.77,236.95,7.16,364,4.55,33.46,0.166,786,66.6,28.08,50.69,0,0,0,1,0
36.32,51.49,6.9,209,3.04,17.22,0.183,754,56.36,33.4,48.01,0,0,0,0,1
26.39,63.59,8.03,351,6.37,42.92,0.031,145,53.82,33.45,27.16,1,0,1,1,2
29.11,159.61,8.84,93,11.9,20.12,0.029,185,37.46,18.49,76.94,0,0,1,1,0
41.09,52.97,8.14,28,12.04,2.07,0.185,709,96.97,45.79,97.17,1,0,0,0,1
24.87,190.5,6.13,163,12.35,3.35,0.06,200,34.54,42.64,23.74,1,0,1,1,1
40.67,87.5,8.77,136,2.44,48.58,0.095,29,62.11,40.96,34.5,1,0,1,0,2
34.07,237.46,6.87,22,13.92,31.1,0.061,734,26.97,41.41,86.95,1,0,1,0,2
39.05,242.43,7.16,130,8.03,24.55,0.15,162,99.47,15.59,37.47,0,0,1,1,2
37.84,139.14,6.98,85,12.47,43.48,0.042,528,64.45,26.74,49.71,1,0,1,1,0
25.19,54.24,6.48,183,12.86,35.84,0.099,745,85.17,36.63,76.63,1,1,0,0,1
34.22,194.03,8.63,423,8.17,9.07,0.17,911,65.03,90.01,21.34,0,1,1,1,0
41.69,297.84,6.66,236,2.61,0.36,0.189,224,84.4,93.39,57.44,0,0,1,0,1
30.8,186.78,7.53,183,9.17,49.11,0.071,323,62.75,35.67,19.87,1,0,0,0,2
44.16,10.73,6.34,313,6.01,31.46,0.023,478,55.6,72.47,37.48,0,0,0,0,2
31.31,5.19,8.29,158,4.48,23.85,0.162,765,56.47,86.56,31.32,1,0,1,0,0
23.57,96.11,8.21,469,4.19,47.23,0.022,800,20.19,55.56,75.72,0,0,1,1,0
29.74,58.74,6.54,10,8.71,18.46,0.156,505,49.65,78.0,23.56,0,1,1,0,0
43.79,243.92,7.89,41,3.25,36.13,0.138,753,96.16,97.83,69.57,1,0,0,0,1
27.99,253.44,7.96,234,11.86,33.51,0.116,243,74.05,24.6,61.8,0,0,0,1,2
41.7,77.59,7.47,130,4.73,33.85,0.188,803,93.55,16.34,70.82,1,0,1,1,1
42.03,97.69,7.6,184,8.59,33.86,0.064,778,36.02,67.6,88.89,0,0,1,0,1
28.75,70.87,7.51,13,3.51,0.52,0.019,699,59.29,55.76,58.07,0,1,1,1,2
22.08,272.51,5.79,301,12.32,41.22,0.196,631,22.76,36.69,74.85,1,0,1,1,2
38.11,150.79,7.85,253,10.31,46.15,0.088,771,74.16,92.49,82.41,0,0,1,0,2
27.79,196.84,7.14,146,4.48,22.47,0.087,190,82.72,86.12,72.61,1,1,1,1,0
39.57,124.64,7.03,379,10.59,28.02,0.018,242,79.82,33.8,38.72,1,1,1,1,2
31.07,189.3,8.51,59,2.99,16.24,0.149,867,26.94,79.68,96.53,0,0,0,1,0
32.13,115.76,5.58,414,11.27,39.25,0.144,516,39.8,84.56,15.47,0,1,1,1,0
39.45,101.9,6.38,291,7.88,36.83,0.029,191,72.47,39.28,43.51,1,1,0,0,2
29.56,190.34,5.92,159,3.44,36.93,0.047,852,80.72,18.92,83.92,0,0,1,0,0
31.08,177.32,5.62,446,8.61,36.75,0.003,716,41.94,86.54,41.49,0,0,0,0,0
29.4,88.06,6.46,25,4.41,10.93,0.178,643,52.5,18.71,59.13,1,0,1,0,2
29.18,44.8,8.96,64,10.07,5.63,0.049,625,48.1,53.07,22.1,0,1,1,0,1
33.15,110.57,6.45,385,10.5,15.54,0.185,290,20.37,27.49,87.12,1,0,1,1,1
40.22,124.56,7.82,69,11.13,28.77,0.114,25,66.12,93.47,93.8,0,1,1,1,1
29.04,188.61,5.91,381,12.74,19.98,0.085,665,73.53,19.64,98.56,0,0,0,1,1
33.11,274.36,7.61,172,9.86,12.46,0.002,530,42.11,20.52,16.94,1,0,1,1,2
36.77,10.86,8.95,461,7.9,1.11,0.018,36,75.02,73.16,27.92,0,0,1,1,0
26.74,73.1,6.52,475,12.25,6.06,0.032,650,39.42,28.5,54.55,0,0,1,1,0
26.94,58.11,8.47,224,12.8,5.27,0.021,65,77.24,21.91,34.54,1,1,0,1,0
43.34,150.69,8.99,152,11.38,47.83,0.051,383,56.57,25.14,67.84,1,0,0,1,0
38.09,128.91,7.56,39,13.31,38.94,0.031,30,89.75,63.63,86.09,1,0,1,0,0
34.43,218.71,6.58,145,13.75,6.14,0.133,401,63.58,30.04,21.44,0,0,0,0,2
36.19,72.72,7.86,365,5.02,23.36,0.059,202,34.77,43.95,10.29,1,1,0,0,1
20.73,178.35,8.46,97,4.2,32.72,0.144,555,85.76,86.48,99.44,1,0,0,1,0
35.45,265.16,6.1,247,7.38,48.05,0.027,271,82.21,25.81,50.54,0,0,1,1,2
32.74,273.2,7.08,11,13.96,13.45,0.042,953,26.74,84.36,16.16,0,0,1,0,0
33.64,287.64,6.62,474,3.06,13.2,0.157,513,23.84,79.79,62.96,0,1,1,1,0
28.99,231.98,6.49,23,10.54,28.41,0.127,570,30.9,84.81,77.79,0,0,1,0,0
22.04,271.8,8.51,224,12.21,42.87,0.019,245,87.63,41.23,82.11,0,1,0,1,1
24.83,70.36,6.98,244,13.96,13.98,0.192,479,45.63,52.51,61.24,1,1,1,1,2
43.77,59.27,6.69,462,9.44,6.29,0.153,375,60.38,73.63,71.16,0,1,0,0,2
30.22,1.95,7.61,170,6.56,13.31,0.111,505,68.24,13.37,52.86,0,1,0,0,1
31.67,212.05,6.27,31,4.0,22.45,0.069,175,79.48,69.74,65.78,1,0,1,0,2
21.32,281.24,6.3,113,13.78,18.0,0.019,495,86.4,20.81,95.64,1,0,0,0,1
20.94,56.08,7.32,208,13.09,43.06,0.072,981,61.27,35.93,98.88,0,0,1,0,0
37.93,191.08,6.93,482,11.65,47.15,0.065,675,53.26,82.88,66.48,0,1,0,0,0
33.45,223.94,6.53,302,13.33,18.92,0.016,263,35.68,67.18,62.55,0,0,0,1,1
32.72,278.28,5.69,428,2.73,41.17,0.157,35,68.6,65.97,41.1,1,0,1,1,1
26.08,194.06,7.32,34,9.58,3.43,0.083,106,63.99,30.42,39.18,1,0,1,0,0
38.62,291.09,8.36,204,5.3,27.69,0.178,24,43.29,70.11,93.2,1,0,1,1,0
24.21,103.4,8.48,377,11.19,41.59,0.032,423,55.7,21.85,69.86,1,0,1,0,1
24.75,104.98,6.32,383,3.15,20.93,0.064,380,79.17,96.83,51.27,1,1,1,1,2
31.52,162.9,7.6,392,5.1,7.17,0.056,747,70.17,32.74,69.94,1,1,1,0,2
27.16,115.05,8.5,265,12.2,14.2,0.173,478,58.54,84.41,20.88,0,0,1,0,0
26.19,0.43,6.93,64,10.99,24.6,0.102,771,41.79,92.81,94.91,0,1,1,1,2
36.13,219.53,8.76,442,13.9,42.17,0.028,998,73.44,25.46,57.01,0,1,1,0,1
36.27,225.52,8.66,97,9.73,37.43,0.071,620,70.21,10.88,40.07,0,1,0,0,0
40.61,224.09,6.23,184,5.64,4.18,0.189,682,56.66,88.69,11.2,0,1,0,1,1
30.44,103.51,6.41,237,8.57,27.31,0.11,969,39.08,78.76,70.94,1,1,0,1,2
21.83,156.69,6.13,484,13.33,43.62,0.007,154,33.99,23.88,97.26,0,1,1,1,2
26.84,107.99,6.19,472,9.82,28.86,0.012,488,47.15,84.73,60.27,0,0,0,1,1
44.5,4.81,8.68,469,12.58,3.25,0.047,421,92.7,82.94,39.94,1,0,0,1,1
34.91,168.73,8.76,265,2.27,41.16,0.124,464,80.31,51.51,47.65,0,0,1,0,2
37.74,37.13,5.68,473,6.43,45.34,0.049,108,91.29,95.21,61.18,0,1,0,0,2
20.18,24.01,7.58,402,13.22,19.46,0.17,421,87.41,62.39,71.99,1,1,0,0,0
32.96,226.65,7.47,231,2.47,15.51,0.126,631,56.71,49.86,26.5,0,0,1,1,1
20.94,2.85,6.87,108,8.23,27.17,0.06,447,62.44,11.19,94.16,0,0,0,0,2
34.23,287.7,7.71,488,6.16,49.2,0.079,728,33.57,95.75,47.29,0,1,1,1,2
43.02,154.58,8.82,177,9.75,41.87,0.075,144,77.67,21.55,66.2,1,0,1,1,2
44.21,294.9,6.1,248,3.95,40.55,0.063,908,53.76,36.66,92.03,1,0,0,1,0
33.51,17.4,5.92,323,9.84,9.66,0.126,852,32.9,75.65,62.05,1,1,1,0,0
31.46,175.06,5.62,359,13.9,44.76,0.04,334,27.63,10.48,71.52,1,1,0,1,1
43.63,104.8,6.77,4,5.25,27.8,0.058,623,75.69,58.83,66.99,0,1,0,0,1
36.84,253.04,6.68,156,7.54,45.84,0.017,628,58.58,24.3,32.32,1,0,0,1,1
21.62,108.37,7.01,229,2.36,32.59,0.075,535,20.72,12.03,96.67,1,0,1,1,2
31.64,78.15,7.26,115,7.21,41.71,0.013,774,85.96,67.75,52.52,1,0,1,0,1
26.01,257.27,8.15,260,6.87,8.28,0.004,447,69.56,64.27,18.86,0,1,0,0,2
31.75,112.4,6.87,315,8.78,35.33,0.129,116,23.07,76.09,99.82,1,1,0,1,0
31.39,5.05,6.66,320,5.08,12.86,0.032,62,44.37,65.64,68.5,0,1,1,1,2
34.55,117.09,8.39,126,5.94,8.45,0.007,763,77.79,49.78,64.76,1,1,0,0,1
28.92,196.36,8.47,27,9.32,28.7,0.014,741,24.72,53.08,92.49,0,1,1,1,1
24.11,76.31,6.31,338,12.9,30.14,0.04,487,78.9,29.81,58.77,0,1,0,0,2
32.59,129.6,6.6,227,4.82,24.53,0.144,149,60.39,17.54,42.44,0,0,0,1,2
40.76,17.01,8.39,128,10.13,4.45,0.002,617,82.63,87.48,25.73,1,1,0,0,2
36.6,176.43,5.78,28,8.29,12.24,0.145,180,88.42,72.22,82.95,1,1,0,1,2
28.46,226.89,6.64,178,3.26,11.77,0.119,329,81.42,21.06,39.79,0,1,0,0,0
43.39,123.99,7.07,163,8.79,15.69,0.103,992,26.25,33.78,56.48,1,1,1,0,1
42.81,126.07,6.15,159,10.51,31.4,0.182,267,56.83,87.69,55.8,1,0,1,1,1
25.23,26.48,6.13,319,9.18,21.9,0.166,455,45.5,96.38,76.64,0,0,1,0,1
20.99,60.58,6.99,397,3.25,48.42,0.084,103,60.68,81.2,71.58,0,0,0,1,1
38.53,46.4,8.14,287,12.25,0.79,0.001,380,97.26,61.3,48.12,1,1,0,0,2
40.69,144.51,8.44,493,2.49,10.8,0.142,789,29.95,88.22,48.34,0,1,0,1,1
44.2,158.78,8.93,264,4.83,28.67,0.01,998,89.25,66.41,34.33,1,0,0,0,2
42.25,284.68,5.76,466,9.39,43.97,0.056,166,99.27,72.95,40.68,0,1,1,1,0
35.01,21.97,6.26,394,4.62,1.7,0.099,558,99.2,84.43,74.03,0,1,1,0,1
33.25,179.96,8.15,431,3.22,44.18,0.02,959,83.74,41.86,60.61,1,0,0,1,2
20.7,157.95,7.39,434,8.14,25.36,0.136,555,57.25,80.61,14.59,0,0,0,0,1
26.17,154.87,6.65,387,10.67,39.27,0.064,15,34.24,28.63,55.74,1,1,1,0,2
31.49,261.95,6.22,296,6.93,47.43,0.072,826,68.66,27.48,95.95,0,1,1,1,2
35.71,61.66,6.48,24,10.38,10.77,0.13,495,68.83,83.02,19.84,1,0,1,0,1
33.93,12.23,7.0,144,12.33,29.4,0.08,33,45.31,60.74,19.44,0,1,1,0,0
38.57,201.68,6.12,174,13.51,44.18,0.045,941,69.35,47.25,70.1,0,1,1,1,0
26.99,103.55,8.87,7,4.8,42.22,0.035,719,29.32,57.11,96.2,0,0,1,1,1
34.12,5.28,5.88,313,9.26,26.05,0.145,973,70.72,98.01,12.4,0,0,0,0,1
22.2,75.41,8.95,108,5.2,47.47,0.15,965,91.74,90.48,41.01,0,1,1,1,1
30.34,92.8,8.45,128,12.45,35.42,0.039,566,57.77,55.68,16.03,1,0,1,1,2
38.75,185.05,6.98,1,12.68,26.21,0.064,887,81.17,59.25,33.92,1,0,0,1,1
37.34,51.78,8.09,9,5.87,2.9,0.191,764,70.85,65.28,59.91,0,0,1,0,2
44.77,123.92,7.85,346,9.74,24.37,0.197,369,20.25,81.17,49.79,1,0,1,0,1
26.95,144.74,6.25,116,12.65,21.1,0.117,73,29.76,88.64,42.7,0,1,1,1,0
32.45,137.77,6.69,410,8.1,15.26,0.151,535,81.99,23.19,28.96,0,1,0,0,1
28.24,292.18,7.3,396,10.65,47.14,0.15,922,23.24,66.54,65.75,1,1,1,0,0
31.02,13.65,7.73,318,11.61,46.29,0.079,622,96.5,30.45,61.82,1,1,0,0,0
41.42,285.29,7.4,10,12.46,16.86,0.01,241,91.53,65.96,69.68,1,0,1,1,2
37.11,174.58,7.16,397,8.18,21.79,0.148,456,48.99,25.42,81.39,0,1,0,1,0
42.06,238.72,7.05,95,13.3,37.59,0.027,239,44.83,82.72,75.65,1,0,0,0,0
25.09,129.12,7.24,463,9.55,41.75,0.058,399,69.03,69.48,96.15,0,0,1,1,2
41.83,136.15,7.02,379,3.82,5.5,0.063,129,68.94,87.94,25.25,1,0,1,1,2
21.49,263.8,7.39,92,9.35,24.54,0.07,670,27.12,95.0,95.63,1,1,0,1,1
42.21,268.78,8.61,101,5.58,45.73,0.093,62,37.23,94.05,25.49,0,0,1,1,2
28.23,71.61,7.71,97,6.47,33.23,0.1,46,70.92,23.06,85.86,0,0,1,0,1
27.86,59.77,8.03,281,11.71,27.15,0.097,254,84.06,43.91,80.96,1,1,0,1,2
32.8,148.87,7.59,452,13.68,35.9,0.033,530,35.36,53.48,69.95,1,0,1,1,0
43.52,270.08,7.75,466,12.44,33.07,0.13,567,76.15,81.01,73.56,0,1,0,0,0
21.19,96.71,7.52,294,5.91,47.11,0.158,10,89.64,11.33,72.24,0,1,1,1,0
28.81,195.6,5.59,347,7.44,45.63,0.092,853,29.42,93.29,57.69,1,0,1,1,1
41.41,212.45,9.0,155,13.8,19.89,0.168,476,55.13,46.65,12.94,0,1,1,0,2
29.9,233.6,5.62,144,13.08,1.6,0.089,376,88.04,66.8,62.16,1,0,1,1,0
24.98,169.18,6.88,420,13.72,16.63,0.114,222,49.65,98.26,45.02,0,1,0,1,1
30.62,120.74,5.87,363,7.2,10.14,0.014,903,41.56,89.44,34.51,0,0,1,0,1
29.64,290.1,5.84,210,11.61,6.58,0.029,73,79.65,42.6,54.11,1,0,1,1,1
42.89,183.4,8.28,154,12.45,44.4,0.153,133,52.06,53.61,86.33,0,0,0,1,1
39.05,218.57,6.99,241,2.53,35.5,0.05,670,76.5,79.29,62.05,0,0,1,1,2
32.63,103.49,8.3,75,5.19,1.63,0.019,754,30.11,76.92,96.83,1,0,0,0,2
44.71,200.98,6.45,322,12.6,45.99,0.114,610,64.28,73.43,47.85,1,0,1,1,1
31.63,77.34,6.4,377,6.66,45.15,0.019,305,50.36,10.96,25.15,0,1,1,1,1
21.46,73.53,6.38,451,5.34,47.47,0.137,871,99.78,27.91,38.32,1,1,0,1,1
26.56,214.42,7.66,174,5.27,41.49,0.138,249,67.31,29.95,23.02,1,0,0,0,0
30.9,156.42,8.35,110,6.5,3.94,0.091,540,74.57,32.56,71.64,1,1,0,0,0
23.92,204.98,7.08,458,4.93,31.14,0.137,276,30.48,18.66,24.36,0,1,0,1,0
43.69,80.83,6.83,417,2.04,4.15,0.16,168,99.36,82.59,56.64,1,1,0,1,1
39.17,179.62,8.91,17,4.07,35.67,0.04,836,24.11,40.72,93.11,0,0,1,1,2
26.71,133.18,5.91,290,12.59,9.85,0.13,196,25.67,79.8,49.05,1,0,1,0,2
34.77,179.09,7.2,273,2.91,46.79,0.138,599,26.06,93.84,46.24,0,1,0,1,0
38.04,87.26,6.93,237,6.96,46.71,0.039,334,89.65,38.17,28.28,0,1,1,0,1
43.53,214.64,5.84,197,7.48,29.73,0.145,439,78.29,50.84,77.84,0,0,0,0,2
42.04,241.78,6.44,161,11.34,37.63,0.144,795,97.84,17.88,37.38,0,0,1,1,1
32.88,77.97,5.6,416,5.03,42.91,0.031,161,25.32,36.54,99.14,1,1,1,0,0
39.37,90.19,8.57,383,5.72,19.46,0.063,55,75.33,59.16,25.01,0,0,1,1,0
34.05,198.35,7.63,199,2.17,28.96,0.188,972,62.66,26.22,10.2,0,1,1,0,1
33.82,208.68,8.35,233,12.83,8.8,0.014,182,71.13,58.33,58.55,0,1,0,0,1
22.87,211.23,7.33,382,10.23,49.27,0.046,939,61.03,38.16,16.18,0,0,1,0,2
23.15,204.81,7.6,339,5.15,46.47,0.116,415,74.03,99.1,43.27,1,1,1,1,1
33.24,117.84,7.95,497,12.65,24.17,0.194,891,92.56,43.81,50.65,1,1,0,0,0
26.72,118.46,8.68,467,3.04,27.67,0.051,213,67.0,13.52,32.35,0,0,0,1,1
20.53,76.45,5.82,42,6.42,21.83,0.163,28,91.71,52.57,98.03,0,1,0,1,0
38.07,47.05,6.66,81,8.76,0.08,0.073,2,82.57,40.06,41.03,1,0,1,1,2
20.81,207.77,7.98,26,8.07,11.5,0.07,324,89.19,43.3,23.02,1,1,0,1,0
34.88,27.96,8.85,303,9.86,5.08,0.199,778,72.74,43.35,13.36,0,0,1,0,2
33.48,281.34,8.93,68,5.57,16.14,0.163,765,61.49,89.31,37.85,0,0,0,1,0
44.22,248.01,7.73,198,11.09,11.81,0.05,175,25.56,54.84,83.9,0,0,1,0,1
32.11,257.25,6.18,405,6.87,38.08,0.037,616,86.79,32.76,32.13,1,0,1,0,2
21.59,272.0,5.92,417,3.5,25.24,0.017,820,39.36,81.33,63.88,1,1,1,0,2
33.79,122.58,8.81,426,10.88,40.85,0.097,311,22.93,49.91,99.02,1,1,0,0,1
41.03,254.01,7.02,460,12.94,31.78,0.067,948,61.53,23.08,40.92,1,0,1,0,0
44.92,47.42,6.18,371,6.37,32.81,0.076,153,70.6,99.86,65.44,1,0,1,0,1
30.76,6.49,8.77,479,9.08,43.81,0.086,392,72.95,12.46,63.96,0,1,0,1,1
28.01,235.47,5.87,215,10.25,42.36,0.198,363,73.58,73.83,63.49,1,1,1,1,1
42.67,22.44,8.05,123,11.98,3.16,0.001,970,72.3,86.28,95.8,1,0,0,0,1
24.78,296.56,7.69,15,4.38,28.92,0.085,704,84.66,41.84,80.73,1,0,1,1,1
35.39,202.44,5.81,125,8.84,20.65,0.013,357,81.55,24.16,10.79,1,0,1,0,1
30.14,226.03,6.69,13,10.88,29.98,0.135,55,85.03,49.29,12.51,0,0,1,0,2
21.03,73.74,6.02,38,4.39,43.13,0.01,283,56.82,53.42,13.6,0,1,0,1,2
28.68,202.16,7.62,198,7.67,0.6,0.153,662,25.03,99.97,42.81,1,0,1,1,2
26.63,12.97,7.17,107,7.57,0.55,0.174,926,71.17,11.75,49.57,0,0,1,0,0
37.15,251.35,5.51,267,12.07,3.13,0.194,961,36.82,69.03,82.65,1,0,1,0,2
43.72,50.89,8.91,467,11.33,43.74,0.024,188,88.76,82.4,67.27,0,0,0,0,1
26.7,209.21,6.72,352,4.78,17.67,0.196,593,77.73,65.61,100.0,0,1,1,1,0
40.29,67.34,6.4,310,4.8,18.56,0.082,15,81.27,66.69,81.46,1,1,1,1,0
21.38,20.54,6.28,389,10.68,17.27,0.127,186,42.91,88.78,88.61,0,0,0,1,1
33.45,144.45,6.06,39,10.88,11.55,0.0,745,70.64,60.87,26.38,1,1,1,0,2
21.76,50.79,9.0,346,4.15,1.94,0.074,976,62.25,89.34,67.73,1,0,0,1,2
43.35,218.83,6.53,268,6.93,45.33,0.071,175,41.48,28.92,23.41,0,1,0,1,2
39.16,71.27,6.92,68,11.91,11.64,0.101,272,84.98,56.45,70.75,1,0,0,0,2
36.45,102.74,8.55,151,2.95,44.7,0.027,494,64.0,13.02,82.87,1,0,1,0,2
40.6,170.23,7.75,457,6.49,47.79,0.138,546,35.26,82.31,37.02,0,0,1,1,0
36.19,85.49,6.79,186,9.73,28.83,0.119,606,44.42,79.96,25.05,1,1,0,1,1
44.22,113.4,8.64,429,11.25,18.61,0.042,994,38.17,58.51,31.37,1,0,0,1,0
37.85,244.69,8.12,351,9.83,38.29,0.197,442,44.99,45.62,82.98,1,1,1,1,1
43.12,53.76,6.3,456,6.77,1.27,0.001,215,35.05,43.31,59.24,1,0,1,0,2
32.93,24.66,7.75,240,13.9,46.44,0.067,680,49.69,28.1,58.28,0,1,0,1,0
22.93,98.51,8.73,226,2.5,20.4,0.052,292,75.52,48.51,61.91,1,1,0,0,1
33.2,127.31,7.24,427,7.94,15.43,0.112,112,96.74,37.35,54.31,0,1,1,0,1
23.17,162.8,8.07,203,8.12,6.35,0.178,29,36.84,61.99,87.71,1,1,1,1,1
34.81,111.73,8.9,266,4.88,47.76,0.132,337,43.99,80.78,55.67,1,1,1,1,2
32.06,236.97,7.92,117,8.7,40.55,0.01,218,20.17,72.47,63.64,1,1,1,1,2
35.56,11.8,5.86,316,4.64,36.2,0.173,399,38.02,56.26,98.18,1,1,0,0,2
20.25,129.53,6.36,291,7.32,46.55,0.053,979,53.48,95.37,50.98,1,0,1,0,1
24.87,114.68,7.58,455,7.18,47.99,0.022,872,56.94,27.76,26.84,0,1,0,1,0
32.28,194.27,6.46,393,11.28,13.42,0.087,46,41.31,67.6,60.67,1,1,0,0,0
43.76,289.88,8.85,461,13.31,39.33,0.18,795,32.03,17.92,73.42,0,1,1,0,0
29.59,153.11,6.92,221,4.43,38.35,0.007,916,65.05,70.57,21.27,1,1,0,1,1
30.61,296.06,7.1,384,13.9,27.87,0.125,40,52.74,75.28,24.58,0,1,0,0,0
37.87,90.67,7.96,62,13.28,7.52,0.066,252,54.1,80.44,12.19,0,0,0,1,0
35.09,9.26,7.33,395,3.35,47.02,0.125,812,91.6,69.74,76.99,1,1,0,1,0
27.47,49.7,6.84,4,12.95,15.77,0.053,352,64.92,21.04,28.19,1,0,1,1,2
30.27,118.54,5.77,333,8.77,28.94,0.193,623,51.07,13.99,91.1,1,1,1,0,2
25.44,94.9,7.59,291,12.55,0.97,0.023,200,40.3,74.28,56.39,1,0,0,0,2
44.15,29.12,8.54,144,13.35,21.46,0.032,447,54.29,81.84,95.97,0,1,1,1,2
23.27,129.8,7.9,441,12.31,30.84,0.009,215,88.95,12.94,44.48,0,1,0,0,0
29.3,101.43,6.84,149,6.83,19.05,0.159,652,97.21,23.49,96.02,1,0,1,0,1
20.65,36.79,5.95,158,9.64,23.86,0.019,221,50.18,81.13,97.99,0,0,1,0,2
25.54,88.84,8.36,409,7.58,9.6,0.055,170,36.72,97.1,21.7,1,0,0,1,2
39.51,265.93,8.8,268,6.4,17.51,0.041,224,93.16,56.85,21.24,0,0,1,0,2
25.03,90.61,6.86,446,5.01,36.17,0.071,118,31.55,23.8,48.12,0,1,0,1,0
22.0,214.19,8.05,450,7.3,48.49,0.153,109,43.79,38.91,47.25,1,0,1,0,1
31.86,183.61,6.94,490,11.67,23.44,0.19,884,36.33,80.33,68.49,1,1,0,1,1
20.25,128.15,7.26,318,12.13,34.3,0.176,569,65.27,58.89,20.14,0,0,0,1,1
22.12,71.71,8.43,10,13.5,48.81,0.168,471,52.69,15.2,78.07,0,1,0,1,1
40.19,110.7,5.79,68,5.49,38.74,0.083,275,42.97,37.76,30.24,0,1,1,0,1
39.29,177.63,7.36,191,9.8,0.51,0.16,113,81.43,77.75,23.56,1,0,0,0,0
42.88,105.23,6.25,101,10.33,46.78,0.155,190,73.13,39.32,81.51,0,0,0,0,0
41.36,64.47,6.69,451,4.3,43.33,0.05,512,99.64,48.91,17.23,0,0,1,0,0
37.08,34.94,7.76,31,6.4,13.56,0.052,22,44.96,91.45,74.04,1,1,1,1,0
21.31,263.93,5.6,201,6.11,9.08,0.1,544,87.62,98.62,20.0,0,0,0,0,2
39.57,132.09,7.58,265,13.83,44.96,0.193,696,44.2,78.15,76.61,1,1,1,1,2
41.14,187.56,6.49,107,13.5,34.43,0.022,208,20.72,31.61,81.15,1,1,1,1,0
39.98,147.12,7.84,53,11.86,11.85,0.198,693,32.07,31.88,62.62,0,1,1,1,0
32.71,261.77,6.0,438,7.67,35.69,0.032,449,60.68,37.38,41.66,1,1,1,1,2
25.82,164.08,8.08,337,5.17,30.01,0.097,606,84.8,24.45,31.26,0,0,0,1,0
41.13,144.23,7.76,189,12.99,15.46,0.061,634,24.59,26.09,82.8,1,1,0,1,0
38.18,277.38,8.9,238,5.22,27.84,0.084,670,86.56,33.04,19.61,1,1,0,1,0
44.52,215.91,8.69,438,8.26,26.36,0.192,437,77.29,69.39,97.7,1,1,1,1,0
23.89,33.46,6.49,342,4.94,25.49,0.126,245,22.76,65.12,80.12,1,1,0,0,0
25.64,53.31,5.6,337,13.66,25.87,0.06,911,28.5,40.68,72.13,0,0,1,1,2
25.29,236.14,7.79,290,2.5,0.02,0.126,164,26.05,27.7,98.98,0,0,1,1,1
39.81,250.76,7.61,322,4.09,13.43,0.09,868,74.32,66.16,71.99,0,1,1,1,1
24.67,163.56,5.6,320,11.18,21.54,0.189,247,64.88,21.78,19.36,0,1,0,1,2
21.67,166.34,5.93,272,3.82,6.36,0.071,390,48.71,23.16,39.03,0,0,0,1,0
44.96,189.58,7.55,41,13.75,37.46,0.117,244,27.06,44.5,62.69,0,1,1,1,0
20.62,131.73,8.69,442,5.86,42.34,0.17,995,51.44,61.06,61.79,0,0,0,0,2
40.88,204.06,8.67,197,13.02,40.89,0.192,768,74.57,75.55,10.91,1,1,0,0,2
29.13,32.54,6.03,376,9.95,22.98,0.16,989,27.47,71.83,33.4,1,1,0,1,1
41.04,288.38,6.85,120,9.61,34.54,0.187,145,88.53,44.06,76.27,1,0,0,1,2
33.87,225.05,5.65,394,12.98,3.84,0.093,425,25.03,68.92,69.36,0,0,1,0,0
42.54,189.35,7.14,333,8.16,9.97,0.153,806,68.66,29.02,90.78,1,1,0,0,0
43.15,94.9,8.14,496,6.81,2.35,0.019,793,35.13,54.44,96.42,0,1,0,0,1
20.23,48.29,8.26,283,4.61,48.27,0.119,330,27.33,65.38,88.26,1,0,1,0,2
21.89,122.8,7.25,294,3.73,28.72,0.003,192,48.4,77.0,59.78,1,0,0,1,2
26.26,198.47,5.84,181,11.5,8.76,0.052,636,73.35,17.16,58.87,0,1,1,0,1
36.73,190.11,6.83,99,3.54,35.38,0.133,124,29.68,19.1,43.25,0,0,1,1,1
42.21,114.79,8.76,10,6.73,24.46,0.034,568,58.06,16.65,90.89,1,0,0,0,2
31.5,183.99,6.3,370,6.91,21.71,0.04,485,52.49,59.18,84.76,1,1,1,0,1
35.17,244.12,6.62,232,9.97,45.67,0.012,196,54.2,61.3,80.11,1,1,0,0,2
24.71,7.89,8.11,441,5.34,35.41,0.149,213,95.47,10.99,80.06,0,0,0,0,2
40.12,135.19,8.07,116,12.06,34.53,0.09,460,47.92,69.1,86.4,1,1,1,1,1
44.18,227.57,8.69,423,4.49,4.87,0.178,528,99.33,78.7,92.7,1,0,0,0,1
26.71,163.84,6.86,499,11.47,4.6,0.072,497,63.07,20.49,83.89,0,1,1,0,0
32.37,195.44,7.3,387,12.2,33.22,0.087,390,87.4,40.36,83.35,0,0,0,1,2
22.15,155.0,7.14,63,4.32,7.82,0.099,869,47.91,86.5,69.43,0,1,1,0,2
33.98,297.56,8.75,175,11.71,22.66,0.172,710,26.78,71.85,51.23,0,1,1,0,1
32.57,16.39,8.19,453,10.56,28.49,0.058,267,26.75,37.42,59.58,0,0,0,1,2
23.61,147.31,8.41,485,12.49,19.4,0.01,293,65.93,76.8,58.18,0,1,0,0,2
31.05,27.42,5.97,82,8.12,4.26,0.125,214,94.39,89.85,84.18,0,1,0,0,1
28.35,47.94,8.27,414,4.81,37.17,0.165,687,25.7,37.84,33.94,1,0,1,1,1
33.05,114.91,7.02,1,12.94,44.25,0.111,438,75.13,71.59,42.68,1,1,1,1,1
34.64,46.66,5.58,298,11.48,8.08,0.064,821,65.06,18.41,60.15,1,1,0,0,1
20.21,289.11,5.71,216,2.25,42.71,0.126,583,72.18,15.28,98.65,1,1,1,1,0
39.03,284.04,7.87,241,13.27,39.43,0.198,14,37.24,62.76,54.04,1,0,0,1,0
37.83,100.83,6.8,296,13.38,28.19,0.115,29,25.64,54.32,21.38,1,1,0,1,1
29.16,191.92,8.54,59,6.26,29.81,0.063,566,25.98,82.91,70.67,1,0,0,1,2
21.32,160.13,8.07,367,2.12,32.58,0.049,72,39.74,80.23,65.47,1,0,0,1,1
38.87,244.68,5.58,202,8.63,26.24,0.2,620,37.09,35.8,86.19,1,1,1,1,0
43.88,188.23,7.9,429,12.96,42.22,0.17,148,30.11,56.1,86.94,0,1,1,1,1
26.0,0.08,6.17,39,3.49,23.7,0.056,235,41.17,78.02,33.32,1,0,0,0,0
28.09,228.95,6.98,314,9.09,27.35,0.052,315,62.72,34.39,14.08,1,1,0,1,2
24.6,224.05,7.69,44,10.78,1.84,0.161,973,95.96,42.58,80.65,0,0,0,0,2
34.42,152.92,8.55,297,3.62,9.0,0.198,647,93.78,15.39,68.71,1,1,1,1,2
23.87,270.88,7.1,118,8.16,45.19,0.093,174,41.74,21.74,22.72,0,0,1,1,1
28.9,272.53,8.33,491,3.07,6.08,0.045,759,25.3,64.92,98.7,0,0,0,1,2
37.43,157.17,8.24,404,8.7,45.2,0.046,887,99.65,54.71,93.33,0,0,1,0,0
34.0,182.4,6.95,130,7.31,31.8,0.159,931,58.11,25.17,75.08,1,1,1,1,2
29.66,298.96,7.25,449,5.18,46.01,0.121,840,98.26,10.66,14.83,0,1,1,0,1
30.51,89.65,7.95,394,12.24,40.72,0.127,537,63.01,25.21,29.2,0,1,0,0,0
34.05,97.39,5.61,279,6.58,43.26,0.039,595,90.91,77.47,39.21,1,1,0,1,2
20.15,54.83,8.62,49,10.4,26.22,0.026,741,55.78,18.43,15.03,1,0,1,0,0
21.96,268.76,8.19,87,11.49,41.26,0.002,122,69.76,46.22,84.46,0,1,1,1,0
42.03,223.35,6.37,20,4.14,23.03,0.183,837,62.86,31.49,16.9,1,1,0,1,1
21.95,31.69,8.93,408,3.43,2.21,0.071,673,37.59,59.45,28.49,0,1,0,1,1
37.67,294.53,6.13,387,2.09,32.57,0.152,59,81.1,56.04,38.7,0,1,1,0,2
43.0,219.29,8.7,231,5.67,36.42,0.177,150,24.38,98.47,39.87,0,1,1,0,1
26.77,255.16,6.64,380,11.79,5.08,0.12,764,48.99,79.56,33.86,1,1,0,0,0
29.26,14.45,8.17,42,11.27,40.8,0.085,486,89.59,94.45,98.07,1,1,0,1,0
34.22,151.49,7.1,430,12.46,3.76,0.008,736,60.21,62.02,96.47,0,1,0,1,1
42.04,209.58,8.08,22,11.13,22.08,0.067,636,26.21,76.4,65.83,1,0,1,1,1
43.55,162.88,6.05,443,2.29,24.4,0.064,596,36.6,90.56,21.26,0,1,1,1,1
38.49,199.99,6.44,215,6.63,1.84,0.113,680,28.77,13.7,73.6,0,0,1,0,2
22.17,245.36,5.85,276,2.07,3.29,0.153,345,42.21,92.39,97.79,0,0,1,0,2
36.73,112.3,8.53,193,2.43,22.53,0.142,68,33.22,29.06,99.85,0,1,1,1,1
30.26,254.6,6.54,214,7.74,15.56,0.174,761,76.96,73.45,65.49,0,0,0,1,2
31.77,48.87,7.93,178,6.32,40.8,0.009,182,72.75,79.6,26.97,1,0,0,0,0
21.23,81.27,8.37,142,8.7,20.69,0.121,584,30.81,19.84,84.85,0,0,0,1,0
24.78,13.0,8.65,313,2.79,5.28,0.038,379,55.6,95.78,66.05,0,0,0,0,1
39.76,109.33,5.87,25,9.06,7.89,0.195,556,43.67,93.39,50.69,0,0,1,1,2
31.35,113.97,8.63,217,2.78,33.67,0.082,60,46.98,68.91,23.5,0,1,1,1,1
27.54,241.58,6.19,475,7.08,47.5,0.125,416,66.08,23.98,31.58,0,1,0,0,0
29.6,195.94,8.08,58,6.23,43.48,0.07,472,91.9,60.94,62.08,1,1,1,0,1
41.36,131.02,8.05,345,4.69,6.47,0.044,691,91.79,40.97,33.46,1,1,1,0,1
38.72,195.63,5.53,44,5.74,0.82,0.138,366,53.04,93.77,53.01,1,1,1,1,2
26.81,15.84,6.27,449,2.01,1.32,0.188,336,51.46,46.6,74.4,0,0,1,1,0
22.94,54.08,7.22,418,5.89,27.74,0.012,255,61.44,72.44,98.86,0,0,1,1,0
26.3,188.08,6.97,223,2.94,24.29,0.165,359,57.93,67.33,13.95,0,1,0,1,1
43.02,192.41,8.72,349,13.06,0.67,0.068,622,24.94,34.39,81.71,0,0,0,1,0
34.54,232.24,6.76,255,2.89,2.86,0.024,18,66.3,58.19,21.51,1,1,0,0,1
33.34,120.9,8.78,109,13.44,49.99,0.143,970,66.78,46.9,94.92,0,0,0,1,2
34.91,216.77,7.11,319,7.9,48.25,0.016,775,56.03,43.72,79.3,0,0,0,1,2
29.15,205.19,8.88,339,8.16,6.34,0.146,709,53.12,87.76,45.81,0,1,0,0,2
40.18,289.02,8.08,249,11.46,8.2,0.087,645,95.12,22.58,56.13,1,1,0,1,2
33.08,64.54,8.4,76,10.34,45.01,0.033,711,68.07,46.94,70.9,1,1,0,1,0
22.92,165.5,5.87,282,4.84,25.37,0.031,440,85.3,10.61,60.49,0,1,0,1,0
23.23,180.53,7.55,86,2.31,47.9,0.15,87,96.31,33.57,98.2,1,1,1,0,1
33.42,299.59,6.0,249,11.34,26.02,0.166,571,84.81,65.96,99.88,1,1,0,0,1
43.41,60.36,6.54,207,3.56,28.86,0.137,886,95.44,17.88,15.13,0,0,0,1,2
27.71,156.97,7.68,158,9.18,11.01,0.144,402,80.74,34.41,75.51,1,1,0,1,0
41.74,103.86,8.04,11,13.31,43.8,0.17,124,33.61,89.22,77.21,1,0,0,1,2
39.1,157.77,5.64,224,8.59,41.25,0.086,179,38.15,72.27,81.11,0,1,1,0,0
26.2,69.64,7.36,357,5.43,16.87,0.034,936,35.51,16.33,92.54,1,1,0,0,2
20.91,14.28,7.48,300,4.15,30.62,0.075,346,45.77,99.31,63.4,1,1,1,1,2
22.55,171.77,5.78,383,2.32,17.07,0.196,467,48.4,95.06,32.91,1,0,1,1,1
38.21,100.76,7.25,31,9.48,23.2,0.09,855,84.89,22.75,70.45,1,0,0,1,0
24.99,54.58,8.0,53,8.7,42.68,0.185,677,48.87,92.97,39.07,0,1,0,1,0
29.28,97.18,5.69,449,7.54,20.77,0.141,382,78.18,59.49,40.83,1,1,0,0,0
32.54,14.78,8.16,241,4.33,42.03,0.148,324,92.31,93.64,65.17,0,1,1,0,2
38.14,285.13,7.52,368,4.84,48.01,0.038,655,29.16,97.12,36.02,1,1,0,0,2
22.83,174.34,8.42,114,13.5,20.82,0.074,550,20.02,72.42,72.51,0,1,1,0,2
30.16,244.43,6.26,470,2.24,43.88,0.146,864,91.09,36.22,86.78,0,1,1,1,2
32.13,126.94,8.42,287,6.36,15.2,0.131,201,39.06,93.22,98.69,1,1,0,1,2
33.52,270.99,5.83,398,2.47,0.14,0.173,562,32.28,61.61,25.16,1,1,0,0,0
40.46,145.0,6.91,103,4.3,4.22,0.042,900,43.62,40.74,50.98,0,0,0,0,1
24.29,172.18,6.2,310,13.2,36.86,0.15,115,34.88,51.4,76.66,1,1,1,1,2
40.2,147.54,8.57,296,3.79,5.01,0.008,82,83.49,46.56,61.97,1,0,0,0,1
37.32,219.98,7.97,126,9.21,46.96,0.06,445,70.76,94.18,15.81,0,1,1,1,1
33.9,170.0,5.59,39,6.16,43.33,0.126,114,33.38,83.78,41.32,1,0,1,0,2
37.49,81.48,5.53,71,9.6,25.74,0.196,808,66.69,12.82,81.44,0,1,1,1,1
30.3,43.66,6.52,234,12.23,29.08,0.198,84,36.65,10.89,54.35,0,0,1,1,2
23.46,181.84,6.0,369,5.44,34.72,0.088,194,35.8,16.24,72.49,0,1,0,1,2
36.64,146.75,7.71,432,2.94,36.58,0.153,58,67.64,64.93,67.65,1,1,0,0,1
33.12,28.79,7.82,469,4.45,24.56,0.12,756,73.17,83.3,94.9,0,0,0,1,2
35.98,118.69,8.8,246,7.27,15.67,0.142,859,47.7,56.35,87.23,1,1,0,0,1
28.45,154.43,8.83,293,8.18,45.51,0.146,232,81.07,58.12,40.94,0,0,0,1,2
42.67,248.07,7.81,246,13.3,2.33,0.109,146,86.98,31.64,54.79,0,0,1,1,2
34.68,22.83,5.52,311,2.19,17.8,0.163,847,93.31,51.34,52.87,0,0,0,0,2
22.14,104.55,6.76,33,11.09,33.33,0.117,573,70.08,33.12,35.11,0,1,1,1,2
31.25,246.8,7.3,128,2.87,44.55,0.02,692,37.6,34.66,65.9,0,1,0,0,2
38.91,194.53,7.25,9,2.94,3.71,0.198,961,79.88,45.2,33.45,0,0,0,1,2
39.85,86.99,7.61,167,9.85,32.95,0.061,775,28.63,14.28,24.37,0,1,1,1,0
32.36,253.6,8.86,271,12.91,24.35,0.193,813,34.5,95.95,19.93,0,1,0,1,1
42.37,147.99,8.6,215,5.45,34.32,0.059,357,86.62,92.28,35.78,1,1,1,1,0
26.69,149.51,5.88,429,5.23,15.86,0.171,651,92.87,81.66,52.59,0,1,0,0,1
30.26,292.98,6.43,407,9.41,35.54,0.138,87,25.34,61.17,20.41,0,0,0,0,0
42.46,284.13,8.42,239,11.32,9.01,0.071,64,44.97,83.17,70.82,1,1,0,1,1
42.41,107.56,8.39,13,12.43,38.77,0.188,977,70.33,97.67,88.32,0,1,0,0,1
37.14,42.17,6.46,89,5.0,37.47,0.117,534,95.09,35.52,48.44,0,0,0,0,1
41.47,97.7,8.06,422,10.88,47.34,0.166,294,65.66,42.78,88.59,0,0,1,1,0
22.22,9.14,7.85,17,5.69,8.66,0.159,59,85.68,75.61,23.59,1,1,0,1,2
41.62,6.23,7.16,339,8.54,36.1,0.009,922,93.82,67.86,16.98,1,1,1,1,0
28.02,118.66,6.21,168,4.29,16.13,0.054,952,61.52,84.23,83.25,1,0,1,1,2
24.46,282.31,8.61,55,3.75,14.09,0.094,555,79.24,41.23,97.73,0,1,0,0,1
25.98,261.41,7.87,163,13.22,20.08,0.187,747,72.99,37.95,40.66,1,1,0,0,0
30.45,153.43,6.09,151,8.57,14.26,0.012,69,73.71,62.69,69.16,0,0,0,1,1
26.28,169.57,7.97,89,2.06,12.41,0.037,923,61.37,23.13,68.91,0,0,0,0,1
28.01,1.78,8.1,284,11.52,38.42,0.125,918,69.86,13.56,71.7,1,0,0,1,2
23.37,64.65,8.6,495,10.29,34.98,0.131,883,64.35,31.97,61.5,0,1,0,1,2
27.4,7.43,6.28,21,5.91,5.47,0.033,545,71.02,24.25,33.08,0,0,1,1,0
34.31,226.36,8.96,266,7.57,28.01,0.19,536,60.42,10.6,17.27,1,1,1,1,1
31.05,43.69,6.04,296,7.4,16.55,0.035,906,37.8,80.02,11.23,0,1,0,1,0
28.67,260.71,7.6,432,5.3,48.55,0.036,559,75.49,58.89,26.23,1,0,0,1,0
38.66,193.0,7.8,245,13.77,21.25,0.127,832,50.72,70.21,20.8,1,1,0,0,1
42.34,68.83,6.97,138,8.53,2.03,0.084,869,30.22,24.67,13.44,1,0,1,1,1
38.92,47.32,7.16,51,12.77,16.59,0.005,137,88.11,33.1,18.14,1,0,0,0,0
28.3,188.29,8.62,66,9.02,15.64,0.184,712,34.51,15.41,14.39,0,1,0,0,2
38.61,270.25,7.76,84,10.28,0.28,0.015,409,63.26,99.77,59.33,1,1,1,0,2
23.8,215.51,7.24,249,2.35,24.39,0.031,905,77.69,19.28,15.14,0,0,1,1,1
23.26,104.56,5.95,330,8.14,45.29,0.179,273,71.82,18.13,99.66,0,0,1,0,0
28.64,176.22,5.53,391,10.66,40.12,0.055,187,32.87,65.28,55.16,0,0,0,1,1
40.19,93.23,5.94,414,3.46,34.23,0.164,328,35.53,39.87,91.1,1,0,0,0,2
26.16,299.74,8.85,122,10.14,17.18,0.034,44,31.91,89.88,53.9,1,1,1,1,1
21.58,224.65,8.17,201,3.01,11.6,0.01,665,25.8,84.84,22.23,0,1,0,0,1
23.29,184.31,8.88,5,11.68,17.13,0.047,873,42.66,88.13,85.66,1,0,0,1,1
41.47,126.98,5.62,336,13.73,6.15,0.148,904,61.93,76.16,31.4,1,0,0,1,2
35.84,185.45,7.88,485,9.52,4.97,0.133,35,33.84,21.86,13.64,0,0,0,1,2
26.33,102.48,5.66,198,2.92,28.73,0.062,654,97.67,15.73,27.19,0,1,1,0,0
33.88,8.66,8.24,223,9.04,40.7,0.127,407,75.91,15.82,63.95,1,0,1,1,2
33.19,118.53,6.83,12,10.89,4.97,0.133,935,66.67,82.16,49.12,1,0,0,1,1
36.39,279.14,5.84,5,13.2,16.76,0.113,762,74.51,69.14,24.55,0,1,1,0,0
25.83,187.89,7.49,450,2.55,6.14,0.187,641,54.88,98.29,57.97,1,1,1,0,1
41.61,25.19,6.48,410,11.3,15.52,0.159,387,57.59,67.92,95.77,0,1,0,0,2
27.73,265.5,7.81,120,3.59,41.51,0.163,741,91.09,32.43,75.39,0,1,1,1,2
37.35,80.66,7.8,44,11.49,1.74,0.085,350,77.76,18.06,16.23,0,1,1,0,2
20.4,73.13,7.97,361,12.66,32.36,0.137,531,67.05,42.9,38.78,0,1,1,0,0
29.32,89.13,8.97,25,12.33,2.99,0.037,678,96.02,27.97,72.32,1,1,1,0,1
28.79,173.16,6.85,3,9.83,21.33,0.059,812,73.01,66.56,22.61,0,1,1,1,0
33.59,163.41,7.13,292,8.01,23.7,0.1,153,51.9,18.64,58.48,1,1,0,0,1
21.82,147.42,8.32,276,12.5,20.08,0.163,443,23.8,79.53,59.15,0,1,1,1,0
39.75,215.26,7.52,498,8.23,31.87,0.067,196,51.25,72.69,17.96,0,1,1,0,2
25.44,94.96,5.63,283,4.28,48.68,0.088,67,93.98,76.27,64.55,0,1,1,1,0
36.93,234.62,8.45,209,13.31,13.36,0.191,853,23.57,96.89,91.01,0,0,1,1,1
40.08,52.6,5.68,287,6.48,30.49,0.057,69,34.77,68.55,68.65,1,0,1,1,0
34.05,234.79,6.1,358,9.49,17.75,0.124,740,84.7,80.97,92.39,1,1,1,1,0
38.52,199.14,5.86,180,4.39,49.98,0.02,117,49.2,17.68,65.22,0,0,0,1,0
36.55,204.96,5.77,252,3.33,47.55,0.082,798,34.87,94.88,77.66,0,0,1,0,2
28.89,144.47,5.59,416,8.61,4.67,0.066,382,85.25,29.67,90.34,0,1,0,1,2
40.22,200.1,5.69,281,8.66,48.68,0.003,708,64.68,54.37,51.7,1,0,1,0,0
27.37,23.94,7.05,144,6.44,36.91,0.117,390,63.88,96.14,24.22,1,1,0,0,2
34.28,255.47,6.38,439,5.74,49.62,0.066,324,43.5,26.14,20.74,0,1,1,1,2
38.63,16.66,5.94,115,6.49,38.55,0.05,259,74.01,13.2,95.82,0,0,0,0,2
29.47,44.62,7.81,348,11.54,6.45,0.179,730,88.95,36.74,59.22,1,0,0,1,1
27.57,173.04,6.29,467,6.29,37.52,0.046,200,80.02,24.07,71.48,0,0,0,0,1
31.48,221.82,5.57,29,13.06,36.33,0.081,548,68.99,70.12,65.06,0,0,0,0,1
40.45,22.88,6.96,376,3.36,8.34,0.19,117,48.04,35.05,60.84,0,0,1,1,1
43.25,276.23,6.59,241,13.18,37.66,0.016,513,88.38,15.66,60.35,1,0,0,0,1
33.63,292.08,6.62,4,10.27,33.74,0.188,688,65.29,90.37,52.57,0,1,1,0,2
36.54,181.79,7.06,373,6.13,49.72,0.078,978,91.17,14.45,89.6,0,0,0,1,1
42.58,144.37,7.84,261,2.08,30.94,0.158,230,40.33,34.41,20.88,0,0,0,1,0
22.46,222.42,7.66,105,11.63,20.73,0.071,784,72.34,31.63,74.43,1,0,0,1,2
25.8,98.51,8.78,123,13.63,47.7,0.083,16,94.82,12.12,71.27,1,0,0,0,1
37.72,147.98,7.31,445,13.79,31.39,0.088,495,49.93,24.87,15.62,1,0,0,1,2
40.59,274.85,7.15,498,7.08,17.43,0.189,935,96.1,83.34,29.54,1,0,1,0,0
41.43,286.7,6.25,393,2.85,1.05,0.11,306,51.4,13.38,80.89,0,1,0,1,0
30.38,278.12,8.14,325,5.77,37.83,0.043,369,55.02,12.09,31.04,1,0,0,0,1
22.23,78.73,5.99,137,5.72,5.98,0.122,471,84.52,67.06,62.0,1,1,0,1,2
30.94,69.74,7.22,105,3.23,46.18,0.178,460,40.86,18.0,17.53,0,0,0,0,0
25.77,89.3,6.97,212,8.3,48.07,0.043,27,76.47,43.44,30.06,1,1,1,1,2
27.28,132.39,7.8,299,9.25,11.82,0.068,889,43.87,10.19,90.18,1,1,1,1,2
39.31,94.25,8.71,55,10.75,5.64,0.114,557,67.5,42.61,42.56,1,1,1,0,0
21.89,112.26,8.81,131,2.61,29.77,0.197,881,82.08,38.62,82.53,1,0,0,1,2
40.69,186.19,6.09,268,5.3,10.69,0.093,364,22.09,65.14,53.06,0,1,0,1,1
30.69,228.76,6.42,121,6.26,27.09,0.117,638,27.08,54.92,39.0,0,0,0,0,1
34.9,220.67,8.34,201,12.71,20.71,0.027,617,94.75,71.07,60.99,1,0,1,0,2
22.24,244.33,7.31,207,12.82,39.6,0.152,461,85.27,94.23,58.06,1,1,0,1,2
28.43,9.66,7.09,274,5.12,49.99,0.044,214,90.16,81.57,98.63,1,1,0,1,0
22.24,14.32,7.99,453,7.85,22.84,0.066,598,55.12,94.02,41.0,1,0,0,1,2
44.04,236.81,7.61,89,7.1,34.25,0.142,969,77.31,14.88,68.83,1,0,1,0,1
40.18,159.92,8.9,189,8.32,17.09,0.143,869,99.86,99.13,72.06,1,0,1,1,1
31.49,173.44,7.54,264,5.43,43.13,0.064,560,54.6,38.99,66.37,0,0,0,0,1
25.59,15.78,7.13,45,7.56,1.85,0.17,400,87.74,34.9,53.13,0,0,0,1,1
43.34,76.59,7.4,311,3.74,24.68,0.159,538,26.34,46.32,80.51,1,0,1,1,0
28.61,191.51,8.33,329,10.51,8.84,0.123,701,63.51,80.5,79.14,1,1,0,1,2
24.02,257.75,7.64,39,6.44,8.84,0.036,266,46.66,95.89,96.31,0,1,1,0,2
34.08,275.1,7.76,66,8.51,26.65,0.181,978,61.85,59.88,97.93,0,0,1,0,1
43.59,150.13,8.9,112,9.26,15.39,0.105,635,29.13,23.89,29.37,0,0,1,0,2
20.1,163.64,7.66,338,12.04,22.95,0.075,492,49.41,29.26,68.9,1,1,0,1,2
25.95,249.91,6.83,61,2.98,15.28,0.185,171,26.12,46.48,87.08,1,0,0,1,2
43.46,161.29,7.92,226,7.79,22.75,0.194,875,56.25,42.92,96.61,1,0,0,0,0
24.28,155.06,7.81,173,12.73,14.3,0.143,730,55.34,31.44,22.85,1,1,0,0,0
22.83,271.53,5.55,133,5.96,40.18,0.158,803,46.38,86.52,95.42,0,0,0,1,1
34.25,236.98,7.14,284,7.33,27.89,0.049,376,95.86,35.21,30.29,0,1,0,0,1
41.55,272.72,8.1,274,3.02,8.07,0.052,655,26.63,63.35,61.52,1,0,1,1,2
31.93,65.47,7.25,113,11.01,0.42,0.114,315,85.99,53.14,68.89,0,1,1,1,2
44.86,157.31,8.23,107,3.02,0.87,0.197,470,48.39,93.11,89.16,0,0,1,0,2
36.98,252.74,7.08,142,9.57,21.08,0.149,608,35.95,66.6,82.33,1,0,0,1,1
21.85,33.34,8.94,56,6.49,15.71,0.149,947,41.8,39.89,94.11,1,1,0,1,1
44.82,238.4,6.53,293,6.06,13.11,0.052,21,92.15,67.48,80.86,1,0,1,0,2
30.2,54.89,5.82,276,9.03,31.15,0.084,205,85.99,38.7,40.49,0,1,1,0,0
27.19,242.44,7.01,491,8.81,40.66,0.069,76,21.26,18.18,26.1,0,0,1,1,0
33.95,183.6,7.4,50,6.87,3.17,0.06,213,31.79,53.67,24.01,1,0,1,1,1
27.61,57.97,6.72,422,5.34,5.5,0.146,454,74.0,87.42,17.88,0,0,1,1,2
22.16,142.01,6.35,470,8.1,18.44,0.02,376,45.39,91.83,93.92,1,1,0,0,2
20.04,204.57,7.85,275,5.21,22.07,0.033,549,93.53,58.94,53.76,1,1,1,0,0
31.24,190.16,6.82,233,3.23,19.76,0.082,576,82.92,72.96,96.88,1,1,1,1,2
40.92,128.17,7.71,241,11.59,31.93,0.061,690,90.0,64.96,79.74,0,0,1,1,1
34.31,269.81,8.23,257,10.43,4.36,0.181,480,35.43,82.97,95.84,0,1,0,0,1
44.98,155.78,8.16,236,3.01,24.74,0.04,853,32.06,19.29,88.17,0,1,1,1,1
27.17,151.76,6.81,31,3.95,40.59,0.05,382,94.55,46.12,62.5,1,0,1,1,2
27.01,18.68,7.49,366,3.2,46.42,0.036,150,52.34,32.78,30.32,1,0,1,0,0
23.99,276.64,7.07,347,11.49,28.02,0.172,382,53.26,10.59,32.86,0,0,1,1,1
24.1,53.13,8.55,247,11.27,6.92,0.04,782,74.77,84.69,43.42,0,0,1,0,0
27.13,158.5,8.58,131,6.9,36.37,0.07,363,51.8,22.08,12.19,1,0,0,0,1
39.82,241.07,6.7,262,11.86,39.82,0.134,334,90.02,39.1,70.02,1,0,1,1,1
42.64,64.64,5.82,258,13.69,9.81,0.016,286,96.73,88.02,59.97,0,1,0,1,2
44.38,158.21,6.09,280,13.65,33.88,0.163,923,46.6,74.92,19.09,0,0,1,1,2
25.81,72.21,6.78,367,13.77,46.53,0.141,322,36.64,61.09,84.24,1,1,0,0,0
42.03,227.91,7.47,249,12.16,35.94,0.052,425,26.02,37.92,84.04,0,1,1,1,1
28.21,169.3,7.8,264,4.6,20.78,0.078,664,37.15,56.38,20.67,0,1,1,1,0
22.82,256.79,6.66,214,2.69,22.14,0.124,800,31.16,15.06,28.35,0,1,0,0,1
41.75,268.37,7.84,214,11.74,3.98,0.189,608,22.33,75.46,32.53,0,1,0,0,0
35.9,194.62,8.78,496,5.7,26.31,0.126,406,23.73,31.36,57.31,1,0,0,0,2
24.12,217.62,7.78,281,6.05,40.13,0.051,347,60.75,53.13,95.04,0,1,0,0,0
30.75,164.77,6.05,487,2.88,48.92,0.096,820,76.62,18.5,69.88,0,0,1,1,1
27.18,115.33,7.53,319,10.58,19.97,0.09,143,98.66,73.97,71.3,0,0,0,1,1
38.42,194.44,7.4,17,7.17,21.77,0.107,420,32.45,90.62,36.23,1,1,0,1,2
31.34,272.49,8.55,471,4.45,2.74,0.104,388,75.86,51.03,66.17,1,0,1,0,1
44.73,125.0,6.73,346,9.83,38.76,0.073,234,64.32,17.49,29.02,1,0,1,1,2
21.37,94.32,6.98,492,13.76,35.83,0.174,650,58.25,95.06,73.99,0,1,0,0,0
28.88,116.53,7.6,1,7.98,20.15,0.066,779,77.75,50.23,31.14,0,1,0,1,1
32.05,130.62,7.34,0,9.28,35.46,0.106,276,39.09,17.23,11.26,0,0,0,0,0
32.58,22.07,8.02,303,3.95,31.15,0.052,401,44.9,26.96,57.13,0,1,1,1,2
27.9,149.53,5.64,463,3.93,38.45,0.087,653,50.77,20.79,36.82,0,0,0,0,0
38.23,148.29,7.47,446,7.5,15.71,0.136,288,34.59,27.78,66.61,1,0,1,1,2
41.87,176.53,5.93,362,12.14,32.54,0.152,660,58.29,24.02,77.15,1,0,1,1,2
43.47,108.85,6.6,215,12.91,31.28,0.161,409,30.55,93.06,83.24,1,1,1,0,0
40.13,183.93,7.82,163,9.7,4.52,0.147,472,45.45,28.82,98.33,0,0,0,0,2
41.26,263.46,6.05,190,6.33,14.05,0.093,487,29.05,49.78,60.0,1,1,0,1,0
33.76,286.64,6.58,74,11.0,43.01,0.007,920,22.87,75.69,53.42,0,1,1,0,1
40.65,175.08,7.96,25,5.5,7.81,0.105,34,48.42,70.93,32.1,0,0,1,1,2
27.59,12.78,7.78,261,4.63,18.98,0.011,62,69.4,96.08,77.22,1,0,0,1,2
29.96,290.77,5.82,281,11.55,11.26,0.193,113,32.15,96.94,53.44,1,1,0,0,2
27.92,211.76,7.52,220,11.02,7.01,0.076,372,99.48,61.36,39.43,1,0,1,0,0
31.68,100.79,6.02,42,12.59,6.82,0.101,886,41.95,77.71,48.89,0,0,0,1,0
27.14,44.15,6.38,121,8.92,17.4,0.026,124,21.82,44.74,43.34,0,0,0,0,0
44.04,43.03,7.11,128,12.76,40.17,0.199,147,22.24,48.63,98.07,0,1,0,0,1
27.82,50.32,5.88,264,2.32,48.32,0.098,318,73.33,19.39,30.37,1,0,1,1,2
22.45,13.67,8.98,282,5.04,28.59,0.06,705,73.59,70.61,47.31,0,1,1,1,1
33.17,270.65,6.08,70,11.65,31.76,0.039,616,92.22,34.35,37.66,0,1,1,0,2
21.43,162.23,8.23,372,7.08,38.94,0.13,117,27.27,17.19,25.45,1,1,1,1,1
22.76,209.99,8.4,373,4.87,33.09,0.087,766,50.11,18.84,36.95,0,1,1,0,1
25.48,248.43,8.98,258,11.55,42.42,0.063,510,91.14,75.01,54.04,0,1,0,0,0
31.61,237.46,7.0,444,11.87,44.2,0.002,242,83.81,30.6,66.85,1,1,1,1,0
30.83,264.78,8.56,200,7.48,31.39,0.007,907,38.68,79.3,65.52,1,1,0,0,1
39.99,290.18,8.85,129,7.6,26.65,0.139,543,91.2,91.53,79.54,1,1,1,1,1
38.49,131.72,6.11,379,11.37,19.55,0.096,618,74.47,40.68,16.41,0,0,0,0,2
30.66,285.1,7.18,329,11.26,23.08,0.17,96,41.15,81.45,38.29,1,1,1,0,0
28.34,216.99,5.71,80,12.4,17.27,0.151,303,23.59,48.59,41.73,1,0,1,1,1
27.91,21.2,7.67,253,9.75,21.35,0.115,990,59.8,79.5,72.3,1,1,1,0,2
39.35,204.53,7.53,414,4.23,44.99,0.112,992,77.05,37.61,28.68,0,1,0,0,2
21.3,206.01,6.21,64,8.6,48.62,0.149,253,41.49,93.83,29.29,1,1,1,0,0
20.32,271.76,8.29,377,6.59,18.08,0.148,375,33.5,98.85,18.57,1,0,1,1,1
39.89,111.88,5.63,145,2.32,11.03,0.067,186,26.02,44.75,58.0,1,1,0,1,0
31.93,175.47,8.32,133,4.36,3.91,0.021,275,87.36,27.9,75.41,1,0,0,1,1
23.27,3.66,5.59,101,4.47,41.85,0.154,616,24.38,71.68,72.79,0,0,1,1,0
25.89,99.62,7.8,488,2.99,43.53,0.045,868,68.75,62.52,76.85,0,0,1,1,0
43.31,18.67,5.78,41,7.44,22.52,0.158,804,81.06,99.23,25.26,0,0,0,0,0
41.49,156.56,6.38,366,8.1,27.12,0.124,551,82.44,83.04,62.79,1,1,1,0,2
37.74,245.23,8.03,195,6.08,36.99,0.072,118,72.3,85.16,18.4,0,1,0,1,0
32.06,61.93,6.48,359,6.95,18.79,0.17,956,72.22,75.38,97.0,1,0,1,0,1
33.01,158.23,7.29,259,8.59,10.07,0.138,567,57.93,41.57,19.46,0,0,0,0,0
44.38,61.2,8.7,98,3.45,5.73,0.109,781,53.34,94.23,88.98,1,0,0,1,0
44.14,36.21,5.67,387,8.75,11.76,0.06,163,30.99,51.91,13.45,0,1,0,1,0
25.38,153.3,8.34,64,10.52,32.27,0.197,203,62.83,45.95,57.8,0,1,1,1,2
40.28,23.74,5.73,296,12.5,17.38,0.168,345,25.68,27.48,86.75,0,0,0,1,0
24.93,176.21,5.94,426,5.62,43.39,0.027,33,57.46,37.36,67.12,1,0,1,1,0
25.34,9.4,5.92,222,10.97,4.38,0.161,517,78.47,10.2,54.44,0,0,1,1,2
36.9,32.01,8.98,244,9.27,20.82,0.024,557,55.43,69.39,21.46,0,1,0,1,2
30.13,165.0,6.13,182,8.03,12.85,0.05,716,60.66,64.49,69.33,0,1,1,0,1
43.29,177.42,8.64,402,13.03,44.38,0.192,630,87.38,46.27,64.21,0,1,1,0,0
22.23,8.7,8.97,148,9.44,40.31,0.174,405,71.73,97.04,51.28,1,1,1,1,0
32.79,172.01,6.84,441,6.39,49.22,0.121,354,30.21,72.38,31.14,0,1,0,0,0
42.96,251.55,7.71,413,10.56,5.96,0.14,82,63.43,31.84,29.81,1,1,1,0,1
42.6,216.69,8.23,115,13.52,39.11,0.018,996,49.17,44.08,97.3,1,1,0,0,2
23.91,39.36,6.87,390,13.02,6.29,0.066,150,36.55,56.42,96.86,1,1,0,1,2
29.17,177.74,6.07,452,13.76,7.75,0.064,113,71.84,59.08,94.33,1,0,1,0,2
35.48,201.68,7.02,319,3.14,1.96,0.007,575,50.92,34.81,56.44,1,1,1,1,0
23.98,11.17,8.2,257,7.32,23.24,0.141,607,81.38,32.45,98.94,0,1,0,0,2
44.2,256.6,8.23,370,7.19,6.29,0.062,171,66.92,36.95,36.77,1,0,0,1,1
42.87,271.88,6.31,450,6.61,17.42,0.127,10,28.34,96.7,48.42,1,0,0,1,1
24.17,255.14,6.11,383,4.14,13.81,0.005,579,48.03,42.36,25.69,0,1,0,1,2
23.03,247.39,8.72,78,11.99,48.82,0.0,316,41.59,43.67,51.77,1,0,0,1,2
22.14,223.49,5.65,230,10.08,32.91,0.034,587,32.0,74.82,26.65,0,0,0,1,0
42.74,190.03,8.07,356,9.27,20.52,0.141,567,84.02,24.65,15.96,1,1,1,0,2
24.84,203.59,5.66,118,7.36,43.92,0.121,690,50.28,67.88,10.9,0,1,1,0,1
30.41,241.92,8.43,73,6.66,3.19,0.04,62,69.06,69.95,44.06,1,1,0,0,2
31.22,198.75,8.67,8,11.44,16.71,0.105,230,90.56,15.81,90.78,0,1,1,0,1
34.98,98.32,6.54,278,8.32,25.73,0.124,797,63.44,27.1,49.37,1,0,0,1,0
21.79,112.79,5.76,269,9.29,2.69,0.188,9,40.65,51.98,68.11,1,1,0,1,2
25.67,269.12,7.18,53,3.2,7.29,0.152,498,83.25,85.19,83.61,0,0,0,0,0
43.29,5.14,6.54,379,7.66,44.75,0.027,983,54.86,75.91,59.77,0,1,1,0,0
42.71,209.65,6.96,44,3.56,8.98,0.054,918,65.11,88.61,60.69,1,1,0,0,2
39.53,286.43,7.83,224,2.65,46.08,0.081,512,92.17,86.59,57.17,0,0,0,1,2
20.49,211.87,6.23,15,10.27,4.8,0.021,559,59.14,56.04,21.26,1,1,1,0,1
28.18,298.17,6.75,211,5.3,44.41,0.111,899,46.78,66.01,67.21,0,1,0,1,1
35.7,206.26,8.24,199,13.58,22.69,0.181,886,78.19,92.87,75.09,1,0,0,0,2
26.88,10.31,7.75,240,9.27,28.66,0.061,155,30.68,76.7,10.03,1,0,0,1,0
42.74,248.1,6.64,101,9.74,14.08,0.197,171,93.1,42.21,17.5,0,1,1,1,0
35.85,85.39,7.83,481,4.36,13.67,0.05,236,93.24,41.53,58.75,0,0,0,1,1
21.8,133.82,8.18,94,3.55,24.61,0.094,116,66.35,43.0,85.51,1,1,0,0,1
42.73,93.63,7.57,364,8.3,17.79,0.069,834,32.34,54.57,57.98,1,1,1,0,0
43.94,80.57,6.34,184,13.11,3.88,0.062,239,56.17,42.62,49.11,0,0,0,0,0
21.94,129.42,5.5,135,2.67,17.68,0.076,385,53.86,26.88,94.31,0,1,0,0,2
33.31,113.63,8.31,24,8.1,12.74,0.006,616,43.87,63.54,16.87,1,0,1,0,2
27.58,190.0,8.38,424,4.38,42.48,0.106,569,34.01,88.23,22.44,1,0,0,0,1
29.82,243.95,7.94,317,11.38,41.93,0.148,773,41.1,54.33,71.66,0,0,0,1,1
24.49,89.13,5.77,332,10.18,7.07,0.173,169,64.44,29.72,19.79,0,0,1,1,0
34.45,64.12,7.55,401,3.17,36.5,0.065,784,74.86,83.17,22.16,0,1,1,1,1
43.95,200.07,8.37,49,9.4,22.54,0.11,420,98.37,78.02,88.47,0,1,0,0,1
32.58,201.1,6.86,168,13.8,43.43,0.179,939,37.26,73.02,28.92,1,0,0,1,0
22.07,270.34,6.19,289,8.34,13.7,0.16,22,36.32,70.73,66.02,0,1,1,0,2
35.5,4.78,7.56,99,5.43,4.41,0.093,295,29.36,80.4,45.71,1,0,0,0,0
28.51,255.91,8.39,369,3.83,40.02,0.033,212,95.12,84.72,22.31,0,1,0,0,2
41.4,156.3,5.67,80,13.88,43.42,0.112,683,50.55,90.84,44.75,1,0,1,0,1
30.87,186.39,7.59,11,8.77,42.03,0.198,158,93.92,64.89,47.46,0,1,0,0,1
24.82,27.41,7.75,207,6.5,16.46,0.152,587,91.15,45.42,66.58,1,1,1,0,1
24.78,129.78,7.61,76,4.57,1.54,0.17,220,23.52,18.09,23.81,1,1,0,0,2
39.22,68.19,7.78,74,13.4,6.98,0.038,233,42.38,75.02,13.36,1,0,0,1,2
26.64,76.27,7.71,461,9.52,45.97,0.181,891,44.2,22.71,64.54,0,1,0,0,0
39.18,151.23,5.96,169,2.69,18.2,0.003,908,42.19,88.17,15.89,1,1,0,0,1
25.15,243.74,6.32,310,2.71,44.01,0.172,473,54.03,46.53,23.85,1,1,1,1,2
28.04,223.13,7.67,347,13.27,49.04,0.048,480,59.94,88.85,98.33,0,1,0,0,2
31.64,177.3,5.56,442,10.52,19.79,0.125,379,80.66,56.66,12.05,1,0,0,0,1
43.58,161.83,7.72,178,3.24,38.82,0.059,97,41.42,50.81,67.8,0,1,0,0,0
43.29,128.19,7.83,87,9.49,8.46,0.027,787,43.9,42.72,22.49,0,0,1,1,0
25.17,291.81,6.34,436,7.03,19.19,0.049,686,67.89,15.52,83.91,0,1,0,0,0
28.96,168.06,7.59,464,11.46,35.26,0.095,777,34.34,11.04,62.36,1,0,1,0,1
23.73,76.19,7.37,264,5.28,10.36,0.184,192,57.86,55.78,52.52,1,1,0,1,1
32.75,69.03,6.41,493,6.59,15.99,0.078,819,40.08,91.1,51.44,0,1,1,0,2
31.51,183.41,7.12,221,4.01,28.19,0.011,318,35.84,62.75,70.38,0,0,1,1,2
42.52,156.85,8.68,484,5.03,34.56,0.005,668,83.65,87.61,85.48,1,1,0,1,2
43.25,2.31,6.99,2,4.27,17.84,0.042,437,76.57,99.98,10.62,1,1,1,1,0
29.59,249.02,7.7,117,2.29,18.84,0.01,637,39.99,26.08,11.82,1,1,1,1,1
32.29,211.24,5.62,135,2.55,5.49,0.074,85,53.21,69.36,34.52,1,0,1,1,2
42.41,198.55,5.77,465,12.03,49.2,0.077,561,32.34,47.52,76.44,1,0,1,1,2
40.17,20.63,5.78,186,11.65,30.61,0.194,576,24.25,28.79,27.44,0,0,0,0,1
20.09,108.62,8.22,29,3.69,26.52,0.061,43,66.82,31.68,46.61,0,0,1,0,0
28.0,280.61,6.73,66,10.01,10.57,0.12,263,49.09,32.02,55.68,0,1,1,1,2
30.54,258.78,6.3,310,10.95,24.4,0.164,248,36.58,75.67,43.56,1,1,1,1,2
25.74,85.66,8.12,417,2.62,22.37,0.103,776,29.17,41.95,51.82,1,0,0,1,2
24.99,47.12,6.09,378,3.06,12.93,0.139,22,74.4,33.02,81.89,1,0,0,1,2
20.94,134.73,6.36,298,8.76,22.31,0.195,763,41.72,89.74,30.63,0,0,1,1,0
36.08,106.75,7.01,411,6.49,10.18,0.065,211,92.59,13.09,39.41,0,1,1,0,2
26.56,204.67,6.66,420,10.39,35.51,0.015,929,35.42,76.21,57.39,1,0,0,0,2
21.31,289.93,7.55,216,8.69,45.44,0.086,527,39.5,96.45,87.86,1,0,0,1,0
25.77,108.9,6.68,157,2.37,0.13,0.108,246,88.14,66.31,28.47,0,0,0,1,1
40.05,18.67,6.88,70,10.2,27.81,0.116,981,65.79,59.33,57.23,0,0,1,0,1
41.29,269.28,8.52,317,4.45,36.62,0.148,508,28.67,15.53,88.82,0,1,1,0,1
32.08,11.38,8.6,109,5.75,45.36,0.18,237,63.96,55.27,20.13,0,0,1,0,0
30.4,285.83,8.4,284,10.84,17.92,0.1,701,44.65,42.53,74.93,0,1,1,0,0
44.45,199.37,8.53,370,11.26,45.36,0.029,726,78.96,80.03,30.14,0,1,0,1,2
25.01,282.51,7.49,257,6.15,41.28,0.081,576,26.22,83.06,25.62,0,1,0,1,1
25.38,59.9,7.76,89,3.07,26.26,0.031,973,93.43,25.08,31.27,1,1,0,1,1
27.3,12.21,7.45,360,11.24,12.85,0.036,691,58.26,57.0,55.26,0,0,1,1,1
24.32,146.46,8.25,56,12.44,32.64,0.0,624,78.74,87.39,64.31,0,0,0,0,2
29.48,135.19,7.43,440,13.57,13.03,0.186,662,76.37,66.21,27.48,0,1,1,0,1
42.77,99.45,5.89,297,5.81,17.44,0.149,37,34.26,53.29,20.08,0,1,1,1,1
35.38,287.3,8.33,498,3.49,23.35,0.02,889,90.41,90.83,50.74,1,1,1,0,2
30.3,246.78,8.16,48,13.25,24.9,0.184,935,38.62,96.98,15.17,0,0,0,0,0
43.36,198.47,8.37,184,6.8,9.46,0.174,369,35.25,31.17,58.5,0,1,1,0,0
21.21,48.86,6.17,198,3.12,34.69,0.182,775,61.65,26.45,71.46,1,1,1,0,1
25.26,220.3,6.45,17,7.99,49.6,0.019,799,98.76,87.83,95.12,1,0,1,0,0
34.15,218.1,6.54,197,4.29,12.19,0.016,551,45.07,31.87,22.86,1,1,0,0,2
35.39,127.52,7.28,488,6.26,27.73,0.014,705,97.16,86.31,49.0,1,0,1,0,0
20.99,277.44,5.97,231,5.84,22.74,0.193,431,54.81,37.11,33.1,1,1,0,1,1
30.08,50.09,6.85,26,13.85,15.39,0.132,268,86.77,11.73,29.61,1,0,1,0,0
36.23,80.2,6.14,117,9.67,20.99,0.036,122,62.4,47.97,56.76,1,0,1,1,1
37.45,18.97,6.43,53,7.9,36.64,0.186,26,36.42,13.63,22.91,1,0,0,1,2
35.95,238.64,7.97,488,8.17,20.74,0.089,685,90.4,28.72,11.39,1,1,1,0,1
28.01,186.53,8.49,151,9.25,25.34,0.157,582,25.76,53.14,24.59,1,0,0,1,2
22.34,94.48,5.58,224,12.47,23.86,0.127,2,74.62,13.46,40.2,1,0,1,1,1
30.68,49.14,7.48,478,3.75,27.76,0.13,852,86.46,12.99,10.99,1,1,0,1,1
23.22,12.04,5.63,161,9.2,14.56,0.088,316,86.56,23.96,87.14,1,1,0,0,1
43.69,50.02,5.8,149,5.87,25.49,0.079,71,72.42,51.65,62.52,1,0,1,0,1
31.88,135.99,7.97,215,8.86,6.74,0.032,960,40.08,97.66,12.44,1,1,0,1,2
27.93,74.15,8.07,318,8.21,37.07,0.014,144,62.53,18.41,30.58,1,0,1,0,1
39.16,77.69,8.35,419,2.36,5.55,0.186,409,70.36,65.98,69.79,1,0,1,0,0
32.45,262.67,7.16,347,8.99,39.25,0.187,284,91.18,54.74,12.69,1,1,1,1,0
27.75,154.54,8.51,339,10.51,41.28,0.128,71,32.77,15.41,43.93,0,0,0,0,2
40.3,218.78,6.08,316,4.95,0.95,0.078,933,57.19,13.07,18.7,1,0,1,1,1
41.68,10.71,6.37,337,3.28,41.54,0.005,178,46.65,29.97,45.24,0,0,0,0,2
36.83,109.55,5.97,41,4.54,32.41,0.09,42,54.22,71.63,97.12,0,0,1,0,2
21.17,143.75,8.29,351,9.64,4.85,0.132,199,34.64,96.61,50.95,1,1,1,0,0
34.16,55.93,6.3,160,7.63,49.9,0.06,775,37.39,60.05,65.23,1,0,0,1,1
39.08,36.06,6.04,73,12.38,30.77,0.068,408,81.59,14.12,46.76,1,1,1,0,2
23.41,261.09,7.68,392,5.42,20.04,0.094,233,58.27,33.22,38.35,0,0,1,1,2
25.72,281.83,5.77,374,6.38,44.26,0.099,361,61.13,94.81,64.96,1,0,1,1,1
42.06,23.64,5.66,24,8.34,2.08,0.149,501,91.8,11.13,65.87,1,1,0,0,1
20.5,104.71,5.87,396,7.52,35.87,0.1,123,39.2,64.2,65.38,1,0,1,0,2
38.82,287.49,5.5,302,8.57,7.19,0.169,310,46.34,26.1,12.41,1,0,0,0,1
31.84,24.95,7.94,241,5.75,27.63,0.097,172,44.69,15.96,72.69,1,0,0,1,1
31.17,193.09,7.47,377,4.0,4.8,0.006,474,72.74,32.9,70.83,0,0,1,1,2
20.18,291.67,6.23,172,11.64,33.96,0.028,213,65.0,94.33,16.31,0,1,1,0,1
40.48,293.47,6.32,388,2.47,23.25,0.144,834,57.72,78.56,27.11,1,1,1,1,2
29.0,141.37,8.34,286,6.44,0.34,0.09,824,73.44,25.41,56.83,1,1,0,1,0
33.52,48.82,7.26,158,3.05,3.57,0.092,560,58.71,15.91,42.47,1,0,1,0,2
36.93,60.63,7.94,353,10.84,35.15,0.196,244,85.28,54.38,61.84,0,1,1,1,0
37.57,266.88,7.08,217,6.39,19.97,0.114,53,52.82,14.74,78.44,0,1,0,0,1
43.9,273.5,6.33,454,2.36,33.61,0.023,942,91.25,46.37,59.33,1,0,1,0,0
33.28,182.36,8.9,424,2.91,19.49,0.087,703,29.57,82.02,51.31,0,0,0,0,1
29.99,229.85,7.48,114,4.38,18.08,0.112,101,27.52,55.06,33.73,0,1,1,0,0
43.84,221.98,5.96,429,11.44,42.75,0.007,496,72.46,90.72,65.39,0,0,1,1,2
36.05,198.55,6.92,240,11.59,42.74,0.073,535,51.18,81.21,84.45,0,0,1,1,2
27.45,248.18,6.65,307,13.96,45.99,0.194,573,56.46,59.97,33.62,0,0,0,0,2
23.16,205.62,6.25,211,4.89,41.15,0.15,800,75.68,81.14,80.93,0,0,1,0,0
41.06,160.2,8.77,362,2.73,6.37,0.074,610,37.16,18.54,47.58,1,0,1,0,2
29.05,71.09,8.58,85,5.4,3.32,0.052,807,23.51,28.12,20.07,0,0,1,0,2
36.51,223.17,6.2,132,4.15,2.92,0.057,156,55.11,73.04,91.96,0,1,1,0,0
31.77,142.03,6.73,267,10.52,49.01,0.166,7,91.58,10.51,71.35,1,0,0,1,0
24.97,88.44,8.17,276,13.63,25.06,0.08,458,56.06,10.42,85.69,1,1,1,1,0
35.04,240.58,6.23,264,5.28,5.76,0.169,271,65.76,44.23,68.94,1,1,0,1,2
21.52,209.01,7.57,92,5.94,27.21,0.182,890,36.67,88.04,21.12,1,0,0,0,2
30.33,281.2,7.95,90,6.21,35.51,0.093,416,57.13,98.28,58.75,0,0,1,1,1
33.67,49.63,7.79,144,12.28,4.72,0.189,319,58.45,68.49,67.03,1,1,0,1,1
30.9,194.76,7.97,359,8.94,17.32,0.06,254,38.81,95.52,33.51,1,0,0,1,2
38.72,73.27,7.97,151,13.69,9.39,0.052,650,33.1,86.29,66.78,0,0,0,0,1
40.7,271.07,8.88,154,9.53,48.77,0.021,156,48.02,28.13,61.01,1,1,1,1,1
39.28,29.85,6.71,135,10.47,15.91,0.049,304,23.11,46.36,11.94,0,0,1,0,2
20.97,196.85,8.58,252,3.07,34.53,0.155,108,33.32,66.14,89.43,0,0,0,0,1
24.85,237.33,5.58,427,13.42,45.92,0.081,87,78.51,23.62,58.05,1,0,1,1,1
33.42,106.48,6.51,317,9.54,43.16,0.03,705,71.93,38.18,62.59,1,0,0,1,2
43.37,286.24,5.67,28,8.24,19.7,0.021,4,45.02,78.07,23.62,0,0,0,1,2
40.87,255.22,7.78,82,6.65,15.55,0.098,727,64.09,41.02,82.36,0,0,0,1,2
41.06,88.39,5.85,329,2.92,40.46,0.108,436,86.35,93.33,57.83,0,0,1,0,2
27.58,2.26,8.46,407,3.6,10.26,0.159,555,87.13,46.61,17.97,0,1,0,0,2
30.74,89.0,7.76,33,2.14,35.87,0.143,238,72.35,29.78,73.08,0,1,0,1,2
31.77,84.39,5.6,315,13.98,41.76,0.033,134,29.92,28.91,54.0,1,0,0,1,1
23.93,266.99,8.0,103,11.44,42.46,0.055,990,33.03,71.85,40.12,1,0,1,1,2
20.78,290.14,8.52,414,11.57,0.45,0.139,989,43.33,43.13,92.94,1,0,0,1,2
43.67,21.13,7.81,493,10.76,24.99,0.036,511,73.66,31.35,83.92,0,1,1,1,2
26.02,141.39,5.61,370,7.81,17.88,0.161,581,40.64,72.45,13.85,0,1,1,0,0
26.0,164.5,8.5,387,3.06,48.94,0.131,836,57.15,47.93,72.88,1,0,1,0,0
22.08,27.87,8.06,232,2.87,27.2,0.107,590,86.04,86.14,25.49,0,0,1,0,1
43.21,113.25,6.82,236,13.0,21.37,0.129,410,91.34,59.41,11.5,1,1,1,0,1
34.49,95.12,6.65,222,2.0,12.22,0.02,610,87.08,97.5,29.68,1,1,0,0,2
36.68,160.82,7.18,392,10.39,42.28,0.11,565,29.32,43.7,14.3,1,0,0,0,1
42.79,198.36,8.53,89,9.54,15.97,0.09,200,92.86,35.39,67.44,0,1,1,0,1
28.64,211.05,6.38,332,8.01,41.34,0.103,381,74.73,68.01,78.17,1,0,1,0,0
35.54,41.03,5.85,376,13.7,44.58,0.068,790,69.5,73.75,26.03,1,0,0,0,0
20.97,243.88,8.53,239,4.38,2.91,0.094,185,39.8,11.53,28.84,1,0,1,0,0
24.67,203.56,5.59,217,11.42,25.5,0.177,656,94.26,70.24,22.07,1,1,0,1,2
40.78,266.72,8.69,181,10.1,21.02,0.069,628,21.39,26.29,60.61,0,1,1,1,0
39.17,134.8,6.57,256,13.69,19.66,0.009,598,26.57,96.3,54.04,1,0,1,0,1
28.77,268.17,7.28,231,13.21,18.57,0.051,301,32.29,61.84,10.55,0,0,0,0,2
29.42,259.73,5.96,188,3.54,26.6,0.091,614,75.53,21.4,43.27,1,1,0,0,0
33.34,131.52,8.66,328,5.69,6.51,0.107,302,69.83,14.74,17.92,0,0,0,1,1
20.01,114.34,8.12,414,12.21,43.56,0.085,476,95.57,89.16,62.11,1,1,0,0,0
26.03,279.84,8.73,343,4.74,27.9,0.165,314,47.92,86.56,52.64,1,1,0,1,0
25.21,214.55,7.89,254,6.54,17.36,0.183,614,47.81,49.07,51.3,0,1,1,1,1
26.26,278.47,6.15,44,9.51,12.15,0.097,428,73.56,17.87,76.16,0,1,1,0,2
40.15,239.09,6.58,496,8.75,30.83,0.015,365,33.93,45.1,51.34,1,0,1,1,2
26.99,182.79,7.2,315,9.69,39.34,0.084,61,57.12,78.45,53.76,1,1,0,0,0
24.79,34.76,7.63,85,10.56,22.04,0.036,821,21.23,69.53,66.94,1,1,1,0,2
32.61,87.44,8.74,200,10.75,49.23,0.057,124,67.36,87.86,37.12,1,1,1,0,2
41.64,290.65,6.84,358,10.85,26.78,0.167,970,82.72,77.61,94.37,1,0,0,1,0
26.03,95.83,7.96,342,13.9,48.95,0.107,369,36.3,39.71,35.33,0,1,0,0,0
21.96,27.98,8.86,211,6.28,48.13,0.166,652,44.57,40.7,92.24,0,0,1,0,1
28.91,212.27,6.03,118,2.53,29.99,0.197,267,30.55,68.3,83.23,1,0,0,0,1
38.69,220.2,8.52,297,6.19,29.07,0.109,513,69.25,37.92,91.56,1,0,1,1,0
33.77,85.64,6.97,468,12.94,5.28,0.182,41,65.12,88.09,26.5,0,1,0,0,1
40.42,89.3,8.06,154,3.0,46.46,0.137,181,86.11,39.49,30.81,0,1,1,0,0
43.99,140.67,6.53,185,9.76,40.16,0.02,10,97.63,54.0,86.3,1,1,0,0,2
39.82,6.54,6.67,196,7.08,25.02,0.084,239,98.69,13.89,96.15,1,0,1,0,1
35.1,236.8,5.59,336,13.06,15.32,0.132,368,28.57,20.63,77.79,0,1,1,1,0
32.33,95.13,8.9,481,13.14,41.93,0.141,589,64.25,21.87,67.42,0,0,0,0,0
21.0,256.13,8.35,200,11.42,14.58,0.172,405,83.17,40.97,82.85,1,1,0,0,2
44.61,240.79,5.83,417,3.18,27.09,0.127,212,72.72,20.5,13.74,0,1,1,1,2
29.59,198.42,9.0,265,2.3,9.94,0.018,108,91.76,51.14,86.89,1,0,1,0,0
23.81,97.46,7.62,378,3.64,40.23,0.028,176,55.34,34.22,35.3,1,0,1,0,1
36.67,154.89,8.49,235,5.86,37.64,0.066,36,54.17,34.52,15.1,0,1,1,0,2
27.11,133.45,5.73,193,4.9,14.59,0.059,803,22.09,50.1,71.34,0,1,1,0,1
34.64,101.66,6.86,366,6.44,5.87,0.044,984,21.25,86.85,77.75,0,0,0,0,0
34.67,254.44,7.84,24,3.72,8.85,0.123,688,75.41,78.56,66.45,0,0,1,1,0
31.14,145.05,5.87,258,11.03,30.82,0.086,569,57.72,89.54,41.51,0,0,0,0,2
40.9,249.82,7.21,417,12.14,7.5,0.137,258,72.82,99.12,20.55,1,1,0,0,1
26.62,31.57,7.05,70,7.86,16.01,0.077,961,39.06,11.0,79.21,1,0,0,1,0
31.22,42.31,6.26,27,13.48,41.96,0.055,986,89.05,72.33,14.26,1,1,1,0,2
33.44,293.2,6.55,392,3.44,4.09,0.11,160,92.23,20.78,78.37,0,0,1,0,2
36.59,176.33,8.88,10,3.27,29.06,0.019,913,72.98,94.31,96.17,0,1,0,1,2
39.6,152.93,6.51,348,4.4,19.99,0.198,943,42.22,30.42,99.71,0,0,1,0,1
29.87,156.95,6.25,117,13.78,6.02,0.131,74,37.29,41.5,45.67,1,1,1,1,0
36.15,64.58,7.38,379,7.0,25.47,0.024,198,70.04,98.11,19.78,0,1,1,0,2
23.77,215.61,7.85,207,13.09,25.83,0.124,36,95.26,88.05,18.51,0,1,1,0,0
43.32,25.43,8.04,422,4.42,18.9,0.015,689,66.25,14.25,54.24,0,1,0,1,2
29.58,172.0,8.14,92,12.15,2.77,0.101,547,87.14,14.22,81.26,1,0,1,1,0
38.24,171.23,5.63,140,5.72,10.34,0.058,794,65.23,83.7,14.31,0,1,0,0,0
20.51,274.26,6.88,354,10.81,20.24,0.14,917,73.97,16.33,25.15,1,0,1,1,0
25.13,157.85,8.21,10,13.69,13.86,0.097,286,65.42,86.66,62.98,1,1,0,0,2
32.18,41.12,8.67,290,13.2,8.03,0.157,423,66.03,93.22,17.69,1,1,1,1,1
41.96,171.83,7.61,238,11.98,24.35,0.046,437,79.14,12.15,89.06,1,1,0,1,2
33.18,27.4,5.68,263,2.6,19.88,0.131,831,51.7,29.8,55.28,1,0,1,1,1
43.25,61.14,6.89,262,9.29,33.25,0.138,709,92.32,12.09,44.82,1,0,1,1,2
32.09,9.33,5.76,68,12.03,28.02,0.096,757,89.08,16.55,11.19,1,0,1,1,1
32.26,153.99,8.12,69,6.79,8.49,0.172,372,78.03,58.07,20.17,0,0,1,0,2
22.99,25.36,5.72,184,10.77,34.38,0.029,820,79.47,75.71,84.48,1,1,0,0,0
40.07,140.82,6.15,370,3.66,23.27,0.152,821,53.06,53.15,72.91,1,0,0,0,1
26.17,279.88,6.96,123,4.12,5.67,0.026,949,86.6,44.74,11.83,1,0,0,1,1
42.49,215.93,7.12,418,9.72,0.92,0.031,224,94.61,28.6,97.66,0,1,1,0,1
42.77,23.22,6.92,221,7.25,31.32,0.04,966,83.61,31.29,41.79,0,0,0,1,2
43.58,67.26,7.12,10,4.62,30.93,0.132,901,30.64,62.42,64.58,0,1,1,0,2
33.01,202.1,8.0,165,5.39,41.02,0.128,831,82.93,87.02,75.03,0,0,0,0,0
36.93,268.41,6.79,90,9.43,38.12,0.089,693,57.17,46.41,96.09,1,0,1,0,2
39.46,9.88,7.42,247,10.7,43.88,0.063,576,68.7,94.57,90.14,1,1,0,1,1
23.28,243.74,6.56,340,4.49,14.62,0.123,614,99.29,14.69,63.77,0,0,1,1,0
35.02,168.54,6.74,461,13.46,20.66,0.029,429,48.75,84.63,22.54,0,1,1,1,1
20.86,163.83,7.65,304,2.1,3.1,0.126,997,47.88,40.48,86.05,0,0,0,0,1
32.44,287.34,7.22,290,10.4,20.57,0.002,169,41.05,88.19,83.51,1,1,0,0,0
23.87,224.29,8.03,156,5.49,10.99,0.029,369,30.17,92.75,67.52,0,1,0,0,1
24.57,255.04,7.46,87,7.74,40.27,0.142,623,33.45,73.04,99.03,1,1,1,0,2
29.13,106.2,8.31,227,8.84,32.81,0.175,747,61.14,41.95,57.55,0,1,1,0,1
30.81,166.31,7.05,424,8.74,39.08,0.015,92,92.78,51.12,29.24,1,0,1,0,0
35.58,184.62,7.22,364,11.32,29.62,0.128,586,84.79,59.66,32.84,1,0,0,0,1
21.86,96.48,7.84,479,11.89,29.9,0.012,475,34.6,51.59,46.59,1,0,0,0,2
32.59,171.07,6.27,133,2.88,11.76,0.176,823,64.94,81.2,48.04,1,0,1,0,2
24.57,71.0,6.85,265,10.44,33.49,0.078,935,87.75,79.44,84.8,0,1,0,1,1
34.35,43.01,7.69,83,6.79,7.2,0.148,14,63.16,11.14,89.83,1,1,0,0,0
35.94,112.19,5.6,211,11.82,13.79,0.035,285,92.91,23.65,44.45,1,1,1,0,0
33.92,221.79,7.03,217,9.31,9.0,0.172,22,92.63,42.72,95.08,0,0,1,1,1
38.46,274.86,7.6,340,2.12,47.48,0.086,779,47.86,70.52,93.53,0,1,0,0,2
28.39,137.31,8.89,236,10.0,44.9,0.042,502,89.91,30.67,46.95,0,0,1,1,0
39.13,192.85,8.57,150,13.11,43.74,0.114,603,66.81,39.05,88.13,1,1,0,1,0
30.82,30.91,6.48,173,3.0,48.01,0.058,862,58.39,51.59,20.15,0,0,0,0,2
32.1,271.34,7.28,139,7.93,30.63,0.057,669,81.94,63.06,56.01,1,0,0,0,1
36.2,170.58,5.7,54,9.51,44.73,0.023,122,83.17,91.16,74.14,1,1,1,1,0
20.46,234.1,6.34,140,4.35,14.59,0.043,614,74.03,82.42,41.1,1,1,0,1,0
36.35,238.33,8.21,73,9.81,19.24,0.16,271,84.87,42.33,12.08,1,0,1,0,2
35.46,76.94,5.93,134,2.6,23.35,0.105,157,96.11,79.12,14.99,0,1,0,0,1
27.75,158.75,6.4,484,12.87,4.47,0.071,579,89.85,84.94,90.51,1,1,1,1,2
22.14,288.14,8.8,395,11.15,41.23,0.186,288,25.94,57.01,56.66,0,1,0,1,1
22.27,26.89,8.38,316,13.29,5.96,0.159,440,88.0,36.64,23.71,0,1,1,0,1
43.08,204.91,8.24,408,7.02,39.98,0.062,864,82.52,94.88,91.19,1,1,0,0,2
37.23,288.68,8.53,129,2.41,46.11,0.022,251,94.14,96.6,94.8,0,0,1,0,2
23.18,90.17,8.12,231,6.1,28.39,0.037,667,79.17,30.21,39.35,1,1,1,0,2
28.92,258.43,5.92,25,8.19,8.3,0.135,468,90.23,80.66,62.74,0,1,0,1,1
34.81,280.1,7.31,487,13.23,21.84,0.113,718,20.82,13.76,39.32,1,0,0,1,2
40.89,224.13,7.05,434,12.6,6.94,0.196,537,98.22,10.21,75.27,0,0,1,0,2
21.09,69.4,6.59,68,9.13,5.95,0.003,636,35.27,41.64,95.31,0,1,1,1,2
25.92,100.2,8.42,61,10.76,37.8,0.175,525,89.14,51.63,12.51,1,1,0,1,1
42.24,10.74,7.12,199,13.45,19.65,0.003,696,94.37,59.17,52.38,1,0,0,0,2
20.23,249.44,5.71,489,12.21,0.01,0.085,654,20.18,44.04,81.92,1,1,1,0,2
25.03,254.88,6.46,492,9.91,2.42,0.183,705,93.09,21.59,72.03,0,0,1,1,0
43.98,189.81,6.3,456,8.48,40.89,0.132,15,86.34,41.03,26.4,0,0,0,0,2
35.34,105.76,8.61,166,7.71,30.98,0.117,292,93.79,83.96,45.3,1,1,0,1,2
26.54,23.04,7.77,467,11.08,42.23,0.063,250,34.15,40.21,52.15,0,0,1,1,0
21.67,225.92,7.46,115,11.71,13.68,0.193,778,82.2,63.31,77.05,1,1,1,0,2
20.7,217.96,7.27,370,4.61,15.72,0.034,778,59.0,71.28,51.32,0,1,1,0,2
26.12,273.78,7.78,138,7.69,30.84,0.054,160,40.62,75.92,38.26,0,0,1,0,2
42.04,219.16,8.14,231,11.25,33.26,0.091,257,80.49,53.92,47.35,0,0,0,0,1
30.4,248.61,7.44,447,10.11,1.33,0.025,544,57.86,21.31,97.02,0,0,1,0,0
38.01,223.79,8.78,213,9.1,45.36,0.085,62,91.99,91.05,14.21,0,0,0,0,2
42.96,189.21,8.92,207,5.88,39.96,0.008,898,76.86,33.43,40.04,1,0,1,1,0
30.2,128.09,8.98,489,9.31,6.59,0.185,339,31.13,40.51,27.82,0,1,0,1,1
24.78,270.64,7.84,101,9.35,0.52,0.064,288,40.06,79.64,46.05,1,0,1,0,0
32.93,195.29,8.76,297,7.19,38.46,0.127,793,41.16,78.72,62.72,1,0,1,1,2
42.7,119.51,6.92,9,13.52,45.14,0.174,801,47.52,90.67,27.49,0,1,1,1,1
40.11,25.04,8.51,472,9.84,16.11,0.164,77,73.32,13.04,48.38,1,0,1,0,1
21.65,87.21,8.68,122,12.21,16.04,0.175,435,91.55,88.71,84.51,0,0,0,0,2
37.31,163.12,8.66,274,3.55,25.73,0.144,860,67.5,81.3,67.79,1,1,0,1,1
34.3,82.69,8.41,3,11.08,33.73,0.039,961,80.14,57.26,71.13,1,1,0,1,1
42.69,66.37,6.92,466,9.22,32.38,0.073,241,45.34,24.35,94.63,1,1,0,0,2
23.06,158.22,6.06,258,5.7,37.63,0.102,967,61.8,59.05,46.81,1,0,0,0,2
33.35,50.95,6.67,208,3.64,5.7,0.067,922,60.33,27.45,99.82,0,1,1,1,0
41.99,240.12,8.19,397,6.56,25.99,0.191,455,76.08,96.85,44.38,1,0,1,1,0
30.25,145.31,6.32,265,7.3,25.32,0.161,838,61.44,73.79,26.44,1,0,1,0,0
32.05,172.16,7.17,261,3.69,47.49,0.16,202,46.74,63.66,82.67,1,0,1,1,1
21.76,44.21,7.48,286,10.04,45.91,0.072,371,39.51,83.2,55.9,1,0,1,0,0
26.95,97.37,7.61,30,5.69,37.52,0.151,230,40.38,57.92,41.05,1,1,0,1,1
28.11,123.03,8.78,175,11.67,43.85,0.123,605,98.47,15.42,32.17,1,0,0,1,2
43.63,242.46,7.82,8,9.78,37.28,0.075,486,48.6,33.31,83.93,1,0,1,0,0
27.07,231.05,8.25,203,5.73,36.02,0.062,176,84.53,98.35,60.76,1,0,0,1,1
31.52,66.89,7.54,107,6.32,10.79,0.158,302,25.71,86.57,66.2,0,0,0,1,0
36.78,184.85,8.42,123,13.31,30.86,0.119,660,27.17,93.47,51.6,1,0,0,0,0
24.05,73.04,6.42,237,13.38,45.8,0.007,916,74.89,18.8,29.3,0,1,0,0,0
32.16,296.47,6.23,409,7.02,37.51,0.004,198,56.58,32.32,40.38,0,1,0,1,1
38.46,285.64,8.74,129,10.15,30.24,0.168,211,90.44,15.69,21.58,0,1,0,1,0
41.67,168.98,7.93,233,13.76,12.91,0.018,316,88.98,83.99,40.71,1,1,1,0,2
35.66,209.67,7.85,3,13.93,33.93,0.104,368,80.45,25.65,92.14,1,1,1,0,2
36.73,240.43,7.14,479,2.87,17.35,0.122,754,85.23,46.9,61.74,1,1,1,1,0
23.16,216.3,6.82,219,8.64,3.26,0.183,909,89.64,34.26,14.16,0,0,1,1,0
43.64,209.95,7.44,261,10.72,11.97,0.103,915,82.69,93.73,78.77,0,0,0,1,0
23.31,287.57,5.92,29,4.24,19.46,0.039,516,62.15,64.75,79.09,1,1,1,0,0
39.37,178.94,7.09,438,11.86,49.83,0.052,158,41.18,81.96,78.35,0,0,0,1,0
26.62,190.89,7.09,411,7.62,38.01,0.01,701,82.99,64.19,65.49,0,0,1,0,0
43.34,254.78,7.38,316,7.97,13.98,0.044,907,45.42,65.13,12.84,1,0,0,0,0
38.0,200.97,7.72,76,5.29,38.12,0.163,567,39.59,44.46,44.44,0,0,1,0,0
38.85,219.88,8.85,182,5.6,17.88,0.151,439,33.73,31.51,39.27,1,0,0,1,2
25.48,70.25,7.78,365,3.01,30.4,0.016,395,70.18,41.35,11.9,1,0,0,1,1
31.08,111.38,8.59,291,13.18,38.23,0.096,193,39.4,36.54,17.71,0,1,1,1,0
35.45,44.19,7.45,457,6.58,37.04,0.06,537,49.99,72.21,47.84,1,1,0,0,0
39.25,151.73,7.69,201,3.95,7.0,0.13,67,76.73,48.03,89.27,0,0,1,1,2
22.6,136.72,5.74,388,3.71,41.28,0.192,541,83.51,59.51,96.56,1,1,1,1,1
44.06,299.15,5.97,156,6.89,46.15,0.126,481,45.18,79.38,76.91,1,1,0,0,0
42.26,183.36,7.53,99,9.59,11.67,0.149,996,87.42,33.99,30.31,0,0,0,0,0
26.76,235.93,6.88,395,11.33,16.47,0.08,275,24.64,48.13,92.95,0,1,1,0,1
40.57,100.2,8.3,121,13.1,46.91,0.007,705,98.87,56.75,98.02,1,0,1,1,1
32.96,249.46,7.4,405,9.63,49.18,0.084,620,53.35,14.84,48.72,1,0,1,1,0
31.55,184.53,8.59,314,7.05,22.67,0.102,418,45.99,23.7,56.97,1,1,1,1,2
27.86,209.1,8.9,109,7.06,1.73,0.099,334,93.89,15.72,41.14,1,1,1,1,0
34.52,88.33,6.02,166,8.89,46.64,0.047,818,30.59,77.7,86.68,0,0,0,0,1
38.25,164.59,6.88,129,8.46,1.27,0.095,751,48.62,36.99,36.79,0,0,1,0,2
30.27,190.21,7.83,269,9.69,16.51,0.144,269,48.71,48.03,19.78,1,0,0,1,1
35.73,176.73,6.57,137,8.04,4.48,0.062,310,53.95,70.51,51.04,0,0,0,1,2
37.48,274.56,6.43,175,2.71,25.59,0.127,931,87.87,96.98,25.26,1,0,0,0,1
37.78,269.48,8.35,63,8.01,1.88,0.031,880,87.95,82.99,48.79,0,1,1,0,1
21.3,291.3,8.93,130,2.27,11.27,0.056,820,67.33,15.2,62.69,0,0,1,1,1
41.49,200.23,8.21,327,4.17,22.94,0.177,693,99.34,37.52,82.23,1,1,1,1,1
31.46,291.57,7.33,187,6.65,3.71,0.125,446,87.53,14.42,72.28,1,1,0,1,0
26.56,249.74,7.05,464,8.62,24.02,0.017,733,74.49,15.55,76.47,0,0,1,1,0
26.04,81.25,7.39,451,4.22,13.26,0.053,441,35.96,21.47,63.15,0,0,1,1,1
32.08,128.23,7.12,276,5.32,13.35,0.199,154,63.98,38.9,17.32,0,1,1,1,0
42.17,71.52,7.26,349,6.49,46.85,0.054,513,37.11,30.83,89.2,1,1,1,0,2
29.46,1.26,6.21,146,4.37,34.51,0.116,468,44.13,41.7,72.83,1,1,0,1,1
38.74,56.41,8.66,334,13.99,46.47,0.11,883,74.87,83.98,81.09,1,0,1,0,2
22.42,1.22,8.14,19,11.66,28.78,0.08,77,34.75,81.79,94.68,0,1,1,1,1
31.9,215.95,7.88,313,11.73,45.36,0.007,602,27.27,41.57,97.13,0,1,1,1,1
44.79,127.66,8.82,41,8.83,41.87,0.057,468,62.52,69.38,96.71,1,1,1,1,1
39.26,93.77,6.5,349,13.54,49.89,0.191,278,20.08,43.54,34.26,1,1,0,1,0
25.26,228.52,5.78,393,10.79,25.16,0.004,674,68.71,44.74,86.65,0,0,0,1,2
32.54,249.75,8.39,406,5.97,34.81,0.143,317,92.11,70.82,96.28,0,0,1,0,1
25.84,292.59,8.99,343,9.33,8.03,0.179,111,35.22,44.59,73.57,1,1,0,0,2
30.24,192.6,7.52,139,8.52,46.97,0.152,327,50.62,59.43,74.43,1,1,0,0,1
39.5,138.46,5.71,8,8.96,19.94,0.065,58,93.31,20.37,89.58,1,0,0,0,2
39.28,91.58,8.23,78,11.81,45.83,0.104,971,76.31,58.49,35.88,0,0,1,1,1
25.7,66.7,5.76,412,8.11,5.04,0.174,703,30.83,76.78,27.27,0,0,0,0,1
43.06,63.88,7.39,337,10.74,25.76,0.195,859,50.56,89.95,49.33,1,1,1,0,2
34.81,122.76,6.47,147,5.01,0.07,0.019,936,80.48,23.25,95.49,1,1,0,1,0
29.5,297.54,8.7,192,13.18,20.8,0.025,928,73.18,46.96,15.44,1,1,1,0,2
32.55,0.26,7.08,258,3.04,4.16,0.191,224,32.45,53.76,49.83,1,1,1,0,2
35.13,59.16,8.64,135,13.92,22.46,0.175,648,25.0,91.43,72.17,0,0,0,1,0
34.0,56.52,6.55,38,9.59,27.79,0.042,381,74.53,33.17,68.61,1,1,1,0,0
32.16,215.14,6.86,319,7.64,42.61,0.194,334,68.72,24.91,82.89,1,1,1,1,0
32.62,105.75,8.81,286,5.73,14.77,0.042,841,24.75,22.73,34.26,1,0,0,0,2
24.41,137.18,6.2,366,6.86,28.34,0.018,304,97.98,23.94,31.06,1,0,0,1,2
40.32,44.59,7.52,455,11.39,3.32,0.136,769,40.2,88.26,84.47,0,0,1,1,1
33.54,121.5,6.86,462,3.67,45.68,0.108,130,50.88,65.78,84.31,1,0,0,0,2
23.28,30.96,8.21,378,5.03,22.59,0.048,662,34.21,47.87,32.39,0,0,1,1,0
39.15,159.91,5.95,149,3.48,12.63,0.186,201,86.28,88.01,49.62,1,0,1,0,2
43.31,29.38,7.03,351,7.12,23.16,0.081,786,97.01,36.82,50.65,0,1,1,1,2
43.68,237.15,7.95,4,6.65,24.08,0.081,744,37.06,93.51,56.19,0,1,0,0,2
29.23,169.98,6.92,235,9.79,37.16,0.126,273,42.65,78.3,85.28,0,0,0,1,2
23.39,217.19,5.7,235,13.95,48.73,0.046,674,76.52,11.85,64.3,1,0,0,0,0
32.96,125.55,7.97,313,12.71,9.31,0.117,232,62.23,51.64,56.64,0,1,1,1,0
22.82,114.45,7.26,456,12.56,2.72,0.073,949,28.41,85.82,36.05,0,1,0,1,0
43.35,29.46,5.54,104,9.75,32.79,0.139,443,94.29,45.65,13.64,1,0,0,0,0
24.59,157.16,7.64,206,5.25,44.23,0.05,648,68.89,98.84,92.63,1,1,1,1,0
26.32,154.35,8.72,238,6.61,28.25,0.037,222,44.1,86.19,74.46,0,0,1,0,2
30.17,140.43,5.89,318,5.0,3.99,0.05,349,59.18,77.77,16.7,1,0,0,0,1
29.58,222.16,7.57,316,3.62,21.09,0.187,228,60.02,22.2,36.78,1,1,0,0,0
39.87,249.75,8.05,51,7.23,32.74,0.17,947,62.03,19.71,68.23,0,1,0,1,1
31.41,225.24,5.75,107,12.77,16.4,0.166,945,59.78,67.71,28.82,0,0,0,0,0
24.27,43.16,5.58,356,10.93,42.25,0.156,11,64.94,69.53,19.46,1,0,0,1,0
26.68,186.62,7.12,32,13.82,11.23,0.127,528,51.47,23.28,59.53,0,0,1,1,1
32.73,24.1,8.27,21,4.34,18.22,0.02,218,31.69,86.86,39.61,1,1,1,1,1
23.69,208.39,6.06,306,8.01,45.82,0.065,852,73.17,88.64,84.5,0,0,0,0,1
35.29,114.55,8.43,10,11.52,28.68,0.112,304,83.4,47.49,95.56,1,0,0,1,1
34.14,39.75,7.8,126,7.53,0.31,0.021,687,87.28,64.7,62.89,1,0,0,1,2
37.87,258.62,6.66,441,6.26,12.2,0.006,757,21.76,55.97,74.16,1,0,0,0,1
43.44,184.2,7.31,49,11.79,37.67,0.019,538,52.37,13.21,98.51,1,1,1,0,1
42.81,106.42,8.88,197,7.16,2.6,0.022,245,98.28,18.14,30.34,0,0,0,1,1
43.65,9.22,6.26,16,12.96,49.65,0.022,909,25.01,80.18,91.44,1,1,0,1,0
26.12,161.19,7.25,429,5.22,44.9,0.038,182,82.84,53.95,60.34,0,1,1,1,0
23.29,276.97,7.69,43,12.76,11.19,0.1,488,30.09,64.98,26.89,1,1,0,0,0
27.56,178.91,5.98,184,5.34,44.78,0.057,629,85.97,65.16,36.03,0,0,0,0,1
42.38,291.5,5.65,388,5.47,34.97,0.172,396,73.78,44.17,71.93,1,0,1,0,0
44.3,40.94,5.55,38,7.05,21.27,0.175,514,78.0,12.65,92.98,0,0,0,0,1
41.48,170.49,6.64,441,8.19,9.81,0.184,959,98.19,80.82,20.71,0,0,0,1,0
22.75,239.44,5.76,495,7.02,10.01,0.094,215,95.16,52.16,67.53,1,1,1,1,1
43.69,157.66,8.31,136,12.35,29.7,0.155,223,44.35,22.5,43.92,0,1,0,1,2
30.58,27.32,8.99,476,11.55,20.8,0.118,100,50.02,11.9,38.95,1,0,0,0,1
20.23,174.87,5.71,278,5.72,29.76,0.029,887,52.57,11.58,26.2,1,0,0,1,1
31.06,183.52,7.01,430,8.14,16.51,0.127,583,34.45,13.0,89.93,0,1,1,1,0
21.15,218.61,5.59,163,7.17,11.5,0.167,354,50.49,23.95,42.78,1,0,1,0,1
33.6,228.36,5.97,30,2.67,41.83,0.07,662,98.32,30.83,49.9,1,1,1,1,2
28.46,231.23,6.63,339,10.98,46.0,0.149,719,59.17,32.24,28.66,1,0,1,0,1
31.84,199.03,6.88,22,4.18,35.26,0.155,867,96.21,66.89,64.71,0,0,0,1,0
35.33,64.74,8.79,439,13.21,8.08,0.129,712,25.72,31.74,49.62,1,1,1,0,2
41.72,121.27,6.89,198,6.77,4.62,0.177,806,23.14,70.66,27.37,0,0,0,0,2
36.55,232.84,7.24,173,9.47,26.95,0.029,825,66.03,84.1,37.94,0,1,0,1,1
30.85,286.03,6.36,57,11.82,27.52,0.169,529,78.9,44.63,45.21,1,1,0,0,2
40.49,23.68,5.5,419,4.16,31.96,0.122,624,37.4,74.65,16.93,1,1,0,1,1
42.64,160.66,8.65,195,8.49,45.31,0.171,181,60.27,19.37,14.67,0,0,0,1,1
22.99,93.76,5.79,87,4.85,32.34,0.107,798,89.84,39.51,99.32,0,1,1,1,2
33.3,67.62,8.87,443,8.12,45.81,0.066,485,80.94,71.44,93.49,0,1,0,0,2
27.11,151.74,5.96,141,8.95,5.88,0.179,319,38.55,93.86,63.38,0,1,0,0,1
21.18,181.83,7.62,280,4.03,35.46,0.175,809,46.76,65.4,32.03,0,0,1,0,2
36.71,2.93,9.0,454,8.97,46.37,0.054,36,44.46,42.75,30.92,1,0,1,1,1
41.57,234.06,5.98,206,7.46,23.14,0.149,110,77.56,38.23,49.65,1,0,1,0,2
24.07,245.96,6.98,171,8.26,48.38,0.018,993,97.45,45.24,44.75,0,0,0,0,1
40.31,289.65,8.23,301,12.86,27.63,0.017,750,42.41,68.76,75.97,0,0,0,0,2
41.33,54.19,5.61,396,7.81,47.15,0.102,616,67.06,39.43,46.64,0,0,0,1,0
42.86,178.37,7.91,317,7.71,37.43,0.007,837,99.08,52.3,95.98,1,1,0,1,2
26.63,127.99,5.78,274,7.64,22.89,0.087,867,32.61,78.31,32.76,0,1,0,0,2
42.6,100.45,6.33,395,9.48,1.71,0.158,758,72.73,31.4,12.4,1,0,0,0,2
28.02,169.69,6.06,367,6.41,32.87,0.178,205,46.56,74.49,64.3,1,0,0,1,0
33.81,234.71,8.68,345,11.62,12.71,0.051,511,99.33,78.53,98.91,1,1,0,1,1
21.26,6.92,6.13,47,5.43,14.43,0.015,360,28.7,87.73,86.63,1,0,1,0,2
21.1,290.82,5.64,160,5.59,0.99,0.126,343,56.1,12.15,10.47,1,1,0,0,1
38.01,242.96,7.56,462,9.07,27.88,0.053,352,40.4,20.24,61.77,1,0,1,0,2
31.11,225.35,6.71,164,5.12,14.46,0.005,882,22.53,95.94,50.84,1,1,1,1,2
26.41,228.12,6.92,389,3.08,49.12,0.026,809,97.09,21.32,79.15,1,0,0,0,0
24.76,116.72,5.92,378,4.47,37.45,0.188,881,65.45,53.91,32.74,1,1,0,0,1
36.75,225.49,8.12,216,12.96,17.87,0.175,978,76.06,25.03,31.94,0,0,0,1,2
20.01,116.03,7.61,116,2.13,14.72,0.166,540,69.62,83.07,38.5,0,1,0,1,0
40.15,269.61,6.77,336,3.6,35.75,0.068,372,31.88,18.69,32.15,1,0,1,0,0
21.98,53.17,6.1,426,11.1,12.71,0.143,453,33.64,17.71,11.97,1,0,0,0,1
24.79,87.7,7.58,250,13.76,22.4,0.191,642,70.12,55.42,66.54,0,1,0,0,0
29.66,165.4,8.23,355,10.26,8.02,0.114,145,82.38,31.44,65.15,1,0,0,1,1
32.12,95.76,6.59,433,13.07,12.71,0.067,852,68.89,69.54,86.66,0,1,0,1,1
28.87,127.27,5.59,243,12.26,4.92,0.16,924,65.63,71.63,72.8,0,1,1,1,0
28.02,147.73,6.25,429,7.76,21.36,0.086,563,79.68,62.74,67.68,0,1,1,0,1
44.1,256.91,7.89,246,6.0,46.34,0.115,372,39.49,85.12,30.89,0,1,0,1,1
36.04,156.96,8.96,72,9.59,5.04,0.108,41,78.53,72.76,76.61,0,1,1,0,2
20.59,108.74,5.55,283,8.4,21.87,0.043,307,52.9,26.88,86.98,0,0,0,1,2
30.75,74.32,6.57,482,2.31,14.92,0.0,419,73.92,17.06,49.95,0,1,1,1,2
41.88,122.6,5.72,194,13.49,18.15,0.2,222,41.98,77.3,58.65,0,0,1,0,2
27.54,154.72,6.61,266,8.84,38.57,0.083,903,31.0,76.6,80.59,0,0,1,1,2
22.36,223.83,6.92,403,12.49,21.75,0.057,991,22.33,86.53,51.91,0,1,0,1,0
38.96,36.31,8.72,86,10.82,32.52,0.153,207,84.28,28.21,69.99,1,0,0,0,2
35.15,66.48,5.78,245,6.09,48.61,0.119,725,35.76,30.08,29.33,1,1,0,0,0
34.26,113.9,8.22,157,12.81,30.82,0.176,126,49.08,61.9,62.58,0,0,1,1,2
21.34,108.12,6.88,356,11.49,16.87,0.156,1,81.51,24.01,13.35,0,0,0,0,1
23.51,117.52,8.34,35,7.16,19.88,0.056,562,56.01,36.67,28.81,1,0,1,0,2
35.56,238.06,7.3,235,12.09,34.8,0.118,910,37.4,83.12,92.88,0,0,1,0,2
25.2,97.25,5.64,247,5.26,34.72,0.101,359,35.58,40.08,63.57,0,0,0,1,1
32.6,150.57,8.81,459,10.05,18.41,0.191,16,52.63,11.02,51.0,0,0,1,1,0
33.62,187.17,5.79,99,3.37,36.22,0.048,652,65.21,68.57,56.98,0,1,1,1,2
27.09,69.65,7.59,226,12.39,27.53,0.057,181,51.39,26.25,10.0,0,1,1,1,2
43.71,215.61,8.57,118,10.75,49.02,0.184,383,92.37,27.62,51.36,0,0,1,1,0
41.06,164.13,5.78,353,3.83,45.4,0.092,226,20.31,11.49,22.96,0,0,0,1,0
38.06,134.03,7.44,195,2.26,41.19,0.091,664,52.16,62.02,87.23,1,0,1,1,2
21.95,242.94,8.39,87,6.68,1.72,0.174,713,79.43,60.57,47.22,1,0,1,0,2
22.65,73.05,8.95,35,10.1,19.02,0.059,108,91.27,18.68,30.88,1,0,0,0,0
32.32,264.95,8.04,313,5.4,28.66,0.139,586,48.67,14.54,56.07,0,0,1,0,1
24.02,168.31,6.47,27,13.68,26.08,0.144,928,73.89,54.18,42.91,0,0,1,0,0
44.46,182.75,7.95,38,13.22,38.18,0.088,589,66.43,80.32,51.4,1,1,1,1,0
23.96,262.52,7.97,321,9.18,45.45,0.067,609,36.12,95.84,75.32,0,0,1,1,1
32.19,245.27,7.95,426,5.79,39.36,0.149,149,74.48,16.76,55.83,0,1,0,0,1
29.1,180.47,8.49,4,12.76,11.01,0.051,427,39.97,73.74,92.35,1,1,0,1,0
35.98,225.96,5.81,475,11.64,24.28,0.164,643,82.71,27.23,33.11,0,1,0,1,1
23.23,130.0,5.88,140,3.03,19.68,0.083,363,89.27,13.06,39.35,0,0,1,0,0
30.76,164.21,7.74,227,7.72,38.31,0.004,153,58.27,40.13,79.98,0,0,0,1,1
26.87,18.62,8.84,8,13.77,44.76,0.114,640,24.33,61.65,80.5,0,1,1,0,1
42.19,26.96,7.13,358,7.45,14.34,0.039,9,78.99,64.12,97.89,1,1,0,0,1
21.01,248.83,8.86,477,13.19,24.45,0.093,611,57.38,14.43,66.56,1,1,0,1,0
42.84,17.9,8.78,56,13.73,36.6,0.162,1,27.56,93.5,61.65,1,0,1,1,2
40.82,50.82,8.66,282,6.65,2.5,0.038,540,46.49,14.91,63.0,1,1,1,0,1
27.44,238.75,8.68,444,13.57,48.15,0.042,920,43.25,29.55,42.52,0,1,1,0,0
39.73,0.34,8.64,460,3.66,40.0,0.095,470,78.11,48.93,44.65,1,1,0,1,2
20.78,84.72,8.37,489,3.92,27.14,0.095,380,53.93,95.11,35.19,1,0,1,0,0
44.17,175.21,7.93,358,5.32,38.93,0.091,989,66.96,99.21,63.72,1,1,0,1,2
33.16,178.63,5.59,177,7.61,41.82,0.139,827,60.09,10.03,85.62,1,0,1,0,2
27.58,233.15,5.96,475,4.17,24.69,0.054,88,77.94,30.21,67.01,0,0,0,0,1
29.06,151.78,5.97,81,6.08,22.0,0.052,780,77.44,55.12,52.53,1,0,1,0,2
21.66,152.82,5.58,417,3.24,41.89,0.004,679,55.9,72.5,15.73,1,0,0,1,0
44.73,217.59,5.91,84,7.16,42.98,0.076,673,30.8,69.11,32.29,1,1,1,0,1
20.98,149.59,8.72,64,11.93,6.18,0.039,802,52.63,32.64,86.05,0,1,1,0,2
36.37,182.55,7.82,428,9.14,45.39,0.118,509,32.81,27.78,45.66,1,1,0,1,0
31.07,269.33,6.59,342,11.72,13.84,0.036,590,96.73,11.28,89.7,0,0,1,0,1
43.72,120.44,8.28,289,3.63,33.36,0.179,550,96.01,85.86,31.84,0,1,0,1,2
26.15,115.54,7.21,355,6.79,35.47,0.17,553,56.53,44.09,61.81,0,1,0,0,1
33.3,1.06,6.0,456,2.47,13.99,0.153,979,22.21,87.79,96.74,0,1,1,0,0
32.06,184.03,8.6,135,6.44,15.21,0.162,234,49.97,39.13,60.12,1,1,1,0,0
37.57,8.93,6.69,249,9.37,35.32,0.192,213,91.61,78.04,28.8,0,1,0,1,2
21.7,151.24,7.95,497,8.83,8.75,0.064,792,43.04,16.27,30.66,0,0,0,0,0
24.84,241.27,6.52,93,2.72,42.92,0.196,653,69.76,83.03,24.19,1,0,0,1,0
25.36,164.98,7.25,47,2.74,11.14,0.178,338,34.71,90.19,11.91,0,1,1,0,1
38.45,80.89,8.36,419,5.66,17.56,0.072,621,86.01,33.84,72.32,0,0,0,1,1
24.73,235.85,6.05,99,11.26,13.33,0.173,597,91.35,22.77,80.48,1,1,0,1,2
34.34,80.92,8.92,337,2.25,12.26,0.179,214,69.21,27.65,83.82,0,1,0,0,0
25.38,219.91,5.75,193,9.39,48.94,0.007,768,69.9,88.1,16.64,0,1,0,1,1
41.54,183.08,7.37,116,4.2,12.67,0.175,508,50.28,35.76,94.8,0,1,1,0,1
43.55,51.0,8.71,266,13.33,28.92,0.087,422,76.57,30.82,65.66,1,0,0,1,0
32.96,271.54,8.81,307,7.16,37.27,0.162,797,58.28,98.1,17.95,1,1,1,1,0
28.81,60.19,6.31,163,2.57,2.1,0.022,644,79.64,70.3,17.64,0,1,1,0,1
25.85,296.88,6.0,478,10.56,44.08,0.034,733,97.48,84.9,55.88,0,0,0,0,1
21.24,2.19,8.04,286,7.82,7.64,0.196,454,85.79,77.23,31.99,1,0,1,0,2
26.71,79.05,5.65,23,12.57,29.4,0.083,445,61.39,43.66,31.52,1,1,0,0,0
36.36,59.96,7.2,493,9.82,32.06,0.16,252,98.31,87.65,11.06,1,1,0,1,2
33.34,4.2,8.29,404,10.31,31.48,0.15,716,68.57,62.94,53.41,0,0,1,1,1
43.6,219.71,7.46,95,11.21,36.67,0.157,158,25.19,69.17,17.79,0,0,0,1,2
29.91,208.03,6.16,496,7.04,46.56,0.153,134,78.43,39.35,16.91,1,1,0,0,0
37.35,237.71,7.2,253,11.51,46.34,0.183,126,85.6,98.3,24.28,1,0,0,1,2
32.23,77.01,8.72,413,2.61,28.9,0.119,757,30.79,86.91,10.96,0,0,1,0,1
32.81,133.3,7.66,120,11.19,18.5,0.085,284,74.34,23.33,19.32,0,0,0,1,0
26.69,197.73,8.03,71,9.64,16.08,0.185,50,93.67,28.35,63.49,1,0,1,1,2
31.37,131.93,6.68,352,8.8,44.33,0.071,984,40.11,77.37,33.1,1,1,1,0,0
31.77,209.2,6.16,370,5.82,42.66,0.126,716,66.8,12.32,16.19,1,0,0,0,1
37.67,190.19,6.39,63,3.37,14.79,0.171,239,41.97,40.19,22.19,1,0,0,1,1
43.52,34.39,7.37,242,9.77,7.62,0.183,884,81.95,57.93,13.88,1,1,1,0,1
28.23,234.31,6.48,126,7.66,43.06,0.19,78,66.45,28.44,79.93,0,1,1,1,0
21.06,216.2,7.4,372,4.61,30.42,0.132,178,54.25,88.58,60.53,1,0,1,1,0
32.41,196.75,7.98,38,2.52,15.66,0.144,861,22.32,90.03,52.67,0,1,1,0,1
33.61,46.53,8.07,384,8.47,30.53,0.1,966,95.58,96.12,88.59,0,1,0,0,1
24.21,80.4,6.08,352,3.52,3.31,0.057,836,59.82,23.17,17.17,1,1,1,1,1
39.01,117.95,8.13,425,13.15,9.51,0.003,13,84.33,17.14,13.35,1,1,0,1,1
44.62,83.98,7.85,76,3.81,27.29,0.044,93,51.35,60.05,48.17,1,1,1,0,0
43.64,68.34,5.54,469,2.38,26.96,0.196,22,87.93,81.32,33.76,1,1,0,0,2
24.93,241.61,5.71,4,5.14,12.33,0.161,79,32.8,36.2,52.82,0,1,1,0,1
41.88,191.47,7.76,139,4.1,49.1,0.096,343,38.52,31.69,91.31,1,1,0,0,1
37.61,169.64,6.84,251,11.49,20.62,0.069,554,46.67,56.59,50.16,0,0,0,0,2
31.35,67.79,6.01,156,5.47,35.43,0.013,567,27.09,53.39,25.41,0,0,0,0,0
33.52,275.42,5.66,258,4.94,12.92,0.002,404,55.51,53.16,81.8,1,0,1,0,0
41.24,57.35,6.06,316,13.94,21.22,0.151,106,58.87,46.47,44.99,1,0,0,1,1
32.0,238.49,8.85,434,3.8,41.56,0.197,925,29.18,75.44,77.95,1,0,0,0,0
29.33,290.0,8.05,419,3.02,42.43,0.051,459,54.17,65.32,22.73,1,1,1,0,0
32.33,218.13,7.35,366,5.67,6.76,0.055,756,35.78,53.9,40.34,1,0,0,0,1
34.48,297.86,8.8,236,6.86,17.73,0.187,364,90.02,74.86,12.03,1,0,1,0,2
24.73,195.32,7.67,74,11.13,10.16,0.12,423,60.74,33.55,31.19,0,0,0,0,1
42.52,65.24,8.04,473,13.47,44.51,0.035,93,96.16,90.27,68.23,0,1,0,1,1
36.85,61.15,6.49,385,11.16,37.69,0.009,101,47.31,44.58,36.38,1,0,1,0,0
35.83,97.37,7.56,28,10.72,28.17,0.113,533,47.31,39.48,22.53,0,1,0,0,0
22.49,2.14,6.0,40,13.9,32.5,0.091,385,47.1,58.8,15.06,0,0,0,1,0
35.1,204.51,6.92,28,11.18,45.71,0.086,918,41.46,34.34,64.25,0,1,1,0,0
23.02,80.6,5.62,491,3.67,15.16,0.194,617,82.74,34.19,16.94,1,1,1,1,1
21.97,244.55,6.26,99,7.54,0.68,0.053,214,42.62,17.01,81.89,0,0,1,0,2
33.18,107.75,5.76,319,8.04,1.32,0.098,469,43.04,68.67,42.15,0,1,1,0,2
30.07,143.99,6.86,57,5.66,2.33,0.043,189,23.75,92.15,37.44,0,0,1,0,1
34.72,289.71,8.45,210,3.97,6.42,0.064,541,97.23,71.67,66.23,1,0,1,1,2
22.23,72.65,6.82,137,10.54,28.54,0.153,154,90.9,61.1,60.1,1,1,0,1,2
30.77,216.38,8.41,10,5.33,49.05,0.039,993,43.4,74.06,98.88,0,1,0,1,1
24.37,226.54,7.8,390,9.5,21.0,0.135,458,61.66,96.98,14.61,0,1,1,1,1
44.68,66.3,7.28,332,5.87,35.62,0.026,732,58.62,40.28,86.62,0,0,1,1,0
34.03,150.3,6.33,488,8.07,39.61,0.038,36,27.02,48.76,63.95,0,0,1,0,2
37.19,105.06,8.73,363,6.04,40.07,0.005,325,62.5,35.76,89.44,0,1,0,1,2
28.14,231.57,5.69,188,6.94,22.16,0.126,527,29.07,11.5,72.45,1,0,1,1,2
22.37,186.74,7.91,449,10.78,27.5,0.198,123,54.73,41.27,78.61,0,0,1,1,1
44.4,142.79,7.67,93,12.61,16.44,0.131,19,27.02,16.45,80.8,0,1,1,0,0
27.16,233.81,7.04,341,8.1,34.39,0.185,841,67.11,87.26,11.36,0,1,1,1,1
30.6,70.55,6.34,180,9.32,19.14,0.105,941,23.92,74.4,85.45,1,1,0,0,0
36.25,226.09,7.01,320,12.37,15.55,0.136,869,70.27,37.36,71.14,0,0,0,1,1
20.62,259.61,8.55,282,3.72,31.37,0.185,228,76.58,39.52,95.26,1,1,1,1,1
40.26,263.59,8.43,390,3.95,17.06,0.017,378,65.67,61.26,21.99,1,1,0,1,0
33.41,235.1,8.79,320,6.31,20.4,0.119,329,57.56,81.82,92.94,1,0,1,0,0
26.96,122.4,6.58,57,5.71,35.54,0.115,747,24.86,74.68,86.9,1,0,0,0,1
21.54,294.54,6.85,24,13.84,42.67,0.007,408,20.91,12.59,30.37,0,0,0,1,0
24.06,113.88,5.57,303,8.77,21.74,0.031,314,47.39,80.68,21.17,1,0,1,1,1
42.38,191.59,8.8,259,8.29,26.11,0.11,725,81.7,89.32,66.58,0,1,0,0,2
37.15,48.32,6.65,477,8.94,37.32,0.1,671,71.78,18.09,70.84,0,0,0,1,0
26.25,294.13,6.91,391,12.5,11.25,0.069,656,30.02,79.31,73.98,1,0,1,1,0
21.64,211.2,8.68,496,4.92,20.75,0.14,217,75.04,32.66,86.1,1,0,0,0,0
37.27,226.01,7.34,212,8.13,40.57,0.072,463,65.99,25.63,60.1,1,0,1,0,0
34.31,19.73,7.48,114,5.25,44.72,0.154,393,33.34,58.95,35.56,1,1,0,1,1
30.11,229.03,6.12,451,11.37,32.25,0.162,144,80.42,59.74,87.14,1,1,0,0,2
29.09,232.42,7.25,187,11.33,19.67,0.129,897,86.42,52.38,49.01,0,0,0,0,1
25.42,201.53,8.71,259,13.49,30.3,0.056,577,38.6,91.16,49.12,1,0,0,1,0
36.74,87.57,7.46,135,7.36,8.94,0.161,28,70.87,31.75,54.32,0,0,1,0,2
44.27,146.91,6.39,489,3.9,1.46,0.05,237,50.25,64.23,85.2,1,0,1,0,0
24.39,33.13,5.61,89,12.76,3.73,0.061,890,24.68,46.89,97.37,1,1,0,1,1
34.93,141.48,6.68,220,12.69,5.41,0.122,643,88.91,88.64,25.4,1,0,0,1,1
30.6,73.15,7.5,15,4.82,11.28,0.138,285,85.66,21.95,20.99,0,1,0,1,0
31.17,104.73,5.65,146,5.32,23.09,0.074,188,45.44,17.46,35.9,0,0,1,0,2
26.35,48.78,7.63,384,5.76,11.62,0.118,953,62.52,99.35,91.38,0,0,0,1,2
40.63,69.02,7.33,100,7.42,29.25,0.05,203,60.99,61.95,57.53,1,0,0,0,0
32.13,22.97,8.24,417,11.95,49.91,0.159,161,34.2,92.07,10.51,0,0,1,1,1
33.59,275.97,5.6,476,3.73,24.91,0.198,333,31.65,46.74,62.37,0,0,1,0,0
27.62,159.12,8.23,218,10.4,37.84,0.14,151,87.54,64.39,59.41,1,0,1,1,2
24.55,119.02,7.32,367,6.23,14.62,0.064,855,89.39,72.47,17.18,0,0,1,1,2
22.15,160.51,6.8,44,4.35,48.14,0.07,250,78.01,98.75,23.41,0,1,0,1,2
37.85,188.49,8.88,62,6.06,12.46,0.006,593,25.82,20.15,18.37,1,1,1,1,0
24.91,276.56,6.06,349,8.4,29.83,0.129,536,92.73,21.23,56.9,1,0,0,1,2
37.25,53.61,7.39,389,13.06,49.17,0.12,344,98.46,57.09,57.79,0,0,0,1,2
29.76,88.67,6.62,291,9.54,40.41,0.191,104,82.05,15.02,51.41,1,0,0,0,0
30.39,292.74,7.35,376,9.28,49.6,0.08,280,48.27,75.47,50.59,1,1,0,1,2
31.73,111.36,7.43,358,3.3,18.99,0.187,731,52.46,99.17,62.24,1,0,0,1,0
29.19,6.77,5.81,65,2.96,3.88,0.152,157,89.57,83.03,69.59,1,1,0,0,1
22.52,44.29,7.81,118,3.55,12.17,0.058,950,42.41,33.92,96.74,0,1,1,1,0
27.74,7.9,7.72,233,3.15,47.88,0.003,600,31.35,81.96,59.06,0,1,1,1,0
36.59,296.98,8.19,461,8.92,18.53,0.145,919,85.82,66.51,33.91,0,1,1,0,2
36.64,83.66,5.82,7,7.43,6.24,0.099,231,35.47,20.75,97.71,1,0,1,1,1
27.16,277.06,6.54,194,2.06,29.66,0.192,894,92.58,60.93,19.52,0,1,1,0,1
31.5,298.77,7.78,226,6.21,25.02,0.004,422,67.65,90.71,38.14,1,0,0,0,2
24.84,179.95,5.98,26,3.53,3.12,0.104,204,64.43,36.09,91.22,0,1,0,1,0
25.26,9.96,7.87,289,13.86,22.65,0.158,769,82.06,69.32,94.95,0,1,0,0,1
20.58,24.48,5.71,27,7.52,31.64,0.158,673,21.32,13.74,68.05,1,0,0,0,2
42.42,144.48,6.67,158,7.11,11.63,0.134,527,77.08,85.08,11.32,0,0,1,0,2
25.27,121.85,8.46,144,9.73,6.22,0.079,175,67.88,28.53,49.83,1,1,1,0,0
25.69,181.85,8.21,466,6.29,43.24,0.013,151,61.9,64.78,93.95,1,1,1,0,1
26.99,131.65,7.76,233,10.59,31.27,0.06,945,37.39,57.18,90.07,0,0,0,1,2
23.19,280.22,8.55,107,12.86,7.76,0.13,129,86.35,59.33,90.44,0,1,1,0,2
35.98,160.42,7.98,378,7.99,31.46,0.154,476,40.05,32.84,36.45,0,0,1,1,2
21.88,208.12,7.32,438,6.6,36.76,0.163,38,59.18,60.32,84.23,0,1,1,0,2
23.36,268.95,8.93,202,8.26,29.88,0.155,358,32.65,64.25,70.51,0,0,0,1,1
36.12,44.06,7.93,264,9.24,5.81,0.065,208,97.9,48.29,90.43,0,0,0,0,1
28.49,68.92,7.6,477,12.17,6.24,0.139,442,35.56,66.99,67.41,1,1,1,0,1
37.7,32.2,6.93,312,6.73,2.26,0.194,662,84.26,27.24,43.76,1,0,1,0,2
33.94,41.89,8.66,300,2.62,11.7,0.027,523,41.05,56.13,67.1,1,1,0,0,0
26.4,153.78,6.53,389,9.57,2.98,0.146,76,40.48,74.51,42.21,1,1,0,1,0
36.27,96.35,5.53,397,13.84,40.27,0.082,580,53.74,43.12,10.22,1,1,0,0,0
22.91,126.95,6.19,414,12.25,0.77,0.045,142,87.67,47.0,83.51,1,1,0,0,0
33.41,294.75,5.88,437,11.1,29.05,0.064,500,75.0,24.78,86.44,1,1,1,1,0
30.93,47.01,6.62,10,4.12,40.49,0.033,59,89.73,65.48,77.33,0,0,1,1,0
26.7,162.24,8.39,324,10.98,44.74,0.163,319,23.78,21.12,30.47,1,1,1,1,0
35.1,29.66,7.78,94,2.98,20.47,0.077,897,96.46,55.07,22.23,0,1,0,1,1
41.78,95.55,6.09,129,7.93,31.05,0.188,965,26.17,28.94,25.29,1,1,0,0,0
44.97,158.26,8.26,102,6.45,47.56,0.193,831,77.69,27.47,55.09,1,1,0,1,0
35.19,283.99,7.26,272,12.86,33.58,0.193,163,36.57,18.62,33.78,1,0,1,0,0
30.12,117.37,7.29,485,3.92,45.05,0.031,214,87.27,42.17,89.05,1,0,1,1,1
25.63,19.47,6.77,109,11.47,34.21,0.069,268,88.99,88.07,58.99,0,0,0,1,2
26.43,116.45,8.53,291,2.58,3.4,0.062,769,64.1,64.44,50.51,0,1,0,1,2
31.99,43.72,6.61,130,10.42,9.84,0.185,887,52.23,80.12,88.44,1,0,1,1,0
29.18,69.0,5.83,190,5.53,47.02,0.017,772,83.47,20.31,17.3,0,0,0,1,1
42.85,185.43,6.56,298,13.71,42.21,0.118,39,89.92,38.2,88.39,1,0,1,0,1
29.21,20.23,8.0,92,10.06,21.14,0.097,975,79.06,44.98,82.19,0,0,1,0,1
29.34,139.42,7.8,288,5.71,8.06,0.195,447,92.55,87.4,71.84,1,0,0,0,1
29.59,182.84,6.16,205,4.83,7.86,0.193,38,70.12,69.8,19.99,1,1,0,0,0
40.92,126.56,5.89,357,9.67,45.24,0.085,674,73.64,54.14,14.72,0,1,1,0,2
36.27,5.74,7.81,28,5.27,8.31,0.088,952,65.75,37.04,24.95,1,1,1,0,0
35.35,295.66,7.87,406,4.24,19.31,0.077,552,59.05,78.4,34.33,1,1,0,1,1
28.35,110.13,6.78,186,9.77,45.04,0.158,172,72.39,89.95,65.46,0,0,1,0,2
40.45,233.57,8.45,336,10.69,1.67,0.02,161,64.89,58.31,17.23,0,1,0,1,2
20.96,97.69,8.92,176,4.86,31.54,0.023,914,78.5,13.91,26.47,1,1,0,0,2
41.77,142.51,6.22,438,8.43,17.53,0.141,234,94.74,34.47,28.04,1,1,0,0,1
32.82,116.54,7.52,330,9.96,5.39,0.003,381,49.84,77.12,70.36,0,1,1,1,2
29.96,102.76,5.52,155,13.3,28.38,0.134,729,52.89,44.88,41.16,0,1,0,1,2
32.43,6.56,8.0,245,11.64,24.25,0.026,809,21.2,66.33,34.77,0,1,1,0,2
36.69,108.01,6.95,198,7.05,4.96,0.157,874,62.16,57.21,12.62,1,0,1,0,2
20.32,266.85,6.18,108,12.13,13.36,0.148,16,30.51,91.69,18.49,0,1,0,1,2
41.79,207.12,8.13,359,7.3,37.02,0.036,112,77.28,37.63,59.48,0,0,0,1,0
31.17,43.63,8.34,71,3.56,37.79,0.151,34,82.37,50.15,67.0,1,0,1,0,1
28.57,177.35,5.89,488,6.09,29.93,0.158,203,77.82,15.83,76.8,0,0,1,0,1
23.46,267.67,5.64,220,11.66,5.52,0.185,162,63.73,82.45,54.77,0,1,1,0,0
30.99,210.01,6.67,280,13.47,42.65,0.145,356,62.74,39.32,34.21,1,1,1,1,0
32.41,44.61,7.69,390,13.8,8.64,0.174,261,71.72,74.97,36.32,1,1,1,0,1
30.09,260.35,8.28,376,9.67,36.05,0.127,435,64.38,10.27,68.57,1,0,0,0,1
36.97,90.46,7.41,213,7.74,2.13,0.125,73,80.02,88.07,48.38,0,0,0,1,2
30.52,136.22,7.53,456,3.94,16.59,0.135,810,91.56,97.48,24.25,1,0,0,0,2
44.04,157.84,8.3,74,3.23,23.92,0.081,406,62.89,52.3,10.35,0,1,1,1,2
34.98,255.15,7.35,417,8.22,1.4,0.046,722,28.83,53.43,33.4,1,1,0,0,2
40.19,279.48,7.64,474,10.73,8.58,0.083,115,30.48,65.47,78.0,0,1,1,0,1
22.73,278.9,7.31,241,5.89,15.95,0.119,170,50.07,97.76,69.83,0,0,1,0,1
29.93,2.39,8.58,149,10.1,49.13,0.138,436,59.7,60.27,18.78,0,0,1,0,1
28.42,276.57,6.32,322,8.85,38.97,0.091,583,38.0,16.65,49.98,0,0,1,0,2
34.24,16.32,6.42,177,13.29,42.03,0.066,584,56.22,60.87,23.01,1,0,1,0,1
41.53,79.73,5.95,175,4.51,33.38,0.049,450,30.86,47.71,52.56,0,1,0,1,2
21.96,154.5,8.37,103,9.09,14.62,0.037,864,39.27,78.48,19.96,1,1,0,1,1
21.81,143.98,6.94,118,6.97,35.47,0.095,193,78.72,37.3,71.15,0,1,0,0,0
41.26,181.41,6.72,199,5.14,33.69,0.141,417,98.85,93.2,62.56,1,0,0,1,0
25.32,143.83,8.93,69,6.29,30.5,0.166,930,34.9,82.01,33.31,0,1,1,1,1
36.72,280.31,8.74,56,5.53,14.92,0.069,465,47.13,39.39,99.32,0,1,1,0,0
33.57,72.16,8.9,408,8.33,13.16,0.122,666,48.05,41.68,62.98,1,1,0,0,1
40.82,82.21,6.0,65,8.7,16.81,0.096,496,37.87,56.6,34.19,0,1,0,1,0
23.13,276.22,8.62,399,12.39,15.62,0.193,747,36.32,18.96,42.2,1,0,0,1,0
23.24,23.02,6.65,57,11.38,3.89,0.176,666,30.54,72.11,92.45,0,1,1,0,1
33.92,182.87,5.54,116,5.63,40.11,0.176,997,92.6,64.82,28.29,1,0,0,0,2
43.66,204.52,6.87,424,13.18,18.46,0.116,447,71.95,38.68,28.34,0,1,1,0,0
30.37,151.66,7.28,306,12.42,35.33,0.087,806,43.24,67.42,61.35,1,0,0,0,2
28.17,208.27,5.88,20,9.51,14.0,0.13,187,40.65,18.84,39.89,1,0,1,1,2
35.17,51.83,7.38,78,2.22,30.1,0.032,208,67.18,95.68,37.38,1,1,0,0,0
43.26,255.79,8.37,311,4.51,1.73,0.177,72,75.78,16.03,46.93,1,1,0,0,2
40.92,42.01,6.82,353,11.47,5.3,0.054,95,40.24,39.6,84.8,0,1,0,0,2
44.89,120.24,6.73,46,7.45,18.23,0.165,918,47.77,97.35,85.69,1,1,0,1,2
20.56,22.58,6.69,373,3.51,13.44,0.06,845,43.25,45.85,69.93,1,0,1,1,0
22.82,163.56,8.73,170,6.9,17.67,0.104,522,27.02,89.7,61.96,0,1,0,1,0
35.24,200.92,5.67,83,4.54,46.53,0.154,3,50.92,23.58,11.41,0,1,0,0,2
40.51,282.37,7.06,107,12.71,3.7,0.079,50,62.69,16.01,60.86,1,1,1,1,1
27.13,221.8,6.43,286,12.67,23.14,0.072,293,72.43,19.74,95.87,1,1,1,0,1
25.98,162.33,8.63,270,6.64,9.91,0.178,562,53.34,97.48,85.36,0,1,1,0,0
39.67,279.79,5.84,175,3.65,17.79,0.014,559,98.67,17.99,23.0,0,1,0,0,1
21.41,143.53,6.94,317,6.31,33.85,0.168,975,70.07,68.66,97.66,1,1,0,0,2
29.23,168.36,6.92,475,3.54,48.65,0.186,803,90.93,49.65,29.5,1,0,0,0,0
32.65,178.83,8.61,69,5.65,34.74,0.113,280,93.28,87.47,21.14,1,0,1,1,0
34.01,122.99,6.25,386,11.25,44.24,0.139,132,85.71,36.49,36.0,1,1,1,0,2
38.22,251.54,7.76,165,5.5,7.36,0.172,841,41.6,12.6,22.7,1,0,0,1,2
28.87,55.55,5.97,342,8.53,9.07,0.087,580,54.5,77.37,30.22,0,0,1,1,0
35.32,166.45,8.84,57,3.43,43.84,0.176,872,20.03,62.99,37.79,0,0,1,0,2
34.63,216.67,7.58,450,6.17,30.38,0.074,337,56.11,49.11,63.17,1,1,0,0,0
33.69,271.19,7.69,244,2.48,39.61,0.061,886,43.5,39.07,65.24,0,1,0,0,2
36.01,265.18,7.02,44,8.58,11.14,0.197,22,28.95,90.95,58.1,0,1,1,1,2
26.49,152.62,6.7,171,6.17,17.43,0.006,485,87.09,20.96,36.84,0,0,1,0,2
22.12,192.95,6.24,263,12.46,4.05,0.064,525,73.88,22.72,95.81,0,1,1,0,0
22.98,118.27,7.61,382,6.71,44.78,0.092,691,99.93,11.33,36.71,1,1,1,0,1
25.61,140.45,8.84,65,8.69,47.82,0.062,86,59.87,16.53,46.09,0,0,0,1,0
32.5,271.88,6.76,326,13.72,42.87,0.056,892,46.46,87.16,48.0,0,1,1,0,2
41.01,279.21,8.59,188,9.71,21.86,0.074,47,41.1,81.43,12.02,0,1,1,1,1
37.53,268.62,6.02,272,8.01,17.06,0.08,866,54.83,19.22,48.59,0,1,1,0,1
39.73,41.51,8.78,70,3.18,23.13,0.014,824,44.79,80.18,40.45,1,0,0,0,2
28.77,255.03,6.73,352,11.85,31.88,0.155,672,99.26,67.69,16.36,1,0,0,1,1
30.12,284.51,6.83,35,9.71,21.58,0.034,805,34.62,44.87,83.0,0,0,1,0,2
29.84,108.37,7.12,238,3.3,21.08,0.008,448,21.53,17.58,74.05,1,0,1,0,2
24.8,155.59,8.01,67,4.95,21.55,0.118,517,30.4,64.21,35.51,0,1,1,0,0
21.53,233.73,8.02,107,8.45,37.23,0.134,660,91.32,85.57,33.45,0,1,0,0,2
34.77,168.62,7.18,207,2.54,39.34,0.152,26,75.51,47.86,91.43,0,0,0,1,0
44.73,298.05,7.33,276,10.62,43.53,0.018,324,82.72,48.19,27.02,1,0,1,0,0
24.17,136.71,5.61,209,4.73,12.15,0.034,474,45.64,84.4,88.63,1,0,0,0,2
21.17,214.18,6.57,301,7.88,7.88,0.036,505,69.82,28.95,17.0,0,1,1,1,0
39.49,237.78,6.71,429,4.9,17.26,0.119,491,76.63,25.52,85.56,1,1,1,1,0
26.31,148.23,7.46,347,7.87,21.02,0.178,645,46.11,72.6,58.75,0,1,1,1,0
40.74,257.1,7.45,106,4.28,35.09,0.141,807,77.96,69.08,79.83,0,0,0,0,0
37.6,163.85,7.98,379,9.13,37.9,0.063,152,70.37,92.09,18.36,0,1,0,0,0
43.64,123.5,8.01,15,12.92,49.21,0.171,498,43.7,40.08,47.8,0,0,0,1,0
30.22,32.35,6.32,238,11.69,18.91,0.134,836,24.23,28.18,50.53,0,1,0,1,1
36.55,118.02,8.2,405,4.9,20.13,0.138,701,39.03,48.59,56.38,1,0,1,0,0
31.62,220.18,5.57,389,7.98,27.1,0.191,78,69.56,44.54,66.5,0,0,1,0,2
35.76,276.39,8.01,221,7.08,41.02,0.19,45,67.92,94.43,45.05,1,1,1,0,0
31.24,75.5,5.86,439,13.59,33.05,0.077,431,60.61,92.58,50.27,1,1,1,1,2
24.72,106.57,8.05,255,11.59,28.63,0.127,421,40.12,48.53,43.32,0,1,0,1,2
32.7,46.19,7.34,300,3.29,32.41,0.04,572,55.56,47.12,72.88,1,1,0,1,2
33.21,207.22,7.03,441,4.02,23.22,0.082,592,31.52,50.05,91.76,0,0,0,1,2
40.27,288.06,7.92,411,10.42,37.95,0.055,272,72.99,75.78,20.29,1,0,0,1,1
38.39,192.29,5.63,144,3.92,3.76,0.073,559,89.53,59.51,35.88,0,1,1,0,2
36.59,185.12,6.28,163,13.41,25.45,0.135,32,57.09,35.91,29.78,0,0,0,0,2
22.83,166.05,7.66,11,13.92,40.33,0.042,529,37.04,79.19,94.54,0,0,0,0,0
38.02,26.54,8.47,49,11.34,15.13,0.036,35,86.23,91.34,63.5,0,0,1,1,2
32.51,218.85,6.83,314,2.32,42.17,0.076,821,45.05,74.6,22.86,0,1,1,1,2
42.35,180.61,6.41,359,7.79,39.14,0.02,898,67.52,27.52,45.81,0,1,1,0,0
43.0,198.44,7.32,11,6.87,29.03,0.163,88,26.03,81.26,52.63,1,0,1,1,1
21.38,269.64,7.68,483,11.59,12.61,0.192,866,77.43,99.01,66.07,0,1,1,1,2
40.52,235.19,6.97,189,5.44,43.05,0.16,876,56.85,71.66,29.38,1,0,1,1,1
20.94,234.27,8.57,295,6.63,1.5,0.106,659,53.87,31.95,55.18,0,1,1,1,1
29.18,278.16,7.33,92,3.12,29.63,0.135,611,94.79,10.5,82.14,1,1,0,0,2
33.56,296.98,5.63,129,6.11,39.13,0.161,874,59.32,44.69,69.4,1,1,0,1,2
23.7,174.38,6.28,348,13.69,24.27,0.014,30,21.34,52.32,19.38,1,0,0,1,0
38.66,32.66,7.08,477,13.31,5.14,0.084,20,96.79,91.87,92.11,0,1,1,1,2
20.21,137.74,7.94,483,11.0,41.7,0.029,639,20.98,65.77,40.47,1,0,1,0,0
24.21,236.28,6.27,363,12.89,45.45,0.018,356,62.87,35.35,48.21,0,0,0,1,1
34.52,8.32,8.92,408,4.53,28.17,0.152,289,70.69,72.26,72.31,1,1,0,0,1
37.86,17.07,6.61,340,9.46,39.36,0.172,741,91.56,18.3,51.51,1,0,1,0,2
42.92,20.15,7.36,213,8.0,30.54,0.017,184,74.34,29.21,62.92,1,1,1,1,2
37.64,219.31,5.57,329,7.07,28.66,0.036,676,84.89,77.0,53.0,1,1,0,0,1
36.79,150.35,8.6,382,5.9,6.54,0.044,768,81.59,36.75,37.7,0,1,0,1,1
29.86,110.67,8.26,286,12.4,21.84,0.171,568,37.08,12.8,49.68,0,0,1,0,0
20.03,31.69,6.18,174,7.81,33.94,0.183,310,76.04,54.71,38.04,0,0,1,1,0
23.0,219.67,8.77,443,10.69,22.72,0.153,670,71.01,69.22,50.38,0,0,1,0,0
33.36,96.31,6.61,200,10.47,30.89,0.159,534,39.52,81.01,28.23,1,1,1,0,1
36.88,79.6,7.92,104,3.63,44.74,0.069,618,30.27,37.54,15.46,1,1,0,0,1
30.44,195.7,8.37,230,2.59,18.31,0.082,613,80.13,48.21,72.89,0,1,1,1,1
38.27,167.7,8.09,97,12.08,41.42,0.056,368,97.69,60.09,21.33,0,0,1,1,1
33.05,108.72,8.71,102,7.88,1.45,0.192,330,79.08,16.72,84.01,1,0,1,0,2
21.85,192.45,8.52,40,11.72,42.63,0.146,998,79.96,27.79,42.75,1,1,0,1,0
24.8,81.37,8.98,433,5.56,5.33,0.068,815,33.34,43.23,32.4,0,1,1,0,1
41.0,238.45,6.14,150,12.34,16.07,0.027,403,39.76,34.05,46.88,1,1,0,1,0
38.12,68.8,6.57,267,11.97,25.67,0.039,356,66.86,51.92,23.47,0,0,1,0,0
42.37,47.65,7.73,326,6.58,32.5,0.041,902,22.51,68.57,86.41,0,1,0,1,2
22.94,234.73,8.07,351,6.94,47.66,0.123,98,73.43,58.57,25.01,1,0,0,1,1
44.76,212.37,7.37,466,6.21,15.35,0.181,641,31.58,79.68,54.44,0,0,0,1,0
25.24,54.79,5.76,277,2.42,4.27,0.174,250,53.07,66.37,24.58,0,1,0,0,1
20.29,34.87,8.45,55,10.25,22.94,0.014,736,45.62,36.27,14.11,0,0,0,1,0
44.94,251.52,8.86,15,5.27,17.26,0.142,295,28.52,20.8,81.8,1,1,0,1,2
27.03,232.98,6.92,441,12.61,30.01,0.034,407,66.3,67.57,60.17,0,0,0,0,0
36.7,98.18,6.29,455,12.77,46.14,0.062,358,48.9,29.08,17.03,1,0,1,0,2
24.42,197.46,5.57,221,10.67,32.17,0.109,969,23.52,38.68,90.36,1,0,1,0,2
34.51,37.25,6.33,178,4.18,28.9,0.168,621,55.55,81.57,45.33,0,0,0,1,0
42.6,152.11,7.95,133,3.07,12.3,0.047,8,67.22,29.79,48.35,1,0,0,0,2
28.0,5.62,8.69,257,11.8,13.24,0.175,633,30.43,58.41,54.54,1,1,0,0,2
36.76,117.48,5.83,61,12.72,21.8,0.147,298,66.8,18.53,30.22,0,0,1,1,1
24.7,22.45,7.44,481,6.22,44.56,0.135,864,44.16,47.49,59.57,1,0,1,0,2
35.62,142.54,7.93,476,6.24,28.97,0.027,562,40.77,98.22,32.5,0,1,0,0,1
28.41,126.5,6.47,487,6.68,24.73,0.095,724,83.64,95.89,85.24,0,0,1,1,0
25.28,133.32,7.49,122,11.93,27.13,0.055,973,57.42,95.19,84.35,1,1,0,0,0
27.83,13.6,8.0,41,10.48,41.69,0.118,561,50.23,63.56,52.94,1,1,0,0,0
24.47,108.48,8.43,372,3.46,33.89,0.135,342,85.04,36.52,57.86,0,0,0,1,1
42.55,226.95,7.08,372,9.62,46.37,0.013,203,92.83,41.95,99.36,0,1,0,1,0
29.93,110.67,8.12,298,2.12,29.09,0.129,149,45.21,28.54,81.58,0,1,0,0,1
26.13,214.55,6.56,51,10.52,9.8,0.1,603,24.03,18.78,15.66,0,1,1,0,1
31.21,110.84,6.25,378,11.18,0.94,0.168,602,63.26,25.2,25.53,1,1,1,1,0
28.01,126.97,6.16,441,11.78,15.86,0.159,9,77.21,52.05,63.65,1,1,0,1,2
38.61,169.17,6.76,403,9.51,3.14,0.083,209,67.02,12.43,43.45,0,0,0,1,2
44.28,285.2,5.63,311,4.17,20.35,0.195,983,75.04,94.53,82.36,0,0,0,1,2
30.95,32.66,6.49,66,11.52,9.39,0.117,706,71.74,60.55,67.69,0,1,1,0,2
41.53,9.87,7.78,58,12.8,20.25,0.193,387,96.48,25.62,99.16,0,0,0,1,0
34.15,182.39,7.77,303,9.61,19.96,0.144,29,89.27,47.47,11.16,1,0,0,0,1
23.93,284.73,5.76,34,5.3,13.81,0.082,468,30.55,43.87,49.45,1,1,1,0,0
37.27,296.92,6.51,135,4.15,32.64,0.047,149,56.21,85.18,46.68,0,1,0,1,1
32.84,145.25,7.49,498,4.78,21.67,0.093,91,56.38,20.84,49.08,0,1,1,0,2
36.27,140.42,6.61,75,2.2,44.67,0.187,712,56.51,48.69,89.67,1,0,0,1,0
42.24,193.49,6.96,241,2.12,3.8,0.026,363,94.46,74.02,46.54,1,0,1,0,2
31.01,166.69,7.99,492,5.56,20.53,0.092,296,46.18,43.59,81.67,1,0,1,1,1
42.53,190.23,5.53,490,13.08,38.8,0.069,488,69.14,42.18,66.94,0,1,0,0,1
38.77,262.2,6.47,287,9.46,24.73,0.173,655,91.71,40.64,53.89,1,0,1,0,2
32.22,223.89,6.0,220,6.63,48.3,0.161,951,24.04,78.58,72.36,0,1,0,0,0
35.08,149.06,5.95,300,2.13,8.74,0.11,484,90.28,20.74,30.62,1,0,0,0,2
28.14,138.56,8.86,84,13.88,15.8,0.083,580,81.2,87.1,22.81,1,1,0,1,1
44.59,191.88,6.82,122,7.47,5.81,0.137,653,36.63,16.38,97.05,0,1,1,1,0
36.68,136.71,7.34,194,13.9,12.34,0.191,435,46.04,38.71,45.24,1,0,1,1,2
21.1,137.33,8.07,101,10.64,33.63,0.02,13,44.85,45.01,37.33,0,1,1,0,2
28.17,4.89,5.67,282,2.61,24.35,0.18,686,37.7,45.42,33.88,0,0,0,1,1
35.58,52.22,6.34,374,12.31,8.1,0.059,783,71.08,26.89,66.01,0,1,0,0,0
21.41,146.55,8.41,2,8.36,23.73,0.001,358,98.63,64.28,99.68,1,0,1,1,2
20.6,246.8,8.52,312,7.43,42.37,0.148,554,33.33,50.82,90.54,1,1,1,1,2
31.25,83.62,6.81,448,11.09,21.99,0.158,579,38.58,61.08,46.04,1,1,0,1,2
28.32,156.79,6.81,493,11.3,0.66,0.061,766,43.23,65.34,90.58,1,1,0,0,0
30.96,103.49,8.15,246,11.56,2.75,0.156,932,95.01,27.22,51.14,1,1,0,0,1
26.57,31.44,6.53,147,11.13,21.91,0.16,653,70.07,92.83,19.84,1,0,1,1,1
24.12,287.49,5.91,198,9.7,29.66,0.135,40,37.01,84.71,26.91,1,0,0,1,1
37.23,256.4,6.4,120,10.11,44.33,0.008,86,84.32,84.56,31.87,0,1,1,1,2
32.86,23.55,6.86,168,12.3,49.1,0.133,840,93.83,57.85,92.6,0,0,0,0,0
25.0,215.94,5.68,0,10.29,49.02,0.186,407,52.28,83.8,98.11,0,0,0,1,0
27.99,104.27,7.18,329,3.22,27.89,0.124,74,33.83,66.47,30.44,1,1,0,0,0
34.8,298.45,8.09,108,9.75,1.79,0.073,987,44.79,50.55,46.27,1,1,1,1,0
21.81,90.72,7.3,459,4.04,10.67,0.113,18,37.37,77.72,98.34,1,1,1,0,0
23.69,71.62,5.75,387,2.17,21.72,0.199,978,36.11,63.99,86.25,1,1,0,1,1
21.83,170.37,7.04,326,4.57,43.98,0.095,779,33.66,10.18,49.86,0,1,0,1,0
40.31,250.54,7.98,9,3.85,1.08,0.168,814,90.08,99.73,50.74,1,0,1,0,0
38.81,57.76,5.7,469,3.23,25.47,0.028,609,26.87,48.69,89.07,1,1,1,1,0
38.83,212.82,5.71,126,4.58,32.67,0.011,139,53.07,61.46,12.64,1,1,0,0,0
37.91,18.42,6.8,472,8.76,14.41,0.078,130,21.18,46.53,93.76,1,1,1,1,0
36.73,275.68,6.18,156,3.82,15.78,0.028,925,43.47,19.03,18.04,0,1,0,0,2
31.92,24.32,8.77,230,5.35,19.42,0.066,185,76.55,85.06,91.13,0,0,1,0,2
36.06,274.27,7.53,14,12.2,13.73,0.143,366,36.23,71.43,15.77,1,1,0,0,2
20.96,147.24,6.51,274,12.66,21.86,0.089,173,99.9,84.57,97.22,1,0,0,1,1
35.54,134.43,7.97,486,6.0,7.9,0.064,178,23.86,53.56,10.77,0,1,1,1,1
39.45,291.99,6.81,441,12.79,9.97,0.178,866,30.92,81.25,96.84,0,0,0,1,2
32.51,297.12,5.96,365,9.03,1.86,0.002,526,82.95,81.79,15.59,0,1,0,0,0
28.94,195.05,6.33,436,4.72,20.57,0.163,810,98.08,40.27,21.26,1,1,0,0,0
26.94,38.14,7.75,45,11.05,35.37,0.124,405,96.32,10.37,96.66,1,1,1,1,2
36.07,151.85,5.68,273,13.07,25.31,0.009,264,83.86,87.38,81.26,1,1,0,1,1
37.32,158.75,6.45,105,9.91,26.53,0.007,347,97.84,26.62,85.58,0,0,1,1,1
41.77,154.33,6.23,2,4.42,22.5,0.034,860,87.26,88.18,48.83,0,1,1,0,2
28.56,170.85,6.2,325,3.03,29.24,0.195,38,24.64,65.65,17.22,0,0,1,0,2
39.24,5.62,7.89,252,4.75,11.48,0.017,230,87.65,67.13,23.4,0,0,1,1,0
34.03,213.37,8.39,21,6.06,10.38,0.148,486,58.7,32.25,93.13,1,1,1,0,0
42.07,213.72,8.01,54,6.0,47.1,0.08,976,56.54,46.23,44.6,0,0,1,0,1
33.2,34.64,7.76,373,7.98,22.52,0.047,323,20.2,38.09,78.01,1,1,1,0,1
32.94,171.07,8.71,447,8.06,41.36,0.115,56,69.62,27.13,72.11,1,0,0,1,0
34.45,170.51,5.7,296,7.66,45.84,0.074,451,73.73,75.21,52.64,1,1,0,0,2
38.73,204.74,6.09,109,6.13,30.74,0.062,262,83.26,18.63,87.45,1,1,0,0,0
44.12,25.62,6.95,372,3.28,14.94,0.048,513,46.08,56.08,68.91,0,0,1,1,1
21.84,187.95,6.8,222,7.02,33.99,0.092,53,30.25,58.24,76.58,0,0,0,1,2
21.34,84.23,6.96,468,13.83,21.55,0.034,420,55.19,95.98,85.32,1,1,0,1,1
43.44,152.1,6.22,247,9.85,48.65,0.17,969,48.98,88.25,30.04,1,1,1,1,0
33.25,232.0,6.02,135,7.28,40.56,0.118,977,80.25,54.25,36.39,1,0,1,0,0
35.37,211.69,7.28,320,3.0,40.75,0.013,411,38.36,85.98,78.0,0,0,0,0,0
32.06,35.67,8.75,386,4.56,29.43,0.091,58,31.05,81.15,84.63,0,1,1,1,0
22.34,177.36,6.87,412,8.9,0.42,0.126,429,55.21,12.51,63.79,0,0,1,1,0
39.2,290.73,5.65,245,7.97,41.59,0.172,446,70.24,92.99,99.4,1,1,1,0,1
38.68,47.03,7.97,69,2.23,1.27,0.005,418,42.48,71.91,89.02,1,0,1,0,0
27.79,255.87,6.52,480,3.03,6.12,0.091,866,29.15,70.48,82.05,0,1,1,1,0
27.66,210.76,6.36,17,6.27,41.93,0.141,882,55.13,74.21,32.08,1,1,0,1,2
40.95,232.2,6.63,489,3.69,10.94,0.039,93,96.95,30.23,39.97,1,1,1,0,0
21.81,84.59,8.03,496,13.49,42.06,0.044,212,97.39,12.63,42.47,0,0,0,0,0
42.03,86.37,8.37,185,2.41,11.82,0.098,569,76.69,30.87,18.36,0,0,0,1,1
26.42,271.81,7.56,116,13.69,38.54,0.177,728,82.17,81.51,75.83,0,0,0,0,0
34.82,107.95,6.63,256,9.88,27.11,0.08,652,36.28,63.76,47.1,1,0,0,0,2
43.4,18.9,6.59,277,6.89,33.55,0.097,838,49.97,42.52,65.89,1,0,1,1,2
36.95,180.18,5.94,94,8.47,41.9,0.127,901,68.38,31.74,73.85,0,0,0,1,2
30.36,37.45,8.77,406,6.92,49.2,0.062,211,80.03,81.98,10.75,1,1,0,0,0
37.24,238.98,7.73,391,8.88,4.28,0.173,812,33.33,51.21,14.3,0,1,0,1,1
28.6,192.52,5.59,412,3.82,34.27,0.192,132,56.61,65.06,40.16,0,1,0,0,1
26.93,262.42,7.82,427,3.44,47.94,0.13,165,33.02,11.13,69.0,0,0,0,1,0
44.92,235.45,7.07,114,8.34,18.69,0.128,939,70.67,48.69,53.04,0,0,0,1,2
38.77,33.63,8.9,493,2.86,16.69,0.135,231,81.77,11.39,94.5,0,0,0,0,1
36.12,114.32,8.37,61,5.51,34.0,0.039,24,86.66,80.87,33.12,1,1,0,1,2
28.88,232.37,6.1,274,13.12,20.1,0.146,849,78.59,32.43,19.35,1,1,1,1,0
21.23,125.2,8.02,314,12.51,10.72,0.069,983,32.73,25.04,20.29,0,1,1,1,1
20.78,291.71,7.2,496,11.98,8.07,0.199,398,86.27,93.38,30.25,1,0,0,0,0
33.85,220.72,6.15,123,8.09,9.63,0.15,711,46.75,11.62,31.26,0,1,1,1,1
39.05,4.65,7.95,79,2.33,35.22,0.117,844,86.86,27.8,44.1,1,0,0,1,1
33.43,264.0,7.42,146,3.46,45.93,0.182,934,40.07,31.64,60.77,1,1,1,0,2
41.02,30.24,5.61,484,13.03,40.3,0.194,47,58.06,84.05,32.43,1,0,0,1,1
20.84,42.16,7.76,21,12.04,22.41,0.164,51,66.13,73.91,56.38,0,1,1,0,0
29.17,220.35,7.72,82,6.52,26.43,0.151,59,22.78,97.07,53.0,1,0,1,0,0
25.93,259.49,6.0,323,10.75,31.01,0.012,472,92.3,72.54,37.82,0,0,0,0,1
31.18,160.9,6.72,4,12.25,29.0,0.141,790,60.92,31.27,49.07,1,0,1,1,1
21.81,86.71,7.55,260,9.44,48.42,0.067,452,35.36,25.02,44.5,0,1,1,0,0
43.85,105.39,5.99,408,12.24,44.33,0.186,819,32.86,77.99,95.5,0,1,0,1,0
25.58,102.87,8.48,279,4.94,2.18,0.122,853,74.92,91.08,16.2,1,1,1,0,1
43.06,98.0,5.6,128,7.55,41.79,0.074,750,26.54,92.05,79.03,0,1,1,1,0
30.65,72.87,5.86,113,8.95,5.7,0.068,789,55.19,79.4,37.85,1,0,1,1,0
44.64,182.66,5.91,283,9.57,34.51,0.111,536,63.22,81.49,26.69,0,0,0,1,2
33.85,270.12,7.35,46,13.84,14.28,0.098,182,38.65,69.61,88.36,0,0,0,0,0
43.27,92.12,7.67,340,12.15,38.67,0.078,238,30.34,76.22,52.26,1,0,0,0,2
20.13,56.01,6.91,187,2.66,0.43,0.042,63,59.26,20.44,55.91,0,1,0,0,1
38.71,251.57,6.51,18,4.03,19.11,0.159,320,47.23,39.63,47.42,0,0,1,0,0
42.58,222.53,8.33,86,9.89,1.08,0.087,515,31.22,51.23,46.41,1,1,1,1,1
23.49,279.25,5.74,141,4.89,47.68,0.02,819,36.83,69.79,72.36,1,1,1,0,2
22.4,49.66,6.48,250,3.91,0.77,0.017,628,57.68,47.59,78.35,0,1,1,0,0
30.61,43.28,5.64,325,10.0,7.76,0.048,927,30.64,43.75,81.01,1,1,0,0,0
43.34,162.43,5.55,479,8.44,26.96,0.11,564,94.89,60.72,57.27,0,1,0,1,2
33.56,184.33,6.74,369,11.66,32.31,0.03,537,82.04,45.5,73.18,1,1,1,0,1
33.19,144.05,6.18,479,5.83,36.45,0.043,611,46.04,16.53,79.98,0,1,0,1,1
23.53,179.69,6.44,7,5.96,12.35,0.1,718,40.67,97.25,71.5,1,1,0,0,0
20.02,54.11,8.37,36,3.81,15.05,0.044,930,89.94,93.35,27.43,0,0,0,1,2
40.25,143.88,6.07,85,9.83,12.0,0.172,997,54.15,13.51,74.06,1,0,1,0,0
22.19,197.43,8.23,71,10.51,12.2,0.118,730,89.02,57.63,68.33,1,1,0,0,1
35.85,129.81,7.86,380,3.66,39.09,0.017,525,79.4,74.15,18.66,1,1,1,1,2
42.87,203.83,6.64,485,5.05,47.4,0.028,417,27.37,64.89,68.16,1,0,0,0,2
25.22,135.36,7.41,265,3.85,29.79,0.039,571,85.09,41.8,88.76,0,1,1,1,0
36.63,100.08,7.06,66,10.97,7.87,0.126,664,63.19,82.29,47.19,0,0,1,1,2
21.97,91.08,5.95,140,4.51,3.27,0.021,565,74.21,65.33,22.02,0,1,0,0,1
35.09,123.27,8.68,294,3.83,11.96,0.009,766,37.52,31.5,64.96,0,1,0,0,2
24.1,6.93,7.49,63,2.84,8.89,0.146,410,20.02,65.01,31.51,0,1,1,1,1
38.4,200.56,8.58,29,11.98,28.93,0.096,20,46.7,34.72,59.05,0,1,1,1,0
27.53,253.53,8.38,387,3.49,34.9,0.17,943,35.25,63.63,70.23,1,0,0,0,2
31.58,106.39,5.78,44,2.36,0.23,0.159,546,54.82,78.79,55.93,1,1,0,0,1
34.99,13.81,6.23,133,2.77,21.98,0.055,691,27.27,37.23,37.77,0,0,0,1,0
24.28,296.03,6.01,15,6.4,31.15,0.038,453,91.6,35.43,87.13,1,1,1,1,1
38.54,79.11,8.41,277,9.16,9.64,0.103,482,29.5,75.4,22.23,0,0,1,0,2
27.57,37.99,8.52,218,6.78,45.05,0.016,153,81.13,55.75,13.85,1,0,0,0,1
36.56,110.93,7.35,276,7.46,27.45,0.127,654,95.15,22.49,84.59,0,0,1,0,2
23.96,221.57,5.86,220,13.03,17.27,0.002,4,31.86,59.11,13.08,0,0,0,0,0
37.2,88.17,5.97,192,11.11,0.93,0.161,985,47.72,69.69,53.85,0,1,0,1,1
23.2,172.41,8.35,157,6.09,24.22,0.178,672,78.48,54.22,58.4,0,1,1,0,0
30.63,124.67,8.75,23,3.85,16.8,0.199,920,77.16,66.17,40.45,0,1,0,0,2
26.18,35.33,6.2,319,10.99,48.48,0.069,632,22.99,42.84,34.83,0,0,1,1,2
38.71,99.09,5.54,140,8.88,18.94,0.112,720,25.66,89.0,76.62,1,1,0,1,0
26.55,217.46,6.66,221,13.55,46.05,0.173,947,29.61,31.6,42.97,0,1,0,0,2
42.04,183.6,5.61,25,12.9,34.3,0.092,683,65.44,35.32,21.14,0,1,1,1,2
42.3,35.93,8.4,97,8.76,3.7,0.066,787,24.4,79.63,51.69,1,0,1,1,0
24.91,49.0,7.22,275,2.84,46.64,0.01,745,67.07,15.21,75.37,0,0,0,0,1
35.35,192.22,7.75,60,2.37,8.42,0.079,311,47.4,98.86,37.73,1,1,1,1,2
22.19,244.02,6.94,379,12.05,22.4,0.016,321,73.55,66.61,21.89,0,1,0,0,0
29.79,104.84,6.71,242,10.38,46.15,0.073,630,82.56,82.67,40.7,1,0,1,0,0
37.83,178.59,6.28,389,8.72,41.43,0.069,519,83.31,62.55,59.09,0,0,1,0,1
36.49,51.19,8.2,426,10.27,24.38,0.129,850,23.01,80.77,19.16,1,1,0,0,1
35.62,93.41,7.93,432,8.48,10.35,0.073,63,95.78,49.08,31.11,0,0,0,1,0
27.06,6.08,6.76,8,8.94,25.46,0.077,668,66.93,61.91,97.37,0,0,0,0,2
29.45,230.48,6.62,383,4.71,27.38,0.057,431,91.66,69.57,28.37,1,1,1,1,0
22.57,120.3,5.5,356,7.47,49.85,0.122,889,69.21,91.17,15.72,1,0,1,1,0
37.98,244.84,5.72,420,2.13,41.2,0.078,658,58.73,13.13,48.89,1,1,1,1,0
32.6,212.51,7.68,271,10.02,43.07,0.19,648,78.38,19.8,16.64,0,0,0,0,0
37.72,248.62,7.3,259,5.99,49.31,0.178,583,37.55,72.16,11.22,0,0,0,0,2
26.22,85.7,7.02,31,9.88,26.17,0.047,368,28.26,40.99,11.39,1,0,0,1,1
28.11,55.53,8.4,339,13.12,29.26,0.081,14,27.24,71.0,36.68,1,0,0,0,2
28.36,291.57,7.26,92,9.1,22.72,0.127,481,87.93,30.5,16.64,0,0,0,1,1
20.64,215.2,6.85,478,5.94,6.27,0.003,323,93.0,66.54,27.36,1,0,1,1,0
28.53,250.21,6.06,127,4.49,26.26,0.045,318,85.15,53.03,68.34,0,1,0,0,2
40.08,3.94,8.37,236,5.02,29.13,0.057,90,92.35,21.06,35.95,0,0,1,0,1
42.43,106.34,7.52,16,13.85,11.86,0.08,933,98.78,93.65,61.79,0,0,1,1,2
32.96,222.85,5.82,40,9.38,39.14,0.178,302,62.08,81.3,47.02,0,1,1,0,1
31.39,23.39,7.77,472,7.29,6.22,0.019,268,32.31,80.3,89.63,0,1,0,1,1
20.77,170.2,6.99,300,4.77,25.1,0.013,479,68.63,72.72,72.68,1,0,1,1,1
41.98,128.72,8.34,271,11.28,33.14,0.133,98,48.31,11.92,86.73,0,0,0,0,0
20.33,5.28,8.72,275,6.65,2.75,0.073,367,47.72,55.42,56.7,1,1,1,1,0
43.62,70.79,7.6,41,5.61,40.2,0.036,301,78.22,77.59,80.31,1,0,1,1,1
32.23,85.44,8.06,265,4.67,15.21,0.14,803,27.25,29.51,65.4,0,0,0,1,2
28.55,33.56,5.7,51,4.23,35.89,0.049,9,23.0,65.37,76.95,0,0,0,0,1
43.11,189.46,7.46,187,5.28,5.41,0.113,438,75.62,93.65,71.61,1,1,1,0,0
20.61,72.72,8.14,431,9.53,31.01,0.082,534,40.86,77.76,37.05,0,1,1,1,2
34.54,83.29,7.24,150,4.88,27.86,0.072,278,50.84,59.29,21.29,1,0,1,0,0
33.72,269.47,7.58,243,2.73,7.5,0.144,67,44.61,37.89,82.58,1,1,1,1,1
25.48,140.14,8.65,288,6.31,31.24,0.123,939,69.19,67.29,16.96,1,0,1,1,2
30.72,117.64,6.19,490,9.02,34.57,0.103,132,32.36,74.3,64.47,1,0,0,1,0
36.31,217.16,5.84,126,2.72,24.93,0.026,515,77.65,67.4,98.99,1,0,0,1,2
38.18,272.88,7.92,204,7.43,28.93,0.117,413,93.99,77.99,26.44,0,1,1,0,2
20.02,7.51,8.38,408,2.63,44.37,0.139,104,86.89,35.13,76.91,1,1,0,1,0
43.42,134.47,8.48,305,11.22,34.89,0.163,947,92.56,55.7,95.78,0,1,0,1,2
24.11,183.23,7.75,356,12.46,45.3,0.06,224,94.97,59.38,54.59,1,0,1,0,1
25.84,95.57,8.42,99,13.57,27.62,0.053,239,49.79,18.09,61.57,1,1,0,0,0
26.59,231.72,7.95,343,10.3,8.74,0.15,743,83.66,25.89,43.09,1,0,1,1,2
20.95,291.44,5.81,453,9.58,12.31,0.093,908,59.59,37.6,49.76,1,0,0,0,0
23.08,283.03,8.17,78,10.33,8.82,0.081,117,41.58,14.3,66.71,1,1,1,1,2
44.66,79.79,6.13,182,12.26,16.76,0.032,529,79.75,31.02,88.43,1,1,1,1,2
27.88,67.9,6.33,97,11.69,23.88,0.087,415,39.53,56.99,95.71,1,0,1,0,2
22.88,287.25,6.88,67,7.26,12.8,0.145,416,28.77,58.76,58.89,1,1,1,0,2
22.67,137.59,6.6,333,9.81,23.78,0.09,825,76.37,32.45,80.4,1,0,0,1,0
37.99,62.49,6.63,387,3.94,18.22,0.175,637,43.0,95.18,76.28,0,1,1,0,0
41.36,212.1,6.09,27,10.34,27.77,0.001,829,44.47,52.04,32.23,1,1,1,1,2
26.42,85.33,6.53,28,10.77,21.43,0.036,710,90.49,67.35,51.57,1,0,0,0,0
20.52,80.17,5.57,337,11.62,21.7,0.123,909,30.84,12.73,71.52,1,0,0,0,1
25.58,263.77,7.16,121,11.81,24.53,0.134,615,81.19,45.93,21.6,1,1,0,1,1
21.41,48.74,8.19,211,7.28,49.39,0.055,111,50.9,58.79,89.56,1,1,0,1,0
22.58,19.32,8.52,175,12.84,27.83,0.188,13,91.44,38.1,46.23,1,0,0,1,0
30.79,80.76,8.37,104,13.77,36.17,0.066,777,55.23,25.42,50.81,1,1,1,0,1
25.75,182.08,6.96,479,13.74,20.84,0.082,616,52.72,28.1,88.28,1,1,1,1,1
32.9,36.93,8.06,71,9.03,16.29,0.195,954,54.39,51.99,25.5,1,1,0,0,0
26.34,141.48,6.51,490,8.71,45.83,0.096,499,87.02,16.39,13.2,1,1,0,0,1
43.51,188.2,5.69,109,7.49,37.12,0.123,806,20.84,31.1,35.74,1,1,1,0,1
42.65,254.62,7.87,112,5.6,29.12,0.108,228,76.39,74.76,23.52,1,1,0,1,2
34.17,68.96,7.77,396,6.01,16.82,0.036,685,36.42,29.33,98.7,1,0,1,1,1
28.86,245.2,8.31,231,4.59,12.89,0.198,913,90.57,20.52,60.96,0,0,1,0,1
29.53,70.47,7.66,493,13.47,12.6,0.012,402,50.07,17.54,60.81,1,0,0,0,2
30.3,203.03,6.05,42,9.44,25.19,0.197,999,47.12,98.99,81.47,1,0,0,0,2
38.19,129.2,8.49,264,13.21,43.74,0.094,106,77.01,17.82,33.27,1,1,0,0,0
31.29,34.4,7.7,295,6.65,44.05,0.038,804,77.8,49.01,57.04,0,1,0,0,1
41.42,214.28,8.33,45,5.58,37.25,0.033,238,70.7,56.0,22.79,0,1,0,0,1
43.6,65.33,8.21,494,3.59,27.12,0.131,2,46.38,96.81,18.41,1,0,1,0,2
28.4,52.99,6.54,57,5.6,11.75,0.142,759,68.83,90.2,49.57,1,0,1,0,0
34.02,107.5,5.76,224,12.68,23.94,0.18,950,24.34,31.39,92.16,1,1,0,0,1
22.38,195.99,6.12,439,8.99,34.74,0.047,646,96.41,17.62,49.7,0,1,1,1,2
25.01,70.2,5.83,139,7.43,29.75,0.087,326,56.22,49.41,50.66,1,0,1,0,2
30.34,55.1,6.35,100,8.82,25.7,0.194,756,44.36,19.08,87.86,1,1,1,1,1
25.16,2.99,7.11,280,12.71,21.41,0.086,563,88.86,88.4,35.74,0,0,0,0,2
41.91,141.49,8.67,237,4.31,37.63,0.092,437,45.93,73.34,54.09,0,0,1,1,0
23.96,128.59,8.55,88,13.59,42.11,0.058,37,99.77,94.94,24.8,1,0,0,0,0
31.39,70.16,8.02,245,9.99,36.15,0.174,574,75.25,61.25,86.16,0,1,1,1,1
35.14,16.1,5.58,399,12.26,46.9,0.073,831,71.97,42.8,13.35,1,1,1,1,1
37.3,128.78,6.69,178,8.3,38.99,0.127,375,32.15,55.06,47.18,0,0,1,0,2
29.58,236.46,7.89,379,4.84,22.53,0.037,5,68.79,24.47,34.89,0,0,0,0,1
41.73,214.58,5.95,463,8.81,30.84,0.123,713,32.41,51.68,33.15,1,1,1,1,0
34.21,258.24,8.3,230,2.82,25.22,0.187,639,82.69,99.88,31.98,0,1,0,0,2
30.99,2.87,8.7,98,12.23,27.32,0.155,307,31.07,72.15,43.26,1,0,0,1,1
21.68,289.93,6.74,214,9.79,44.78,0.014,633,48.71,15.61,91.13,1,0,1,0,2
31.62,102.42,7.97,199,5.39,15.04,0.127,121,58.14,75.31,73.79,1,1,1,1,2
40.52,297.12,6.02,255,5.29,0.65,0.112,171,84.42,19.06,90.05,0,0,1,1,1
35.36,75.79,7.92,436,12.83,34.78,0.068,419,70.62,45.16,27.68,1,1,1,0,2
40.8,141.46,5.58,493,12.09,9.05,0.169,932,79.84,80.76,86.42,0,0,1,0,2
32.35,106.18,6.03,435,11.16,7.71,0.158,319,39.52,21.53,48.69,1,0,0,0,1
22.96,106.73,7.98,194,6.98,49.62,0.13,246,38.98,36.35,98.3,0,0,0,1,2
20.34,252.68,7.99,379,12.47,13.34,0.149,943,50.45,27.57,63.43,0,0,0,0,2
27.58,223.93,7.74,23,4.96,10.19,0.039,794,21.49,88.31,53.86,0,0,1,1,1
37.45,297.65,7.17,362,2.29,9.55,0.184,620,86.46,23.31,93.27,1,0,0,0,2
39.76,184.05,7.86,469,7.19,20.62,0.134,192,49.6,58.22,44.32,1,0,0,1,2
27.39,138.98,8.21,269,13.03,20.47,0.094,896,25.4,34.78,77.39,0,0,1,1,0
32.39,27.02,8.88,277,8.85,31.62,0.039,431,89.78,55.65,52.6,1,1,1,1,1
30.53,298.97,8.61,225,4.75,5.18,0.137,852,97.43,25.06,76.03,0,1,0,1,2
30.26,165.46,8.28,227,9.81,31.77,0.019,164,71.73,78.18,34.81,1,1,0,1,2
25.78,210.14,7.93,127,10.94,22.68,0.064,250,48.53,67.88,46.6,1,1,0,0,1
23.41,122.02,7.51,30,8.6,10.38,0.115,347,53.1,13.91,41.08,1,1,1,0,1
24.92,164.31,5.92,340,12.11,38.91,0.129,48,40.49,95.28,88.19,1,1,0,1,2
21.38,282.77,6.08,250,9.11,23.7,0.003,310,76.9,90.37,93.57,0,1,1,1,1
24.95,49.93,8.37,57,3.15,35.85,0.002,38,48.49,36.8,76.2,0,1,1,1,1
20.23,87.71,8.31,324,11.71,46.03,0.022,163,22.6,36.27,83.94,1,0,1,1,1
35.68,45.62,7.65,146,3.76,17.67,0.154,193,23.69,54.93,41.85,0,1,1,1,2
27.91,237.66,7.04,105,12.59,44.9,0.113,449,69.18,65.72,23.56,1,0,0,0,2
44.33,18.61,5.59,436,8.26,10.02,0.122,67,43.23,36.19,71.79,0,1,1,1,0
24.84,24.49,6.65,84,10.78,11.11,0.121,769,33.49,81.58,67.36,1,1,0,0,1
28.65,89.55,6.97,1,13.67,33.18,0.007,832,64.19,17.06,33.74,0,1,1,0,2
28.95,154.26,7.2,436,7.18,5.13,0.034,615,42.27,45.81,92.11,1,1,1,1,2
20.21,121.88,8.75,450,7.52,22.74,0.146,273,25.87,60.02,42.18,0,0,0,1,0
40.98,13.44,5.88,302,11.91,10.69,0.129,680,35.49,81.97,83.37,0,1,0,0,0
20.8,287.25,7.32,370,3.32,28.54,0.089,865,82.23,88.46,21.62,1,0,1,1,2
43.5,285.86,6.79,52,2.33,40.34,0.004,730,88.16,32.0,35.81,0,0,0,0,1
42.3,83.81,8.97,440,9.25,2.12,0.083,122,89.77,31.7,65.3,0,0,1,1,2
33.39,219.46,8.52,221,4.01,20.67,0.05,739,62.79,43.14,31.77,1,0,1,0,1
33.59,173.57,7.04,481,5.07,36.53,0.139,502,96.08,48.48,96.08,0,0,1,0,0
36.34,71.24,9.0,24,13.72,17.11,0.165,166,32.13,86.36,59.64,0,0,0,1,1
29.68,78.65,7.3,34,9.84,2.09,0.101,665,74.27,10.68,75.83,0,0,1,1,0
36.18,147.35,6.08,156,12.27,29.57,0.081,458,76.34,71.65,60.53,1,0,0,1,0
21.12,125.77,7.45,459,12.77,6.01,0.055,615,24.25,29.81,46.61,0,0,1,0,2
21.35,87.37,6.29,342,3.46,18.5,0.019,514,42.6,89.42,83.99,1,1,0,1,0
31.43,242.25,7.73,475,13.13,49.53,0.074,688,95.92,38.56,12.04,1,1,0,0,0
33.74,144.44,8.78,365,12.4,19.9,0.136,27,80.72,58.38,48.41,0,0,0,1,2
42.2,196.45,8.25,144,2.54,42.14,0.133,995,24.38,39.61,89.3,0,0,0,1,1
22.62,56.78,6.46,335,13.73,42.99,0.083,143,63.26,48.28,17.66,1,1,1,1,2
40.57,160.05,6.54,432,7.5,13.14,0.193,482,71.89,57.0,28.67,0,1,1,0,1
25.25,95.39,5.74,439,13.69,29.78,0.188,122,97.85,77.28,96.46,1,1,0,0,2
29.85,157.92,6.5,456,11.89,47.37,0.175,115,77.31,20.87,96.31,0,0,0,1,1
27.92,234.25,5.82,386,7.28,30.32,0.087,21,71.09,41.7,44.61,1,0,1,0,2
30.0,230.67,7.25,277,8.14,40.66,0.149,335,92.68,67.57,77.7,0,0,0,1,0
23.76,106.27,7.98,478,5.3,23.13,0.186,608,72.87,62.99,66.32,1,1,0,0,2
32.59,208.28,8.13,397,7.84,35.97,0.148,332,94.57,80.27,54.37,1,0,1,1,1
40.04,282.39,5.71,386,3.29,1.09,0.063,48,59.42,90.02,83.25,1,1,1,1,1
31.04,187.7,6.69,293,12.9,39.37,0.014,508,77.49,18.47,68.58,1,1,0,1,1
32.27,44.52,6.51,342,10.56,33.59,0.192,283,70.54,74.25,18.2,0,1,0,0,2
41.22,203.91,5.87,276,11.66,17.94,0.198,235,64.2,35.56,85.57,1,1,0,0,1
37.65,31.47,6.77,178,8.37,20.85,0.139,399,45.93,53.32,34.7,1,1,0,0,1
32.26,261.63,6.55,279,3.51,16.33,0.063,63,92.3,66.5,66.97,1,1,1,0,0
26.44,155.0,7.72,351,8.45,26.21,0.173,187,41.6,23.55,79.79,0,1,0,1,1
42.12,115.54,8.59,300,5.95,5.43,0.191,193,32.75,41.19,90.79,0,0,0,1,0
34.43,17.1,7.09,196,2.12,42.25,0.101,25,76.96,97.85,93.27,0,0,1,0,2
25.53,114.24,8.11,224,9.38,23.9,0.062,169,63.72,22.27,93.32,1,1,1,1,1
26.73,270.96,6.01,427,12.24,2.16,0.081,987,41.03,17.5,69.15,1,1,0,1,0
40.08,6.29,8.63,46,10.53,27.65,0.015,386,89.62,85.31,66.18,0,1,1,1,2
21.1,142.39,6.03,184,4.68,46.53,0.113,619,42.9,48.76,11.33,1,1,1,0,1
44.8,279.35,6.17,402,11.83,4.37,0.076,276,25.1,70.73,17.61,0,1,1,0,2
23.26,118.45,5.87,161,5.71,6.16,0.177,799,21.23,37.52,45.33,1,1,0,0,2
39.9,128.45,6.58,130,4.62,19.36,0.055,709,93.83,27.86,81.36,1,0,0,1,0
29.87,173.57,7.43,294,13.53,36.78,0.002,196,52.17,29.12,63.29,0,1,0,0,2
32.31,138.88,8.96,91,2.2,30.23,0.147,23,37.08,27.6,31.17,0,1,0,0,2
42.02,50.58,8.28,74,4.01,22.9,0.001,254,65.37,32.23,21.06,1,1,0,0,1
30.32,5.57,6.83,443,7.6,49.64,0.109,576,59.03,29.91,52.14,1,0,0,1,1
33.44,182.94,7.52,137,4.0,9.29,0.036,790,99.99,83.23,92.16,1,0,1,0,0
21.23,276.24,7.68,167,4.0,41.09,0.122,591,91.08,58.0,14.78,0,1,0,0,1
20.06,31.91,8.38,257,9.61,6.19,0.04,7,41.69,36.69,51.64,1,0,0,0,2
26.12,63.29,8.08,237,11.83,8.98,0.1,556,75.82,41.06,15.31,1,0,0,1,0
37.01,111.07,7.49,44,9.94,14.77,0.067,472,50.97,96.2,32.51,0,0,0,1,2
23.03,242.62,7.84,486,3.22,43.65,0.037,365,49.16,26.55,95.84,0,0,1,1,2
22.84,80.78,8.11,410,12.74,22.21,0.121,650,49.37,89.81,19.42,0,0,0,0,0
30.27,264.62,5.97,308,13.07,19.79,0.016,568,71.14,76.31,14.58,1,0,1,1,0
36.2,16.49,6.2,136,5.37,24.54,0.188,11,63.04,65.21,17.85,0,1,0,0,1
37.8,282.29,7.91,102,8.64,31.55,0.156,71,80.4,66.17,72.25,0,1,1,0,0
24.46,168.22,8.48,128,7.82,21.17,0.183,905,32.24,48.06,11.09,1,1,0,0,2
21.99,197.63,6.93,160,10.02,48.13,0.008,62,54.03,49.5,45.43,1,0,0,1,0
43.51,110.31,8.93,37,13.74,6.77,0.0,162,88.83,81.65,95.8,1,1,1,1,2
26.52,234.6,6.26,56,13.84,23.78,0.072,549,20.25,82.98,16.2,1,1,0,1,0
41.33,49.97,6.96,160,8.11,20.77,0.123,276,69.88,61.4,93.89,0,1,1,0,1
41.59,14.67,6.82,175,3.1,34.64,0.049,562,82.86,79.17,20.58,1,0,0,1,2
39.31,118.66,8.76,258,6.01,48.15,0.11,913,50.71,82.9,21.5,0,1,1,0,1
24.22,256.11,6.5,287,6.96,14.42,0.121,401,90.69,39.89,64.43,1,0,1,0,2
40.55,226.48,7.15,460,8.42,47.77,0.03,505,78.86,66.1,31.95,1,0,1,1,0
39.23,155.15,6.16,404,13.52,41.38,0.154,889,68.48,49.22,10.27,0,0,0,0,0
34.92,171.64,7.32,323,5.15,40.52,0.187,665,35.87,18.83,77.45,1,0,1,0,2
28.43,38.97,8.5,144,8.44,3.65,0.128,531,73.61,68.36,43.38,0,1,1,0,2
26.56,252.2,6.56,425,5.49,47.03,0.19,792,86.7,62.87,91.73,1,1,1,1,0
23.05,236.09,8.34,67,13.03,41.95,0.049,478,78.39,19.23,35.03,0,0,1,0,0
32.74,196.94,8.69,339,13.88,34.23,0.007,209,65.99,16.37,70.24,1,0,1,0,1
34.63,139.86,5.76,267,12.45,6.39,0.049,463,77.17,32.47,39.37,0,1,0,0,2
28.98,289.34,8.15,217,6.06,21.0,0.13,244,98.15,85.01,23.35,1,1,0,0,1
31.88,263.71,6.39,300,5.33,42.01,0.12,428,20.86,15.73,97.74,0,1,1,0,0
29.09,193.33,6.11,163,7.17,21.88,0.053,247,73.11,51.43,62.94,0,0,0,0,2
36.03,111.54,7.6,335,10.97,21.82,0.082,953,83.44,26.11,85.58,1,1,1,1,2
42.53,185.41,7.97,178,2.11,13.51,0.074,785,71.11,32.82,32.52,0,0,0,1,1
24.1,172.63,6.88,390,13.94,2.56,0.19,47,41.85,79.29,45.39,0,1,1,1,0
29.54,118.27,5.64,416,12.6,25.65,0.063,13,85.82,86.55,52.92,0,1,1,1,1
23.52,92.0,8.68,47,2.29,38.72,0.039,390,93.06,62.23,66.67,0,1,1,0,1
35.62,122.1,8.06,193,6.59,7.3,0.113,763,74.68,87.69,45.54,1,1,0,1,0
38.22,172.17,6.45,288,10.25,44.69,0.025,677,60.88,87.12,32.26,0,0,1,0,0
43.3,128.44,7.24,205,4.9,27.76,0.102,112,49.31,29.94,27.09,0,1,1,1,2
26.97,79.07,5.6,83,3.71,40.61,0.137,63,46.4,68.05,63.93,1,1,0,1,0
43.76,228.29,6.69,100,9.55,33.35,0.189,284,77.86,80.05,32.29,0,0,0,0,0
21.58,159.44,7.33,154,12.84,6.75,0.178,86,68.57,60.49,45.69,1,0,1,0,0
35.08,20.3,7.31,46,13.47,45.33,0.168,494,32.55,82.52,13.12,1,1,0,0,2
21.43,110.49,6.23,233,2.12,35.91,0.079,745,31.29,66.59,33.08,1,1,1,1,0
42.34,265.47,8.22,340,12.49,1.78,0.179,248,25.69,35.6,53.47,1,1,0,1,0
33.25,226.57,6.55,449,8.73,29.0,0.143,624,74.68,71.7,81.64,0,0,0,1,0
36.73,96.97,7.53,298,4.85,24.01,0.088,225,45.15,62.92,43.57,0,1,0,0,2
40.79,281.45,6.45,335,9.4,42.96,0.113,182,21.62,66.25,36.56,0,1,1,0,1
23.76,22.98,6.99,146,13.95,6.14,0.087,80,47.02,18.58,56.45,1,1,1,0,0
20.96,288.37,6.23,195,5.31,29.54,0.039,940,86.57,21.32,14.48,0,1,0,0,2
41.97,73.71,7.72,393,5.32,15.51,0.09,977,39.81,83.32,41.85,1,1,0,0,0
27.87,2.73,6.99,21,10.39,12.28,0.161,786,70.68,48.81,22.17,1,0,0,0,1
23.22,130.14,5.56,459,2.52,1.13,0.053,385,55.17,29.37,32.82,1,1,0,0,1
31.71,107.69,5.6,193,11.85,16.61,0.128,92,63.91,18.34,45.16,1,1,0,0,0
34.96,161.73,7.15,385,9.83,19.8,0.111,705,67.66,33.66,15.22,0,0,1,0,1
20.77,239.03,6.14,488,12.09,22.39,0.184,465,56.38,36.57,81.75,1,1,0,1,1
26.87,252.73,7.55,363,4.77,36.74,0.149,486,24.63,98.47,34.73,1,1,1,0,2
20.82,120.37,6.93,353,12.17,20.18,0.072,105,65.42,85.11,30.95,1,0,0,1,0
30.51,128.95,7.79,273,7.38,9.76,0.112,611,51.8,17.06,40.92,1,0,1,0,1
42.38,44.45,8.83,383,3.59,19.91,0.182,35,35.99,77.36,43.11,1,1,0,1,1
44.57,14.26,7.35,207,12.82,3.48,0.045,695,91.72,60.75,83.14,0,1,1,1,2
35.93,192.36,8.26,274,10.46,48.6,0.095,148,78.89,30.56,35.63,1,1,0,0,0
24.04,19.33,8.14,494,4.02,3.31,0.044,736,42.73,77.19,51.45,1,1,0,0,2
42.65,220.15,8.73,216,4.96,10.09,0.084,574,63.12,12.72,54.83,1,0,0,0,0
32.91,161.73,6.25,413,5.23,21.4,0.012,385,97.05,75.84,37.51,1,0,0,0,1
23.84,59.57,8.4,495,13.56,46.67,0.175,382,39.64,90.58,80.5,1,0,0,0,1
43.04,161.86,8.67,389,12.63,8.94,0.196,201,95.79,89.44,66.16,0,0,1,1,2
38.94,54.9,6.87,26,6.16,19.99,0.114,654,74.67,79.51,74.89,1,0,1,0,0
38.29,131.62,6.6,14,7.6,49.47,0.111,445,63.27,94.13,14.91,0,1,1,0,0
37.73,239.87,8.83,158,5.42,30.1,0.191,267,98.66,73.66,83.76,0,0,1,1,2
25.01,138.58,7.7,427,10.91,30.73,0.079,258,46.7,71.81,31.63,0,0,1,0,2
25.28,44.61,6.83,213,3.93,48.71,0.124,253,42.26,12.36,18.26,1,1,1,1,0
37.21,217.15,8.27,459,6.06,25.3,0.167,899,47.17,25.68,69.49,1,1,0,1,2
25.49,56.03,6.57,393,9.27,0.13,0.101,264,80.07,80.33,29.62,1,1,1,0,1
30.97,221.56,6.12,404,12.53,1.55,0.044,429,46.96,99.78,46.59,1,0,0,1,0
39.55,143.81,7.4,430,9.63,34.07,0.163,553,28.22,74.79,73.71,1,0,1,1,1
39.6,136.12,7.48,438,13.28,10.58,0.054,713,71.54,62.18,19.24,1,1,0,1,1
31.33,255.43,8.39,378,13.17,23.92,0.169,30,37.84,26.51,21.5,0,1,0,1,2
39.8,212.58,7.1,350,10.62,27.57,0.189,164,20.33,95.31,69.84,1,1,0,1,1
40.97,9.87,8.35,163,5.34,33.37,0.109,778,35.93,68.48,50.47,0,0,1,0,0
36.37,88.85,6.59,126,10.2,4.19,0.01,700,85.53,54.01,29.91,1,0,0,0,2
25.71,261.28,7.51,329,4.31,38.0,0.191,282,95.22,87.52,56.42,1,1,0,1,0
26.85,5.5,6.23,57,6.0,46.01,0.166,941,72.96,95.8,65.68,1,1,0,0,2
27.87,163.58,6.85,146,11.09,12.79,0.023,69,44.84,43.41,46.46,1,1,1,1,2
22.92,218.35,8.5,470,12.21,19.02,0.126,234,54.92,56.42,25.56,1,0,0,1,1
26.83,186.56,6.26,447,7.0,37.19,0.063,93,35.56,20.36,68.28,0,1,0,0,0
25.24,228.16,8.34,255,8.28,12.42,0.066,298,90.46,96.39,20.91,0,1,1,0,1
31.38,217.71,6.49,109,6.63,27.11,0.116,994,73.25,20.86,68.82,1,0,0,0,1
42.71,207.61,5.62,393,7.75,33.0,0.142,812,26.75,93.61,34.38,0,1,1,1,0
22.61,246.46,5.88,48,8.15,43.96,0.002,913,49.35,27.19,10.13,1,0,1,1,1
38.01,193.71,8.11,181,10.3,17.27,0.031,817,63.04,91.79,51.92,1,1,1,1,0
37.18,120.73,6.42,60,11.01,24.63,0.181,261,83.79,50.71,37.9,0,0,0,1,2
22.39,141.57,7.79,442,13.7,9.23,0.099,140,93.64,63.29,30.65,0,0,1,0,2
43.06,215.02,7.95,474,7.25,15.38,0.098,229,30.61,13.21,54.86,0,1,0,1,2
34.21,262.89,6.71,234,3.0,4.75,0.168,779,86.76,45.49,40.3,1,0,1,1,0
29.09,81.67,7.16,241,10.26,9.88,0.026,262,25.26,54.41,36.55,0,1,1,1,2
38.91,102.62,6.91,129,7.98,17.31,0.143,653,39.24,10.85,78.63,1,1,1,1,1
26.43,279.22,8.82,330,12.09,21.21,0.101,712,21.68,69.48,17.47,1,1,1,0,1
37.34,173.55,6.62,263,3.76,35.34,0.148,98,25.11,85.5,45.81,0,0,1,1,0
20.99,53.69,6.14,402,9.74,22.92,0.136,302,22.59,12.23,32.22,0,1,1,0,0
40.99,199.11,6.78,207,7.51,2.45,0.133,262,31.68,54.33,35.68,1,0,1,0,2
31.2,297.23,7.84,451,7.03,37.79,0.171,550,90.12,13.04,49.77,0,0,1,1,2
35.92,247.04,7.94,141,8.78,26.64,0.11,695,42.71,88.6,93.04,0,0,0,1,0
25.53,223.72,8.73,21,10.21,46.97,0.082,212,58.38,24.47,69.33,1,1,1,0,0
36.93,62.41,8.59,16,12.21,31.76,0.04,402,58.97,15.27,27.38,1,0,1,1,2
39.31,262.84,6.51,362,4.82,26.7,0.069,634,99.62,87.19,61.52,1,0,1,0,2
31.83,157.74,7.09,318,5.52,14.72,0.174,282,49.17,50.01,23.84,0,1,1,1,1
35.44,266.79,8.12,121,8.58,11.82,0.067,60,41.21,18.59,89.68,0,1,1,0,2
31.41,98.95,8.71,281,6.16,11.5,0.197,577,97.06,68.31,48.15,1,0,0,1,1
42.35,18.62,6.68,226,8.82,20.36,0.122,819,67.4,73.5,95.47,0,0,1,0,2
32.45,142.79,7.06,419,4.4,8.57,0.163,439,43.16,61.15,69.61,0,1,0,0,2
41.05,80.95,8.65,372,5.69,42.21,0.099,909,43.0,39.89,85.02,1,1,0,1,1
40.03,214.57,6.75,300,5.9,40.26,0.131,356,26.91,48.2,26.14,1,0,0,0,2
30.26,287.13,7.18,496,13.91,36.44,0.198,800,64.55,95.94,86.94,0,1,0,0,1
25.75,207.29,8.67,285,12.25,2.44,0.1,107,77.9,58.09,27.06,0,1,0,0,0
30.15,266.08,8.31,115,12.05,3.6,0.053,139,57.98,45.74,97.85,0,1,1,0,0
40.66,135.91,6.35,148,8.16,31.82,0.13,242,90.75,73.74,35.19,1,0,0,0,0
25.69,231.49,6.64,403,7.6,37.45,0.184,340,58.72,16.85,71.56,0,1,1,1,2
33.11,252.91,6.74,169,2.84,1.34,0.003,605,47.71,36.12,59.18,1,1,0,0,0
40.15,213.26,8.69,89,4.37,14.53,0.199,341,40.06,30.38,53.07,0,1,0,0,1
28.84,152.33,9.0,118,12.74,6.81,0.109,833,39.46,71.21,48.58,0,1,1,1,0
36.06,187.76,8.21,183,8.31,11.56,0.16,988,45.32,64.35,44.53,1,1,0,1,0
26.14,210.15,7.2,395,13.85,25.92,0.024,663,99.36,78.35,37.29,0,0,0,0,1
22.73,75.93,5.54,263,9.1,5.46,0.058,223,48.87,48.41,63.75,0,1,1,1,0
39.86,242.87,7.94,226,6.53,11.49,0.195,172,61.97,25.65,98.58,0,1,0,0,2
22.47,285.1,6.86,92,5.29,28.25,0.058,715,41.97,26.45,70.49,0,1,0,0,0
26.78,139.57,7.72,116,13.02,25.41,0.082,758,31.48,90.3,78.13,1,0,1,0,0
41.38,210.32,7.62,489,6.45,42.88,0.056,182,71.67,16.74,68.88,0,0,1,1,1
28.66,221.11,7.18,446,3.75,7.53,0.094,890,63.62,63.47,56.41,1,0,0,0,1
44.33,198.67,8.81,311,5.34,18.49,0.032,454,25.43,30.85,83.54,1,1,1,0,1
44.49,164.13,5.58,390,9.75,46.22,0.102,564,90.62,29.29,39.08,0,0,1,1,2
26.71,264.49,7.99,317,3.6,39.79,0.06,961,60.62,18.86,34.59,0,1,0,1,2
21.02,134.68,6.93,120,3.1,29.87,0.163,871,46.83,98.14,44.55,0,1,1,1,1
37.63,18.33,8.0,316,7.49,38.45,0.078,786,82.35,15.49,62.09,1,1,1,0,1
31.27,253.37,7.86,137,3.0,22.42,0.159,690,28.97,23.3,10.01,0,0,0,1,0
22.52,202.19,5.54,230,6.72,45.53,0.128,849,57.9,42.87,85.16,0,1,1,1,0
37.69,254.78,6.5,305,5.87,29.98,0.183,97,63.9,51.02,37.29,1,0,1,0,0
20.78,41.56,6.16,147,6.7,34.78,0.162,637,82.01,95.57,64.07,0,1,0,1,0
41.75,9.23,6.08,283,7.85,32.6,0.18,193,49.62,31.76,14.72,0,1,0,1,2
23.47,280.31,8.05,141,4.22,33.64,0.105,556,88.4,74.89,48.85,1,1,1,1,2
23.18,44.32,6.34,331,7.31,32.05,0.183,383,75.81,69.07,16.11,1,0,1,1,0
24.39,242.9,7.16,7,6.34,3.69,0.031,357,81.69,56.57,11.01,0,0,1,0,2
44.01,246.96,6.36,390,11.55,30.19,0.017,423,97.53,33.95,80.94,0,0,1,1,1
37.33,212.61,7.53,4,10.34,39.17,0.105,722,87.58,24.1,46.43,0,1,1,1,2
40.03,39.38,8.02,256,12.47,0.02,0.165,389,47.74,25.89,83.33,0,0,0,0,0
29.94,200.22,6.66,366,10.03,44.58,0.042,946,71.66,41.14,40.36,1,0,1,1,2
28.41,266.73,7.61,328,3.45,47.61,0.194,680,89.49,22.34,68.3,1,0,0,1,2
25.86,127.66,8.39,491,8.08,6.41,0.037,942,62.01,99.87,18.49,0,0,1,1,2
32.02,124.06,5.83,245,10.91,26.75,0.142,144,74.62,50.12,27.14,1,0,1,0,1
33.8,132.86,7.99,465,12.1,5.53,0.183,918,33.78,58.51,52.42,1,0,0,0,2
35.79,24.68,6.63,234,4.18,14.15,0.193,551,85.27,65.48,49.65,0,0,1,1,1
26.43,267.61,5.93,361,4.68,31.07,0.132,840,80.6,27.62,27.48,0,1,1,0,1
43.72,260.75,7.41,9,12.35,15.14,0.115,509,91.11,53.36,88.37,0,1,1,0,1
24.24,299.37,6.29,241,7.82,18.28,0.018,420,76.81,15.66,35.58,0,1,1,0,0
44.14,175.55,8.37,441,7.43,37.31,0.004,869,90.15,97.23,48.46,1,1,0,1,2
20.37,225.36,5.65,320,7.93,28.75,0.197,84,32.98,52.55,40.36,0,0,0,0,2
32.03,60.8,5.85,187,4.08,25.9,0.055,697,85.09,12.67,99.59,0,0,0,0,0
28.33,200.26,7.32,403,9.53,16.21,0.014,916,96.24,63.92,41.2,1,1,0,0,1
31.23,194.92,7.56,313,11.7,35.21,0.108,922,85.24,19.01,33.81,1,1,1,1,2
34.27,270.36,8.05,426,12.04,21.2,0.063,906,69.22,81.1,91.61,0,1,0,1,2
30.89,249.24,6.41,412,2.36,44.94,0.072,550,94.12,95.8,24.16,0,0,1,1,1
30.37,281.54,8.45,1,10.58,30.08,0.071,733,27.56,92.49,92.64,0,1,1,1,0
38.32,260.65,8.84,153,3.09,26.92,0.05,702,21.35,48.5,61.17,1,1,0,0,2
37.15,260.61,7.25,202,13.6,40.16,0.194,27,97.23,74.13,30.09,0,1,1,1,1
40.83,19.12,8.16,216,7.79,24.27,0.053,851,74.64,24.02,32.68,0,0,1,0,0
26.25,253.79,7.34,481,11.3,13.96,0.111,174,29.13,16.81,73.99,0,0,1,0,0
35.24,182.24,5.74,314,9.46,7.75,0.048,236,47.2,83.89,13.54,1,0,1,1,1
34.63,114.13,6.64,104,13.42,28.09,0.152,558,79.9,72.57,74.39,0,0,1,0,2
29.24,16.95,5.81,0,13.68,21.24,0.046,109,80.03,91.64,37.89,1,0,1,1,2
32.15,203.3,8.96,253,5.35,19.87,0.123,485,33.6,92.31,82.74,1,1,0,0,0
27.84,98.46,6.3,286,7.79,17.47,0.167,387,57.61,41.26,21.25,0,0,0,0,0
23.55,140.33,7.73,293,8.05,33.58,0.054,188,84.58,38.68,32.42,1,1,1,1,1
25.35,204.52,6.5,277,4.13,25.95,0.161,273,97.34,49.77,49.51,1,1,0,0,0
22.64,273.53,7.79,193,12.85,26.86,0.018,689,69.81,69.91,89.13,0,1,0,0,0
37.08,247.63,6.24,430,6.2,15.41,0.023,507,71.05,10.45,35.57,1,1,0,1,2
36.52,135.18,8.25,256,3.05,30.68,0.08,604,57.55,58.12,85.94,1,1,0,0,0
43.77,116.33,5.89,249,3.85,20.18,0.081,931,63.12,11.78,19.18,1,1,0,0,2
38.24,71.93,8.63,247,8.16,38.47,0.103,602,27.91,50.56,25.62,1,0,1,0,2
21.3,111.73,8.44,87,12.58,26.48,0.005,244,47.97,17.41,24.22,1,0,0,0,0
42.11,33.31,7.88,433,9.54,14.47,0.023,512,60.58,60.6,65.17,1,0,0,1,1
41.57,291.33,5.74,419,4.58,7.39,0.002,34,42.0,38.28,44.98,1,1,1,0,0
31.08,172.18,6.23,252,5.56,35.0,0.191,260,48.79,53.1,87.71,0,0,1,0,0
34.65,38.34,8.51,428,13.71,18.56,0.063,627,97.7,96.19,53.73,1,1,1,1,1
44.4,105.84,5.93,163,2.63,3.28,0.138,261,20.42,40.69,85.42,0,1,0,0,0
33.31,164.11,6.05,494,13.93,45.75,0.122,59,44.21,74.74,31.63,0,1,1,0,2
42.63,159.87,7.4,161,12.87,19.33,0.145,99,66.72,71.5,93.82,1,1,0,0,0
22.08,10.65,6.46,264,10.14,37.3,0.177,644,42.32,88.2,67.14,1,1,0,0,2
24.78,285.25,6.28,459,13.32,22.95,0.047,235,74.12,40.1,55.51,0,0,1,1,2
31.02,82.61,7.52,109,3.83,44.55,0.085,671,43.94,15.05,64.8,1,0,1,1,0
34.62,4.86,6.8,339,13.31,1.45,0.066,934,71.06,97.36,92.54,1,1,1,0,0
40.41,22.93,5.99,387,4.55,12.97,0.016,254,87.99,42.61,40.83,1,0,1,0,0
44.71,174.06,7.37,206,8.55,27.29,0.006,748,72.69,27.44,32.12,1,1,0,1,2
29.72,41.34,6.85,318,7.87,16.16,0.153,606,23.99,92.27,32.09,1,0,1,1,2
21.19,12.52,8.07,131,8.15,37.13,0.026,39,83.62,27.15,97.55,0,1,1,1,1
40.03,113.89,5.86,132,5.21,34.42,0.003,236,37.02,57.59,40.37,0,1,1,1,1
35.11,186.83,7.67,393,11.37,1.28,0.088,235,70.78,78.0,89.55,0,1,0,1,0
24.96,33.55,7.03,107,10.91,30.03,0.064,809,71.74,75.79,22.37,0,0,0,0,1
32.37,94.0,6.92,171,13.45,41.79,0.013,73,84.3,12.65,48.76,1,0,1,1,0
38.56,125.33,6.31,39,8.08,15.78,0.01,734,60.47,28.22,65.73,1,1,0,0,2
39.26,47.84,5.61,291,8.58,6.97,0.183,903,50.08,89.96,96.72,1,0,0,1,0
32.49,151.82,8.47,34,12.84,36.91,0.188,858,61.44,59.79,70.96,0,1,1,1,2
27.63,25.56,6.64,58,13.03,45.02,0.096,28,63.66,71.85,10.18,0,0,1,0,1
44.34,13.96,7.88,192,9.79,32.85,0.17,443,85.72,46.21,78.41,1,0,0,0,2
36.58,155.95,8.82,209,11.84,42.3,0.16,845,36.41,77.07,68.48,1,0,1,1,2
30.21,74.37,7.48,371,8.06,49.93,0.116,22,87.75,36.02,26.66,1,1,0,0,0
27.01,28.61,6.89,30,6.66,24.97,0.15,515,49.26,30.88,65.84,1,1,0,1,0
38.28,127.17,6.44,173,12.37,46.76,0.186,243,79.51,99.74,93.31,1,1,0,0,1
26.05,274.54,8.77,304,11.33,17.22,0.113,545,46.86,24.19,10.41,0,0,0,1,1
24.29,217.26,7.89,389,4.91,37.28,0.102,616,76.71,98.32,97.7,0,1,0,0,2
33.25,244.68,7.83,197,2.57,45.07,0.001,677,83.93,93.39,36.66,1,1,1,0,1
27.25,261.57,6.99,105,8.79,26.04,0.108,828,64.65,74.32,64.68,0,1,1,1,2
35.72,291.79,8.46,274,12.1,31.32,0.164,26,69.56,62.38,34.98,0,1,0,1,1
22.95,228.97,8.0,95,4.97,48.52,0.152,82,76.62,10.41,75.78,0,1,0,0,2
36.37,182.52,6.49,169,11.21,12.56,0.129,158,75.07,67.18,56.43,1,1,0,1,0
27.08,109.63,7.6,29,6.97,17.8,0.005,898,78.19,79.52,33.66,0,0,1,1,1
20.01,54.49,7.01,281,6.03,38.61,0.185,476,87.97,75.96,55.31,1,0,1,0,0
23.17,206.0,5.52,386,4.07,17.05,0.086,844,37.64,25.49,41.65,0,0,1,1,1
43.34,298.48,8.33,160,13.21,25.04,0.114,666,37.18,59.01,32.47,1,1,0,1,0
41.68,140.21,5.93,305,4.71,2.52,0.08,170,97.65,59.52,63.35,0,1,0,0,0
25.84,217.1,7.28,414,5.35,28.27,0.07,955,88.11,68.76,67.44,1,1,1,0,1
39.46,148.53,6.68,110,5.98,31.34,0.102,607,67.34,84.79,22.64,0,1,1,1,0
35.21,129.58,6.7,211,5.42,4.13,0.099,813,20.65,72.84,93.62,0,1,1,1,2
44.27,123.09,7.17,195,3.95,12.2,0.071,752,88.38,22.72,10.6,1,1,1,0,0
29.34,151.39,8.99,95,6.25,21.66,0.161,804,80.13,11.71,34.92,1,1,0,1,0
37.04,110.07,6.93,337,7.66,39.06,0.01,632,96.51,22.29,40.9,1,1,0,1,1
21.59,224.63,6.14,137,8.62,1.08,0.023,194,21.05,13.63,15.98,0,0,1,1,1
29.91,262.28,7.65,277,3.88,16.57,0.017,230,22.28,49.31,18.1,1,0,0,0,0
44.1,264.87,6.33,446,11.35,0.24,0.113,645,61.4,35.54,86.27,1,1,0,1,2
33.47,68.31,5.87,309,5.74,26.06,0.083,570,88.48,10.66,42.57,0,0,1,1,1
27.2,268.77,5.68,178,13.02,24.94,0.09,130,99.31,17.23,42.87,1,0,0,0,0
23.01,102.47,5.58,336,5.95,37.77,0.115,499,45.6,45.78,71.97,1,1,1,1,0
37.59,92.79,7.01,233,12.35,0.2,0.065,460,22.91,94.58,75.19,1,0,1,0,1
36.12,218.03,6.99,248,6.23,37.94,0.037,906,35.64,99.53,73.68,1,1,0,0,2
29.35,91.41,6.15,131,8.07,44.56,0.061,26,90.16,14.51,52.2,1,1,1,0,0
43.77,15.89,8.24,248,6.47,15.87,0.199,244,57.32,84.75,73.6,1,0,1,1,0
20.56,112.09,5.95,292,6.65,16.68,0.191,129,88.26,53.22,93.16,1,0,1,0,1
27.59,216.44,8.7,454,9.42,0.05,0.191,319,55.51,65.89,22.13,0,1,0,1,0
43.03,98.09,7.56,498,10.32,21.46,0.006,231,24.27,55.54,61.74,0,1,1,1,2
28.02,188.87,5.6,62,12.45,30.65,0.018,171,69.41,93.21,89.09,0,1,1,0,0
26.31,198.04,8.87,306,8.83,6.13,0.009,587,54.85,53.06,96.91,1,1,0,0,0
33.36,220.12,6.58,391,4.6,32.86,0.163,566,59.31,25.12,17.92,0,0,1,0,2
40.6,269.14,7.07,256,13.87,18.29,0.198,238,95.92,80.19,95.48,0,0,0,0,1
22.58,129.77,6.49,247,10.21,33.65,0.109,632,56.57,56.24,75.38,0,1,0,1,2
43.58,49.93,8.05,263,6.5,12.55,0.14,935,83.72,20.54,75.22,0,1,0,1,1
39.88,95.68,7.2,466,13.62,38.73,0.07,331,24.71,51.54,23.28,1,0,0,0,1
24.53,129.65,5.96,336,13.5,27.44,0.153,406,58.32,71.87,61.82,0,1,0,0,0
37.8,214.17,5.86,360,2.95,26.66,0.131,703,66.94,36.63,42.27,0,0,1,0,1
29.62,3.94,8.04,499,2.24,24.41,0.16,990,29.06,92.08,62.7,1,1,0,0,1
30.06,94.74,6.33,438,2.53,42.1,0.1,952,44.18,86.5,76.37,1,1,0,1,0
39.58,233.95,5.98,367,10.22,27.71,0.039,521,79.17,61.11,26.51,1,1,1,0,2
44.07,201.26,7.25,392,10.53,7.98,0.095,290,34.71,14.89,23.77,0,0,1,1,0
23.17,219.52,8.31,178,10.69,31.29,0.062,645,30.28,62.49,42.12,1,0,0,0,1
30.52,243.54,6.48,399,9.56,25.7,0.139,600,43.94,47.4,67.81,1,0,0,0,1
32.02,234.97,6.47,436,5.43,3.45,0.027,990,88.72,75.17,70.64,1,1,0,0,0
29.41,204.65,8.42,314,4.01,29.05,0.066,766,81.04,34.03,64.79,0,1,0,0,2
29.08,131.9,6.02,300,13.13,3.97,0.001,181,82.14,64.52,86.45,1,1,1,1,0
21.31,295.08,7.66,498,12.96,36.24,0.163,733,45.8,59.9,76.14,1,1,1,0,1
37.14,170.72,8.84,164,4.91,32.74,0.081,379,27.92,57.42,55.42,1,1,0,1,2
30.91,60.83,8.44,90,4.02,24.66,0.155,718,22.56,20.43,53.43,0,0,0,1,1
24.87,87.84,5.72,321,6.5,37.44,0.02,834,66.9,54.09,81.79,0,0,0,0,1
40.4,208.07,6.62,191,2.58,14.04,0.039,81,76.18,59.56,89.56,0,1,1,0,0
40.06,277.42,6.0,291,3.95,22.32,0.17,631,50.23,93.49,86.42,0,1,1,1,1
32.16,53.62,8.82,75,6.56,0.76,0.119,823,62.31,51.48,54.67,0,1,1,1,0
27.46,24.7,8.95,305,4.86,49.41,0.001,336,42.32,67.59,62.13,0,1,0,0,0
35.95,264.46,6.32,98,10.84,2.81,0.181,59,49.14,61.23,80.77,0,1,0,0,2
27.2,274.58,7.84,94,12.86,5.22,0.197,781,78.39,27.57,62.14,1,0,0,0,1
25.9,82.91,8.45,180,12.91,24.74,0.132,685,77.46,26.6,30.24,0,0,0,1,2
38.26,113.19,6.32,440,9.25,18.8,0.146,783,22.25,76.55,89.81,0,0,1,1,1
21.01,198.06,6.16,402,10.44,26.62,0.027,370,95.54,57.08,54.4,0,0,1,1,2
22.37,98.98,5.54,153,7.93,41.75,0.153,282,41.52,90.64,98.39,1,0,1,1,1
20.17,263.15,6.94,373,3.76,7.93,0.02,746,92.61,91.73,59.79,1,0,0,1,2
23.82,32.27,8.65,355,9.62,31.98,0.178,420,60.95,36.74,44.82,0,1,0,0,1
21.72,11.39,8.66,323,6.2,0.9,0.101,992,59.93,19.14,29.2,1,1,1,1,0
44.9,62.55,5.95,111,2.07,39.5,0.028,60,56.05,40.97,41.04,1,1,0,0,1
27.22,85.83,6.22,170,8.9,40.78,0.018,885,93.79,16.03,29.86,0,0,1,1,1
23.73,33.88,6.93,252,4.38,18.97,0.088,403,36.65,80.31,92.95,1,0,0,0,1
26.02,19.71,8.23,382,12.64,8.67,0.001,792,68.93,23.16,64.04,0,1,0,1,1
43.4,226.68,7.64,350,13.21,40.55,0.192,177,45.42,87.97,83.82,0,1,0,1,0
33.0,49.28,7.3,121,3.95,45.46,0.034,569,93.22,47.38,28.75,1,1,1,1,2
29.12,274.18,7.57,441,2.35,3.77,0.084,589,33.55,35.07,15.59,0,1,1,0,1
41.83,110.4,5.84,204,2.05,28.99,0.121,420,74.1,55.14,47.7,1,1,0,0,0
29.87,201.18,7.17,244,12.96,46.91,0.135,132,53.74,64.49,94.26,1,0,0,0,2
28.38,67.62,8.97,126,3.82,32.19,0.113,821,72.9,73.14,20.18,0,1,1,0,1
25.18,72.1,5.81,490,7.22,41.02,0.036,804,32.61,40.44,80.97,0,0,1,1,0
29.44,172.41,7.32,358,2.69,11.49,0.094,329,51.49,98.47,15.33,1,0,1,1,0
27.92,168.19,6.53,314,6.48,5.12,0.065,9,28.58,48.01,24.87,1,1,0,0,0
36.93,230.62,7.39,45,11.43,18.81,0.018,264,97.5,85.1,75.7,1,1,1,0,0
27.24,227.34,7.51,451,6.88,19.76,0.078,845,37.12,13.14,28.99,0,1,1,1,1
34.43,201.21,7.52,295,11.31,39.31,0.122,288,99.46,80.02,11.98,1,0,1,1,2
21.65,134.74,8.48,235,10.27,20.31,0.02,988,53.48,59.62,29.75,0,1,1,0,0
24.78,267.19,6.86,140,8.21,11.83,0.033,407,25.72,67.57,75.95,0,0,1,0,0
30.19,186.77,7.31,120,10.85,44.32,0.017,69,21.41,43.56,57.9,1,0,1,0,0
43.42,297.06,5.54,360,12.55,39.13,0.0,506,67.92,59.04,59.25,0,0,1,0,0
29.43,245.81,8.26,8,11.52,33.37,0.187,56,69.18,93.9,46.94,1,0,1,0,2
36.6,13.29,6.41,65,10.3,10.36,0.168,537,61.98,44.74,23.12,0,1,0,0,0
26.38,96.18,8.36,482,10.42,10.24,0.046,678,25.31,19.52,29.4,0,0,0,1,2
23.18,171.56,6.43,308,3.93,24.57,0.116,171,46.52,74.85,26.66,0,0,0,0,1
21.46,216.44,5.54,459,13.41,26.55,0.16,319,48.73,55.46,73.65,0,0,0,0,1
27.64,165.1,6.04,80,4.47,12.8,0.073,494,76.39,48.24,86.24,1,0,0,1,2
23.94,235.84,8.95,259,6.19,6.17,0.148,431,53.51,80.0,31.38,1,1,1,1,0
24.35,84.8,6.62,381,8.22,18.16,0.174,194,65.84,60.6,25.53,0,1,0,0,0
39.02,55.17,5.88,397,3.51,21.45,0.1,47,42.91,66.82,32.65,1,1,0,0,1
20.4,16.18,5.92,468,9.12,2.63,0.178,551,78.08,93.35,94.49,1,0,1,1,0
33.95,171.99,6.59,104,4.19,28.23,0.042,173,23.74,15.27,29.23,1,1,0,0,0
29.49,206.58,5.63,391,13.08,0.1,0.18,351,99.08,33.61,72.1,1,1,0,0,0
32.66,97.84,7.29,96,12.66,7.56,0.161,985,71.32,90.84,20.51,1,1,0,0,0
34.07,184.08,6.25,189,8.53,7.35,0.168,770,31.91,81.35,69.42,0,1,0,0,1
27.83,15.65,7.32,428,7.39,34.38,0.001,971,77.4,26.97,32.01,1,0,0,0,1
27.38,29.79,5.99,347,3.23,24.29,0.133,397,82.92,25.22,85.35,1,0,0,1,2
38.34,210.53,7.0,194,11.88,41.8,0.08,764,83.09,84.26,12.09,1,1,1,0,1
41.78,110.42,7.59,445,6.55,13.24,0.121,722,41.66,59.76,55.02,1,0,1,1,1
24.81,201.4,5.72,333,4.96,10.53,0.017,259,96.69,87.43,69.7,0,0,1,1,0
22.44,249.52,6.9,82,13.94,40.14,0.047,766,21.42,92.59,76.92,1,0,1,0,2
42.44,255.79,6.56,250,10.02,22.21,0.07,651,50.39,16.26,91.03,0,0,1,0,0
28.75,51.65,6.34,69,2.89,13.71,0.144,994,28.34,97.28,66.33,0,1,1,1,2
33.78,145.89,7.62,291,11.62,20.91,0.111,510,50.79,74.48,21.57,0,0,0,1,2
28.99,220.18,7.56,339,11.0,21.26,0.003,373,24.58,85.1,75.12,1,1,0,0,1
23.15,232.19,7.71,384,6.81,28.61,0.067,762,71.6,66.73,57.52,1,0,0,1,2
34.73,235.4,6.06,187,3.48,1.88,0.188,918,25.0,37.46,18.97,0,0,0,1,1
33.13,68.45,6.5,457,7.97,12.4,0.036,239,69.27,63.95,22.63,0,0,0,1,1
25.07,57.76,6.23,140,11.16,23.34,0.047,642,38.73,56.43,84.55,1,1,1,0,0
31.3,177.0,7.39,139,2.91,27.11,0.061,2,34.33,93.89,60.9,0,1,1,0,2
39.92,222.33,7.11,74,3.96,7.94,0.054,636,47.76,59.95,24.2,0,0,1,1,1
34.76,95.74,6.66,99,9.43,9.68,0.024,742,71.28,12.51,80.96,1,1,1,0,0
22.42,31.41,8.25,144,8.71,36.38,0.063,297,66.26,71.75,62.78,0,1,0,1,2
33.7,215.02,5.83,174,12.86,39.28,0.108,248,74.44,14.55,25.06,1,1,0,0,2
37.57,89.91,8.91,308,11.78,3.76,0.135,463,93.52,94.96,50.48,1,1,0,1,2
39.82,49.91,5.91,220,13.03,49.5,0.129,972,36.26,53.79,93.6,0,0,1,1,1
35.73,44.32,8.21,322,7.59,21.66,0.033,146,53.07,97.12,77.63,1,1,1,1,1
23.82,94.47,6.79,476,11.45,29.29,0.123,155,41.27,12.33,44.82,0,1,1,0,1
37.75,177.8,8.53,9,2.58,29.68,0.072,293,66.91,57.96,10.48,0,0,0,0,2
36.93,107.52,5.76,45,5.53,17.3,0.164,116,42.67,30.36,30.34,0,1,1,1,2
20.61,6.2,6.81,338,9.73,27.24,0.072,503,64.64,67.67,26.28,1,0,1,1,0
30.29,29.07,6.67,116,11.16,29.17,0.195,648,85.85,54.84,43.99,0,0,0,0,2
28.32,87.15,8.98,3,8.85,38.04,0.123,695,64.08,60.95,89.43,1,0,0,0,1
36.74,197.91,8.95,312,7.77,33.09,0.086,109,87.05,42.37,26.2,0,1,1,0,0
25.4,29.55,6.16,237,4.8,22.33,0.101,912,68.91,14.64,14.48,0,0,1,0,1
34.77,168.2,7.7,293,4.09,9.57,0.035,646,89.62,19.55,21.82,0,1,0,1,0
42.83,35.97,7.37,395,12.51,1.26,0.136,455,94.43,87.27,50.16,1,1,0,1,1
39.95,63.48,6.04,30,3.71,32.59,0.193,612,60.63,73.25,16.07,1,0,1,1,2
43.04,51.66,6.09,129,7.22,23.89,0.103,627,83.25,79.25,60.09,1,0,1,0,0
44.46,20.17,8.96,240,12.66,48.28,0.198,118,57.51,21.04,34.65,0,1,0,1,0
20.27,201.4,7.08,384,3.77,4.92,0.03,715,76.42,14.43,43.74,1,1,0,0,0
35.57,139.02,5.94,80,3.53,3.63,0.128,53,23.0,11.55,24.05,0,1,0,1,2
30.32,249.32,6.25,24,10.31,9.06,0.136,539,97.35,56.96,77.12,0,1,1,0,2
41.5,29.67,6.44,260,5.98,18.84,0.062,383,91.55,55.08,44.32,1,1,0,1,0
26.3,43.42,7.29,47,7.23,8.76,0.07,449,91.46,19.96,20.36,0,1,0,1,2
44.53,91.94,6.67,397,9.51,23.19,0.189,239,42.5,41.2,42.54,0,0,0,1,2
35.34,229.76,7.09,51,6.55,16.99,0.122,255,42.65,57.72,98.52,1,1,1,1,1
39.84,91.73,6.08,329,11.6,49.97,0.156,155,52.21,70.82,74.26,1,1,1,0,2
22.14,122.53,6.64,148,13.63,48.34,0.145,24,90.42,82.9,88.24,0,0,0,1,2
24.59,90.48,5.75,408,13.2,18.24,0.122,253,88.69,67.72,90.28,0,1,1,1,2
38.96,24.07,8.61,98,8.55,39.6,0.01,858,43.16,12.7,59.39,1,0,0,0,2
20.55,281.83,6.2,66,6.26,12.08,0.133,98,63.34,62.75,60.12,0,0,1,1,0
40.42,164.56,8.15,209,7.2,2.89,0.069,718,58.01,17.91,91.6,1,1,1,0,2
20.35,236.35,6.72,247,5.96,2.02,0.094,688,72.05,60.84,88.6,0,0,1,0,2
36.43,197.51,7.16,118,7.3,1.46,0.17,943,37.11,43.84,74.47,0,1,1,0,2
29.13,154.28,6.52,433,2.16,36.8,0.194,379,26.8,35.77,83.98,0,1,1,1,2
35.29,26.9,7.94,227,2.66,17.11,0.139,226,22.18,53.35,76.73,0,0,0,0,0
37.4,192.82,8.46,102,11.26,41.19,0.046,942,50.51,44.33,37.71,0,0,1,0,2
28.56,46.61,6.5,288,6.02,43.69,0.064,573,95.73,84.72,20.87,0,0,1,1,2
22.7,124.31,6.35,239,11.53,15.28,0.028,416,74.79,30.38,74.55,1,0,0,1,0
21.74,188.73,7.89,400,7.76,14.46,0.116,491,79.93,22.3,91.51,1,0,0,0,0
34.72,234.67,6.18,231,11.67,15.4,0.186,169,95.61,85.33,98.07,1,0,0,0,1
33.02,205.51,7.74,453,9.96,23.77,0.162,598,53.76,31.91,14.4,1,0,0,0,0
38.56,201.46,5.83,289,4.41,0.8,0.109,538,57.95,12.9,67.32,1,0,1,0,1
32.74,44.71,7.67,153,7.37,0.54,0.188,229,48.76,44.83,65.56,1,0,0,1,0
30.56,103.84,7.3,169,10.45,36.77,0.179,891,34.51,83.71,43.22,0,1,1,0,1
29.95,12.87,5.9,158,5.97,40.41,0.072,7,81.31,48.87,59.73,1,0,0,1,2
20.66,215.84,7.77,112,4.32,10.21,0.11,189,92.53,52.31,51.02,0,0,0,0,1
28.39,285.78,7.06,50,8.48,29.69,0.059,371,85.11,14.25,93.21,1,1,0,0,2
44.4,79.23,6.26,475,5.28,10.8,0.002,933,23.82,73.99,36.92,1,1,1,1,1
41.84,26.31,6.74,35,9.13,36.71,0.09,882,43.93,40.93,26.14,1,1,1,0,1
28.23,142.67,7.22,12,5.26,21.03,0.15,3,67.37,75.58,70.58,1,1,1,0,1
34.69,257.01,5.82,340,12.88,41.14,0.127,53,46.17,46.99,35.73,0,1,1,0,2
41.18,165.59,8.85,217,6.13,47.43,0.185,175,32.01,57.42,15.01,0,0,1,1,1
31.03,14.03,7.83,242,12.89,27.77,0.137,452,63.07,63.05,82.13,1,0,1,0,2
20.45,292.28,5.86,222,5.35,45.03,0.028,911,61.72,27.72,39.21,0,1,1,1,0
21.86,248.59,8.38,207,9.25,1.69,0.053,828,76.79,36.46,99.32,0,1,0,0,2
32.76,39.48,6.63,478,3.56,23.13,0.025,145,99.99,62.7,38.08,0,1,1,0,2
44.24,276.54,7.59,268,11.34,25.17,0.159,248,71.86,84.06,60.01,1,1,0,0,0
37.33,135.21,6.47,221,4.4,20.79,0.19,620,45.35,96.53,24.5,1,0,0,0,1
21.77,111.57,8.07,287,12.37,15.74,0.045,940,96.51,57.18,57.96,0,1,1,1,0
24.73,138.32,8.03,388,7.43,36.15,0.153,785,65.7,16.65,33.85,1,1,1,1,2
39.28,250.37,7.43,11,3.13,27.63,0.087,903,71.66,96.04,71.39,1,1,0,1,0
41.04,197.84,6.34,486,6.36,4.12,0.071,28,48.6,47.87,12.56,1,1,0,0,0
35.44,17.77,6.39,186,11.36,47.54,0.197,148,56.15,19.22,72.92,0,1,0,0,0
36.11,287.28,6.84,168,2.92,44.38,0.069,486,53.49,97.5,56.59,0,1,1,1,2
20.71,44.34,6.01,292,9.51,17.67,0.132,821,94.9,35.25,44.2,0,0,1,1,1
40.71,223.67,6.68,323,8.09,12.31,0.143,602,84.77,69.12,15.81,1,1,0,0,2
39.71,190.84,7.9,105,5.72,31.42,0.155,558,27.26,22.97,15.62,0,0,0,0,0
26.48,56.26,8.41,175,11.07,2.17,0.172,193,45.11,74.76,81.3,0,0,0,0,2
37.72,51.22,6.66,426,2.63,24.8,0.113,835,24.46,97.87,76.66,0,0,0,0,0
25.37,261.1,6.32,348,7.97,33.63,0.121,943,61.34,98.66,51.91,1,1,0,0,0
21.01,125.91,8.41,40,8.08,20.33,0.142,715,42.35,21.36,10.62,0,0,0,0,0
25.03,196.37,8.62,311,3.04,48.61,0.03,79,25.87,79.18,83.18,0,1,1,1,0
24.47,151.22,6.94,324,3.63,35.94,0.04,88,81.76,69.79,69.9,0,0,1,1,0
28.44,218.21,5.59,248,6.92,46.7,0.153,150,27.29,82.13,16.91,0,1,1,0,1
30.46,143.77,7.93,266,8.44,45.39,0.027,784,41.73,39.99,34.89,1,0,0,1,0
32.71,86.21,8.24,221,2.64,6.58,0.138,508,81.73,46.16,16.1,0,0,1,0,0
31.92,109.02,5.56,392,2.14,33.43,0.006,316,60.93,40.76,88.29,0,1,1,0,2
26.77,257.72,7.58,112,4.31,29.83,0.068,179,85.37,78.99,55.34,0,1,1,0,1
20.73,140.41,7.56,283,7.85,2.74,0.132,553,53.16,82.82,43.68,0,1,0,0,2
35.13,64.03,6.83,277,2.48,15.89,0.141,878,85.19,32.44,66.86,0,0,1,1,2
29.89,280.38,8.12,202,10.8,26.73,0.126,562,63.05,61.55,77.12,1,0,0,1,0
27.47,238.98,7.0,340,3.82,27.41,0.088,749,27.04,21.34,68.77,1,0,0,0,2
41.67,16.7,7.87,261,11.27,40.7,0.051,896,57.72,11.18,84.6,0,0,0,0,0
38.67,299.68,7.31,281,4.46,29.38,0.123,404,64.28,64.91,63.5,1,1,0,1,1
41.44,208.48,6.37,143,6.16,23.33,0.037,184,68.97,85.62,10.27,1,1,1,1,1
32.37,48.08,7.62,242,7.75,37.6,0.012,291,94.23,91.59,22.25,1,1,0,1,0
23.27,71.15,8.08,269,6.17,28.54,0.004,769,34.68,65.83,88.05,1,1,0,0,0
37.41,207.73,8.91,34,2.28,44.19,0.054,790,68.48,82.78,21.5,0,0,1,1,0
25.15,233.93,6.83,297,12.9,45.27,0.006,699,80.16,46.38,65.76,0,1,0,0,1
31.03,71.71,5.73,52,5.44,30.22,0.05,487,91.2,88.78,28.54,1,1,1,1,0
21.63,77.09,8.96,355,3.63,28.22,0.058,698,62.02,79.72,96.44,1,1,0,0,1
40.63,92.14,7.68,149,3.59,35.06,0.069,193,37.12,37.77,30.28,1,0,1,0,0
23.15,179.41,8.81,436,13.7,36.28,0.143,42,85.41,63.75,42.57,1,1,1,0,1
42.58,51.54,5.86,449,3.48,36.36,0.088,442,92.4,14.61,79.64,1,0,1,1,0
41.61,31.27,6.7,12,6.16,31.04,0.197,201,28.51,23.19,69.23,1,1,0,1,0
31.61,203.66,5.97,266,2.81,38.14,0.189,618,38.38,95.2,38.95,1,1,0,0,2
38.61,233.73,8.42,395,10.83,7.21,0.196,72,89.72,10.88,72.82,1,1,1,1,2
35.49,150.28,8.58,96,9.16,41.07,0.082,220,58.75,28.29,98.19,1,1,0,1,1
40.08,109.15,7.25,85,8.4,15.52,0.009,601,33.53,22.49,23.05,1,0,0,0,2
30.8,129.61,6.15,308,12.27,44.28,0.172,631,71.62,72.89,31.64,1,1,0,0,0
39.65,116.52,5.94,264,8.88,6.59,0.087,675,56.66,19.51,50.41,0,0,0,0,0
31.56,288.0,7.56,491,13.47,0.18,0.128,827,97.44,11.81,38.21,1,1,0,0,2
43.52,230.43,7.27,70,9.47,0.78,0.169,732,37.82,93.74,38.52,0,1,0,1,2
32.16,62.43,7.93,16,6.25,10.51,0.121,387,48.97,88.55,48.61,0,1,1,1,0
31.57,115.26,6.57,188,2.44,5.69,0.147,532,33.29,42.26,81.07,0,0,0,0,1
39.63,163.2,6.91,9,10.7,27.7,0.05,608,23.98,19.05,42.13,1,1,0,1,1
40.54,183.9,5.57,165,6.48,22.42,0.039,990,41.91,71.04,33.11,0,0,0,0,0
33.86,140.46,7.64,378,9.19,30.3,0.111,886,85.59,89.48,59.58,0,1,1,0,0
24.49,243.04,6.98,38,12.52,9.63,0.128,987,41.38,97.72,88.45,1,1,1,1,1
31.69,230.28,8.72,498,2.09,37.69,0.174,867,75.71,21.71,72.95,0,0,0,0,2
44.2,151.55,7.75,365,11.12,30.52,0.164,864,62.08,64.02,40.61,1,1,0,1,1
38.82,256.33,6.9,344,7.22,11.06,0.198,3,61.58,48.75,97.49,0,0,0,0,0
40.28,225.33,6.42,218,3.49,19.95,0.193,387,82.52,24.11,72.17,0,0,1,1,1
20.82,233.57,8.67,93,8.99,35.91,0.125,160,69.42,82.71,22.44,0,1,0,0,2
31.7,286.92,5.56,157,8.39,34.02,0.101,653,32.79,80.4,72.51,0,0,1,0,2
36.17,79.94,6.64,362,12.11,28.12,0.152,495,37.66,96.82,91.52,0,0,1,1,1
40.75,80.29,8.8,33,8.26,48.95,0.052,904,63.5,17.7,52.57,1,0,1,0,1
21.23,266.69,7.79,288,11.93,6.59,0.07,87,87.63,31.5,75.65,0,1,1,0,1
41.31,231.67,7.36,415,8.53,24.41,0.153,831,32.19,84.48,23.57,1,1,0,1,2
33.71,277.96,6.21,489,7.36,31.2,0.19,189,28.55,45.59,19.95,0,0,1,0,1
24.93,18.94,8.42,11,6.45,49.7,0.179,88,61.4,52.83,66.52,1,0,1,0,0
27.93,188.33,6.21,232,4.08,27.13,0.015,134,35.09,65.04,46.03,0,0,0,0,2
27.05,43.39,6.37,86,9.01,22.12,0.046,493,99.54,46.76,51.34,1,0,0,0,2
33.27,151.17,6.17,92,8.53,46.11,0.055,987,20.35,13.19,37.67,0,1,0,1,1
21.29,46.72,6.05,106,13.71,25.32,0.077,260,55.91,64.36,51.01,1,1,0,0,0
23.96,38.42,8.84,192,6.95,46.96,0.014,877,33.0,30.6,18.91,0,1,1,1,1
40.32,3.65,7.61,467,7.06,37.52,0.046,12,74.49,97.2,19.72,1,0,0,1,0
23.32,189.07,7.73,9,3.97,8.39,0.143,758,70.41,72.13,49.97,1,1,0,0,0
25.83,107.71,8.84,124,9.17,8.37,0.049,385,84.57,85.66,50.78,1,1,1,1,2
31.33,31.56,6.31,274,12.17,15.9,0.189,249,65.07,95.9,88.43,0,1,1,0,1
32.93,96.85,5.52,278,4.98,3.38,0.085,502,35.15,15.7,39.73,1,1,0,1,2
39.09,50.68,7.6,127,2.11,27.13,0.02,595,24.27,23.38,70.92,1,1,1,1,0
31.18,282.51,7.28,340,10.3,42.99,0.169,907,77.77,82.72,37.28,0,0,0,1,2
39.75,96.0,7.17,184,2.38,20.0,0.183,628,55.19,89.63,37.71,1,0,1,1,2
35.46,100.19,5.72,362,6.91,32.42,0.186,90,37.78,10.44,73.8,1,0,1,0,1
22.83,251.96,7.09,354,9.35,49.07,0.099,262,40.15,95.07,60.58,1,0,1,1,2
23.91,194.33,6.51,58,6.63,9.69,0.184,673,31.92,50.89,43.56,1,1,1,1,2
30.93,213.05,6.46,495,5.13,17.9,0.142,660,42.69,51.64,53.5,0,0,1,1,1
29.92,190.8,6.28,479,11.59,1.25,0.039,699,83.36,89.09,86.0,1,0,1,0,2
38.59,283.86,6.66,181,5.61,11.59,0.107,849,69.65,36.06,77.13,1,0,0,1,0
34.52,62.1,6.74,73,4.16,38.97,0.087,393,98.99,62.51,94.12,0,0,1,1,0
29.7,296.71,6.58,1,6.66,32.83,0.09,421,61.94,40.08,88.92,1,0,1,0,2
24.27,249.29,8.93,242,3.58,39.19,0.083,185,61.72,20.22,70.26,0,0,0,1,1
25.67,176.69,8.76,227,10.28,21.27,0.035,567,35.31,42.27,27.1,1,1,1,0,1
34.39,198.71,7.51,47,10.52,36.78,0.078,486,66.92,25.57,42.57,0,1,1,1,0
30.59,194.65,8.93,5,2.18,29.98,0.102,939,68.67,56.89,59.92,0,1,0,1,0
32.87,17.52,8.97,42,10.34,16.42,0.057,212,36.52,57.68,13.05,1,1,0,1,1
24.27,65.4,6.75,144,5.59,20.62,0.035,975,27.04,49.36,71.31,0,1,1,1,0
36.57,288.44,7.06,126,9.87,27.07,0.04,370,49.5,25.64,98.2,1,1,0,1,0
41.31,160.31,8.86,334,10.48,47.82,0.039,447,33.77,20.69,84.48,1,1,1,0,1
26.45,113.51,7.63,245,5.33,46.57,0.089,659,60.26,19.42,71.91,1,1,1,0,2
32.29,228.61,6.25,419,4.22,49.32,0.042,817,62.09,20.09,71.01,0,0,0,0,1
44.39,157.36,7.91,407,11.92,0.82,0.143,821,68.65,36.54,90.73,1,0,1,1,0
28.33,3.95,6.22,120,10.87,35.86,0.067,941,68.23,10.17,37.93,1,1,1,1,0
34.88,220.87,6.69,231,12.05,44.73,0.188,39,73.99,15.6,50.2,1,0,1,0,0
22.25,219.67,6.3,375,7.23,36.96,0.013,151,38.44,52.34,69.43,1,1,0,0,1
35.15,49.54,6.36,188,7.48,20.82,0.062,494,78.47,26.44,61.54,1,1,0,0,1
22.24,287.0,5.52,284,6.13,36.24,0.148,596,61.99,33.7,85.97,0,1,0,1,0
43.98,67.17,8.58,241,7.99,22.21,0.137,619,54.98,41.8,42.96,0,0,1,0,1
37.89,137.32,6.54,77,9.76,35.71,0.084,313,71.83,13.57,47.47,0,0,0,1,0
39.7,34.42,5.8,57,11.77,39.02,0.174,798,60.1,29.8,32.43,0,1,0,1,2
37.6,180.98,5.8,449,4.2,42.16,0.014,506,62.05,79.9,67.47,1,0,1,0,0
34.74,112.64,7.45,495,6.87,36.4,0.102,629,21.86,40.68,45.13,0,1,0,0,0
31.25,105.95,8.98,469,7.53,8.0,0.04,177,84.16,26.75,59.37,1,0,0,1,0
41.46,248.09,6.01,494,7.86,46.81,0.075,137,53.93,27.8,15.45,1,1,0,0,1
43.92,2.87,5.85,180,8.5,10.67,0.14,83,61.45,98.63,73.39,1,0,1,0,0
32.48,239.38,7.03,69,11.62,17.88,0.02,781,51.19,23.36,57.93,1,1,1,1,1
43.29,171.43,7.47,264,12.64,21.46,0.009,18,64.12,91.49,76.8,1,1,1,0,1
34.58,295.83,6.53,203,3.91,35.62,0.084,29,24.32,17.25,32.5,1,1,1,0,2
33.46,176.83,6.56,169,10.55,35.06,0.054,312,50.71,88.7,86.99,1,0,0,1,1
31.36,16.61,6.99,294,7.75,48.09,0.144,271,73.49,55.62,88.37,1,1,0,0,0
25.23,15.19,6.6,452,7.01,9.43,0.013,21,95.08,64.78,49.34,1,0,1,1,0
20.09,264.95,8.7,377,3.36,22.54,0.193,309,87.93,32.13,18.57,0,1,0,1,1
26.04,252.36,5.65,246,2.77,10.19,0.124,83,97.03,90.87,55.65,0,0,1,1,1
32.74,103.77,6.32,423,13.73,33.63,0.1,837,82.52,62.84,68.23,1,1,0,1,0
29.5,185.41,8.33,58,9.71,10.65,0.083,620,70.61,70.81,63.95,1,0,0,0,0
31.21,146.88,8.42,299,7.43,43.39,0.15,938,53.86,60.11,90.79,1,0,0,1,2
44.52,290.15,5.89,320,11.14,49.14,0.071,736,29.85,21.27,92.64,1,0,0,0,2
28.76,284.99,8.91,457,3.09,15.84,0.155,488,40.06,85.26,65.99,1,1,0,1,2
31.3,295.15,7.93,10,9.29,36.97,0.142,402,41.69,26.52,67.8,0,0,0,0,0
23.34,259.93,6.45,346,9.93,26.64,0.11,516,54.23,36.28,21.68,0,1,1,0,0
21.2,272.87,7.1,470,7.42,17.96,0.178,582,68.79,70.26,45.4,1,1,0,1,2
39.39,65.18,6.54,339,5.03,9.56,0.069,481,69.49,18.4,39.71,0,1,1,1,1
34.27,249.3,6.03,4,13.46,35.96,0.012,275,56.44,94.01,41.12,0,0,1,1,2
39.02,212.66,6.52,204,5.61,7.94,0.075,398,41.97,21.17,75.46,0,0,0,1,0
23.75,288.84,7.53,369,3.5,14.03,0.175,549,24.52,70.04,53.92,0,0,0,0,0
34.3,171.38,8.39,457,9.57,45.98,0.015,128,99.11,67.16,55.23,0,1,0,0,2
26.34,25.55,6.77,244,8.89,25.42,0.153,629,95.16,72.82,32.29,1,0,1,0,2
25.7,179.22,6.72,248,11.06,42.7,0.165,4,34.63,49.0,25.04,1,1,1,1,2
20.29,205.97,7.14,432,11.05,38.38,0.086,481,68.43,44.41,46.84,0,1,1,0,2
23.26,66.1,7.76,434,9.44,18.81,0.039,437,43.65,97.99,15.19,1,1,1,0,0
27.73,118.23,8.13,419,4.49,10.9,0.071,596,35.55,83.54,24.36,0,1,1,0,1
22.92,179.55,6.64,104,12.65,5.0,0.08,316,74.75,53.69,83.67,0,1,0,1,1
44.65,112.23,7.55,241,4.98,48.03,0.186,589,82.9,26.4,49.37,0,1,0,0,1
27.72,112.48,6.86,271,3.13,16.24,0.057,912,52.53,90.15,97.87,0,1,0,0,2
23.26,39.93,8.01,6,5.62,33.66,0.195,124,24.73,68.39,10.39,0,0,0,0,2
24.98,282.22,6.08,223,7.8,36.51,0.022,893,52.12,22.22,92.85,0,0,0,0,2
34.69,225.15,6.4,216,4.49,9.88,0.195,75,62.58,26.48,68.72,1,1,0,1,0
21.6,0.37,6.99,43,6.0,34.69,0.045,282,91.46,58.67,66.08,1,1,1,1,2
41.56,229.68,8.61,25,8.16,0.47,0.034,965,72.54,55.33,85.63,1,1,0,1,0
44.04,221.94,7.51,291,5.88,20.91,0.024,870,76.84,46.84,66.41,0,1,1,0,1
26.17,2.92,8.88,180,3.07,17.52,0.063,495,36.21,48.42,13.14,0,0,1,0,1
31.25,110.88,5.86,91,4.37,46.64,0.123,792,77.62,25.5,91.48,1,1,1,0,1
20.55,182.02,7.11,427,11.53,49.3,0.133,346,60.15,32.99,88.59,0,0,0,0,0
36.02,135.83,6.97,267,13.45,14.4,0.074,940,85.63,54.34,56.79,1,0,1,0,0
30.35,233.4,7.6,345,3.78,30.5,0.046,129,37.31,15.73,21.34,0,0,0,0,0
26.75,127.64,8.34,67,10.17,37.26,0.199,661,61.19,41.74,83.93,1,0,1,1,2
25.17,46.16,8.45,363,12.87,9.56,0.054,351,36.76,28.93,57.68,1,1,0,0,1
36.35,292.92,7.85,150,5.59,34.33,0.076,821,42.87,25.72,39.36,1,0,0,0,0
30.41,72.61,7.75,103,11.95,12.89,0.096,144,86.58,23.19,99.4,1,0,0,1,1
24.49,215.31,8.82,87,12.86,8.44,0.148,700,75.02,22.62,24.81,0,0,1,1,0
37.23,42.95,6.84,94,5.59,42.53,0.03,484,78.28,24.44,24.81,0,1,0,1,1
34.13,98.7,8.41,381,2.68,25.12,0.053,577,25.48,43.67,63.97,1,1,1,0,1
41.47,132.61,8.73,285,13.0,14.85,0.199,244,78.3,19.13,34.03,1,0,0,0,1
22.94,57.67,7.22,318,5.97,20.23,0.165,243,59.31,90.73,47.09,1,1,0,0,1
39.64,134.99,8.05,2,2.16,20.66,0.089,118,56.73,54.81,31.65,1,1,1,0,1
36.84,47.15,6.82,207,7.7,38.5,0.022,665,53.01,55.43,80.44,0,1,0,1,1
22.88,167.7,6.06,417,3.39,44.34,0.173,439,88.14,29.0,34.72,0,0,0,0,0
37.37,199.11,7.55,101,12.82,23.78,0.157,672,34.2,88.04,85.8,0,1,1,1,0
31.04,18.73,6.19,347,3.86,16.14,0.116,512,85.13,84.53,76.23,1,1,1,1,1
43.62,261.34,7.1,176,5.65,36.36,0.081,551,94.27,13.08,36.8,1,1,1,0,1
23.54,55.54,8.56,427,11.49,45.27,0.187,170,33.46,75.92,81.91,1,1,0,1,0
36.07,67.61,5.8,424,11.68,5.7,0.059,299,99.97,26.58,38.69,1,0,1,0,0
29.55,198.4,5.61,303,12.82,39.84,0.064,189,99.24,60.01,46.59,1,0,1,0,1
43.92,140.63,7.62,198,7.97,27.86,0.175,291,69.71,88.35,17.04,1,0,1,1,0
28.25,149.82,6.66,7,13.84,43.38,0.125,951,41.48,94.06,61.19,1,0,1,1,2
44.05,38.45,6.96,390,8.19,25.71,0.19,934,54.37,26.6,83.47,0,0,1,1,2
42.54,241.72,6.92,244,11.49,43.13,0.129,984,33.63,94.56,66.07,1,0,1,0,2
26.76,185.12,5.8,292,6.34,27.72,0.007,908,29.62,16.26,59.65,1,0,0,1,2
40.09,40.61,5.51,438,13.3,7.24,0.035,806,76.32,91.84,90.81,0,0,1,1,0
44.89,112.2,8.64,326,10.22,0.25,0.056,637,66.39,79.51,49.72,0,1,0,1,1
26.32,243.12,6.26,177,2.93,31.0,0.173,995,65.09,92.24,99.62,1,1,0,0,1
30.92,170.51,6.99,81,3.3,29.61,0.166,779,39.82,42.95,51.47,0,0,1,0,2
33.0,32.59,8.9,111,12.69,10.51,0.158,532,38.79,94.67,67.9,1,1,0,1,0
27.37,111.83,8.39,358,11.71,42.53,0.111,86,99.18,83.67,14.18,0,0,0,0,2
20.38,72.81,5.88,20,5.96,43.39,0.028,401,70.3,39.55,72.87,1,0,0,0,0
25.5,155.24,7.28,33,8.26,40.21,0.026,780,85.56,40.5,38.75,0,0,0,1,2
27.05,253.01,8.06,254,12.23,46.83,0.025,786,50.28,42.15,21.5,0,1,0,0,2
31.09,130.88,7.94,432,3.24,25.33,0.171,930,87.49,62.99,23.33,0,1,0,0,0
24.28,130.0,8.16,26,3.66,35.12,0.028,557,77.79,26.37,55.75,1,1,0,0,2
41.83,271.61,7.1,7,10.59,45.22,0.162,623,48.01,49.01,63.06,1,1,0,1,1
37.62,172.86,6.12,417,2.99,22.81,0.169,184,77.42,16.09,73.3,0,1,1,0,0
22.13,169.86,7.13,17,6.23,30.92,0.021,929,94.05,42.25,50.15,1,1,1,0,2
36.25,78.57,7.77,434,5.02,25.64,0.18,499,37.1,70.01,87.83,0,1,0,0,0
36.34,182.32,7.63,499,11.12,49.16,0.18,189,63.81,63.05,16.17,1,1,0,0,1
43.91,172.77,5.75,232,2.03,21.88,0.128,567,97.33,38.49,20.93,0,0,1,0,1
20.08,119.06,5.73,395,3.38,15.85,0.103,128,85.71,33.15,30.51,1,1,1,1,2
26.2,297.21,8.88,469,3.19,31.48,0.129,440,69.62,39.44,19.16,1,0,1,0,2
43.19,264.57,6.03,306,5.82,14.03,0.081,109,25.58,16.26,78.03,1,1,1,1,0
43.3,224.88,6.53,190,4.79,42.88,0.118,853,52.51,33.18,42.66,1,0,0,0,2
38.01,161.2,8.19,423,4.74,44.61,0.194,667,72.06,73.72,64.38,0,1,1,0,1
39.14,138.62,6.93,149,6.44,17.25,0.023,131,52.77,26.09,78.84,0,1,0,1,0
22.29,55.47,6.14,391,4.57,17.92,0.047,484,99.77,22.44,59.25,0,0,0,1,1
32.85,91.72,7.14,489,3.27,4.33,0.105,198,80.27,86.15,58.01,1,1,1,0,1
25.79,232.19,7.49,155,9.0,12.79,0.052,74,34.97,31.29,50.53,0,0,1,0,1
24.53,136.12,7.08,433,13.42,3.39,0.199,203,59.23,32.6,72.6,1,1,1,1,2
40.26,264.68,8.72,46,9.29,37.86,0.144,935,50.72,51.67,57.67,1,0,0,1,2
23.38,44.37,6.5,311,11.08,9.02,0.087,52,67.51,52.47,46.32,1,0,0,0,0
31.72,152.5,7.81,415,13.67,3.95,0.181,38,55.73,26.76,65.6,0,1,0,1,2
43.46,194.09,5.89,138,3.84,8.22,0.029,290,39.03,60.05,96.54,1,1,1,0,2
24.65,155.05,6.87,404,7.52,18.87,0.058,481,77.95,72.62,82.73,1,1,0,1,2
44.45,266.77,8.09,409,8.98,21.12,0.191,337,28.53,53.6,50.24,1,1,1,1,1
44.86,296.87,6.29,141,5.87,44.93,0.111,393,62.57,90.59,64.69,1,1,0,1,1
33.89,34.75,7.56,334,9.36,13.98,0.184,50,44.81,99.24,45.22,1,1,0,1,0
24.25,38.99,6.04,13,9.49,35.89,0.197,885,97.32,57.57,56.82,1,0,1,0,1
27.9,39.1,5.86,459,12.11,44.75,0.072,191,44.28,97.54,76.03,1,0,1,0,0
30.61,204.35,7.33,355,11.99,42.84,0.115,718,47.28,68.18,85.41,0,0,1,1,2
27.73,111.8,7.86,258,3.71,9.95,0.169,314,76.57,57.59,15.51,0,1,1,1,2
27.02,219.99,5.9,235,4.03,13.99,0.055,793,30.28,88.3,24.82,0,0,1,1,2
44.31,121.64,8.71,440,4.67,2.72,0.089,112,45.97,96.98,62.23,0,1,1,1,1
23.83,188.28,6.29,377,5.13,24.16,0.031,114,75.67,99.91,73.32,1,0,0,1,0
38.33,230.96,5.92,6,8.77,20.26,0.131,770,22.46,78.33,69.47,1,0,1,0,1
20.01,164.46,6.21,38,5.93,27.27,0.001,844,44.88,53.68,32.46,0,1,0,1,1
34.9,161.85,6.09,184,13.44,22.89,0.09,865,20.66,36.64,68.9,0,1,1,0,2
42.9,26.47,5.82,114,3.42,36.79,0.186,750,32.02,60.22,51.57,0,1,0,1,0
27.2,123.23,8.29,109,4.96,33.49,0.179,16,68.34,79.98,32.04,1,1,1,0,2
24.64,163.73,7.23,64,12.42,21.43,0.161,832,56.54,12.41,89.62,0,0,0,1,2
36.29,138.59,6.86,230,9.01,1.89,0.028,205,32.48,34.09,57.7,0,0,0,0,1
37.82,270.23,8.83,280,8.57,17.19,0.104,256,26.24,41.91,87.62,0,0,0,0,0
37.2,271.96,6.8,30,9.13,16.21,0.144,87,24.51,80.2,47.62,1,0,0,0,0
27.98,246.58,6.08,85,5.03,4.47,0.02,373,26.83,65.22,66.96,0,1,0,0,2
26.31,112.59,6.46,137,11.14,15.21,0.029,312,27.69,48.31,83.53,0,1,0,0,2
43.9,215.19,6.34,465,7.96,49.37,0.008,891,26.91,92.73,39.59,1,0,1,0,2
43.08,118.59,7.25,76,2.51,41.06,0.065,522,24.41,58.43,87.18,0,1,0,0,1
31.43,69.78,6.52,455,4.13,40.08,0.175,578,75.76,75.15,41.64,1,1,1,1,2
41.15,102.87,7.31,136,11.8,42.17,0.101,204,95.3,68.99,28.18,0,0,1,0,1
31.31,21.29,7.84,121,6.14,43.25,0.171,822,88.48,87.27,76.61,0,0,1,1,1
30.61,99.53,8.22,462,11.28,16.27,0.017,85,41.27,83.11,40.14,0,0,1,0,0
23.92,138.22,7.99,263,9.96,16.11,0.011,40,36.34,99.01,95.81,1,0,0,1,0
30.66,286.64,6.22,96,5.62,16.82,0.161,616,23.83,44.13,82.4,1,1,0,0,0
33.44,94.02,5.91,482,3.52,40.93,0.1,954,32.48,24.84,30.75,0,0,0,1,1
20.56,270.74,7.4,18,11.68,39.87,0.094,541,65.42,78.38,98.79,1,1,0,1,1
31.1,68.66,6.2,285,9.72,0.85,0.095,280,99.85,88.72,42.73,1,0,0,1,1
39.53,57.29,5.8,8,5.61,47.46,0.076,255,88.72,14.89,60.21,1,0,1,1,0
37.0,155.7,7.34,82,8.28,14.28,0.177,966,61.19,39.96,16.62,1,1,1,1,1
35.88,201.75,6.64,46,9.34,31.31,0.104,319,53.88,82.65,13.75,0,1,1,1,1
42.74,13.3,8.15,429,2.03,32.0,0.195,216,31.83,71.51,36.6,1,1,0,0,2
20.45,66.32,6.6,89,10.05,5.67,0.169,102,53.49,77.98,11.11,0,0,0,1,1
33.93,136.71,8.93,0,9.87,34.79,0.148,408,67.59,58.89,34.99,1,1,1,1,1
39.68,99.3,8.15,386,2.99,26.68,0.127,449,67.64,44.37,57.0,0,0,1,1,2
33.53,213.79,5.7,161,11.45,30.55,0.167,673,64.6,83.03,72.18,1,1,0,0,0
28.1,153.35,7.28,152,11.9,22.35,0.176,950,85.92,59.91,32.62,0,1,1,1,2
23.41,48.11,7.47,413,5.48,40.22,0.027,697,60.81,56.35,46.66,0,1,1,1,1
42.19,268.34,7.93,0,3.95,31.76,0.072,255,57.83,76.14,44.46,1,1,0,1,1
31.77,87.87,7.24,378,10.24,9.65,0.161,85,44.46,27.18,39.48,0,0,1,0,0
41.95,219.34,7.19,145,3.48,37.64,0.044,693,34.42,62.74,44.97,0,0,1,1,2
34.65,233.97,6.79,160,12.3,25.13,0.117,628,20.11,37.4,53.93,0,1,1,0,1
36.85,288.95,6.45,392,7.76,1.86,0.156,896,45.77,11.93,27.87,1,0,1,1,1
40.11,149.55,8.81,134,12.92,19.74,0.045,246,70.65,77.4,51.81,0,0,1,1,1
36.48,184.75,6.61,285,9.71,20.09,0.08,657,64.71,52.72,33.44,0,1,0,1,1
29.95,100.46,5.72,76,5.42,40.07,0.183,783,62.44,91.29,15.72,1,0,1,0,0
32.84,203.45,6.09,80,7.62,11.7,0.071,183,81.79,55.01,29.22,1,1,1,1,1
40.08,139.02,8.5,268,8.35,22.63,0.121,713,38.63,10.92,94.07,1,1,0,0,2
29.34,131.3,7.55,268,11.78,2.72,0.087,158,74.28,46.79,55.47,0,1,1,0,0
29.7,256.64,8.23,41,12.34,44.07,0.175,502,68.57,25.4,98.43,1,0,1,1,0
22.39,15.05,8.33,123,10.2,22.19,0.085,559,47.12,92.9,30.27,1,0,1,1,2
42.86,264.59,8.38,229,5.53,42.83,0.072,635,37.48,50.12,36.28,0,1,1,0,1
22.28,255.62,7.43,356,8.34,33.86,0.035,844,65.02,55.96,67.64,1,1,0,1,2
36.21,151.91,6.12,201,3.57,15.99,0.07,673,95.61,42.89,41.98,0,0,1,0,1
30.33,147.06,6.02,333,4.76,35.64,0.134,673,26.11,57.0,42.51,0,0,1,0,2
30.14,108.54,7.51,446,5.64,23.44,0.035,233,96.24,17.45,85.95,0,1,0,1,2
36.99,298.25,6.78,106,2.87,17.06,0.141,375,57.18,51.29,12.63,1,1,1,1,2
21.68,33.35,7.45,452,12.62,33.4,0.002,59,76.8,69.71,69.96,1,0,1,0,2
34.84,177.06,7.24,291,3.47,38.72,0.073,587,84.26,43.5,89.23,0,0,1,1,1
39.3,204.5,7.61,290,10.36,34.43,0.093,420,32.12,45.34,25.68,1,0,1,1,2
40.71,280.3,5.61,173,8.07,23.14,0.019,551,23.6,85.37,46.31,0,1,0,1,0
24.26,234.06,5.61,428,11.98,12.97,0.137,656,30.28,58.3,82.82,1,1,1,1,2
42.44,193.15,8.03,311,10.89,40.52,0.021,168,47.28,62.89,58.16,1,1,1,1,1
36.4,35.04,6.18,86,11.12,17.33,0.018,823,96.52,36.71,42.19,1,0,0,1,0
42.05,112.12,7.78,4,7.02,30.65,0.074,949,23.42,53.47,66.33,1,0,0,1,1
32.13,41.65,7.41,171,12.01,5.77,0.148,974,93.58,14.86,39.22,0,1,1,0,2
33.55,264.36,8.94,120,3.14,37.01,0.193,908,64.9,48.73,66.37,0,1,0,0,2
42.98,224.89,8.42,155,7.33,47.65,0.155,173,28.19,82.24,23.05,0,0,0,0,0
42.5,227.26,6.95,86,13.94,22.46,0.093,71,32.22,24.53,30.29,1,1,1,0,1
31.2,195.68,7.66,425,13.38,27.42,0.055,912,75.15,78.8,11.32,0,0,1,0,2
26.86,152.11,5.91,97,2.99,44.97,0.06,138,68.68,43.68,26.6,1,1,1,1,0
29.83,44.99,6.85,414,8.88,39.76,0.057,551,33.4,12.44,21.77,1,0,0,1,1
29.69,98.91,8.07,134,5.79,48.11,0.056,173,92.35,95.79,63.83,0,0,1,1,1
27.17,41.07,7.68,6,10.74,13.3,0.014,64,30.63,26.32,94.99,0,0,1,1,0
26.71,217.47,7.2,259,10.83,23.5,0.044,31,60.93,40.13,29.38,1,0,0,1,0
41.53,48.07,6.12,363,2.0,22.78,0.022,619,62.26,53.27,21.64,1,1,0,0,2
21.75,210.63,8.31,383,12.15,23.66,0.001,691,89.64,95.45,58.18,0,0,0,0,2
36.94,207.68,6.46,31,4.68,45.66,0.057,777,21.77,62.31,26.3,0,1,0,0,2
24.32,137.79,8.37,27,13.59,10.28,0.07,363,30.92,91.48,58.75,0,1,0,0,0
28.61,40.57,7.64,439,12.87,44.74,0.185,626,33.65,60.8,55.4,1,0,0,1,0
21.54,94.44,6.8,259,4.29,28.56,0.199,442,25.03,28.49,11.75,0,0,1,1,0
26.75,96.03,5.64,486,9.64,26.84,0.116,910,70.52,60.79,96.79,0,0,0,1,2
39.21,210.12,6.31,243,5.56,20.82,0.18,130,38.37,19.04,28.13,0,0,1,1,0
42.13,34.12,8.61,364,3.24,26.98,0.124,249,66.13,20.54,90.54,1,1,0,0,2
25.54,248.72,8.36,263,12.49,40.16,0.1,136,82.61,20.41,44.48,0,0,0,1,2
31.59,228.3,7.51,141,4.17,24.61,0.009,135,52.68,11.1,24.25,1,0,0,1,0
31.76,55.89,7.13,29,7.05,38.8,0.009,510,81.51,23.62,19.61,1,0,0,1,1
41.84,215.75,7.76,386,13.09,20.83,0.006,73,82.23,41.77,55.96,0,1,0,1,2
39.07,200.55,7.13,129,2.9,9.14,0.03,379,41.07,16.49,42.57,1,1,0,1,0
32.83,224.44,7.76,265,8.61,20.73,0.015,519,21.26,10.55,92.58,0,1,0,0,0
36.77,56.68,6.58,69,8.87,36.17,0.039,783,28.26,20.1,28.13,1,0,0,0,1
41.18,47.28,8.43,118,11.16,42.59,0.104,778,85.88,94.25,75.13,0,0,0,0,1
20.24,70.95,7.96,326,11.93,38.58,0.101,278,52.42,57.31,26.72,1,0,1,0,1
30.07,109.76,6.65,399,7.09,18.72,0.069,951,87.13,49.15,88.45,1,0,0,1,0
42.68,238.1,8.41,69,10.92,28.96,0.133,823,63.8,53.84,55.94,0,0,0,0,2
38.51,221.38,7.21,207,12.93,18.02,0.078,661,35.79,59.93,84.81,0,0,1,1,2
33.57,277.64,6.11,90,12.64,35.22,0.044,871,76.98,19.7,49.38,0,0,1,1,2
33.24,17.59,5.77,119,8.02,21.82,0.138,401,64.65,62.63,25.77,0,0,1,0,0
28.69,3.47,7.95,459,9.28,38.24,0.196,806,48.14,85.08,58.54,1,1,1,1,1
33.01,209.74,8.53,469,10.07,0.64,0.162,898,27.02,60.46,34.53,0,1,1,0,0
36.38,83.79,8.33,206,11.83,17.01,0.083,647,28.18,89.47,26.62,1,0,0,1,0
30.46,100.22,7.79,405,8.09,43.91,0.075,644,35.08,22.44,91.34,0,0,0,0,0
37.85,164.04,5.99,255,3.34,16.18,0.008,346,73.83,84.33,59.63,0,0,0,1,2
41.53,30.72,5.83,34,6.62,19.74,0.131,772,78.24,69.64,82.03,1,1,0,1,1
23.87,192.81,6.71,123,10.64,39.54,0.045,530,70.47,64.33,79.84,1,1,1,0,2
31.29,97.54,8.49,111,9.49,4.73,0.137,976,46.98,62.99,10.1,1,1,0,1,0
30.2,189.81,8.87,497,11.04,15.59,0.152,380,55.24,20.71,89.73,0,1,0,0,0
37.19,250.2,6.34,206,8.0,38.72,0.176,60,76.76,67.77,79.6,0,1,1,0,1
26.25,51.33,8.17,470,4.09,47.85,0.11,813,72.79,45.89,34.19,0,0,0,0,1
36.01,279.26,7.51,101,3.38,39.14,0.166,657,81.84,15.69,30.64,1,0,0,1,0
41.94,159.21,5.61,432,7.78,8.62,0.145,956,39.29,28.47,15.11,0,1,1,0,0
30.45,276.88,7.4,385,4.47,41.75,0.071,187,20.36,49.83,18.32,1,1,1,0,1
42.78,62.32,8.32,193,13.79,23.79,0.021,385,41.32,99.37,27.51,0,0,0,0,2
44.83,181.37,6.47,240,4.39,39.15,0.048,502,47.83,48.76,10.31,0,1,1,0,1
22.65,121.17,8.64,146,8.8,11.97,0.169,177,96.84,23.48,38.42,0,0,1,1,1
25.83,232.27,6.33,452,2.02,17.06,0.107,958,37.42,91.15,93.0,0,1,0,1,0
43.76,181.77,5.77,131,5.04,45.08,0.133,326,86.11,13.17,59.97,0,1,0,0,2
43.96,148.35,6.06,219,5.11,45.54,0.161,176,69.8,21.41,62.25,0,1,0,0,2
22.44,273.9,8.43,337,10.86,14.26,0.133,113,33.4,52.64,31.31,1,0,0,1,2
20.37,113.14,6.96,103,7.95,4.18,0.171,207,52.28,18.35,30.26,0,1,0,1,1
24.03,65.99,8.29,40,2.15,46.45,0.017,454,60.81,61.44,43.06,1,1,0,1,1
44.9,182.43,7.36,55,6.55,15.02,0.181,529,47.53,24.2,33.6,1,1,1,1,2
24.5,187.21,7.18,310,9.74,6.01,0.163,875,38.09,68.58,87.26,0,0,0,1,2
32.56,131.73,8.32,249,9.64,17.41,0.181,601,40.23,20.59,25.97,1,1,1,0,2
41.21,145.98,6.98,241,2.65,14.1,0.146,732,66.82,82.91,70.74,0,0,0,1,1
20.51,287.87,8.31,414,13.15,4.03,0.055,143,75.05,76.04,54.07,1,0,1,1,2
35.11,219.81,5.85,126,4.96,49.19,0.023,557,57.52,93.29,70.95,0,0,1,0,2
26.93,33.18,7.73,149,12.7,14.69,0.026,102,95.34,16.16,85.12,0,1,1,1,2
41.56,63.64,7.96,330,4.56,13.62,0.1,605,78.29,59.98,40.72,0,1,1,1,1
27.09,292.67,8.65,431,8.81,21.0,0.078,920,91.34,73.8,58.67,1,0,1,0,2
37.17,217.94,6.29,335,6.87,20.74,0.131,903,58.05,91.24,54.9,1,1,1,1,1
36.86,274.51,7.61,383,8.98,21.69,0.101,63,21.19,53.38,43.59,1,1,0,1,2
25.54,91.16,7.02,387,7.97,45.33,0.025,653,67.37,95.62,83.08,1,0,1,0,1
20.87,222.56,6.84,148,2.02,3.01,0.0,277,85.46,21.02,10.92,1,1,0,0,0
30.23,214.2,5.87,168,6.22,47.08,0.026,883,62.92,48.99,37.91,0,0,1,0,2
27.23,88.41,5.97,44,2.13,33.3,0.029,77,65.43,32.79,84.89,0,1,0,0,0
40.22,165.24,8.43,472,10.2,34.88,0.144,602,98.0,23.98,88.49,0,0,0,1,1
40.01,188.22,8.12,83,12.24,7.89,0.057,34,49.29,35.81,72.43,1,0,0,0,2
31.43,144.34,6.84,7,6.62,16.46,0.019,615,84.15,69.82,40.67,0,0,0,1,0
35.16,248.15,8.4,106,8.3,2.61,0.151,946,60.41,53.49,84.01,1,1,0,0,2
35.11,249.86,5.78,372,2.79,32.65,0.188,587,57.1,26.34,17.56,1,0,0,1,2
40.68,255.18,7.69,264,6.62,16.99,0.02,426,31.65,12.85,33.89,0,0,0,0,0
30.63,241.03,8.54,145,3.67,27.56,0.193,980,79.87,93.11,18.32,1,1,1,1,2
26.89,146.43,8.44,30,2.78,37.64,0.19,330,85.86,38.27,19.93,1,0,1,1,1
26.63,114.43,6.8,243,4.06,27.68,0.105,130,54.47,21.48,63.37,1,1,0,1,2
33.4,249.41,8.11,34,12.45,3.57,0.059,456,81.08,23.15,16.49,1,1,1,1,0
31.23,147.06,7.0,246,13.79,3.08,0.028,106,66.49,32.81,71.18,1,1,0,1,0
31.0,73.91,8.44,413,12.55,43.36,0.165,438,40.6,30.77,41.4,0,0,0,1,1
22.28,152.2,7.36,17,13.64,13.11,0.121,274,93.9,35.16,15.01,0,0,0,0,2
37.97,42.55,8.18,466,10.77,18.11,0.13,937,75.74,30.3,35.7,0,1,0,1,1
25.34,207.49,5.78,424,3.92,10.92,0.172,956,90.27,48.76,45.94,1,0,0,1,2
24.92,100.78,7.57,23,8.76,34.94,0.089,278,42.52,78.9,42.99,0,0,1,1,2
30.32,78.2,7.43,497,10.78,19.3,0.074,719,93.31,12.45,55.91,1,1,0,0,1
25.69,286.95,7.63,341,8.16,22.82,0.152,259,49.17,27.14,55.25,1,1,1,1,2
34.6,233.06,7.93,303,8.66,33.72,0.059,607,20.76,74.08,42.37,0,1,0,1,0
29.29,236.12,8.71,397,9.03,31.15,0.066,960,26.0,23.4,90.93,1,1,1,0,2
31.22,187.12,8.25,402,7.6,38.72,0.076,3,27.15,76.72,29.8,1,0,0,0,0
33.43,251.75,6.27,315,5.49,37.44,0.171,186,36.57,56.33,40.63,1,1,1,1,2
25.09,227.75,8.39,348,9.64,21.99,0.156,217,34.92,89.35,59.83,1,0,0,1,1
23.89,179.63,5.93,277,2.64,9.59,0.058,858,24.63,10.91,32.07,0,1,0,1,1
42.01,288.34,7.68,29,4.05,11.16,0.029,634,91.63,80.59,23.52,1,0,1,1,1
30.84,57.48,8.59,142,13.1,35.34,0.079,871,86.26,61.5,10.57,1,1,0,0,1
30.3,283.01,5.85,276,7.87,13.06,0.125,847,81.03,52.2,95.08,0,0,1,0,2
20.89,120.43,8.47,409,11.86,22.02,0.135,285,58.33,23.11,80.58,1,1,0,1,0
32.45,158.52,8.3,355,10.72,5.4,0.04,357,54.01,31.07,90.0,0,1,1,0,0
33.85,36.82,7.26,11,5.85,6.11,0.05,160,54.03,80.74,13.62,0,0,0,0,1
33.97,162.03,6.58,390,11.64,12.5,0.186,207,40.94,23.41,16.61,0,0,0,0,1
37.68,183.36,6.92,202,3.1,4.24,0.077,416,68.66,57.46,59.68,0,1,0,1,2
24.44,299.31,8.89,249,12.5,13.73,0.063,531,24.73,28.69,12.08,0,0,0,0,0
26.31,292.56,6.21,102,10.17,28.41,0.139,990,72.7,54.03,34.43,1,0,0,1,0
40.27,289.92,7.53,467,13.12,37.24,0.094,47,61.11,32.93,97.54,1,1,0,0,2
43.68,104.52,5.79,34,12.75,1.64,0.049,538,85.32,41.6,42.17,0,1,0,1,2
23.4,297.38,6.26,323,6.56,30.03,0.082,671,97.82,82.22,98.15,1,0,1,0,0
32.44,136.64,8.17,385,12.28,18.16,0.029,469,90.13,13.34,20.67,0,1,1,1,2
25.35,255.55,6.56,19,8.76,11.33,0.056,995,77.59,93.19,44.66,1,1,1,0,2
21.5,64.9,8.95,46,3.89,1.59,0.084,154,54.62,38.74,10.52,0,1,0,0,2
28.14,151.75,7.25,83,11.95,16.3,0.104,792,37.16,63.64,63.24,0,1,1,1,2
23.59,289.8,7.31,267,12.9,39.48,0.148,65,73.19,29.96,40.76,0,1,0,1,0
37.75,284.11,5.63,52,3.01,26.5,0.077,229,36.13,42.29,55.36,0,0,0,0,2
33.34,205.12,8.85,272,13.17,38.78,0.109,214,21.62,51.37,81.52,1,1,1,1,0
23.6,239.34,6.11,17,9.22,20.62,0.19,755,65.86,71.99,59.61,1,0,0,0,1
20.23,52.93,7.38,103,2.31,42.16,0.164,11,51.53,88.58,69.87,0,1,0,1,0
40.2,216.5,6.88,151,8.5,7.52,0.047,612,90.08,87.95,52.5,1,1,0,0,1
24.4,185.42,6.95,327,11.56,41.0,0.043,685,71.66,40.33,77.31,0,0,1,0,1
35.16,27.47,7.75,164,8.4,23.8,0.133,228,71.78,17.98,64.23,0,1,0,0,2
28.42,33.95,7.82,360,10.49,37.3,0.119,241,83.03,93.25,87.93,0,1,1,0,0
34.64,32.53,6.04,413,12.55,12.02,0.109,509,46.85,12.76,78.03,1,1,0,1,2
27.89,217.31,7.25,83,12.44,24.31,0.031,815,96.65,89.3,30.88,1,0,0,1,1
22.17,42.51,8.27,307,4.15,36.64,0.073,212,37.71,12.32,57.2,1,0,1,1,1
25.57,140.32,7.05,150,7.13,24.19,0.152,111,89.73,97.9,88.75,0,0,0,0,2
24.7,107.09,6.08,36,3.33,22.91,0.145,873,92.87,11.0,87.3,1,1,1,1,0
30.7,165.15,6.6,378,9.14,40.53,0.033,202,23.12,11.53,52.94,1,0,0,1,2
36.46,211.94,6.24,457,13.46,8.12,0.085,340,70.55,55.78,38.24,1,0,0,1,0
26.6,205.42,5.94,352,4.18,23.76,0.089,36,79.95,70.01,28.96,0,1,1,1,2
20.3,154.66,6.82,151,6.84,41.12,0.102,643,96.31,41.75,27.49,1,1,1,1,2
32.97,139.3,7.39,355,13.45,42.26,0.092,89,40.11,64.53,22.95,1,1,1,0,1
35.14,119.34,5.75,375,11.0,5.91,0.1,723,64.95,86.13,99.97,1,1,1,0,1
44.07,258.57,7.61,207,2.85,42.51,0.163,444,81.85,81.6,69.63,1,0,0,0,2
34.74,99.26,8.98,49,7.14,0.61,0.078,326,31.87,89.57,38.31,0,1,0,1,0
31.78,77.81,8.87,219,13.85,42.78,0.11,101,88.24,24.32,36.39,1,0,1,0,0
34.34,222.99,8.4,459,7.44,13.24,0.121,942,52.29,30.22,37.49,1,1,1,1,0
43.2,107.93,6.43,403,9.55,28.91,0.188,474,71.18,62.89,88.52,0,1,1,1,1
40.71,254.1,5.58,46,10.41,0.48,0.131,558,23.36,75.13,56.19,1,1,0,1,1
28.07,98.37,8.42,17,9.97,36.57,0.026,631,37.83,19.66,34.43,1,0,1,0,1
25.93,210.58,5.7,484,8.22,21.58,0.116,528,58.25,25.81,81.86,0,1,0,0,0
26.57,13.53,6.22,121,3.59,42.29,0.132,799,43.14,93.06,77.52,1,1,1,1,2
32.61,115.67,7.41,281,10.5,27.78,0.002,905,96.63,12.33,52.08,1,0,0,1,0
38.6,102.97,6.12,493,13.2,41.73,0.015,177,83.59,46.16,71.99,0,1,0,1,0
32.58,245.0,8.42,119,13.3,30.58,0.004,970,89.19,28.98,76.43,0,1,1,1,1
21.69,290.12,8.22,250,9.12,37.29,0.01,954,57.31,79.69,14.46,0,0,0,1,0
38.09,138.26,8.15,326,7.91,37.4,0.018,785,57.89,87.72,88.8,1,1,1,1,1
40.15,247.45,8.36,298,6.01,12.33,0.192,705,84.42,32.23,35.83,1,0,0,0,2
27.24,209.91,6.27,46,3.24,28.86,0.041,418,51.0,63.09,98.3,0,1,1,1,2
36.6,290.22,8.05,84,12.6,43.69,0.041,517,58.47,85.89,91.74,1,1,0,0,1
30.66,243.33,6.74,298,3.64,43.94,0.171,514,62.29,63.87,11.74,0,0,0,1,0
42.23,23.24,7.83,383,5.46,19.24,0.151,710,68.57,64.06,65.88,0,1,0,1,0
41.13,213.98,5.93,159,10.88,16.24,0.135,34,72.0,47.16,96.86,1,1,1,0,1
33.14,160.65,7.97,6,10.46,32.7,0.084,238,74.46,68.77,60.85,0,1,0,0,0
37.29,4.93,8.9,244,10.17,38.92,0.006,588,55.52,96.43,65.41,0,1,1,1,0
42.08,75.39,5.65,214,10.9,1.77,0.165,613,43.61,36.97,93.79,1,0,0,1,2
32.39,276.53,5.83,211,8.5,4.67,0.172,449,93.61,28.05,61.55,1,1,0,1,1
27.83,277.82,5.93,211,3.86,38.94,0.096,577,86.14,96.23,32.0,1,0,0,1,2
38.84,239.66,7.01,287,13.98,21.84,0.129,50,20.27,15.42,51.43,0,0,1,0,0
25.5,294.53,6.52,217,12.71,33.38,0.096,635,61.03,85.59,41.5,1,1,1,1,2
29.71,241.96,8.32,483,7.17,41.02,0.059,711,41.97,91.88,25.04,1,0,0,1,2
41.64,3.06,7.16,250,8.36,37.84,0.108,72,71.42,29.75,29.27,0,0,1,0,0
38.11,86.35,7.2,343,6.72,40.49,0.138,673,60.21,48.31,15.5,0,0,0,1,0
30.1,9.19,8.01,320,9.66,25.69,0.031,166,21.69,21.07,25.19,1,0,1,1,2
25.37,28.23,6.77,313,10.77,7.89,0.106,862,78.22,43.03,33.34,0,1,1,0,1
28.9,65.65,6.74,180,4.78,23.68,0.155,988,42.03,51.16,78.25,1,0,1,1,2
27.1,151.07,8.15,91,7.19,48.16,0.095,816,40.82,55.86,42.94,0,1,1,0,1
24.4,254.26,8.23,217,9.68,15.27,0.031,174,22.55,21.02,72.19,1,1,1,0,0
38.58,258.59,5.55,289,13.86,20.96,0.174,291,86.27,46.33,99.65,0,1,1,1,0
26.3,184.86,6.0,89,5.9,38.27,0.135,21,66.31,66.26,62.36,1,1,0,1,1
31.35,278.45,6.25,483,10.94,3.8,0.127,982,58.79,55.01,65.27,0,0,1,1,1
29.65,150.02,6.73,196,6.16,37.85,0.13,844,74.07,85.73,59.7,0,0,0,0,1
44.55,266.71,6.52,183,3.11,13.71,0.049,738,47.63,95.6,45.6,0,1,0,1,1
29.78,136.22,7.84,65,11.24,13.37,0.098,171,65.56,83.52,26.72,1,1,1,0,0
22.0,83.17,8.4,415,9.79,29.12,0.065,706,39.94,14.26,97.98,1,1,1,1,2
22.25,274.92,6.17,97,8.17,12.76,0.167,188,25.04,29.32,53.02,0,1,1,1,2
34.77,116.38,7.47,305,10.1,32.06,0.118,244,64.91,17.88,94.23,0,0,0,0,1
34.98,151.02,6.79,477,12.55,45.44,0.143,498,37.7,49.04,33.38,0,1,1,1,2
30.47,98.66,7.27,23,11.08,20.23,0.132,136,80.0,75.14,19.77,0,1,0,1,0
30.8,198.85,7.67,219,12.29,47.18,0.097,303,56.15,12.91,67.32,0,0,0,0,0
21.35,298.51,8.63,173,5.48,47.11,0.161,273,40.03,34.03,86.62,1,1,1,0,0
32.91,7.65,6.17,386,11.61,10.38,0.123,89,68.67,18.45,69.6,1,0,0,0,1
32.62,269.95,5.8,244,6.32,21.59,0.045,381,29.33,46.91,76.85,0,0,1,0,0
23.74,1.18,7.7,113,2.25,49.51,0.058,156,80.91,93.28,64.76,1,0,1,1,0
22.6,109.27,6.88,265,2.52,6.42,0.165,943,56.17,47.16,77.17,1,0,0,0,1
23.09,50.58,6.07,389,10.76,23.77,0.188,651,85.01,67.13,41.0,0,0,1,1,2
22.53,227.2,5.91,353,5.26,21.59,0.11,166,31.05,44.83,45.05,0,1,0,0,0
35.24,15.18,7.46,222,5.69,40.5,0.077,406,50.6,75.83,80.22,1,0,0,0,0
24.91,166.05,6.55,307,9.47,8.1,0.125,786,34.4,76.87,82.13,0,0,0,0,0
26.29,88.48,8.99,234,10.9,11.08,0.097,23,24.9,22.42,17.43,1,1,0,1,2
24.34,40.1,6.92,305,8.71,8.78,0.168,874,96.43,68.79,11.52,1,1,1,1,2
43.95,231.55,6.24,109,10.48,8.33,0.167,299,78.13,44.77,69.99,0,1,1,0,2
41.37,65.23,7.7,313,13.29,12.89,0.091,861,46.05,87.38,17.6,0,1,1,1,2
25.76,67.1,6.35,435,12.25,26.41,0.161,94,39.69,24.2,25.43,0,0,1,1,2
28.19,82.52,7.23,12,4.89,35.34,0.039,722,36.35,90.77,27.75,0,0,1,1,1
25.25,176.03,7.19,124,12.88,19.02,0.075,468,23.44,56.04,55.84,0,1,0,1,1
32.3,197.9,7.09,314,5.57,22.31,0.016,816,28.21,33.0,28.1,1,0,1,1,1
20.49,5.28,8.29,166,9.93,39.62,0.162,622,28.23,40.12,26.28,1,1,0,0,2
36.78,72.56,6.26,52,12.5,26.26,0.195,457,73.3,10.45,10.96,1,0,1,0,0
33.08,129.29,8.67,185,9.48,29.49,0.115,515,67.58,95.49,78.99,1,0,0,1,0
42.47,99.59,8.27,275,11.67,25.9,0.153,573,65.46,30.25,22.23,0,0,0,1,2
24.11,265.25,6.67,446,13.13,39.49,0.08,529,78.76,91.88,61.19,1,0,1,0,0
40.1,236.31,6.13,351,13.6,9.17,0.112,443,40.09,86.77,36.97,0,0,0,1,1
39.8,187.77,6.48,9,6.93,49.06,0.069,620,47.4,41.42,26.47,1,1,0,0,0
23.18,101.41,6.66,409,13.91,43.97,0.139,895,30.14,28.98,41.22,1,0,1,1,1
29.96,210.2,7.45,146,5.26,20.01,0.049,637,67.02,48.39,33.17,1,0,1,0,1
24.25,253.09,5.66,476,7.55,20.75,0.031,319,94.63,94.02,48.99,0,1,0,1,2
26.37,178.45,8.7,316,11.13,42.45,0.18,612,89.05,86.96,72.11,1,0,0,0,0
26.58,235.34,5.85,332,13.64,22.28,0.173,403,64.4,53.98,14.58,0,0,0,1,1
33.91,224.73,6.48,117,2.64,25.41,0.167,691,71.57,59.1,26.49,1,1,1,1,1
30.29,171.52,5.88,417,13.35,37.3,0.164,291,99.38,46.78,17.22,1,0,0,1,0
43.69,93.65,6.4,339,13.98,19.4,0.146,701,61.39,95.03,97.1,0,1,0,0,0
23.16,223.73,8.43,427,12.91,22.7,0.175,303,89.65,99.0,61.65,1,1,0,0,1
44.34,62.04,7.65,487,3.3,1.86,0.042,863,60.05,36.02,83.83,0,1,1,1,0
25.77,233.85,6.3,17,12.09,6.66,0.174,244,23.83,95.47,34.0,1,1,0,0,2
39.32,241.36,8.55,376,9.68,22.93,0.184,568,94.77,95.54,90.59,0,0,1,1,2
28.47,246.64,8.3,225,2.11,2.28,0.143,568,28.95,52.61,66.61,1,0,0,1,2
23.58,141.87,8.14,111,13.81,15.35,0.12,243,76.34,47.34,46.54,0,1,0,0,1
41.45,57.74,8.47,71,3.81,21.86,0.047,858,39.04,88.24,64.05,1,1,1,1,2
27.72,29.92,7.67,143,6.76,5.08,0.173,424,92.08,94.88,21.47,1,1,1,1,1
36.47,223.01,7.26,103,2.36,3.27,0.115,983,36.04,46.21,38.18,1,0,0,1,0
34.16,265.88,6.81,214,5.71,0.81,0.122,732,31.21,54.3,58.53,0,0,0,0,1
31.79,195.25,6.28,479,8.82,24.27,0.121,820,55.1,40.08,67.64,0,1,0,1,1
32.4,43.25,7.45,76,13.17,7.34,0.173,87,59.73,28.8,29.51,0,1,0,0,2
38.31,280.47,8.61,25,13.88,34.43,0.027,61,85.51,99.66,99.27,0,1,0,0,0
22.19,296.73,7.58,229,7.08,24.65,0.012,412,80.99,26.99,84.98,0,0,0,0,2
36.7,130.01,8.72,192,7.14,0.95,0.045,550,46.26,83.28,62.2,1,0,0,1,0
42.4,178.45,6.75,449,3.92,2.95,0.098,593,50.8,47.85,97.6,0,0,0,0,2
21.44,233.17,7.93,102,7.98,45.89,0.094,9,66.13,17.53,56.13,0,1,0,1,1
23.52,220.92,7.77,204,13.28,6.22,0.102,444,64.13,39.24,95.24,1,0,1,0,0
37.92,290.34,7.85,410,3.98,37.87,0.023,55,88.96,17.48,77.66,0,0,0,0,2
30.93,34.46,7.76,259,5.2,12.31,0.159,264,57.8,98.38,29.56,1,0,1,1,2
30.09,174.22,6.28,232,12.7,16.08,0.06,689,91.48,33.87,46.5,1,1,1,1,2
23.42,207.58,6.0,50,9.52,1.24,0.183,970,36.41,77.14,33.65,0,1,1,0,0
32.67,267.03,8.93,467,5.97,27.81,0.168,267,89.41,48.31,74.96,1,1,0,1,2
23.16,262.23,5.66,130,11.75,23.35,0.013,385,44.34,71.15,79.0,0,0,1,1,1
31.92,293.4,7.14,342,3.31,37.25,0.011,473,83.14,32.96,71.58,0,0,1,0,0
39.09,153.62,6.99,65,12.3,45.28,0.126,584,65.23,18.47,59.1,1,1,1,1,0
26.46,249.23,6.76,399,8.22,27.39,0.015,16,90.04,82.77,46.19,1,0,1,1,2
32.02,128.18,8.24,201,11.08,47.61,0.114,34,38.5,74.5,98.58,1,1,0,1,2
44.8,126.69,8.11,283,8.22,7.41,0.016,941,76.12,19.85,12.52,0,0,0,0,1
37.17,76.0,8.67,299,4.96,17.23,0.096,706,87.92,75.79,21.15,0,1,1,0,1
41.03,245.47,6.88,145,9.69,41.49,0.084,709,82.14,63.79,63.89,1,0,1,1,0
30.37,295.74,7.47,257,3.86,27.67,0.118,854,65.28,25.43,78.02,1,0,1,0,0
39.2,76.9,8.62,461,4.76,27.35,0.071,802,74.03,84.3,96.18,1,0,1,0,0
21.01,16.84,8.98,427,8.59,23.02,0.028,462,35.72,72.9,54.14,0,0,0,1,1
23.07,244.66,8.89,403,6.68,0.93,0.168,199,37.32,55.61,33.93,0,1,0,1,1
25.08,186.07,8.01,311,10.94,4.02,0.06,991,41.38,26.08,87.7,0,1,1,0,2
30.05,287.91,6.0,375,9.0,4.48,0.013,289,86.24,58.61,49.65,0,1,1,1,1
41.14,75.67,5.58,103,6.58,9.47,0.1,10,33.4,24.64,21.62,1,0,1,0,1
28.66,21.31,8.39,150,5.92,4.71,0.176,877,43.91,26.56,56.99,0,1,1,1,0
36.37,147.73,8.44,117,12.96,5.33,0.056,898,93.63,31.72,57.3,1,0,0,0,0
37.73,25.64,8.11,315,2.48,31.84,0.09,732,80.42,68.91,30.63,1,0,0,0,1
34.65,78.54,6.48,198,10.29,5.92,0.081,9,78.65,71.17,22.78,1,0,1,0,1
28.93,37.79,7.74,428,6.7,23.25,0.01,81,56.41,16.55,22.82,0,0,1,1,0
34.43,67.24,6.61,302,6.53,3.16,0.174,337,76.19,68.58,84.1,0,0,1,1,1
28.56,31.84,7.08,333,9.82,13.47,0.152,779,65.26,13.11,55.09,0,0,1,1,1
22.1,286.17,6.84,420,12.21,46.22,0.019,474,25.72,91.45,76.27,0,1,0,1,1
44.82,83.57,8.7,391,10.69,1.55,0.026,885,66.12,80.08,96.62,0,0,0,0,2
23.18,133.17,6.32,497,10.04,43.85,0.002,178,56.18,75.2,81.28,1,0,1,0,1
21.81,269.58,7.52,388,7.95,37.98,0.197,594,29.12,31.53,24.13,0,0,0,1,2
41.96,203.2,6.76,278,7.63,46.05,0.083,744,47.54,98.88,47.79,0,0,1,0,0
27.55,185.41,7.82,104,7.53,39.34,0.186,352,91.58,93.19,54.65,1,1,1,0,1
36.26,211.67,7.48,9,3.75,41.31,0.084,88,84.3,54.09,73.11,1,1,1,1,2
28.23,248.65,8.73,112,8.71,5.39,0.021,619,93.11,13.12,96.84,1,1,1,1,0
29.79,263.3,5.86,26,5.79,41.78,0.069,186,77.37,56.03,35.65,0,1,0,0,1
26.55,192.79,6.27,98,9.42,23.86,0.084,513,70.6,23.86,87.51,1,1,1,1,2
28.58,267.0,8.18,256,8.41,17.58,0.035,769,31.14,63.34,16.49,1,1,0,0,2
30.27,160.62,6.79,326,13.28,7.69,0.011,132,28.58,98.79,88.48,1,1,0,0,1
38.01,83.19,6.08,494,7.22,0.03,0.063,661,39.74,78.12,72.51,0,1,0,0,0
32.79,264.02,7.26,370,9.97,32.13,0.108,503,45.14,39.0,12.57,0,1,1,0,0
43.59,162.44,7.78,135,9.11,36.3,0.051,928,68.56,45.47,64.97,1,0,1,0,0
21.05,271.84,5.66,394,10.21,19.4,0.192,491,90.18,95.01,93.82,0,0,0,0,2
32.58,12.05,6.52,225,5.2,8.21,0.096,324,91.26,19.91,48.93,1,0,1,1,0
34.61,119.25,8.33,126,5.09,7.23,0.026,667,74.59,90.11,20.55,0,1,0,0,2
43.0,284.34,7.32,115,8.72,8.41,0.083,441,65.91,16.71,98.98,0,1,1,0,0
21.23,74.9,5.62,411,12.19,2.81,0.142,653,39.55,47.32,47.5,0,0,1,0,1
34.34,282.46,6.49,289,10.64,17.98,0.097,615,95.04,77.09,57.51,0,1,1,0,1
41.34,286.17,7.74,170,7.87,30.81,0.066,106,73.69,45.56,97.06,1,1,1,1,0
26.05,264.64,6.2,211,5.06,22.36,0.021,561,62.68,61.4,62.63,1,1,1,0,0
41.91,169.1,8.4,411,11.11,6.27,0.092,713,28.32,54.17,70.86,1,0,1,1,1
20.48,194.08,7.87,432,13.11,40.81,0.019,168,86.07,64.42,73.9,0,0,1,0,1
38.31,260.89,7.15,188,4.56,14.35,0.074,654,47.92,25.38,77.81,1,1,1,0,0
43.33,232.77,8.7,489,11.59,30.13,0.023,969,92.05,62.03,82.01,0,1,0,0,2
36.43,189.03,6.87,420,4.07,12.28,0.135,323,33.47,98.85,16.73,1,0,1,0,2
30.98,294.68,6.32,386,12.81,29.75,0.155,810,23.89,27.45,94.09,1,0,1,0,1
21.12,205.7,7.81,264,9.7,6.48,0.049,950,54.78,16.03,59.08,0,0,1,1,2
43.0,292.64,7.51,499,4.17,32.77,0.015,816,26.26,45.26,58.05,0,0,0,1,0
31.76,17.22,6.67,213,2.44,28.66,0.069,508,24.94,43.69,85.2,0,1,1,1,1
20.72,41.69,6.7,88,10.34,25.96,0.112,145,77.1,21.32,37.61,0,1,0,1,0
37.25,135.44,6.89,129,9.27,10.85,0.154,848,40.59,61.43,69.03,0,1,0,1,2
32.05,115.46,6.52,22,9.34,26.46,0.081,94,71.11,49.38,38.53,0,0,0,1,2
23.11,234.82,7.99,178,7.79,44.86,0.073,992,65.67,85.32,78.48,0,0,1,0,1
25.36,48.18,7.78,400,9.37,6.26,0.182,408,31.26,48.07,48.97,1,0,0,0,0
21.61,292.83,7.04,408,12.48,35.19,0.09,395,50.86,98.71,26.8,1,0,0,0,2
34.36,94.52,6.89,459,13.42,5.69,0.089,950,25.29,80.19,91.8,1,1,0,0,1
35.55,128.68,6.78,410,6.13,16.91,0.082,814,53.73,53.87,77.8,0,1,0,0,2
32.64,82.42,6.49,19,7.85,34.19,0.073,980,34.59,59.7,11.28,1,1,0,1,2
40.43,173.81,5.8,328,5.28,28.01,0.146,976,27.7,88.01,15.8,1,1,0,0,1
41.53,17.59,6.44,470,6.94,33.91,0.056,595,45.36,79.67,44.11,1,1,0,1,1
35.39,44.9,6.62,419,11.55,48.17,0.076,604,20.27,69.2,80.21,1,0,1,0,2
20.32,223.74,7.42,411,7.1,48.48,0.056,66,80.62,34.01,34.84,1,0,0,1,2
37.38,55.95,8.21,241,6.7,45.74,0.114,710,32.65,46.93,99.17,1,1,0,1,1
30.45,70.65,6.88,239,12.2,24.74,0.192,959,70.07,80.85,92.72,1,1,0,0,1
34.14,237.89,8.81,28,2.02,17.05,0.078,571,86.61,66.47,87.82,0,1,0,1,1
36.23,27.99,8.4,244,12.23,13.98,0.194,864,93.38,96.08,10.82,0,1,0,0,1
28.76,131.24,8.95,119,4.18,28.78,0.131,217,64.61,88.56,96.76,1,1,1,0,2
42.93,6.92,8.57,425,5.29,22.68,0.159,211,83.06,48.44,63.23,0,1,0,1,0
23.35,104.04,7.66,313,6.34,49.73,0.067,938,56.38,36.44,63.22,0,0,1,1,2
36.79,209.69,7.59,373,12.57,26.78,0.045,420,59.21,21.17,18.88,1,0,0,0,2
20.11,27.03,5.95,31,12.9,16.45,0.115,159,63.74,46.69,64.85,0,1,1,0,1
43.12,266.5,8.03,139,9.93,31.8,0.198,482,73.61,30.4,57.58,1,0,0,1,2
22.81,272.85,7.6,157,7.27,2.19,0.142,340,73.59,11.5,58.73,0,1,0,1,2
22.37,31.5,7.27,59,8.19,5.54,0.136,179,82.83,22.44,27.23,0,1,0,1,1
28.33,297.22,7.93,138,8.96,33.18,0.09,564,69.36,50.77,58.88,0,0,0,1,1
29.34,89.26,7.05,356,13.45,6.17,0.176,872,90.61,90.32,16.51,1,0,0,0,0
25.36,25.23,7.33,211,13.63,37.77,0.139,253,76.74,38.89,11.92,1,0,1,0,1
34.63,1.52,6.89,138,12.17,3.1,0.135,183,94.32,49.7,29.19,1,1,1,1,1
31.07,122.56,8.01,367,9.0,29.69,0.059,839,80.03,44.57,82.15,0,1,0,1,1
20.85,188.94,8.57,110,6.69,33.92,0.192,385,79.1,43.21,64.32,1,0,0,0,1
27.99,99.65,8.44,485,4.76,38.98,0.05,242,88.83,75.04,90.49,0,0,1,0,2
40.26,251.02,8.25,492,8.41,44.28,0.105,943,72.46,55.54,45.01,0,0,0,1,0
37.24,214.98,5.55,335,6.15,15.61,0.068,527,34.37,46.76,41.49,1,0,0,0,0
38.12,105.05,8.69,250,2.87,35.96,0.036,858,26.64,94.9,73.0,1,1,0,1,1
37.45,220.29,6.46,98,7.71,4.04,0.029,931,45.27,34.87,46.64,1,1,1,0,0
27.77,282.15,8.61,177,8.85,41.49,0.059,137,85.15,84.96,44.31,0,0,1,0,0
22.49,27.93,6.19,0,9.34,44.51,0.138,347,21.74,56.35,51.94,1,1,1,0,2
26.81,91.83,7.04,88,2.89,37.43,0.195,592,32.0,49.75,20.33,0,1,1,1,0
40.79,139.0,8.12,112,7.8,14.07,0.171,765,28.49,15.67,28.25,0,0,1,0,1
44.51,149.4,7.74,282,9.87,3.12,0.044,125,22.97,87.26,64.3,1,0,0,0,0
32.35,162.66,6.96,115,13.53,21.08,0.016,344,84.82,34.36,64.76,1,0,0,1,2
20.24,90.19,7.88,31,2.3,13.53,0.137,206,42.37,71.14,63.12,0,0,0,1,2
23.5,200.18,7.42,261,10.12,26.51,0.006,401,78.31,88.7,27.98,0,0,0,1,2
28.05,193.53,6.47,40,2.75,19.69,0.172,859,31.35,58.25,49.2,1,1,0,0,2
34.46,173.35,7.76,419,3.91,6.8,0.165,766,52.71,67.66,92.89,1,1,1,1,1
21.88,34.13,6.21,166,4.08,41.83,0.159,257,29.32,40.62,87.49,0,0,1,0,2
43.58,143.09,7.93,342,5.95,43.23,0.11,127,20.2,75.39,60.17,1,0,1,1,0
29.13,106.87,5.51,220,11.98,40.66,0.195,295,69.05,69.09,91.08,0,0,0,1,2
42.81,147.31,7.42,413,12.27,10.52,0.092,553,58.48,50.03,70.75,0,0,0,0,1
39.51,276.56,6.9,213,6.5,21.42,0.197,222,53.33,67.11,47.1,0,1,1,1,2
38.89,144.16,6.56,312,7.18,8.57,0.176,606,26.29,33.64,79.88,1,0,0,0,0
35.17,4.19,7.3,394,4.6,33.26,0.025,664,67.06,69.2,37.18,0,0,0,0,0
35.67,131.65,7.76,345,7.19,40.25,0.179,640,82.4,70.55,86.92,0,1,0,0,0
35.95,246.19,8.88,470,5.3,29.08,0.061,721,25.38,50.04,39.66,1,1,0,0,1
35.72,234.02,8.42,130,4.1,27.31,0.154,527,53.08,32.44,81.51,0,1,0,1,1
33.84,154.02,8.01,47,3.9,35.75,0.0,169,44.92,82.28,35.32,0,0,1,1,0
44.66,74.93,7.18,133,11.31,5.68,0.055,676,91.35,77.87,92.52,1,0,0,1,2
38.31,139.53,6.87,6,3.4,12.38,0.152,360,41.01,15.14,26.64,1,0,1,1,2
39.42,169.11,5.61,43,9.39,15.68,0.194,548,95.54,54.48,74.71,1,1,1,1,2
41.81,299.96,6.76,486,4.01,26.63,0.034,710,86.27,18.29,46.78,1,0,0,0,1
25.39,193.25,8.47,316,12.05,48.8,0.092,133,28.01,38.76,11.66,1,0,1,1,1
22.1,208.28,6.84,437,5.29,43.15,0.117,461,58.45,48.0,39.87,1,0,1,1,1
32.07,147.44,7.12,434,2.54,12.35,0.191,405,71.92,25.92,28.24,1,1,1,0,2
32.85,106.35,6.45,85,7.42,11.65,0.091,369,67.45,52.2,59.97,1,0,0,0,2
40.73,243.89,6.46,47,14.0,21.78,0.187,862,74.34,73.56,33.39,0,1,0,0,0
31.09,148.48,5.72,497,11.76,48.73,0.196,748,54.1,49.33,16.54,0,1,1,0,1
34.27,298.41,7.65,489,8.84,7.62,0.188,713,92.38,31.07,95.78,1,1,1,1,0
33.18,137.14,7.07,316,4.27,47.85,0.15,173,41.63,47.33,86.06,0,1,1,0,2
20.96,20.4,7.62,352,3.41,9.52,0.025,295,27.53,63.32,14.08,0,1,0,1,0
35.38,204.77,7.41,423,12.06,44.32,0.12,309,98.24,94.28,34.43,1,1,0,0,2
40.7,13.99,8.3,386,11.45,41.51,0.151,45,72.16,54.95,66.74,1,1,1,0,1
23.94,75.15,8.13,413,7.55,44.12,0.191,419,72.74,89.91,38.92,1,1,1,1,0
34.86,106.12,8.2,239,7.06,44.59,0.156,630,85.4,98.61,35.36,0,0,0,0,2
34.84,221.85,7.25,151,10.98,10.91,0.108,296,53.72,60.31,63.63,1,0,0,1,1
24.1,148.27,6.74,450,8.43,38.94,0.041,741,50.9,23.24,27.49,0,1,1,1,2
23.09,8.59,8.77,257,6.85,34.1,0.091,865,95.93,88.78,68.37,1,1,0,1,0
44.5,185.05,5.69,43,5.02,43.95,0.128,834,50.94,87.61,18.04,0,0,1,1,0
29.84,123.43,6.03,167,3.47,24.52,0.065,893,26.28,88.17,39.25,1,1,1,0,2
25.69,276.55,6.97,274,9.14,20.67,0.091,790,44.63,95.55,20.4,0,1,0,1,0
24.28,149.87,7.65,190,11.91,36.31,0.003,170,89.88,34.88,36.69,1,1,0,0,2
36.69,212.69,5.53,151,10.95,13.49,0.176,316,27.6,40.01,71.45,1,1,0,0,2
35.24,65.66,8.02,49,10.36,41.0,0.007,272,77.34,71.84,78.75,0,1,0,0,0
36.09,228.29,7.46,275,13.15,14.3,0.082,732,41.31,60.75,23.05,0,1,0,1,1
22.2,216.29,7.2,312,6.73,2.16,0.102,704,79.66,88.15,77.16,1,0,0,1,1
42.34,271.22,6.98,494,3.65,27.57,0.194,514,61.16,32.91,17.59,0,0,1,1,0
29.73,10.15,7.32,368,3.22,41.8,0.187,77,70.93,69.26,29.49,0,1,0,0,1
27.83,134.25,6.07,305,13.46,34.52,0.129,202,39.46,94.64,55.03,1,1,1,1,1
31.56,203.75,5.88,94,9.07,49.46,0.117,29,33.45,29.43,97.41,0,0,0,0,1
29.75,28.55,6.51,241,11.73,7.04,0.073,20,25.06,37.62,97.62,0,0,0,1,0
41.59,123.18,7.98,104,8.43,17.23,0.008,143,86.05,46.67,53.05,1,0,0,1,2
43.23,282.64,7.56,441,6.78,19.0,0.054,749,76.84,17.84,82.45,0,1,0,0,1
27.59,130.78,7.18,414,4.4,2.91,0.17,829,43.47,25.92,59.8,0,1,0,0,2
41.6,295.62,7.5,420,12.28,2.15,0.13,571,86.95,44.39,77.65,1,0,0,1,0
39.54,17.05,7.46,362,2.76,1.47,0.163,626,86.7,16.7,68.78,0,1,1,0,1
43.27,215.35,6.57,348,12.8,20.44,0.167,392,31.02,42.64,72.75,0,0,0,0,2
26.14,174.3,5.84,259,4.46,42.24,0.012,758,77.09,31.97,49.56,1,1,0,1,1
34.42,150.16,8.64,441,2.11,35.48,0.067,577,43.38,87.81,84.98,0,0,0,1,0
26.86,291.25,7.6,137,3.25,22.34,0.135,921,57.38,64.76,50.11,1,0,1,1,1
40.6,38.9,7.94,318,12.6,13.2,0.171,361,54.41,90.86,73.52,1,0,0,0,1
20.13,268.8,7.12,419,2.88,0.78,0.16,322,68.01,28.26,88.32,0,1,1,1,2
34.12,207.37,8.15,182,6.26,8.77,0.084,270,47.77,17.35,69.0,1,1,1,0,0
28.48,77.7,7.55,482,5.0,19.36,0.186,779,25.86,41.86,55.88,0,0,1,0,0
28.07,270.5,5.69,56,2.44,18.52,0.06,530,73.81,15.08,57.55,0,0,0,1,2
36.12,128.79,8.62,239,8.38,12.97,0.075,744,96.85,89.52,73.79,1,1,1,0,1
41.29,244.27,6.57,468,13.98,49.86,0.036,525,73.43,26.93,18.29,0,0,1,0,0
35.23,116.65,5.98,426,12.24,22.37,0.045,142,63.17,22.7,67.29,1,0,0,0,1
41.33,255.28,5.81,104,4.03,13.39,0.002,598,33.09,80.9,43.74,1,0,0,0,1
26.61,190.99,8.02,64,12.61,20.35,0.062,266,70.01,74.12,22.17,1,1,1,0,2
32.99,42.31,7.96,489,7.42,13.97,0.061,62,68.89,15.13,92.13,1,0,0,1,0
31.26,194.9,7.95,139,5.28,17.6,0.013,810,69.5,55.86,54.79,0,0,0,1,0
20.29,57.4,8.71,61,9.68,6.29,0.068,194,91.39,50.4,51.13,1,1,1,0,1
33.92,123.58,6.72,151,4.6,0.04,0.06,682,77.31,44.82,58.82,0,1,0,0,1
36.54,51.09,7.46,129,12.56,24.58,0.16,640,82.67,21.4,66.03,1,0,0,1,0
34.8,6.6,7.67,430,9.49,24.46,0.031,131,45.07,80.86,27.52,0,1,0,0,0
38.41,63.57,8.93,125,3.63,7.85,0.145,852,41.63,31.6,66.29,0,0,0,1,2
34.28,160.91,6.59,439,8.85,41.63,0.026,24,36.54,51.24,41.72,1,1,1,1,0
21.67,144.47,8.85,211,8.12,9.59,0.099,851,82.27,89.3,74.33,0,1,1,1,0
22.91,150.45,6.02,399,7.66,38.51,0.147,73,75.89,38.64,79.47,0,0,1,0,2
34.91,74.31,8.17,161,6.38,9.51,0.121,209,47.37,13.22,10.67,1,0,0,1,0
26.87,205.55,7.72,204,7.69,14.06,0.129,224,31.29,90.02,74.47,1,1,1,0,0
21.99,211.28,8.36,401,9.03,13.49,0.041,564,87.73,54.45,41.73,1,0,0,1,2
30.74,107.39,5.6,28,10.8,11.48,0.165,418,50.74,54.74,37.33,0,0,0,1,2
33.86,264.35,5.77,181,13.01,47.63,0.19,408,35.18,59.63,43.56,0,1,1,0,1
28.22,193.21,5.74,50,2.53,13.17,0.031,130,31.55,26.19,61.81,0,1,0,0,0
38.01,213.91,7.58,234,8.83,24.25,0.178,946,93.57,74.34,20.31,0,0,0,1,2
36.09,83.2,7.61,13,11.02,36.76,0.08,177,30.41,30.82,72.84,1,0,0,0,0
28.32,0.18,8.67,349,3.39,15.96,0.14,524,48.77,37.1,50.07,1,1,1,0,2
38.87,259.61,7.14,57,12.94,0.59,0.101,290,70.58,66.81,24.39,1,0,1,0,0
36.22,246.73,5.74,418,4.94,38.08,0.159,472,52.65,77.48,55.84,0,1,0,1,0
35.94,36.96,6.23,136,12.0,14.2,0.009,950,58.2,75.76,61.67,1,1,0,0,2
33.84,112.23,5.53,127,9.94,43.66,0.065,145,84.21,17.48,41.17,0,0,1,0,0
20.28,198.4,8.22,36,8.71,24.56,0.009,946,99.94,77.91,90.97,1,1,0,0,1
37.41,195.63,8.35,493,12.43,31.22,0.188,29,57.38,69.65,72.75,1,1,1,0,0
29.4,258.11,8.99,358,13.63,47.55,0.034,39,50.31,64.46,69.52,0,1,1,1,0
43.57,42.08,6.94,267,13.97,43.5,0.085,621,52.54,97.02,14.8,1,1,1,0,0
40.45,128.98,5.57,84,10.2,39.63,0.128,29,49.53,41.21,55.15,0,1,1,1,1
34.69,29.17,6.32,209,6.07,26.54,0.092,185,57.9,71.48,86.57,0,1,0,0,0
26.3,116.88,7.56,138,12.5,8.46,0.107,343,46.65,61.59,70.15,1,0,0,0,1
25.09,4.53,8.87,26,9.85,42.05,0.041,601,57.01,44.92,30.96,1,0,0,1,2
28.51,269.48,5.86,343,5.88,4.7,0.013,832,95.64,80.94,87.51,1,0,0,0,2
31.91,158.11,5.93,232,13.19,44.37,0.051,352,42.9,46.28,43.26,0,1,0,1,1
27.4,254.94,7.96,170,10.97,38.31,0.063,71,72.15,60.27,92.35,0,1,1,0,1
32.87,17.97,7.84,177,7.43,40.17,0.083,11,58.95,60.46,56.1,0,1,0,1,2
24.13,68.24,6.38,353,7.45,18.86,0.059,391,78.59,56.02,80.8,0,1,0,1,1
44.44,77.81,8.35,19,13.95,4.25,0.007,970,57.78,51.17,65.08,0,1,0,1,2
22.7,116.01,5.95,396,6.48,36.35,0.019,77,32.84,25.1,36.22,0,1,1,0,2
43.3,240.86,8.74,302,3.13,48.9,0.135,273,89.79,31.68,68.84,1,1,1,1,0
42.84,115.97,6.2,263,8.46,42.92,0.013,235,74.06,21.12,10.86,0,0,1,0,2
33.13,61.4,5.78,484,12.62,42.07,0.009,103,62.07,75.11,85.17,0,1,1,1,2
38.12,19.5,6.69,196,9.01,31.62,0.162,576,86.49,76.99,96.92,1,0,0,1,0
30.9,23.85,6.16,326,11.52,5.81,0.008,724,98.09,67.47,28.63,1,1,1,0,2
35.75,228.01,7.34,63,2.66,43.16,0.014,393,52.75,92.59,89.53,0,1,1,0,2
28.51,133.44,7.9,43,10.08,11.1,0.11,36,48.24,33.85,25.11,0,0,1,1,0
27.53,217.85,7.22,243,2.95,13.22,0.089,284,80.29,83.89,54.23,1,1,1,1,0
34.46,204.69,7.81,11,8.68,37.79,0.193,685,56.37,26.73,36.33,1,0,0,1,1
32.45,40.61,6.78,360,7.97,35.85,0.187,103,26.86,16.1,27.27,0,0,0,0,0
34.49,42.87,5.6,259,13.35,3.63,0.132,727,48.35,10.01,78.01,1,0,0,1,2
27.17,226.6,8.91,295,3.59,12.6,0.014,889,84.69,62.26,82.59,0,1,1,1,0
29.17,216.38,8.37,402,2.11,40.88,0.101,299,76.54,80.09,85.48,0,1,0,0,1
22.1,113.41,5.76,437,3.65,47.48,0.009,931,89.03,84.07,10.76,1,1,1,1,0
21.31,23.23,7.07,256,4.05,13.32,0.182,529,31.73,52.36,86.31,1,1,0,1,2
26.34,3.63,7.72,374,5.01,38.03,0.132,590,39.51,15.28,14.63,1,0,0,1,1
21.86,86.45,6.17,234,11.78,25.28,0.115,927,37.18,13.22,50.36,0,1,0,1,1
22.59,2.77,7.52,246,6.52,19.0,0.086,997,97.71,92.56,25.78,0,0,0,1,1
40.32,69.02,7.37,140,12.09,44.91,0.102,234,33.51,18.36,91.6,1,0,1,1,1
20.97,125.85,6.23,305,5.26,27.41,0.08,364,67.83,80.62,61.9,1,0,1,1,1
36.47,36.42,5.99,180,12.33,34.59,0.02,531,70.63,16.26,52.16,0,0,0,1,2
26.81,31.28,8.16,499,2.1,29.62,0.132,801,69.51,26.5,49.98,1,1,0,1,0
41.79,268.93,6.63,425,13.21,32.18,0.199,584,75.33,24.66,46.4,1,1,1,1,0
32.12,175.64,6.35,364,10.95,25.86,0.022,424,58.71,34.94,52.65,0,0,0,1,0
27.64,280.34,8.08,152,6.95,26.67,0.199,502,26.7,46.51,60.91,1,0,0,1,2
32.94,103.75,8.08,43,8.93,42.61,0.18,353,76.1,21.23,83.54,1,0,0,1,0
29.55,203.14,6.47,108,13.2,15.13,0.179,162,42.49,97.58,31.39,1,0,1,1,0
34.11,61.41,8.55,97,8.99,36.82,0.166,184,26.07,10.18,82.39,1,1,1,1,0
22.86,185.5,7.91,226,4.74,13.43,0.185,375,33.58,79.49,84.74,1,1,0,0,0
44.92,38.88,6.71,444,8.87,3.54,0.049,794,42.98,57.39,86.61,1,1,1,0,0
30.64,0.62,7.0,80,12.46,45.16,0.087,745,54.6,17.7,94.74,1,1,1,0,1
28.71,279.46,8.04,217,13.85,20.53,0.096,273,88.91,20.8,96.09,0,0,1,1,0
37.76,166.47,6.24,148,9.01,34.16,0.014,916,62.92,63.1,19.71,0,0,0,1,1
29.1,278.08,7.14,434,3.87,37.89,0.196,657,57.76,38.37,88.99,0,0,1,0,2
40.83,100.15,7.79,75,11.26,39.85,0.138,666,35.3,50.52,86.09,1,0,1,1,2
31.36,98.34,7.39,79,13.96,11.32,0.09,734,96.74,59.43,43.97,0,0,0,1,2
37.99,120.2,7.63,51,7.68,32.78,0.198,923,92.68,61.6,72.22,0,0,0,1,1
22.69,211.81,7.41,62,6.6,38.01,0.054,96,85.29,62.43,93.4,0,1,0,1,2
41.15,169.74,6.2,83,8.63,5.99,0.067,504,45.85,16.3,18.22,1,0,1,0,2
38.39,277.61,6.94,437,3.98,7.07,0.038,142,64.93,76.64,41.91,1,0,0,0,1
25.29,7.63,7.36,393,13.66,18.2,0.037,428,51.11,36.42,97.66,0,0,0,0,2
23.63,212.46,8.23,342,12.06,15.08,0.038,558,52.23,20.3,59.34,1,0,0,1,2
27.91,99.1,7.79,366,3.36,39.86,0.122,374,25.77,19.2,18.26,0,1,0,0,0
44.4,54.07,6.99,477,13.34,32.13,0.059,803,31.2,31.33,96.49,0,1,1,1,1
26.42,153.12,8.91,254,13.31,24.9,0.19,530,96.89,66.58,91.25,1,0,0,0,0
31.4,151.52,5.88,58,5.8,5.32,0.163,866,68.81,52.47,82.58,1,1,0,0,1
20.75,41.1,6.22,7,9.43,5.63,0.032,735,20.5,19.64,81.42,0,1,0,0,2
29.93,60.57,6.69,306,3.33,25.85,0.167,44,84.73,12.91,53.74,0,1,0,1,0
34.28,122.45,6.3,388,3.01,44.14,0.069,102,26.96,12.22,88.77,1,1,1,0,1
43.83,122.64,7.69,75,8.02,38.75,0.046,251,76.65,47.9,37.51,1,1,0,0,1
32.92,95.27,5.64,425,2.6,44.08,0.156,568,69.67,80.93,42.27,0,0,1,0,2
40.48,44.56,6.12,77,12.5,28.26,0.171,843,25.04,61.63,29.44,1,1,0,1,1
33.68,1.31,6.53,123,13.14,11.07,0.192,630,62.48,82.87,46.28,0,0,0,1,0
21.02,291.07,7.89,11,2.81,1.59,0.084,156,23.79,38.74,31.03,1,1,0,0,2
27.88,283.05,8.57,279,2.57,47.01,0.112,481,25.15,22.63,40.58,0,0,1,0,0
34.39,145.1,8.29,44,4.66,23.76,0.123,15,24.09,82.27,72.13,0,1,0,0,1
43.76,298.52,6.14,52,13.16,42.95,0.126,149,40.44,75.51,48.71,0,0,1,1,2
41.48,202.1,7.48,180,11.23,36.65,0.08,327,84.14,63.02,79.09,0,1,1,0,2
25.71,20.66,5.61,400,10.12,41.61,0.03,310,49.0,89.9,53.11,1,1,0,0,0
25.5,35.32,6.59,448,11.32,10.53,0.014,907,71.16,66.76,22.53,0,0,1,1,1
25.03,274.83,8.32,373,4.39,33.97,0.181,481,29.99,57.32,76.79,0,1,0,0,0
43.06,189.02,7.1,233,5.08,36.13,0.073,655,94.63,55.21,15.93,1,0,0,1,1
41.32,252.96,6.02,185,5.81,27.63,0.036,822,60.34,65.56,94.82,1,0,0,1,1
39.37,269.48,7.03,292,9.26,41.76,0.197,814,21.97,56.5,85.69,1,1,0,0,1
29.82,134.38,6.19,74,9.3,49.41,0.161,507,62.99,34.54,96.68,1,1,0,1,2
32.61,14.56,6.88,425,4.5,0.53,0.196,72,34.76,95.85,32.38,1,1,1,1,2
31.61,56.48,7.21,197,7.24,22.75,0.056,794,35.67,96.23,53.31,1,1,0,0,1
26.33,19.97,6.72,78,10.28,37.69,0.093,622,68.03,25.02,27.37,0,0,1,0,0
32.63,56.62,8.78,232,5.72,36.28,0.162,98,38.11,57.75,48.02,0,0,1,0,1
20.76,123.16,7.47,167,2.91,23.39,0.11,394,37.12,81.07,31.93,1,0,0,0,1
23.3,35.46,8.45,22,4.37,42.11,0.071,210,63.28,14.93,86.75,0,0,1,0,0
42.16,50.02,8.16,406,3.98,33.75,0.032,862,38.84,21.12,20.94,1,0,1,0,2
38.79,133.75,7.81,485,9.58,27.42,0.112,654,28.84,59.04,30.26,1,1,1,1,0
30.57,102.05,7.24,229,2.82,13.64,0.12,436,52.66,12.55,33.77,1,1,0,0,0
32.93,140.3,5.51,304,12.62,18.37,0.144,632,24.16,84.97,76.44,0,0,1,0,2
29.25,128.75,7.65,383,3.01,49.45,0.158,858,92.43,88.58,66.73,1,1,0,1,0
38.52,193.34,6.75,459,9.17,45.31,0.024,544,56.12,76.27,22.26,1,1,0,1,0
39.6,281.16,5.91,134,13.15,34.78,0.126,198,21.05,84.01,64.51,0,0,0,1,0
39.08,32.36,7.06,292,2.75,42.95,0.156,726,37.97,70.45,86.18,1,1,0,1,1
38.07,29.78,8.07,399,6.6,6.8,0.078,355,96.63,22.77,50.7,1,1,1,0,0
25.11,255.84,8.87,37,5.94,13.38,0.055,21,59.71,12.69,65.06,1,1,1,1,1
28.45,151.92,6.81,231,6.13,44.26,0.096,832,48.71,86.33,57.88,1,0,0,0,0
31.75,229.92,7.4,354,9.2,23.54,0.062,569,45.21,73.64,42.2,0,1,0,0,2
28.27,64.63,8.48,167,5.15,29.55,0.102,794,53.36,45.86,10.23,0,0,0,0,2
38.87,248.66,6.67,284,2.33,44.18,0.062,883,36.94,81.72,26.77,1,1,0,0,0
28.23,277.15,6.0,102,13.55,20.2,0.085,458,79.93,14.8,95.24,0,0,0,1,2
23.46,190.64,6.49,144,10.99,24.09,0.183,651,60.66,38.72,41.92,1,0,0,0,2
29.98,31.76,8.65,242,3.62,5.61,0.183,443,80.11,40.77,36.74,0,0,0,0,2
44.5,268.59,6.06,473,7.46,49.57,0.198,468,40.35,19.44,65.25,0,1,0,1,2
25.65,237.75,6.65,147,2.75,48.67,0.097,327,20.12,76.75,91.34,1,1,1,1,0
35.3,225.26,7.13,365,2.33,14.83,0.034,460,97.3,79.98,37.22,0,1,1,1,1
30.82,11.02,8.46,152,2.57,42.62,0.178,228,60.97,62.49,30.08,1,0,1,0,0
21.78,239.69,8.78,315,11.07,36.85,0.119,544,26.38,47.61,91.18,1,1,0,1,1
32.2,41.39,6.99,421,7.34,7.33,0.15,625,28.3,64.63,79.62,0,0,0,1,2
37.55,66.72,8.76,318,12.13,1.19,0.033,193,54.77,90.85,73.23,1,1,0,0,0
32.83,173.14,6.07,294,5.66,0.7,0.064,392,75.62,42.2,60.15,1,1,0,1,1
41.8,79.49,6.05,125,11.3,3.29,0.055,460,51.73,40.08,48.3,1,0,0,1,2
27.22,198.4,8.82,191,2.94,31.37,0.112,281,85.61,66.05,67.41,0,0,1,1,1
22.16,182.42,7.28,484,9.62,24.61,0.199,684,46.32,71.53,29.52,0,0,1,0,1
43.41,32.44,6.15,82,6.33,49.84,0.122,566,23.65,51.2,83.56,1,1,1,1,0
29.45,196.8,7.21,20,5.32,14.33,0.115,366,20.66,87.36,47.48,0,1,0,0,0
34.41,277.19,8.24,287,11.78,36.28,0.152,179,88.76,41.71,77.93,0,0,0,1,2
39.8,48.33,8.39,283,2.62,19.36,0.066,392,98.76,67.68,83.05,0,0,1,1,0
28.11,179.12,8.52,358,13.39,4.92,0.051,252,30.62,70.1,16.78,1,0,0,0,2
37.9,102.56,7.49,488,11.43,43.86,0.168,974,24.96,36.53,70.79,1,0,1,0,1
23.39,137.88,8.53,267,6.27,20.0,0.192,248,93.15,11.7,37.25,0,0,0,0,2
27.28,86.1,7.29,120,13.9,45.85,0.084,134,28.06,84.4,42.29,0,0,1,1,0
23.62,106.24,7.62,110,4.43,46.85,0.008,312,38.27,53.42,76.01,1,1,1,0,2
40.28,8.67,8.16,78,6.83,41.01,0.036,184,84.13,18.59,96.17,1,1,0,0,0
25.57,294.47,6.99,347,12.62,1.38,0.171,118,99.84,96.18,82.33,1,1,1,1,0
37.94,187.44,5.76,375,13.96,48.3,0.024,932,58.88,36.68,36.25,1,0,0,1,1
43.58,150.21,6.73,84,4.87,6.21,0.153,328,36.86,52.7,73.71,0,0,1,0,2
33.19,115.11,7.68,79,10.92,46.57,0.124,845,87.82,53.57,39.5,0,0,0,1,2
33.5,161.81,6.17,150,5.67,30.33,0.145,925,51.54,43.37,49.56,0,0,0,1,1
31.53,114.03,6.02,243,11.2,18.87,0.051,562,41.81,23.64,21.07,0,0,0,0,1
28.15,107.97,6.53,217,3.5,36.07,0.004,302,59.23,73.39,85.09,1,1,0,1,1
31.89,139.18,5.61,14,6.03,25.34,0.008,879,88.46,27.59,68.22,1,0,0,0,2
35.07,82.79,8.1,100,2.9,39.72,0.145,83,38.64,71.41,87.67,0,0,1,1,1
44.65,54.01,6.41,267,7.9,25.69,0.123,437,53.91,82.19,30.12,0,1,1,1,2
43.44,166.98,5.93,387,10.42,18.45,0.168,662,55.54,12.08,21.64,1,1,1,0,2
41.55,252.83,7.95,34,6.54,18.04,0.08,462,86.62,75.86,83.39,1,1,0,1,0
42.23,45.85,8.45,350,9.38,17.71,0.111,697,74.08,67.42,89.11,1,1,1,0,2
31.7,9.82,5.57,444,8.83,23.64,0.157,311,82.44,27.62,25.47,1,1,0,0,1
36.44,74.04,6.32,282,5.54,5.51,0.099,542,75.47,65.82,67.77,0,0,1,1,1
42.38,293.92,8.81,124,7.84,33.09,0.199,323,67.41,47.87,24.86,0,1,1,1,1
29.82,248.63,6.85,223,2.83,17.07,0.149,984,30.59,17.61,11.31,0,1,0,1,0
44.04,178.76,8.79,160,7.52,28.08,0.137,189,86.64,57.13,58.81,1,0,1,0,1
30.39,278.77,6.46,12,7.5,26.33,0.16,626,68.58,97.6,95.53,1,1,1,0,0
35.03,133.58,6.26,164,2.34,42.86,0.155,978,76.09,68.39,63.14,1,1,0,1,0
37.75,294.98,6.25,427,8.17,43.08,0.044,571,82.3,39.75,48.62,0,0,0,1,2
43.76,88.89,5.8,257,10.85,49.46,0.042,420,44.94,60.72,35.38,1,1,0,0,0
26.12,72.09,8.64,421,7.43,12.08,0.121,801,54.99,76.4,35.33,0,1,0,1,2
38.65,191.41,8.93,292,9.75,1.72,0.087,256,63.3,24.06,33.68,1,0,0,0,1
33.02,113.45,8.84,442,8.39,21.25,0.174,296,47.43,57.59,28.82,1,0,1,0,1
26.71,187.91,8.48,113,11.42,44.83,0.058,734,40.68,55.62,15.99,1,0,0,1,0
39.42,91.5,8.46,119,8.17,30.01,0.066,615,82.15,43.89,78.14,0,1,0,1,1
33.81,185.38,7.81,68,5.98,18.68,0.033,427,80.3,77.24,38.38,0,1,1,1,1
36.52,82.72,8.39,273,11.93,38.61,0.196,802,86.54,60.85,24.05,0,1,0,1,1
28.07,15.29,6.23,47,2.81,35.62,0.023,154,75.74,72.9,64.38,0,1,0,0,1
32.03,273.64,6.86,336,5.47,35.68,0.197,660,44.94,63.64,94.09,0,0,1,0,0
35.43,264.96,7.74,321,9.1,25.73,0.141,199,46.16,80.28,71.96,1,0,1,0,1
30.12,291.24,8.56,432,12.27,26.52,0.018,337,62.22,67.05,27.26,1,1,1,0,0
24.96,214.96,7.81,361,2.87,27.79,0.03,278,86.85,71.0,47.27,1,0,1,0,2
44.04,204.82,8.44,57,3.15,27.63,0.065,552,47.7,30.29,84.26,1,1,0,0,2
32.79,167.7,7.16,418,5.39,10.32,0.052,995,81.28,86.13,14.56,0,0,0,1,0
38.35,37.78,8.01,77,6.13,12.29,0.195,254,44.46,23.98,40.29,0,0,1,0,0
30.28,56.77,8.93,498,12.12,18.7,0.123,476,47.08,40.58,44.91,1,1,0,0,2
28.88,86.84,6.04,203,13.51,42.77,0.015,463,80.19,90.05,50.74,0,0,1,1,0
30.18,267.05,8.74,441,2.21,23.12,0.105,433,74.29,19.77,60.28,0,0,1,0,0
30.23,51.89,7.33,224,2.18,46.32,0.179,504,36.66,88.0,54.43,0,0,1,0,1
33.6,276.86,7.75,262,12.38,39.67,0.083,201,86.16,52.78,24.64,0,1,0,1,2
33.59,156.84,8.57,102,3.63,43.08,0.133,464,82.77,26.52,47.52,1,1,0,0,2
32.43,214.67,6.93,108,6.07,6.71,0.155,533,83.79,76.35,43.21,1,0,1,1,2
23.37,33.07,6.97,264,5.3,7.44,0.037,39,57.63,35.55,93.64,0,0,1,1,2
32.4,80.71,7.35,324,5.38,11.83,0.171,129,46.29,71.01,76.85,0,0,1,0,0
24.23,287.56,5.57,387,5.94,33.13,0.09,809,87.98,81.18,87.95,1,1,1,1,1
23.15,79.84,7.24,415,6.03,23.81,0.011,413,67.06,61.24,73.87,1,0,0,1,1
43.32,88.96,6.52,388,9.44,8.49,0.176,171,94.48,80.74,15.12,0,0,1,1,2
35.12,59.28,8.75,55,9.55,37.29,0.113,998,40.31,94.15,52.67,0,0,0,1,0
36.49,38.72,5.81,311,8.27,25.87,0.04,230,98.05,59.54,80.02,1,1,0,1,0
30.04,69.98,7.11,251,12.3,36.55,0.063,236,50.34,23.71,63.23,1,1,1,0,0
42.72,192.7,8.82,499,12.15,45.47,0.114,594,50.76,73.86,78.27,1,1,1,0,2
35.95,136.61,8.65,299,4.61,45.74,0.075,9,39.11,46.91,96.57,1,0,1,0,1
39.23,166.13,7.95,71,8.52,15.06,0.047,83,97.2,57.82,32.26,0,1,0,0,1
29.21,36.71,7.56,140,11.41,7.93,0.096,446,23.18,66.41,98.51,1,1,0,1,1
44.0,240.63,6.48,387,12.4,21.69,0.037,919,57.87,74.57,20.85,1,0,1,1,0
40.51,235.23,6.78,179,5.06,4.19,0.049,901,49.24,67.58,92.8,1,0,0,1,2
41.35,6.48,5.82,202,7.93,2.2,0.165,378,32.74,30.96,27.39,1,1,1,1,1
24.3,115.05,8.25,270,8.3,48.91,0.046,44,77.06,77.33,74.74,1,0,0,1,1
26.77,20.63,6.63,375,10.4,48.59,0.139,636,91.87,82.66,80.5,0,1,0,1,2
27.14,237.63,7.84,109,5.96,17.59,0.05,657,39.49,13.39,83.0,0,1,1,1,2
26.77,221.18,6.75,81,5.52,41.03,0.042,655,59.81,37.73,49.39,1,1,0,0,1
41.39,270.6,7.13,83,10.47,11.17,0.05,501,66.26,98.0,25.24,0,0,0,1,1
20.8,70.92,7.44,256,6.79,20.86,0.094,870,51.24,26.0,81.64,1,0,1,0,2
21.9,136.89,8.31,192,2.05,36.32,0.029,615,93.72,26.45,68.0,0,0,0,0,2
26.85,55.35,6.24,138,13.25,27.53,0.021,39,56.92,63.22,33.21,0,1,1,0,0
25.0,111.37,6.9,220,3.8,41.06,0.151,399,98.62,40.43,45.33,0,1,1,1,2
25.8,156.67,5.96,188,3.78,49.0,0.005,615,43.62,69.14,36.79,1,1,1,0,2
39.95,16.0,5.77,348,11.82,0.45,0.077,846,25.86,33.64,92.33,0,0,1,0,1
34.08,214.46,7.62,343,6.03,46.23,0.079,895,66.0,48.34,82.33,1,0,0,0,0
20.14,162.99,6.16,339,5.94,20.67,0.179,359,85.87,99.86,89.43,1,1,1,1,1
30.73,248.69,5.71,477,9.47,20.4,0.155,709,51.07,43.61,14.64,0,0,1,1,2
30.2,81.53,8.64,446,2.71,0.03,0.102,992,34.81,17.75,69.49,1,0,1,1,1
22.85,271.0,7.37,421,4.84,41.72,0.096,239,79.06,76.82,34.08,1,1,0,1,2
36.9,299.61,5.97,196,2.64,37.95,0.113,396,41.67,62.97,77.34,0,1,0,0,2
37.55,275.79,5.69,300,5.5,44.7,0.072,963,81.58,50.01,90.2,0,0,1,1,0
38.02,233.37,5.92,73,12.44,8.37,0.14,479,40.99,91.78,78.93,1,1,0,1,2
38.21,243.71,7.15,197,12.91,10.76,0.137,561,64.58,23.2,91.98,1,0,0,1,1
20.0,172.12,7.84,323,5.71,15.18,0.115,156,91.01,54.08,45.89,1,0,0,0,1
43.85,57.05,7.74,259,4.25,26.51,0.012,953,36.37,27.26,66.17,0,0,0,1,1
40.36,203.11,6.01,198,3.62,17.26,0.025,646,85.66,17.51,52.74,1,0,1,0,2
42.6,213.83,7.72,303,6.73,14.99,0.008,224,41.23,49.81,84.71,0,0,1,0,1
20.39,295.62,6.92,352,11.92,9.13,0.144,772,72.85,95.26,60.68,0,1,0,1,2
43.35,162.39,7.13,136,12.23,7.96,0.096,761,39.5,74.99,73.89,1,0,1,0,0
40.24,81.41,8.31,345,2.55,23.65,0.191,167,29.17,31.11,66.78,1,0,1,1,1
40.93,205.1,6.66,498,4.51,22.3,0.19,515,73.12,51.64,87.59,0,0,1,0,0
22.33,293.81,6.01,499,4.44,39.26,0.16,518,67.59,81.77,57.55,0,0,1,0,0
38.47,53.16,8.56,174,11.94,41.19,0.089,975,52.12,27.59,19.79,1,1,1,0,2
44.0,97.8,6.24,488,7.48,35.03,0.063,548,22.93,28.33,95.4,0,0,0,0,1
36.96,162.56,6.53,468,6.42,41.56,0.04,624,58.02,26.29,60.03,1,0,0,1,1
34.26,51.06,7.97,315,13.48,5.44,0.046,586,31.9,64.67,80.45,1,0,0,1,1
43.64,6.67,7.89,307,13.1,22.89,0.198,186,48.76,12.61,71.11,1,0,1,1,2
31.07,101.09,8.3,379,7.28,14.32,0.106,561,66.9,62.89,48.85,1,0,0,1,0
34.98,259.61,6.14,341,3.54,12.59,0.002,836,95.15,84.28,95.62,1,1,1,1,2
31.91,13.04,6.73,416,4.05,35.63,0.009,156,60.9,80.44,75.96,1,0,0,0,0
43.32,128.68,5.94,441,3.35,41.56,0.092,438,35.58,70.01,30.84,1,0,0,0,0
21.9,228.66,7.39,352,10.17,5.74,0.089,886,95.7,29.75,99.62,0,1,0,0,0
32.53,285.95,6.52,303,8.66,6.2,0.081,600,22.07,83.48,99.99,1,1,0,0,0
37.17,295.64,7.91,132,8.68,31.97,0.165,194,71.43,96.17,36.06,1,0,0,1,0
39.8,126.59,5.5,468,3.18,7.21,0.141,479,40.99,26.54,98.67,0,1,1,1,1
34.58,285.12,5.71,26,11.52,38.42,0.021,29,80.6,91.93,65.56,0,1,1,0,2
42.72,10.63,7.01,424,8.43,41.43,0.073,403,46.5,86.77,26.67,1,1,0,1,0
43.55,223.78,8.85,256,3.09,26.14,0.119,989,54.3,98.14,98.04,1,1,0,0,1
21.61,192.82,8.62,50,10.97,45.42,0.076,66,81.63,38.73,19.17,0,1,0,0,0
30.06,74.86,8.98,143,13.78,1.02,0.042,572,91.83,94.07,67.37,0,1,0,0,0
20.59,152.2,6.96,354,7.29,11.32,0.126,299,34.6,26.16,85.34,1,1,1,0,0
28.24,38.87,5.66,355,3.39,38.65,0.12,567,43.7,25.77,84.63,1,0,1,0,0
33.42,261.48,6.57,235,3.22,47.87,0.195,78,20.35,19.63,10.56,0,1,0,0,0
42.77,107.37,7.87,159,2.31,48.03,0.112,955,88.53,48.5,48.27,0,0,0,1,0
41.16,187.81,5.97,476,11.24,0.02,0.175,168,95.77,11.1,17.99,0,1,0,1,2
23.19,47.63,6.55,358,10.33,31.59,0.19,845,42.36,44.32,33.37,1,1,0,1,2
22.33,61.85,5.7,302,9.01,1.37,0.087,807,50.76,66.33,94.42,0,1,1,1,2
34.73,297.59,7.16,406,11.19,35.02,0.011,817,54.32,17.04,89.6,0,0,0,0,0
33.3,225.93,6.23,270,13.99,38.4,0.029,137,52.78,83.66,69.33,0,0,0,1,1
26.66,288.59,5.82,153,6.82,42.88,0.101,784,51.43,36.34,90.86,1,1,0,1,0
42.49,88.76,6.94,36,10.47,26.47,0.179,14,58.07,14.18,38.46,1,1,1,0,0
43.18,49.37,6.73,216,6.53,42.51,0.131,604,32.3,43.72,84.53,0,0,0,0,2
30.07,150.92,7.38,438,6.22,46.19,0.04,692,24.61,22.46,71.65,0,0,0,1,2
42.26,148.4,8.12,129,12.21,26.66,0.14,481,77.88,81.58,76.06,0,0,1,0,2
29.6,52.48,5.89,75,8.9,26.21,0.179,994,87.73,40.06,17.72,1,1,1,1,0
38.42,219.97,8.27,402,3.45,25.29,0.006,968,84.82,20.53,41.41,0,1,0,0,2
31.9,108.53,5.59,287,6.84,25.23,0.049,50,70.13,50.83,14.38,0,0,1,0,0
23.06,55.91,7.05,470,11.56,38.73,0.031,720,97.5,50.68,23.55,0,1,1,1,2
43.2,99.6,7.56,196,13.28,3.37,0.157,120,20.12,34.8,34.43,0,1,0,0,0
31.35,169.1,8.85,310,9.37,22.62,0.178,65,45.56,39.43,62.71,0,1,1,1,2
38.36,217.94,7.51,216,6.73,26.2,0.111,25,44.8,79.2,78.39,1,1,1,1,1
29.18,144.57,6.06,98,5.02,10.72,0.17,805,47.97,67.49,19.76,1,0,0,0,2
20.47,157.68,7.31,311,7.06,27.06,0.131,892,84.0,29.32,14.92,0,1,0,1,0
22.51,41.68,6.89,284,8.79,22.78,0.131,859,48.12,95.34,89.53,0,0,1,1,0
32.41,274.41,7.18,229,2.05,36.88,0.116,285,62.17,37.43,21.74,1,1,0,1,1
37.25,278.62,6.19,108,5.22,17.66,0.01,746,69.12,58.01,50.35,1,1,1,0,1
28.37,205.03,7.25,339,10.06,47.49,0.187,54,87.63,61.4,20.15,1,1,0,0,0
37.39,5.29,6.03,494,10.08,20.69,0.071,648,69.27,29.23,58.15,0,1,1,0,1
37.47,161.12,8.1,163,9.84,31.54,0.161,987,50.5,36.21,19.56,0,0,0,0,0
37.6,188.77,7.58,115,13.4,11.08,0.162,783,75.58,53.26,78.61,1,1,1,1,0
32.31,298.4,5.77,70,8.82,34.43,0.193,23,61.24,33.07,17.7,1,0,1,0,0
42.87,298.82,8.61,213,5.24,25.69,0.065,213,62.27,37.51,48.72,1,0,0,1,1
32.23,257.28,7.66,337,11.74,17.11,0.199,787,46.81,65.18,47.85,0,1,1,0,0
31.26,19.15,6.61,52,6.67,17.4,0.06,61,20.13,76.04,92.87,0,1,1,0,0
24.98,285.98,5.66,84,4.87,18.77,0.09,51,48.47,82.09,48.68,1,1,1,1,1
27.69,183.8,7.71,341,8.68,21.87,0.141,637,44.22,20.95,16.38,1,0,0,0,0
21.06,240.27,6.81,422,5.47,12.38,0.031,333,28.03,76.33,58.91,1,0,0,1,0
35.84,122.16,8.68,75,6.75,13.87,0.053,51,35.89,94.27,75.25,0,0,0,0,1
26.21,95.9,5.62,266,10.32,47.92,0.146,298,98.47,62.27,40.36,1,1,0,0,2
27.6,138.97,5.64,247,13.95,15.06,0.195,607,42.39,64.42,64.77,1,0,1,1,1
39.27,44.06,8.82,331,9.74,31.35,0.147,649,61.45,95.98,20.95,1,1,0,1,0
28.18,107.12,8.88,473,5.32,17.27,0.172,321,63.95,88.25,48.28,0,0,1,1,1
26.05,257.29,5.6,285,3.09,40.54,0.007,326,64.8,60.19,24.93,0,0,0,0,2
24.23,11.39,8.01,78,6.34,34.8,0.115,960,23.79,78.93,34.63,0,1,0,1,1
39.37,45.26,6.28,455,2.23,16.41,0.183,612,81.72,26.28,67.69,1,0,0,0,2
23.24,37.53,7.95,106,7.58,35.83,0.136,14,78.43,47.18,77.82,0,1,0,1,0
31.34,120.92,8.54,436,9.92,37.84,0.135,330,98.18,74.39,38.04,1,1,1,0,0
32.67,299.1,5.85,81,8.14,6.91,0.041,595,34.78,35.97,99.08,1,0,0,0,2
37.18,52.01,6.34,201,12.38,28.91,0.172,305,64.3,50.85,35.63,0,0,0,1,2
35.83,43.64,5.58,391,7.93,40.39,0.173,40,84.31,25.55,23.51,0,0,0,0,2
40.27,274.52,5.65,229,7.55,2.52,0.123,59,29.95,90.8,88.07,0,1,1,0,0
21.12,264.62,5.6,226,5.72,25.39,0.085,288,83.17,90.61,68.47,0,1,1,1,2
27.41,9.67,8.3,19,12.05,41.99,0.165,819,41.6,53.05,71.16,0,1,1,1,1
27.0,225.51,6.54,267,12.84,47.64,0.093,677,42.47,27.28,81.49,0,1,1,0,1
23.65,196.64,7.23,496,13.74,32.8,0.165,467,95.65,71.13,99.95,1,0,0,1,0
27.23,230.32,8.26,322,13.77,16.39,0.097,377,45.11,29.22,35.57,0,0,1,1,1
27.74,148.35,7.23,467,13.77,30.24,0.116,191,66.74,30.57,59.32,1,1,1,1,0
33.05,297.41,7.0,177,10.54,1.37,0.15,393,55.21,97.48,73.38,0,1,0,0,1
36.59,13.15,5.54,381,8.75,22.79,0.053,351,26.25,18.96,23.16,0,0,0,0,0
29.53,70.31,7.49,139,4.07,36.37,0.049,611,96.04,44.13,37.61,0,1,0,0,2
37.99,118.96,5.94,309,11.2,1.81,0.134,945,37.1,59.94,37.6,1,1,1,1,1
28.4,134.93,8.18,471,10.82,30.16,0.191,958,41.42,19.7,39.47,1,0,0,0,2
27.26,276.41,6.4,79,12.11,29.42,0.089,314,50.18,13.5,74.64,1,0,1,0,1
33.53,168.0,7.86,379,7.55,9.48,0.18,139,59.88,58.81,63.33,0,1,0,0,1
20.59,13.53,7.76,181,12.71,28.46,0.104,569,31.54,20.31,74.43,0,0,0,0,2
21.99,122.36,7.66,73,10.62,20.47,0.195,216,70.39,32.61,56.11,1,0,0,1,2
30.45,124.95,6.43,146,4.05,23.94,0.158,8,61.18,54.75,95.99,0,0,1,1,2
43.57,289.65,6.43,232,4.48,16.27,0.172,944,44.24,41.27,56.86,0,1,1,0,2
38.04,179.76,8.52,141,11.77,40.52,0.136,444,75.41,73.95,64.32,1,1,1,1,2
22.2,190.7,5.54,435,7.11,18.28,0.174,80,61.13,96.62,36.85,0,1,1,1,2
41.16,213.98,6.14,461,4.99,39.54,0.119,717,87.25,77.79,15.29,0,0,0,0,2
38.31,231.01,7.64,149,7.07,3.83,0.113,471,88.43,100.0,83.4,0,0,0,0,1
35.27,190.52,8.36,131,3.94,13.93,0.175,616,98.41,45.0,87.08,0,1,1,0,0
40.51,71.16,6.75,238,12.7,20.13,0.003,762,25.39,37.47,86.58,1,1,0,0,2
30.1,262.21,7.79,371,2.86,20.23,0.096,562,52.41,29.13,82.15,1,0,0,0,2
25.54,219.64,7.45,314,6.24,22.06,0.174,428,60.12,89.64,34.17,1,0,1,1,2
32.8,222.56,5.73,161,8.68,32.62,0.039,66,38.7,45.09,61.73,1,1,0,1,2
33.72,298.97,7.68,319,12.48,28.7,0.192,369,93.76,73.98,83.34,0,0,0,0,0
33.46,240.76,8.35,249,11.38,26.05,0.148,360,27.05,70.73,66.29,0,0,0,0,1
34.13,248.75,8.97,127,2.27,41.88,0.152,79,54.28,15.14,96.27,1,1,0,1,1
43.72,285.42,5.6,273,11.9,9.81,0.133,529,34.82,89.17,70.99,1,0,1,1,0
42.56,45.34,7.81,481,9.66,43.01,0.089,742,74.57,53.79,60.46,1,1,1,1,0
41.89,149.32,6.95,81,3.6,40.57,0.092,956,76.4,30.12,99.59,0,0,0,0,0
40.04,174.17,5.53,231,9.41,9.78,0.168,177,89.8,98.12,58.11,0,1,1,1,1
43.59,98.78,7.65,30,11.81,31.2,0.028,653,52.72,77.78,97.03,0,1,1,0,0
22.46,251.82,5.93,233,9.23,11.16,0.104,649,82.01,65.51,11.09,1,0,1,1,1
26.63,228.73,6.82,83,13.99,47.14,0.062,969,63.97,98.95,59.51,0,1,1,0,0
32.38,216.26,6.41,483,8.08,24.65,0.197,389,84.98,78.09,36.01,1,0,1,0,2
41.16,299.14,6.76,41,10.08,10.19,0.001,770,26.83,20.9,45.61,1,1,0,1,0
32.63,77.81,7.22,201,2.84,31.81,0.013,624,57.08,99.2,17.91,0,0,0,1,2
38.7,220.64,6.76,250,11.76,35.36,0.193,597,32.04,63.78,33.78,1,0,1,0,2
23.47,165.42,7.43,386,9.49,30.25,0.109,385,83.23,36.95,61.27,1,1,0,0,1
26.31,93.9,6.34,84,8.73,12.08,0.028,742,32.21,83.58,74.92,0,0,0,1,0
38.29,48.18,7.72,483,10.51,36.76,0.09,843,20.64,14.31,91.93,1,0,0,0,2
24.12,268.77,8.49,182,8.73,46.48,0.065,888,94.36,68.89,30.86,0,1,0,1,1
28.78,178.64,6.28,265,11.2,47.61,0.182,896,58.77,24.33,81.59,0,0,0,0,0
26.62,247.48,7.28,70,9.0,33.97,0.138,947,98.82,17.88,12.21,0,1,1,0,1
28.75,163.6,7.77,21,8.24,42.01,0.026,100,56.24,41.86,90.44,0,1,0,1,2
37.71,65.99,7.48,406,3.62,48.93,0.107,140,67.26,42.07,63.53,0,1,0,0,0
29.2,101.26,6.78,75,7.66,2.17,0.027,543,79.53,64.05,86.12,1,0,1,0,2
33.88,114.46,7.75,486,8.46,23.85,0.133,920,42.46,60.89,32.97,0,0,0,0,2
22.5,291.88,5.6,268,9.49,14.57,0.145,498,30.63,71.92,43.57,1,0,1,0,1
40.13,1.69,6.79,167,7.47,23.74,0.112,421,72.89,25.67,18.74,1,0,1,1,1
29.25,295.7,7.36,378,3.76,45.85,0.193,388,60.85,88.38,17.1,0,0,0,1,1
36.21,294.14,5.57,396,3.8,49.17,0.189,868,86.14,87.28,84.38,0,0,1,1,0
38.13,298.85,7.28,352,10.65,45.25,0.041,913,23.61,29.46,36.73,1,1,0,1,2
25.24,142.98,7.79,350,9.94,9.86,0.0,137,63.58,52.62,41.74,1,0,0,0,2
42.12,289.14,8.16,239,5.11,40.14,0.133,180,34.86,53.92,57.75,0,1,0,0,2
35.41,118.68,5.9,50,7.35,40.88,0.095,722,69.39,92.91,70.36,1,0,1,0,2
30.72,7.89,8.97,447,5.68,28.97,0.067,417,80.84,91.51,14.2,0,0,0,1,0
24.56,67.3,7.62,475,4.17,35.74,0.183,541,41.04,16.07,61.68,1,1,1,0,0
43.56,283.59,6.77,82,5.91,45.27,0.196,927,58.54,96.22,64.91,1,1,0,1,2
38.88,4.13,6.37,468,5.15,49.71,0.186,650,53.62,16.17,86.53,0,1,1,0,1
25.2,163.8,7.51,351,2.99,2.0,0.1,597,80.39,59.46,23.92,1,0,0,1,0
28.44,22.68,8.59,89,8.05,12.86,0.141,157,67.99,38.04,50.53,1,1,0,1,0
40.24,85.92,7.32,381,7.41,46.73,0.034,512,29.66,45.14,52.68,0,1,0,0,1
37.39,26.43,7.82,12,10.58,16.46,0.19,5,98.14,66.4,86.28,0,1,1,0,1
39.14,257.86,6.75,156,9.44,5.32,0.057,589,92.99,62.54,42.62,1,1,0,1,1
31.03,177.32,6.86,198,6.12,15.66,0.039,695,66.3,25.07,17.29,0,1,1,1,0
37.91,270.63,6.5,430,7.96,25.92,0.012,194,82.2,97.28,64.11,1,0,0,0,0
29.66,206.51,7.97,153,8.43,19.3,0.11,57,21.6,12.58,69.58,0,1,0,0,1
25.28,291.31,6.76,197,13.01,39.42,0.19,998,36.12,40.9,62.42,0,1,0,0,1
35.82,152.96,6.17,223,13.78,30.55,0.027,206,81.43,82.12,54.09,0,0,1,0,2
44.4,191.61,6.79,483,11.79,21.75,0.024,606,28.5,86.58,29.18,1,0,0,1,0
27.77,172.89,8.49,117,8.75,49.86,0.055,255,23.42,81.76,58.48,1,0,1,0,0
31.52,145.28,8.08,150,13.14,44.3,0.133,509,69.26,43.52,13.25,0,1,1,0,0
36.85,253.79,6.67,243,4.14,43.11,0.11,891,22.74,70.61,61.01,1,1,1,0,2
33.54,193.36,8.67,74,10.36,28.36,0.019,146,34.65,78.79,54.02,1,0,0,0,0
41.09,240.39,5.76,439,7.53,39.0,0.088,956,26.4,62.02,95.74,0,1,0,1,0
39.04,235.91,5.67,212,3.74,16.79,0.013,829,62.74,71.11,38.8,1,1,0,0,2
21.46,57.31,5.95,274,2.9,16.49,0.17,981,74.15,59.83,11.96,1,0,0,0,0
44.96,195.05,5.91,353,7.77,44.6,0.021,838,34.66,14.95,78.41,0,1,1,0,2
38.81,59.89,5.81,496,4.87,29.84,0.094,218,57.5,34.6,25.09,0,0,0,0,2
41.6,175.0,7.81,366,5.01,17.18,0.102,930,21.61,73.24,59.0,0,0,0,0,2
36.28,203.23,7.6,243,5.84,42.27,0.106,170,41.17,31.74,29.34,1,0,1,0,1
41.41,299.17,7.77,177,10.62,22.13,0.122,516,34.37,50.99,58.55,0,0,1,1,1
22.81,9.16,7.91,107,3.97,20.0,0.14,127,33.28,58.12,62.29,0,0,0,0,1
28.69,27.37,8.15,290,10.61,1.31,0.001,45,38.0,70.39,69.55,0,1,0,1,2
41.91,23.11,6.23,176,11.39,33.95,0.006,802,84.43,33.32,43.57,1,1,0,1,0
25.04,119.51,7.68,478,9.13,26.63,0.122,355,95.98,63.57,15.5,0,1,1,1,1
21.96,246.48,7.53,173,4.97,15.59,0.036,100,76.48,63.69,63.72,1,1,0,0,2
39.7,253.22,8.8,92,2.62,6.97,0.166,635,25.78,86.05,87.81,1,1,1,1,1
40.89,221.09,6.31,453,6.9,9.12,0.126,726,70.25,59.68,57.29,1,0,0,1,0
24.07,269.06,5.71,99,12.17,11.24,0.196,931,78.73,36.56,32.52,1,0,0,1,1
41.36,96.86,7.79,180,3.22,43.26,0.146,771,28.89,57.04,47.21,1,0,1,1,2
37.17,26.45,8.09,158,10.94,24.03,0.018,444,43.55,19.65,58.62,1,1,1,1,2
33.0,17.45,6.49,95,7.61,34.77,0.034,257,54.27,64.7,17.89,1,1,0,0,2
40.76,255.64,7.5,231,12.79,23.07,0.009,100,44.86,92.45,61.13,0,0,1,0,2
30.48,219.13,5.71,250,6.27,23.69,0.148,162,61.47,57.68,19.84,1,0,0,1,1
24.85,209.58,8.86,339,10.46,41.11,0.025,557,30.47,36.3,26.01,1,1,0,1,1
27.12,101.9,5.88,405,10.88,38.56,0.133,3,55.58,46.5,45.37,1,0,1,0,1
32.63,113.97,5.74,66,4.38,11.61,0.111,762,78.66,91.17,81.94,1,1,1,0,1
33.28,287.43,5.65,391,3.9,31.29,0.127,383,56.87,83.18,84.14,1,0,0,0,2
40.14,19.14,7.0,236,3.11,34.01,0.102,443,36.83,82.29,35.44,1,0,1,1,0
39.78,232.12,5.84,18,10.42,20.24,0.003,559,84.17,60.77,58.42,0,0,1,1,0
34.53,92.89,8.11,286,8.58,3.42,0.051,375,51.55,45.68,18.43,0,0,1,0,1
39.52,11.72,8.65,287,3.04,18.57,0.177,515,54.01,21.92,99.79,0,1,0,0,2
24.79,222.77,6.41,206,5.7,17.92,0.186,709,48.61,97.81,68.86,1,1,0,0,1
21.25,99.27,7.7,310,3.71,34.53,0.019,562,43.18,26.12,30.18,0,1,1,1,2
41.84,216.64,5.65,102,3.11,40.48,0.191,16,68.16,32.69,90.97,1,0,1,0,1
21.89,212.3,6.85,158,5.59,19.8,0.134,259,35.02,78.78,41.48,1,1,0,1,2
26.17,160.44,6.53,194,3.16,32.29,0.185,341,81.54,41.57,34.77,0,1,0,1,1
37.38,233.21,6.3,50,5.12,32.14,0.08,696,58.54,62.55,36.77,0,1,0,1,0
30.24,174.31,7.76,377,8.63,32.41,0.02,980,90.69,78.55,53.74,0,1,0,0,2
41.91,85.99,5.96,223,8.73,27.72,0.06,971,95.11,60.05,13.01,1,1,0,0,2
27.45,220.23,8.51,201,4.02,31.46,0.138,646,50.64,54.16,68.63,0,1,1,1,0
20.3,176.74,7.83,91,4.29,43.38,0.159,943,32.71,14.56,95.3,0,1,0,1,2
27.52,3.82,7.99,154,12.26,46.09,0.01,859,60.42,53.89,83.4,1,1,0,1,1
34.45,270.49,8.77,175,4.0,4.59,0.097,237,41.64,50.95,83.0,0,1,1,1,0
29.4,163.69,8.8,109,2.55,0.59,0.013,844,54.12,89.25,79.67,0,0,1,1,1
33.37,260.59,7.43,487,4.94,25.95,0.173,490,50.2,50.27,42.11,1,1,1,0,1
41.91,264.82,7.23,298,8.92,20.64,0.095,160,56.04,66.69,27.14,0,1,0,1,0
42.81,133.49,6.67,222,2.09,22.56,0.183,487,59.89,79.64,38.29,1,1,1,0,2
26.65,152.3,8.0,178,13.82,22.93,0.016,844,70.19,52.09,25.55,1,1,0,0,0
31.55,124.73,7.38,225,4.76,44.76,0.066,195,20.31,33.48,86.58,0,1,1,0,2
33.73,134.83,8.77,452,4.86,31.83,0.135,127,40.51,90.46,47.89,1,1,0,0,0
43.73,268.54,6.34,74,10.86,22.12,0.059,439,33.62,90.6,83.08,1,0,1,0,2
44.97,236.44,6.59,70,4.98,22.74,0.168,280,76.84,90.99,36.13,1,1,0,1,0
25.89,37.96,6.61,327,6.75,42.23,0.197,83,86.59,34.55,22.94,0,0,0,1,0
38.17,183.09,8.32,208,8.53,10.85,0.056,357,78.06,38.39,88.35,1,1,0,0,1
29.45,298.77,5.85,491,2.26,0.74,0.072,162,97.97,92.69,81.9,1,0,0,1,1
20.2,178.67,7.09,433,12.05,23.91,0.193,328,26.18,21.32,60.05,0,1,1,1,0
20.23,235.76,7.0,444,8.14,48.02,0.072,605,57.18,69.03,21.09,1,0,1,1,2
31.51,230.72,5.76,102,5.76,40.72,0.111,422,91.95,36.31,40.27,1,1,1,1,0
32.21,105.1,6.94,40,6.8,20.42,0.154,22,45.53,74.92,15.18,1,0,0,1,2
20.56,111.55,7.3,434,2.67,8.75,0.088,394,84.19,85.03,90.84,0,0,1,0,2
37.17,217.22,5.73,333,10.62,28.51,0.075,78,64.94,46.73,31.62,1,1,1,0,1
27.35,150.0,7.28,279,8.47,43.99,0.099,750,98.28,23.6,57.09,0,1,1,1,0
34.0,171.17,8.86,29,12.97,35.86,0.156,116,49.68,75.9,94.77,0,1,1,1,2
27.52,213.87,8.93,242,7.57,27.01,0.062,789,53.37,15.02,66.08,1,0,0,1,2
24.18,233.27,7.36,51,11.94,36.74,0.07,336,33.1,11.35,66.07,0,1,1,0,1
30.18,81.45,7.3,433,4.26,48.23,0.038,942,32.77,88.95,84.96,1,1,0,0,0
25.81,44.04,6.5,56,2.68,27.63,0.14,267,88.88,83.51,72.41,1,0,1,0,2
33.37,87.54,8.99,189,13.38,27.77,0.18,242,52.58,62.38,53.72,0,1,0,0,2
24.97,152.26,6.46,78,5.08,23.93,0.037,418,69.64,69.88,21.0,1,1,1,0,2
32.71,102.64,7.09,372,12.0,28.33,0.007,289,80.18,95.73,54.7,1,1,1,1,0
23.93,170.51,5.51,436,5.09,31.76,0.076,128,55.06,15.65,26.37,0,1,0,1,2
36.77,16.04,6.72,195,3.87,10.21,0.082,248,96.3,29.49,54.27,0,0,1,1,2
38.85,152.93,5.75,460,10.79,28.4,0.129,159,95.05,75.63,11.98,1,1,1,0,1
22.76,110.4,8.1,196,11.34,0.67,0.017,899,74.41,33.76,41.72,1,1,0,1,2
31.7,160.4,7.46,30,12.12,46.9,0.164,407,99.62,28.65,14.98,0,0,1,1,0
21.77,126.76,7.5,331,12.38,1.89,0.115,454,20.21,49.8,23.11,1,0,0,0,1
34.95,85.27,6.5,29,7.8,47.91,0.109,508,20.74,75.13,72.54,0,0,0,1,0
26.61,271.23,8.35,112,6.8,48.45,0.063,331,25.4,28.95,97.87,1,1,0,1,0
33.19,55.43,5.51,137,11.01,26.34,0.073,917,95.48,48.66,60.83,1,0,1,0,1
32.94,204.41,6.67,221,8.83,16.62,0.011,240,68.39,56.69,25.25,1,1,1,1,1
43.11,277.39,7.81,473,13.58,9.25,0.151,930,94.22,25.5,43.88,1,1,1,1,1
33.73,161.6,8.68,171,6.51,8.11,0.121,468,30.17,52.91,31.09,0,1,1,0,0
34.57,262.92,6.32,389,2.51,11.9,0.195,412,22.56,87.93,14.31,1,1,1,1,2
30.04,37.46,7.39,154,9.07,23.81,0.071,112,63.46,77.15,92.18,0,0,1,1,0
43.73,148.14,7.38,275,6.24,37.14,0.133,912,34.02,55.31,58.79,0,0,1,1,2
39.43,137.11,8.56,219,6.11,19.94,0.184,155,88.79,21.28,23.4,0,0,1,0,2
27.14,2.44,5.68,275,8.77,39.05,0.142,302,53.63,12.1,77.12,0,0,0,1,0
41.11,132.98,6.99,11,13.06,28.23,0.008,424,81.64,16.05,25.42,1,1,0,1,2
30.81,110.71,6.14,492,5.2,0.96,0.126,16,61.32,77.52,28.59,0,0,0,0,0
40.72,200.94,5.58,84,6.56,6.59,0.109,515,62.29,73.39,64.14,1,0,1,1,1
40.57,281.5,6.01,221,12.69,28.61,0.1,503,74.55,77.15,48.38,0,1,1,1,1
24.72,25.74,8.92,48,12.74,8.06,0.111,40,46.84,37.65,90.53,0,1,0,1,0
37.53,98.24,6.25,179,4.82,30.42,0.092,645,95.91,18.09,63.7,1,1,0,1,0
27.27,133.22,8.77,9,10.48,22.26,0.138,974,52.03,74.29,26.42,0,1,0,1,0
27.44,136.56,6.22,498,6.99,34.5,0.003,939,51.84,93.02,52.72,0,1,0,1,2
27.41,232.44,8.76,260,13.23,14.57,0.038,151,76.59,50.7,75.41,0,0,1,1,1
38.14,133.02,7.79,319,10.79,41.08,0.073,53,70.9,78.79,64.01,1,0,1,0,1
25.75,8.15,5.9,185,7.93,19.44,0.091,711,99.66,75.53,38.91,0,0,1,0,2
20.02,213.03,7.54,228,11.81,39.83,0.026,872,88.02,86.83,44.78,1,0,1,0,0
37.88,265.45,6.61,391,13.97,0.97,0.164,346,42.77,12.55,69.91,0,0,0,1,2
24.28,154.17,6.84,157,7.36,19.65,0.186,638,28.12,95.98,56.71,0,1,1,1,2
22.61,174.33,7.04,272,6.48,11.01,0.15,798,28.53,87.88,16.64,0,1,0,0,0
25.94,48.88,6.98,322,9.28,22.18,0.186,264,48.93,88.88,59.38,1,1,1,0,1
29.5,66.19,7.82,20,10.2,47.34,0.149,721,58.17,99.67,50.93,1,1,0,0,2
31.9,70.55,8.19,15,10.45,7.95,0.088,820,70.97,67.55,83.34,1,0,1,0,0
21.11,129.22,6.65,479,7.68,4.4,0.079,635,88.62,17.35,20.11,1,1,0,1,1
44.26,278.44,8.74,282,5.99,2.92,0.033,1,99.16,84.05,10.09,0,0,0,0,0
37.9,156.54,8.78,114,11.86,6.17,0.017,213,52.7,22.14,83.87,1,0,1,0,0
28.08,57.63,5.64,5,13.5,3.1,0.044,403,63.65,76.41,29.01,1,0,1,0,2
27.97,79.83,5.55,297,12.37,34.24,0.106,887,68.06,48.16,12.84,0,0,0,1,0
31.21,115.2,6.99,399,10.19,5.87,0.027,873,64.68,10.6,29.89,0,1,0,0,0
35.66,186.98,7.57,428,6.32,9.87,0.19,771,27.23,49.22,89.74,0,1,0,0,2
23.66,132.01,6.47,258,9.47,32.28,0.044,229,29.2,81.7,25.4,1,0,0,0,0
24.72,117.73,6.41,39,3.21,22.31,0.167,683,91.1,17.87,38.8,0,1,0,0,1
41.49,169.42,7.87,275,8.41,2.73,0.164,829,74.05,10.2,64.95,0,0,0,0,2
26.41,72.55,7.61,231,11.37,48.53,0.028,268,74.3,50.75,26.15,1,1,0,1,2
29.5,23.67,6.09,6,5.01,30.0,0.142,112,85.18,10.13,68.06,0,1,0,1,0
41.78,7.32,8.6,314,8.02,30.69,0.165,147,26.73,94.13,73.6,1,1,1,0,2
36.58,75.38,7.88,394,2.88,42.63,0.177,947,53.24,84.24,30.79,0,1,1,0,0
28.54,27.48,6.77,92,12.06,45.45,0.191,133,39.73,66.71,18.66,0,1,0,0,1
37.09,100.9,7.89,307,6.2,2.85,0.186,654,72.86,11.56,46.18,1,1,1,0,0
20.49,231.88,5.89,386,8.99,3.42,0.062,199,37.19,61.28,72.88,1,1,1,1,1
38.39,214.89,7.14,20,6.54,38.83,0.054,575,75.37,70.4,83.22,0,1,1,0,0
32.18,183.28,6.09,436,9.17,34.79,0.08,509,51.03,62.87,13.3,0,1,0,0,0
40.33,255.75,5.65,479,10.93,10.84,0.093,605,55.15,95.22,58.29,1,1,0,1,1
43.87,84.62,6.68,413,5.92,16.06,0.047,931,85.44,84.82,33.16,0,1,1,0,1
43.14,265.52,6.03,486,8.23,30.55,0.017,163,47.85,42.86,47.45,1,0,1,1,1
42.73,119.77,7.72,10,11.54,39.45,0.131,130,40.53,72.53,57.59,1,0,0,0,0
32.8,120.27,7.86,464,10.25,30.16,0.035,346,88.02,51.5,76.17,0,0,0,1,2
29.0,121.61,6.02,408,2.68,39.6,0.183,221,74.83,93.55,13.58,0,0,0,1,0
31.63,29.43,5.59,49,8.83,11.43,0.058,122,52.31,65.63,25.33,0,1,1,1,0
37.25,292.65,8.27,472,6.52,16.56,0.04,988,59.88,62.39,65.47,1,0,0,1,0
42.1,41.55,5.51,264,10.51,5.08,0.039,463,47.83,55.06,49.68,0,1,1,1,2
25.17,102.27,6.7,44,2.2,49.24,0.058,39,64.1,44.0,28.89,1,1,1,0,2
42.95,95.79,7.23,284,5.97,40.45,0.122,421,31.1,23.33,15.85,0,1,1,0,1
40.38,22.4,8.37,317,3.04,35.79,0.196,979,91.08,34.65,92.33,1,1,0,1,2
44.47,45.68,8.43,270,13.05,9.74,0.097,44,64.32,39.93,42.66,0,1,1,0,0
42.01,13.46,8.04,274,12.52,34.93,0.12,189,50.82,23.86,46.95,0,1,1,0,2
27.0,87.72,6.37,398,13.62,43.12,0.169,975,65.73,83.14,14.42,1,0,0,0,0
22.65,260.0,8.02,422,9.72,40.52,0.067,724,32.9,10.2,76.47,1,0,1,0,1
22.81,101.83,6.36,34,11.68,37.73,0.036,209,26.28,92.42,99.3,1,1,0,0,0
27.28,37.11,6.25,487,9.34,19.36,0.087,616,63.85,21.55,98.05,1,0,0,1,0
35.35,193.71,7.41,140,7.9,38.35,0.064,887,25.64,14.59,38.01,0,0,1,1,2
40.11,298.98,7.88,143,12.01,24.23,0.173,606,72.87,99.57,96.5,1,0,0,1,0
42.48,69.7,5.69,322,11.31,20.23,0.196,577,84.02,99.98,46.69,0,1,1,1,2
35.59,83.87,5.71,244,10.8,48.24,0.138,23,99.07,27.26,44.85,1,1,0,1,1
20.14,291.55,8.24,350,12.73,7.33,0.131,773,81.54,22.04,84.85,1,0,0,1,0
24.66,53.63,8.51,310,13.14,43.24,0.143,381,97.93,27.8,81.26,1,1,1,1,2
22.49,153.36,7.62,192,7.34,16.11,0.094,493,21.77,56.02,52.74,0,1,1,0,0
29.08,71.9,7.0,34,5.39,25.82,0.126,336,64.71,38.91,50.27,0,1,1,1,0
32.53,279.71,8.46,271,8.14,18.15,0.014,857,33.18,40.27,97.16,1,0,0,1,1
21.08,294.46,8.05,384,3.12,25.16,0.099,499,39.61,82.86,46.77,0,0,0,1,0
28.71,244.41,7.53,177,13.26,40.92,0.066,484,78.76,90.12,87.55,0,1,0,1,1
24.48,94.44,6.62,269,13.81,9.15,0.011,641,40.23,97.28,77.18,1,1,1,1,0
36.18,121.05,6.19,317,9.83,37.74,0.109,537,34.38,56.33,19.62,1,0,0,0,2
31.61,72.69,6.97,390,10.95,22.29,0.072,43,49.75,32.15,24.31,1,0,1,1,0
32.38,267.23,6.5,150,5.88,46.75,0.118,996,26.66,59.94,13.37,0,1,0,0,1
30.69,274.37,6.69,98,12.4,27.35,0.103,512,31.72,88.39,13.17,0,1,1,0,1
43.9,125.66,7.3,446,12.8,2.07,0.055,641,31.72,12.78,64.4,1,0,0,1,1
25.37,196.96,6.09,28,2.92,45.51,0.108,224,38.08,92.01,16.93,1,0,1,0,1
32.92,49.67,8.32,149,3.58,46.22,0.076,778,89.66,30.39,22.26,0,1,0,1,0
38.4,130.48,6.01,207,5.13,9.0,0.184,413,43.62,37.95,31.99,1,0,0,1,0
33.92,189.45,7.18,348,10.44,48.63,0.075,545,41.91,42.76,59.8,0,0,1,1,1
43.23,115.62,8.11,261,4.2,22.29,0.008,828,30.08,92.24,30.61,1,0,0,1,2
29.45,107.28,7.2,209,4.64,45.72,0.153,346,21.29,25.84,45.63,1,1,0,0,0
31.59,0.3,6.76,412,6.58,18.2,0.193,106,32.83,30.07,41.8,0,1,0,1,2
22.21,241.29,7.16,88,9.34,1.13,0.034,929,77.84,75.8,45.67,1,0,1,0,0
35.22,266.8,8.47,236,13.72,39.75,0.195,198,97.59,94.12,93.61,0,1,1,0,2
27.21,290.84,8.97,247,11.41,44.29,0.123,358,79.51,19.43,97.27,1,0,1,0,1
24.01,215.78,7.71,257,8.7,8.14,0.169,742,88.26,57.0,16.52,0,1,1,1,1
33.61,164.64,8.28,491,2.59,27.7,0.095,257,82.94,92.3,19.95,0,1,0,1,2
33.31,80.79,5.55,191,8.2,41.58,0.125,63,43.68,89.75,14.92,1,0,1,1,1
21.9,299.79,8.58,95,4.45,23.08,0.168,605,78.5,95.36,44.89,1,1,0,1,0
37.46,176.93,8.84,35,5.6,39.42,0.197,751,80.05,91.19,86.6,1,0,1,1,1
35.59,204.35,7.51,95,5.01,31.9,0.037,386,40.69,38.32,81.98,0,1,0,1,1
24.73,204.72,8.14,488,6.17,36.04,0.18,382,93.65,28.72,41.93,0,0,1,1,1
31.74,253.58,7.29,403,2.75,45.94,0.133,449,99.84,91.13,77.56,1,1,0,1,1
38.01,2.9,6.5,438,8.92,20.84,0.189,157,64.9,74.08,98.11,1,0,1,0,2
33.24,66.07,8.48,36,2.55,38.55,0.064,100,45.33,44.07,27.46,1,0,1,1,1
29.89,199.66,7.59,233,9.93,35.63,0.049,476,48.61,74.16,96.75,1,0,0,1,1
28.06,268.54,7.53,101,10.77,21.95,0.073,674,66.6,37.65,79.37,0,1,0,1,0
35.26,205.6,7.81,480,7.83,19.06,0.177,633,20.62,62.32,20.32,0,0,1,0,1
43.48,124.05,8.5,179,11.38,44.07,0.092,229,44.67,31.0,81.51,0,0,1,0,1
36.79,108.47,8.06,324,13.61,10.24,0.19,661,23.92,60.56,19.2,0,0,0,0,1
21.87,221.38,6.24,69,6.08,15.93,0.048,250,69.93,93.08,12.68,0,1,0,0,1
31.52,222.37,7.13,405,9.43,48.72,0.044,228,68.32,79.43,78.81,0,1,1,1,1
42.27,182.12,8.93,468,5.88,13.87,0.136,593,67.28,69.05,90.55,0,0,0,1,1
22.36,87.44,7.44,466,7.32,43.62,0.058,829,32.08,32.14,46.04,1,0,1,1,0
44.72,277.55,8.78,106,2.25,18.57,0.026,487,95.56,15.7,12.17,1,0,1,1,2
43.73,165.56,8.35,270,2.89,27.56,0.075,620,62.74,73.95,63.78,0,0,0,1,0
21.96,237.15,7.83,353,11.57,19.92,0.053,565,64.47,61.85,31.0,1,1,0,1,0
43.34,64.29,6.72,46,3.68,11.07,0.083,481,63.54,29.13,58.94,0,1,1,1,2
29.08,103.21,6.57,454,10.39,34.56,0.037,699,61.95,94.13,38.61,1,1,1,1,1
41.12,262.37,7.75,464,10.51,48.33,0.191,492,95.07,59.68,66.02,1,1,0,0,2
30.46,15.03,7.01,107,13.95,44.64,0.16,112,68.16,61.47,33.43,1,1,0,0,0
31.02,153.69,8.3,363,10.35,49.26,0.168,549,58.81,36.89,23.36,0,1,1,1,1
35.86,144.51,8.16,68,3.54,34.56,0.06,285,81.32,89.14,77.72,1,0,0,0,1
39.36,225.37,6.59,307,9.52,1.72,0.171,385,40.12,90.23,58.5,1,1,1,1,2
20.84,84.57,7.96,422,8.29,27.7,0.118,19,35.36,74.36,38.57,1,0,0,1,1
34.83,65.72,7.23,1,13.01,31.13,0.011,939,55.14,18.93,66.51,1,1,0,0,1
24.67,277.84,6.63,218,10.28,6.01,0.031,463,21.25,17.59,35.85,1,1,1,0,1
28.65,171.51,6.95,44,8.22,41.42,0.089,579,43.48,52.24,42.88,1,1,0,1,2
28.7,31.41,8.63,407,9.49,36.5,0.079,879,53.61,22.79,43.82,1,0,1,0,2
31.73,57.91,6.76,232,7.32,22.42,0.159,716,66.3,39.87,30.38,1,0,1,0,1
28.35,299.65,6.51,188,8.1,14.6,0.175,205,63.46,25.42,49.68,1,0,1,0,2
22.68,58.68,6.73,366,10.67,11.09,0.173,520,49.39,37.91,83.37,0,1,1,1,1
23.64,183.14,6.25,347,2.94,48.22,0.075,747,47.46,94.86,97.39,0,1,1,0,0
20.84,126.04,7.41,121,9.38,40.1,0.127,397,20.11,77.8,29.75,1,1,1,0,1
31.76,265.68,6.02,494,3.06,34.67,0.099,778,90.49,22.45,94.5,0,0,0,0,0
43.86,226.55,8.36,64,12.26,47.42,0.178,505,38.5,70.2,35.01,1,1,0,0,1
22.89,179.09,6.29,436,13.31,10.18,0.178,265,48.64,12.75,52.29,1,1,1,1,0
43.66,3.22,7.59,371,11.36,42.88,0.011,989,21.62,98.53,19.06,0,0,1,0,1
38.33,263.94,5.94,148,10.62,29.17,0.114,198,96.55,57.85,64.72,1,0,1,1,2
35.94,133.4,8.92,248,13.32,46.65,0.101,312,59.57,55.49,55.98,0,1,0,0,0
36.13,279.47,7.09,382,4.62,33.03,0.154,5,21.86,31.63,71.1,0,1,0,0,2
40.67,148.66,8.38,475,4.75,37.08,0.039,912,40.1,51.21,64.04,0,1,0,1,2
22.67,208.27,8.19,66,7.77,11.11,0.139,268,90.34,57.36,98.33,1,1,1,1,1
32.62,20.79,8.0,349,2.09,17.25,0.148,570,50.06,69.24,79.31,0,1,1,1,2
37.43,223.55,8.4,384,13.58,15.12,0.005,814,75.15,14.13,96.89,1,0,0,0,0
34.67,101.4,5.85,58,2.39,34.71,0.086,761,69.11,40.8,57.3,0,1,1,1,1
40.82,105.41,7.87,114,9.15,20.56,0.196,379,57.76,44.83,35.33,1,0,0,0,0
21.81,35.6,6.43,115,6.25,43.0,0.06,119,86.66,23.42,57.88,1,1,0,0,1
37.27,44.06,8.25,236,3.24,10.63,0.177,771,23.23,31.58,52.01,0,0,0,0,2
33.35,55.73,8.85,46,2.3,39.78,0.117,537,92.99,31.3,48.45,0,1,1,1,2
29.48,98.46,8.66,108,5.15,40.66,0.059,543,77.44,82.93,46.1,1,1,0,1,0
28.51,267.59,5.9,273,3.28,31.39,0.167,951,89.1,71.85,83.02,1,1,1,1,2
35.52,110.48,6.79,112,13.28,7.42,0.198,450,21.35,93.05,76.7,1,0,1,1,2
42.27,217.31,6.78,32,4.94,16.34,0.148,394,26.78,37.89,67.95,1,0,1,1,1
32.4,24.82,5.93,398,3.13,19.89,0.012,885,36.47,89.35,68.05,0,1,1,1,1
40.62,177.33,5.84,279,11.24,23.27,0.01,979,67.48,87.74,43.65,0,0,0,0,2
30.05,144.57,6.85,291,6.97,36.84,0.098,441,27.39,50.32,49.45,1,1,0,0,1
22.56,293.39,8.97,315,12.12,16.92,0.001,819,94.52,66.68,23.73,0,1,1,0,2
21.54,253.86,7.49,161,12.06,0.91,0.135,156,79.89,63.82,62.11,0,0,0,1,2
21.28,136.45,7.68,89,13.91,43.3,0.003,129,84.61,37.7,22.62,0,0,0,0,2
29.5,232.54,7.15,50,11.65,21.62,0.195,234,66.71,33.59,92.38,1,0,0,1,0
28.43,57.91,7.82,423,4.57,14.14,0.176,451,70.48,25.21,47.41,1,1,0,0,1
37.95,168.7,8.85,405,9.04,40.96,0.163,991,37.68,85.39,13.84,1,0,0,0,1
38.57,22.39,7.56,143,8.32,43.94,0.162,48,92.8,58.02,10.16,0,1,1,1,2
21.27,104.43,5.73,103,8.1,36.55,0.167,368,71.91,40.45,70.87,0,1,1,0,1
25.53,67.76,7.23,169,5.56,17.72,0.087,404,53.42,55.9,65.04,1,1,0,0,1
26.86,215.67,8.97,15,4.52,11.55,0.158,528,90.53,17.25,79.32,0,0,1,1,1
33.69,147.03,6.86,132,10.6,35.64,0.073,108,89.11,19.54,77.44,0,0,1,1,2
23.61,225.32,7.58,498,3.22,2.87,0.17,716,20.04,78.34,10.28,0,0,1,0,1
23.35,154.59,5.87,389,2.6,19.55,0.124,95,93.99,91.11,25.03,1,0,0,0,0
43.59,25.95,5.99,169,6.57,37.94,0.072,498,49.07,38.82,39.33,1,1,0,1,1
40.11,220.61,8.56,471,10.93,29.25,0.149,898,53.77,46.83,15.54,0,0,1,0,0
24.52,249.97,6.55,29,12.42,36.69,0.049,553,26.83,43.64,26.04,0,0,1,0,2
30.16,271.06,6.57,484,8.48,28.65,0.193,687,90.21,53.11,62.33,0,1,0,1,0
28.89,171.6,6.86,159,12.08,11.98,0.133,115,63.14,47.26,51.13,1,0,1,1,0
39.78,226.08,8.88,436,2.3,24.16,0.08,350,92.46,44.76,87.45,1,0,1,0,1
32.76,225.61,5.8,146,7.46,38.65,0.11,670,82.47,69.4,30.15,1,1,0,0,0
23.2,46.72,8.37,306,3.6,11.52,0.148,637,91.84,34.49,58.18,0,0,0,1,2
38.47,49.27,6.7,236,8.99,48.15,0.159,384,95.86,94.84,87.55,1,1,1,0,0
29.92,21.27,8.47,411,13.05,10.14,0.195,347,90.87,37.76,15.44,1,1,1,1,1
26.57,95.97,8.97,174,2.09,0.71,0.042,598,36.79,29.31,88.31,0,0,0,0,1
29.39,142.05,6.72,71,10.02,38.9,0.101,627,25.61,97.47,40.96,0,0,0,1,2
32.44,299.37,5.95,383,11.51,46.42,0.018,502,69.62,30.59,87.36,1,1,0,1,0
28.58,129.3,6.01,362,10.93,12.33,0.016,580,32.4,58.3,71.36,1,1,0,1,2
26.05,217.87,8.16,126,2.24,7.75,0.021,512,89.05,39.6,70.55,0,1,1,0,2
29.96,208.02,6.01,384,4.09,11.2,0.052,847,95.8,16.97,14.31,1,0,0,0,1
20.48,61.34,6.41,195,3.13,31.39,0.139,202,29.7,95.76,94.71,1,1,1,1,0
39.31,17.55,6.22,184,3.03,28.95,0.172,35,38.87,43.68,48.8,1,1,1,1,1
24.27,163.8,6.74,149,10.76,31.07,0.087,612,70.02,68.03,19.75,1,0,1,0,0
21.1,210.09,5.76,213,7.1,0.39,0.111,847,78.02,87.6,79.01,1,0,0,0,0
36.34,299.48,8.5,93,10.7,7.85,0.041,698,60.98,59.77,88.01,1,1,1,1,1
39.35,107.58,8.51,57,6.33,12.16,0.158,572,49.52,74.16,93.65,0,1,1,1,1
40.35,268.91,6.95,218,3.4,34.85,0.178,331,44.48,80.61,55.58,1,1,0,0,1
32.34,114.58,7.64,218,10.62,30.44,0.097,733,73.28,44.34,46.34,0,0,1,1,0
25.13,206.82,7.75,12,9.51,31.2,0.032,747,79.56,66.59,62.51,1,1,1,0,1
38.43,179.48,8.12,422,3.36,28.54,0.001,259,43.11,28.54,36.71,1,0,0,1,0
37.49,15.89,7.32,282,13.09,37.23,0.107,118,46.08,14.98,45.35,0,0,1,0,0
26.16,23.52,7.29,422,5.71,47.08,0.1,304,56.81,98.81,58.51,0,0,0,0,1
42.59,6.23,7.71,485,9.86,33.68,0.185,808,56.02,18.33,84.2,0,1,0,0,0
22.61,111.25,7.96,376,2.38,37.25,0.007,741,87.41,48.59,86.81,0,0,1,0,0
44.57,223.74,6.71,455,7.32,30.41,0.03,187,54.95,16.07,21.81,1,1,1,1,0
41.51,51.83,6.66,139,13.57,39.88,0.04,199,98.27,93.04,22.06,0,0,1,1,2
37.2,181.76,6.44,407,12.64,47.15,0.109,199,44.88,19.83,26.58,0,1,0,1,0
43.47,86.65,7.42,273,4.66,30.26,0.057,888,75.43,80.79,63.67,0,0,1,1,2
38.06,239.1,6.76,118,12.55,9.05,0.041,788,80.71,74.42,28.25,1,1,0,1,2
24.76,239.52,7.39,270,5.52,38.51,0.103,39,70.43,14.05,65.13,0,0,1,0,2
31.05,232.62,6.92,443,12.23,32.54,0.008,967,49.36,74.91,75.28,0,0,0,1,2
21.79,157.45,8.43,399,10.75,46.68,0.195,860,40.59,97.24,87.27,0,1,0,0,0
29.74,85.37,5.76,96,6.22,13.61,0.172,846,68.34,56.89,88.06,1,0,0,1,1
38.54,242.83,7.5,329,12.93,48.5,0.054,589,72.69,36.06,29.32,0,1,1,1,0
29.66,55.83,7.51,46,7.82,27.59,0.067,613,40.61,59.05,38.1,1,0,0,0,2
28.26,86.93,6.84,151,5.81,48.2,0.049,457,46.92,20.89,26.35,1,1,0,1,2
34.88,55.18,6.97,172,5.36,39.2,0.186,730,88.97,96.04,71.24,1,0,0,1,0
41.81,202.26,8.3,274,13.27,43.3,0.131,167,84.84,42.88,71.81,1,0,1,1,0
21.19,205.87,6.48,346,11.1,16.19,0.104,244,34.7,51.13,10.36,1,1,0,1,2
29.64,195.75,8.55,236,6.2,10.97,0.102,922,94.67,46.13,24.84,1,0,0,1,0
23.96,124.68,8.64,424,5.05,31.2,0.033,169,70.24,12.51,40.14,0,0,1,0,1
37.38,30.05,7.78,30,4.54,18.72,0.193,871,59.74,13.09,28.65,1,0,0,0,1
22.64,273.35,8.21,212,4.93,49.29,0.183,249,36.07,60.61,59.62,0,0,0,0,2
36.62,152.32,7.65,271,3.33,24.77,0.19,893,78.42,55.21,13.64,0,0,1,0,1
27.15,122.09,7.34,406,7.82,5.52,0.058,482,93.66,98.78,84.36,1,1,1,0,1
24.97,176.65,8.88,77,2.49,24.94,0.095,419,25.2,33.69,51.95,1,0,0,1,2
43.41,57.84,6.49,278,2.14,26.75,0.104,650,61.66,43.16,63.44,0,1,0,1,0
20.46,39.76,6.04,40,9.42,0.24,0.098,76,90.17,98.91,62.18,1,0,0,0,1
30.94,121.66,6.51,145,3.06,12.27,0.004,34,96.2,14.31,50.56,1,1,1,1,0
20.54,68.17,7.65,419,12.14,0.07,0.167,500,25.77,67.84,61.07,1,0,1,1,0
32.09,73.29,6.15,11,3.28,28.05,0.149,852,83.28,19.15,16.85,1,0,1,1,2
32.53,267.75,8.68,247,8.51,14.61,0.095,292,42.51,95.18,44.61,1,1,1,0,0
28.04,159.23,6.94,228,10.11,8.66,0.053,491,63.32,35.93,73.89,0,1,1,1,1
23.3,145.04,8.47,330,4.75,41.93,0.127,139,82.7,83.27,42.96,1,1,1,1,1
29.41,206.84,6.37,452,12.66,1.5,0.028,433,63.61,92.01,32.86,0,0,1,0,0
36.81,285.46,6.6,178,7.78,34.59,0.199,920,28.8,86.23,60.86,0,0,1,1,0
39.56,33.66,5.71,340,5.78,28.65,0.025,987,67.24,60.12,52.89,0,0,0,1,1
33.27,250.06,6.4,159,12.81,38.58,0.012,830,29.42,97.61,58.01,1,1,1,1,1
34.75,175.21,7.22,220,12.3,6.61,0.122,374,47.8,70.89,96.26,0,0,1,0,2
25.02,43.85,8.81,326,10.52,43.58,0.093,619,64.66,80.75,23.5,1,0,1,0,0
27.18,89.14,6.86,163,5.49,16.08,0.144,503,99.31,31.97,65.48,1,1,0,0,2
24.05,144.71,7.74,167,6.68,0.43,0.026,465,78.15,47.65,12.75,0,0,1,1,1
26.23,207.35,7.0,381,10.28,32.83,0.073,265,44.26,63.84,68.25,0,1,0,1,2
25.62,72.78,5.66,218,4.22,42.97,0.1,825,90.12,23.12,27.76,0,1,0,1,1
32.99,160.46,7.26,69,7.94,17.68,0.089,102,38.09,96.92,82.62,0,1,0,1,1
34.07,205.4,5.73,421,10.85,26.38,0.117,514,50.72,19.87,34.27,1,1,1,0,0
43.62,134.62,8.59,437,9.89,20.62,0.02,708,71.76,75.96,46.1,1,0,1,1,1
24.89,258.91,8.14,259,10.64,2.12,0.101,822,52.84,15.22,56.42,0,1,1,1,0
36.04,260.84,6.83,429,12.7,37.66,0.111,907,78.37,19.24,64.9,0,0,1,0,0
40.43,141.21,7.74,62,13.62,47.07,0.176,973,72.05,66.1,36.92,0,0,0,1,1
34.01,291.88,5.89,482,7.5,21.0,0.114,300,73.38,50.72,24.11,1,1,1,1,2
26.38,22.68,7.96,457,2.72,7.22,0.109,680,53.62,10.33,67.17,0,1,0,1,1
26.56,1.01,8.38,245,12.01,25.25,0.162,351,24.41,45.43,49.77,1,1,0,0,0
20.98,114.2,8.38,485,3.42,45.24,0.013,681,89.82,32.51,15.19,1,0,1,1,1
27.64,180.33,6.49,49,4.63,30.29,0.13,544,25.92,88.44,58.32,1,0,0,0,0
38.62,188.76,6.42,285,9.84,10.62,0.162,837,57.12,73.73,52.04,0,0,0,1,0
21.19,142.93,7.32,233,10.95,27.66,0.019,477,44.16,76.37,56.11,0,1,0,0,0
25.48,37.46,8.89,456,10.34,16.34,0.162,517,43.71,95.59,19.64,1,1,0,1,1
37.66,51.15,8.72,15,7.26,1.18,0.157,478,38.13,73.89,52.57,0,1,0,0,2
39.57,255.64,6.76,435,13.02,45.68,0.0,897,41.73,24.45,77.07,0,1,0,1,0
31.38,260.37,8.23,3,11.99,39.72,0.049,153,96.43,94.36,21.95,1,1,1,0,0
37.45,202.17,8.72,281,9.96,46.2,0.03,47,97.76,20.18,66.12,0,0,1,0,2
29.7,199.27,6.41,156,7.29,34.14,0.102,735,65.67,27.33,26.01,1,1,1,0,1
24.0,179.3,8.41,219,7.57,22.49,0.183,824,61.97,35.66,37.82,1,0,0,1,1
29.95,60.88,6.44,394,4.11,24.66,0.121,68,23.87,25.76,42.64,1,1,1,0,0
34.5,128.48,6.7,347,11.36,10.23,0.12,173,84.3,11.65,78.7,0,0,0,0,0
43.7,208.77,6.2,363,12.39,19.31,0.025,431,33.64,51.32,30.35,1,0,0,1,0
21.72,161.18,7.27,479,11.93,8.19,0.133,552,31.41,71.92,33.73,0,1,0,0,1
32.68,5.57,8.45,407,8.57,23.67,0.178,106,53.93,47.91,88.31,1,0,1,0,0
28.22,286.07,7.35,50,12.06,32.3,0.086,527,47.8,31.13,76.91,0,0,1,0,0
32.71,253.44,5.93,41,11.48,12.83,0.136,179,27.73,89.46,55.56,0,1,1,1,0
20.6,78.16,6.38,422,11.99,47.19,0.059,779,31.83,44.95,38.44,0,1,0,0,1
27.83,184.94,7.47,134,13.78,32.34,0.054,270,99.39,85.5,81.26,1,1,0,1,1
40.5,276.97,7.54,273,11.72,11.0,0.037,212,78.79,26.06,60.63,1,0,0,1,1
33.85,28.8,7.52,258,5.25,8.35,0.048,356,67.88,40.0,39.73,1,0,1,0,0
31.26,150.91,5.77,190,11.85,8.5,0.069,532,44.29,82.32,38.34,0,1,1,0,2
27.14,136.87,8.14,255,6.51,48.69,0.113,920,54.28,12.74,51.15,0,0,0,1,2
27.45,123.06,8.68,235,8.19,11.83,0.156,720,70.24,92.84,95.38,0,0,0,0,0
29.58,250.68,7.29,493,11.56,8.42,0.058,967,82.74,45.69,67.89,0,1,1,0,2
40.89,114.19,8.02,275,5.8,8.2,0.034,925,95.71,98.02,71.14,1,1,1,1,1
44.18,19.1,8.7,353,2.31,17.21,0.09,800,29.81,73.12,44.82,0,0,0,0,1
30.97,19.75,7.75,477,10.62,30.77,0.158,961,35.33,95.45,97.89,0,1,1,1,1
29.83,12.82,7.86,72,12.83,3.95,0.078,800,65.41,15.96,46.63,0,0,1,1,2
41.16,122.74,8.02,73,13.13,7.97,0.183,755,95.08,74.98,11.08,0,1,1,0,2
30.67,215.52,6.41,122,11.59,48.82,0.05,155,56.2,88.79,82.11,1,0,0,0,2
33.8,61.12,7.54,69,13.22,30.89,0.152,89,70.72,98.88,56.16,1,0,0,1,2
25.77,193.94,8.45,400,11.85,6.98,0.094,808,43.5,13.01,23.52,1,0,0,1,1
38.59,206.13,6.54,78,2.36,27.5,0.021,896,84.94,17.48,12.06,0,1,0,1,0
33.3,76.56,8.64,480,6.2,12.05,0.056,62,68.42,75.85,99.29,1,0,1,1,1
40.23,180.17,7.67,247,6.03,48.68,0.172,418,50.54,13.5,68.26,1,0,0,0,1
39.52,205.46,6.98,186,4.63,19.44,0.001,431,63.41,11.02,51.92,0,1,0,0,0
25.38,139.98,7.68,437,11.58,7.12,0.151,490,75.58,59.06,40.05,0,1,1,0,2
37.89,101.01,6.91,140,8.24,30.65,0.162,38,37.08,57.65,16.5,1,1,1,0,1
40.0,185.75,8.43,297,12.04,6.87,0.024,147,47.32,65.22,68.08,0,0,1,0,0
28.65,293.35,7.19,43,9.22,25.9,0.192,844,40.04,11.27,43.21,1,1,1,1,2
24.32,128.05,8.65,246,9.09,42.61,0.174,478,96.81,55.3,99.07,1,1,0,1,2
20.07,117.52,7.28,469,6.61,17.29,0.036,165,23.44,35.8,19.77,1,0,0,0,0
31.27,139.28,7.81,335,11.48,23.87,0.048,22,24.52,78.05,32.15,1,0,0,0,1
28.81,22.87,8.99,225,10.2,5.42,0.164,907,48.46,41.34,46.31,1,1,1,1,1
33.87,165.95,6.01,66,6.07,32.32,0.109,261,63.04,42.09,81.77,1,0,1,1,2
24.7,98.61,8.08,455,13.92,5.61,0.185,727,46.31,68.88,79.93,0,0,1,0,1
41.49,36.43,5.99,275,7.55,16.35,0.196,97,88.55,69.46,31.98,0,0,0,0,0
26.44,139.88,8.44,252,5.8,42.06,0.069,480,33.55,15.25,42.51,0,0,1,0,2
25.66,1.02,7.59,302,10.25,7.5,0.019,518,49.17,66.34,15.32,1,0,0,0,2
32.02,120.54,8.78,279,4.67,42.01,0.141,818,59.04,69.21,44.06,0,0,0,1,1
32.47,31.72,8.53,178,11.97,31.53,0.185,269,36.17,51.18,25.15,1,1,1,1,2
25.38,7.29,5.76,401,10.16,7.05,0.033,739,43.21,84.51,92.76,0,0,0,1,2
26.8,247.34,5.98,278,12.44,8.42,0.197,15,95.79,10.82,82.72,1,1,1,0,1
24.24,274.87,7.6,128,5.95,33.16,0.039,749,61.62,97.15,24.86,0,0,0,0,1
37.96,62.3,7.31,378,12.25,36.46,0.017,662,89.57,43.84,54.17,0,1,0,1,2
39.25,161.79,6.09,114,8.01,32.79,0.099,273,41.55,63.61,96.25,0,1,1,0,1
31.56,83.39,5.95,321,2.71,35.7,0.161,220,68.99,13.09,46.95,0,1,1,0,1
37.85,148.07,7.47,388,4.33,18.08,0.071,902,81.06,73.8,50.33,0,1,1,1,0
38.4,130.99,5.67,273,4.61,0.07,0.066,579,53.73,58.93,40.74,0,0,0,0,1
23.46,80.72,8.56,463,11.22,26.45,0.039,280,69.98,96.43,54.3,1,0,0,0,0
44.15,210.12,8.32,201,4.44,29.73,0.197,544,89.06,48.03,63.69,0,0,0,0,1
40.53,37.95,8.25,116,8.74,34.38,0.068,562,31.26,74.97,18.1,1,1,0,0,0
25.11,15.92,5.56,476,9.83,11.57,0.133,983,48.38,16.68,18.33,1,0,1,1,0
24.65,230.3,5.67,34,11.29,8.51,0.026,790,85.91,15.81,79.21,1,1,0,0,0
23.14,199.78,7.42,408,11.41,41.52,0.09,817,38.47,95.41,98.45,0,1,0,1,1
23.46,149.56,8.98,105,10.61,42.06,0.159,660,64.49,32.8,54.21,0,1,0,0,2
38.7,140.34,6.7,248,4.56,49.38,0.194,998,55.04,92.12,87.52,1,1,0,1,0
31.74,149.22,6.71,151,8.52,16.99,0.035,574,73.19,17.89,88.21,0,1,0,1,1
39.57,131.11,5.97,140,5.48,2.95,0.019,916,73.44,67.4,43.26,0,1,1,1,1
38.66,117.87,7.86,404,11.3,23.79,0.198,121,66.28,59.64,39.6,0,1,0,0,1
35.12,149.91,7.76,489,10.98,23.99,0.111,367,95.74,96.96,75.66,0,0,0,0,1
37.16,158.55,5.85,490,4.76,1.83,0.069,538,34.03,46.36,91.95,0,1,1,0,1
20.46,207.57,7.14,294,9.7,28.75,0.192,208,86.81,14.36,86.82,0,0,0,0,1
27.79,213.36,7.83,161,2.7,13.04,0.078,153,59.15,52.67,38.74,0,0,1,1,2
35.95,113.29,7.23,146,11.22,5.96,0.046,274,72.94,84.18,41.95,1,0,1,1,1
20.23,124.06,7.86,411,11.36,30.24,0.161,224,41.9,14.72,76.26,0,0,1,1,1
20.82,112.11,8.36,255,6.16,14.12,0.063,57,27.57,13.26,38.57,1,0,0,1,2
41.3,160.96,7.9,90,11.68,28.08,0.064,762,82.22,83.96,86.68,0,1,0,0,0
37.1,136.01,7.66,369,12.3,0.76,0.089,239,40.14,84.16,55.83,1,0,1,0,1
26.63,266.88,8.49,217,4.28,18.31,0.139,499,51.22,28.0,36.34,0,1,1,0,1
37.2,208.91,8.65,138,6.21,43.27,0.168,262,23.8,69.17,35.77,0,1,0,0,2
39.81,269.6,6.86,176,5.13,32.51,0.045,990,72.02,15.78,80.55,0,0,1,1,2
27.67,212.74,6.11,290,6.49,43.38,0.072,230,75.0,78.9,21.22,0,0,1,1,1
20.9,291.3,8.36,339,7.36,37.02,0.099,398,92.13,37.47,93.87,1,1,1,0,2
43.32,190.72,6.25,75,8.12,35.99,0.005,65,91.28,30.75,47.21,0,0,1,0,1
28.63,289.07,8.75,56,2.42,43.5,0.139,449,76.41,70.99,85.95,0,1,1,1,2
22.66,47.45,5.58,27,2.66,0.98,0.113,208,45.77,92.04,81.31,0,0,0,0,1
32.3,15.74,8.72,321,9.86,21.0,0.027,481,49.97,13.74,80.13,0,0,1,1,1
39.21,173.74,7.56,320,7.31,48.02,0.026,430,50.54,22.94,70.7,0,0,0,1,0
25.54,295.05,8.21,456,3.08,8.86,0.179,45,30.37,33.02,54.95,1,1,0,1,1
26.74,125.28,6.89,149,6.63,32.69,0.137,856,95.78,93.5,45.09,1,1,1,0,1
26.07,63.61,8.97,306,7.71,39.51,0.078,714,85.45,88.94,62.27,1,1,1,0,1
44.79,156.46,6.3,487,9.63,46.68,0.068,555,31.62,91.65,57.43,0,0,1,1,2
24.94,194.64,6.43,346,3.42,43.59,0.063,648,95.72,44.05,41.59,0,1,0,1,2
34.39,94.55,5.68,392,13.94,33.83,0.131,70,87.46,30.85,54.39,1,0,0,1,2
43.13,214.43,8.79,198,7.7,35.56,0.036,778,93.51,27.25,42.86,1,1,1,0,1
23.67,292.53,7.1,163,10.17,17.15,0.197,626,42.85,89.38,69.21,0,0,1,1,1
44.27,269.09,7.86,181,12.9,11.2,0.137,567,46.85,30.81,85.15,0,1,0,0,1
43.69,87.48,7.91,239,2.38,47.93,0.025,131,57.59,57.78,80.82,1,1,0,0,1
42.11,98.02,8.56,421,9.22,48.78,0.028,380,37.94,39.86,40.66,0,0,0,0,2
25.36,111.46,7.83,241,8.48,21.23,0.13,292,57.23,54.9,55.85,1,1,1,1,2
35.85,118.37,7.47,65,2.69,20.54,0.077,857,20.74,41.12,10.96,0,1,1,0,2
39.02,30.1,7.99,170,10.32,22.59,0.132,884,90.2,36.37,88.33,1,1,1,0,1
44.65,228.59,8.13,132,4.65,23.07,0.145,289,32.98,48.46,32.09,0,0,1,1,1
24.51,109.6,6.15,80,10.42,42.11,0.108,335,60.07,39.96,49.7,0,0,0,1,1
39.15,263.95,5.88,164,6.35,21.53,0.051,616,94.31,85.57,23.73,1,1,1,1,2
28.47,278.08,5.76,441,11.24,44.12,0.11,46,85.68,62.26,71.03,0,0,1,0,0
24.39,7.33,6.81,62,13.3,34.76,0.084,29,82.09,25.86,59.08,1,1,0,0,0
30.53,296.55,7.24,354,12.33,48.27,0.178,629,68.44,31.24,42.83,1,1,1,1,1
39.85,213.01,7.65,50,7.79,33.73,0.148,45,54.9,14.82,58.17,1,0,0,0,1
31.62,156.12,8.85,71,4.7,20.61,0.124,847,55.68,36.97,25.19,1,1,0,0,0
33.44,116.86,6.66,42,13.91,45.9,0.008,581,26.96,70.26,79.81,0,0,0,0,1
44.88,155.56,8.16,322,9.91,11.49,0.198,544,25.18,26.47,33.94,1,1,0,1,2
29.98,97.39,7.36,450,6.75,48.25,0.113,49,87.48,18.93,65.35,1,0,0,1,2
35.39,186.81,6.27,320,7.78,2.17,0.052,782,52.69,38.89,90.95,1,0,0,1,0
29.13,27.89,7.65,317,3.54,32.05,0.118,787,24.32,65.13,13.47,0,0,1,0,2
29.82,186.34,8.89,215,8.06,0.91,0.164,459,73.04,52.55,44.88,0,0,0,0,0
37.39,82.6,5.94,492,4.08,10.2,0.108,894,74.66,39.9,22.14,0,1,1,1,0
43.45,5.29,7.28,190,6.39,23.2,0.155,87,38.2,89.47,91.78,1,1,1,1,0
33.56,165.81,5.68,157,7.9,7.91,0.083,39,52.86,52.17,42.41,0,0,1,0,0
39.21,173.53,6.62,489,13.37,49.44,0.118,543,65.87,50.95,29.2,0,0,1,0,1
22.23,127.97,7.67,89,9.5,38.65,0.084,488,67.7,12.85,70.88,0,1,0,0,1
25.28,21.69,8.44,421,6.46,42.54,0.106,96,60.89,67.54,58.89,1,1,0,0,2
32.55,268.0,8.06,490,3.36,48.95,0.034,623,49.14,51.34,83.52,0,1,1,0,0
20.5,183.43,7.12,103,10.97,33.74,0.12,749,25.51,23.06,77.78,0,1,0,0,0
26.32,34.71,8.68,50,7.6,13.33,0.196,523,21.78,31.94,97.72,0,0,0,0,1
32.94,153.28,6.56,253,2.82,37.85,0.153,270,56.76,28.21,18.15,1,0,0,0,1
20.37,149.18,8.14,106,9.88,29.22,0.064,186,36.24,20.99,17.22,0,0,0,1,1
26.61,18.12,7.16,293,6.2,13.37,0.173,699,95.08,49.2,91.66,0,1,0,1,1
32.85,182.06,8.65,235,6.85,18.36,0.179,583,71.23,42.7,96.02,0,0,0,0,0
34.33,242.5,8.29,497,12.07,30.39,0.035,771,66.84,42.41,46.6,0,0,1,0,0
43.14,224.7,8.66,322,3.65,19.77,0.011,26,52.52,32.64,51.03,0,1,0,1,1
36.13,60.89,6.25,332,6.08,11.76,0.114,100,46.36,49.28,43.18,0,0,1,0,1
30.37,258.69,7.84,355,6.36,21.5,0.095,441,34.38,59.28,79.99,1,0,0,1,0
43.26,102.76,8.08,104,2.04,11.68,0.143,692,24.81,65.04,79.37,0,0,1,0,0
39.62,283.95,8.1,254,12.14,43.76,0.059,973,70.76,29.78,29.84,0,0,1,1,1
25.0,21.52,7.26,303,12.02,34.7,0.076,550,82.34,75.51,44.55,0,1,1,0,0
23.27,145.86,5.54,395,9.94,18.83,0.053,398,88.62,12.43,29.12,1,1,1,0,2
36.9,179.14,6.42,19,12.79,47.27,0.058,274,77.94,77.54,14.2,0,0,1,0,1
34.0,74.3,6.63,358,5.27,19.45,0.002,628,91.76,35.47,15.05,1,1,1,0,0
39.74,231.41,8.48,491,4.65,28.72,0.102,13,98.62,43.3,23.21,1,0,1,1,0
38.47,188.07,8.44,71,2.82,25.59,0.095,326,96.93,62.26,12.69,0,1,1,0,0
35.63,5.43,5.87,116,9.1,6.1,0.071,901,67.38,64.94,48.09,0,1,1,0,2
44.66,182.51,8.82,366,7.96,21.19,0.108,929,37.94,47.9,15.76,0,0,1,0,1
33.34,147.44,6.14,129,11.72,3.88,0.078,727,28.51,94.41,86.27,1,0,1,1,1
22.83,58.81,6.95,458,7.78,8.53,0.087,636,99.51,87.25,74.09,1,1,1,0,0
40.71,298.72,6.25,119,4.44,39.38,0.0,792,44.67,30.25,80.53,1,0,0,0,2
26.3,269.15,8.51,212,11.72,15.13,0.013,424,22.72,63.0,65.57,1,0,0,1,0
39.43,87.75,8.12,228,7.47,4.45,0.03,600,51.28,74.89,69.75,0,1,0,0,0
43.93,162.32,6.74,182,13.47,35.95,0.037,817,79.85,29.52,20.21,0,0,1,0,0
37.42,94.95,7.89,133,8.41,40.12,0.09,110,91.26,11.66,15.24,1,1,0,0,0
34.9,232.65,6.15,338,3.4,28.9,0.175,590,58.21,97.8,99.03,1,1,1,1,0
31.51,279.1,6.84,477,12.21,45.78,0.081,681,43.52,96.25,43.57,1,1,1,1,1
29.11,107.65,6.82,493,12.54,42.47,0.125,322,82.27,38.83,14.61,0,0,1,0,1
28.83,241.68,6.33,230,7.35,27.64,0.005,867,60.3,31.52,24.37,1,0,0,1,2
35.91,149.52,8.57,383,2.31,36.85,0.171,449,26.88,23.92,88.68,1,0,1,1,1
38.78,118.97,7.88,363,2.36,16.46,0.023,533,91.02,71.84,28.52,1,0,0,1,1
36.96,281.53,6.48,445,6.21,31.81,0.057,667,72.46,77.98,52.03,0,1,0,1,0
24.96,153.12,6.35,432,10.59,48.85,0.163,863,22.94,47.84,70.07,1,1,0,1,0
32.35,140.22,5.56,483,5.97,39.99,0.053,870,20.72,31.85,96.93,1,0,0,0,1
39.79,201.73,6.71,339,2.09,18.73,0.052,216,27.02,50.39,11.27,0,0,1,0,0
31.89,78.37,7.34,437,12.18,46.62,0.121,512,85.76,56.47,53.88,1,0,1,1,2
33.42,97.44,6.47,245,13.62,41.26,0.181,939,58.5,58.91,99.64,0,0,1,1,0
39.28,279.61,7.95,393,6.16,1.86,0.043,406,46.82,49.9,20.95,1,0,0,0,0
36.53,203.56,6.94,407,2.88,37.3,0.124,772,39.94,10.34,21.13,1,0,0,1,2
30.23,247.99,6.61,251,5.5,48.82,0.12,623,60.55,52.46,17.83,1,1,0,0,0
42.39,81.33,8.79,224,11.59,15.89,0.132,610,26.64,41.25,55.71,0,1,0,0,1
24.06,163.14,6.42,156,8.51,13.77,0.189,74,69.37,60.09,41.36,1,0,0,0,2
44.89,291.42,6.89,118,6.61,32.0,0.033,654,50.44,16.24,74.46,0,1,1,0,2
22.97,95.61,6.84,93,6.01,5.51,0.131,452,88.68,89.13,61.42,0,0,1,1,2
20.37,48.14,6.34,227,3.38,33.75,0.036,741,80.35,88.79,62.28,1,0,1,0,0
42.25,153.27,6.26,364,6.07,11.33,0.063,899,21.47,60.77,56.0,1,1,1,0,0
26.12,116.35,6.56,389,7.64,22.58,0.078,939,33.32,76.34,99.29,0,1,0,1,1
38.24,47.87,8.52,185,10.08,44.6,0.167,585,57.92,49.41,58.51,1,1,1,0,1
40.28,266.57,8.18,494,5.14,39.84,0.011,968,72.69,63.13,16.51,0,0,0,1,2
41.47,297.22,7.88,333,12.77,5.4,0.147,32,77.21,65.59,39.0,1,0,0,0,0
44.79,170.57,7.1,184,7.82,38.07,0.183,187,85.3,41.85,80.26,0,1,1,1,0
27.35,232.4,7.28,386,6.86,20.59,0.016,617,23.94,96.48,66.56,0,1,0,1,2
37.76,257.71,6.43,279,9.13,49.72,0.158,965,21.48,64.23,71.56,0,0,0,1,2
22.88,210.29,5.76,402,4.01,14.99,0.022,557,68.04,99.15,92.96,0,0,0,0,2
30.17,13.25,6.66,229,3.28,23.53,0.193,794,77.91,48.91,49.94,0,1,1,0,0
41.2,47.29,7.23,481,6.16,17.06,0.163,874,82.94,12.91,11.76,1,1,0,0,1
29.19,21.3,5.7,264,2.48,29.31,0.139,27,32.46,37.22,99.11,0,1,0,0,2
34.78,2.96,5.81,157,6.53,13.29,0.11,429,97.5,68.57,50.91,0,0,0,0,2
32.59,91.8,6.42,351,10.06,45.63,0.184,106,38.35,91.93,18.79,1,0,1,1,1
36.15,117.71,6.78,76,11.75,30.85,0.024,33,40.03,65.36,59.37,0,1,0,0,2
44.32,72.31,6.88,81,8.96,47.14,0.024,412,32.34,52.46,63.12,0,1,1,1,0
21.39,19.38,5.91,427,10.3,34.03,0.164,607,23.46,17.27,60.79,0,0,1,0,1
34.35,158.96,6.29,180,12.0,9.29,0.096,126,84.78,23.03,96.84,1,0,0,0,0
41.58,82.0,6.42,341,11.28,0.77,0.169,950,20.45,14.81,38.77,1,1,1,1,2
32.03,238.81,5.74,195,5.84,20.38,0.078,568,57.1,74.01,13.11,0,1,0,0,2
21.96,2.42,6.64,59,8.88,49.68,0.09,635,27.36,84.8,92.78,1,1,0,1,2
34.01,252.76,5.75,150,5.18,43.85,0.066,149,23.58,24.8,27.21,0,1,0,0,1
28.3,286.43,7.96,60,8.92,42.34,0.19,762,94.77,39.27,77.45,1,0,1,0,1
23.87,214.84,6.85,134,7.11,28.43,0.093,910,86.03,53.12,28.36,1,1,1,0,1
41.23,220.09,6.64,427,6.47,4.74,0.151,538,51.59,22.85,84.61,1,1,0,1,0
33.04,280.07,5.94,438,4.2,0.76,0.139,713,56.69,47.46,91.57,1,1,1,0,2
43.33,62.72,6.29,330,8.74,41.93,0.047,122,89.45,97.01,19.48,1,0,0,0,2
40.15,298.37,6.31,38,10.75,8.87,0.183,88,83.75,74.72,23.25,1,1,1,0,1
37.32,232.04,8.95,252,8.86,3.83,0.109,571,75.33,25.02,93.28,1,0,0,0,2
20.13,217.97,8.42,377,2.83,35.49,0.171,330,62.93,18.89,79.36,1,0,1,1,1
30.7,108.33,5.55,442,13.09,0.06,0.166,71,68.63,50.06,13.5,0,1,0,0,2
24.94,163.73,7.66,105,2.07,37.04,0.012,916,51.47,98.92,26.4,0,1,1,0,0
42.77,196.18,6.4,232,12.62,9.62,0.124,455,62.25,81.4,47.09,1,0,1,0,0
24.36,186.1,5.87,353,11.19,16.07,0.158,292,63.18,36.38,87.78,0,0,0,0,0
27.15,211.5,7.97,388,3.16,8.58,0.181,919,89.19,12.37,23.6,1,0,0,1,1
32.92,24.71,5.96,169,4.84,38.86,0.101,621,37.49,47.02,75.17,0,0,1,1,0
26.58,106.69,7.05,216,6.19,24.24,0.15,125,39.73,24.45,17.53,0,0,1,0,2
25.25,130.2,7.71,347,12.92,8.29,0.194,559,36.88,26.23,52.05,0,1,1,1,2
34.98,78.19,7.44,13,13.76,1.93,0.166,918,66.33,24.61,75.61,1,1,0,1,0
22.22,51.79,8.92,410,3.05,49.34,0.171,251,75.61,74.76,15.82,0,0,1,1,2
21.45,41.68,8.25,15,6.76,35.72,0.081,471,39.08,13.23,28.38,0,0,1,1,0
29.31,109.92,8.21,218,3.79,34.0,0.018,268,74.16,60.83,81.26,1,0,1,1,2
38.02,148.03,6.74,385,5.34,25.14,0.193,885,70.25,77.73,24.72,0,1,0,1,1
33.87,18.89,5.53,402,13.77,21.75,0.139,230,45.69,24.08,70.08,1,0,1,0,1
30.57,283.94,8.07,406,13.81,39.8,0.034,314,38.39,90.36,67.8,1,1,0,1,1
34.14,229.57,9.0,168,7.67,41.33,0.195,900,90.54,17.03,56.84,1,0,0,0,0
29.14,219.26,6.92,13,4.2,3.06,0.143,526,65.57,71.44,28.15,1,0,0,1,0
43.4,51.86,8.95,430,8.56,42.97,0.018,535,76.31,25.48,47.52,1,1,0,0,1
21.37,181.14,6.0,242,5.85,38.08,0.034,842,94.03,82.54,65.96,0,0,1,1,1
36.83,158.92,6.54,318,13.15,24.31,0.173,951,36.43,61.43,89.36,1,1,1,0,1
42.28,294.74,6.1,473,11.82,23.82,0.191,976,48.04,63.03,81.81,0,1,1,0,2
40.1,224.3,7.16,7,5.71,41.74,0.073,775,54.76,41.14,64.66,1,0,0,1,0
24.6,172.73,8.29,282,2.22,39.68,0.083,617,38.63,35.49,30.56,0,1,1,0,2
27.4,255.24,6.69,110,13.98,6.94,0.079,471,87.23,51.7,29.5,1,1,0,1,0
37.93,46.53,8.67,39,10.2,27.46,0.167,630,26.67,78.19,83.25,0,1,1,0,0
22.11,4.56,7.41,411,7.11,48.47,0.091,869,39.13,25.14,69.8,1,1,0,1,2
40.3,207.07,7.13,67,5.46,36.77,0.075,986,35.28,83.46,42.23,0,1,1,0,0
37.97,29.49,8.25,122,2.05,48.65,0.124,169,96.27,53.19,97.43,0,0,1,1,2
38.24,34.63,5.86,316,3.85,38.8,0.098,114,70.19,50.7,90.08,1,1,0,0,0
22.51,223.4,8.21,165,2.07,26.23,0.107,646,77.3,11.49,70.44,0,1,0,0,1
37.94,81.16,6.35,202,9.17,30.25,0.081,371,28.67,21.18,43.23,0,0,0,0,2
37.0,188.59,6.48,127,9.96,35.47,0.092,151,35.52,48.88,37.79,0,1,0,1,0
40.77,275.22,7.6,363,11.2,36.44,0.007,282,84.79,98.32,94.54,1,0,0,0,0
21.04,94.94,8.66,151,4.24,37.38,0.185,484,65.42,32.51,49.91,0,1,1,0,1
20.58,65.14,7.52,411,3.15,46.51,0.006,638,23.61,10.92,82.0,0,0,0,1,0
29.33,31.97,7.77,424,9.81,15.46,0.155,364,65.25,49.23,94.57,1,1,0,1,1
23.72,39.14,8.22,145,8.0,41.47,0.06,514,58.03,11.44,54.28,0,0,0,0,1
33.96,18.67,6.41,48,12.51,28.48,0.022,981,32.3,40.26,68.78,0,0,0,1,2
42.93,26.29,8.4,468,8.4,44.27,0.122,559,67.44,41.87,17.76,1,1,0,1,1
29.79,129.6,6.96,409,7.34,31.55,0.141,741,33.91,10.21,68.73,1,0,1,1,2
41.12,96.26,6.11,2,7.86,46.76,0.126,917,84.92,80.16,29.36,0,0,0,0,2
20.01,211.97,6.73,250,11.39,21.2,0.115,935,69.48,92.16,70.35,0,1,0,0,0
24.21,261.07,6.36,76,2.22,4.96,0.107,303,89.7,99.89,19.09,1,1,1,1,2
20.76,235.43,6.3,421,13.02,32.24,0.108,176,53.97,55.79,54.57,0,1,0,1,1
28.2,159.19,6.49,219,10.57,38.73,0.173,284,60.95,37.6,56.89,1,0,1,1,2
42.7,30.73,6.13,397,12.62,34.57,0.018,713,80.85,74.57,53.52,1,1,0,0,2
22.42,212.93,7.84,384,13.52,36.25,0.031,16,63.7,76.28,78.11,1,0,0,1,2
35.16,108.85,7.53,347,4.71,1.44,0.163,745,65.76,44.13,77.91,1,1,1,1,2
31.29,25.7,7.77,378,8.94,48.25,0.061,518,64.27,60.9,73.57,0,1,1,0,0
43.46,252.74,6.7,227,7.83,13.21,0.154,170,59.31,83.96,66.85,0,0,0,1,2
23.06,101.46,8.19,117,8.45,20.69,0.071,290,84.46,27.03,91.4,0,0,0,0,2
25.3,65.47,5.95,497,2.57,20.92,0.185,679,58.82,11.84,61.81,1,1,1,1,1
20.74,261.44,7.5,266,12.97,45.34,0.056,706,92.06,58.57,41.35,1,0,0,0,0
30.85,270.64,6.46,234,13.46,37.19,0.085,204,84.69,69.8,15.33,0,1,0,0,0
26.95,101.69,7.35,167,10.22,31.01,0.032,133,75.4,61.75,58.22,0,0,1,0,2
41.75,106.44,6.63,259,5.1,6.0,0.133,464,91.89,63.66,30.5,0,1,0,0,1
35.12,173.89,8.27,417,11.45,16.17,0.081,769,62.97,45.38,44.83,0,0,0,1,2
35.35,220.03,8.62,192,10.77,24.59,0.188,550,85.75,68.63,14.5,1,0,1,0,1
33.3,18.94,8.1,183,8.9,5.75,0.003,891,39.35,13.85,67.68,1,0,1,0,1
22.3,178.0,6.11,9,4.04,28.57,0.078,613,25.84,23.61,89.8,0,1,1,1,0
31.13,285.85,6.46,336,4.41,10.72,0.005,544,74.8,50.03,39.26,0,0,1,1,1
44.99,78.63,8.72,326,9.07,41.22,0.066,361,44.13,94.87,82.44,0,0,0,0,2
40.88,272.65,7.03,358,3.55,41.45,0.076,150,70.77,68.0,21.37,0,0,0,1,2
42.34,285.05,8.79,447,10.69,29.95,0.052,883,26.19,41.98,75.08,1,1,1,0,2
40.58,80.75,6.87,140,4.55,17.98,0.051,32,96.45,51.22,17.18,0,0,0,0,2
22.58,226.26,8.83,21,12.93,2.23,0.052,88,61.21,86.11,33.28,0,1,0,0,2
25.69,71.63,8.74,311,12.8,31.45,0.053,589,20.76,58.82,42.42,1,0,0,1,1
20.08,221.28,7.81,377,5.52,39.23,0.056,482,58.09,14.31,24.11,1,0,0,0,1
27.59,239.23,5.53,192,3.0,39.52,0.17,541,83.18,47.52,26.6,1,1,0,1,2
22.72,74.16,6.9,91,9.34,24.22,0.008,776,89.22,44.92,72.9,1,0,1,1,0
31.82,214.76,8.69,96,7.38,7.02,0.198,861,56.9,90.99,18.62,0,1,0,1,2
36.93,243.63,8.6,140,3.72,3.24,0.056,125,30.07,37.49,94.05,1,0,1,1,0
41.86,107.57,6.16,256,8.38,2.79,0.006,70,92.49,15.82,79.15,1,0,0,0,0
38.73,50.31,6.9,37,13.91,12.47,0.035,61,98.49,41.93,42.11,0,0,0,0,0
43.46,27.59,8.42,246,2.83,7.07,0.188,711,25.06,13.95,66.59,1,0,1,0,0
21.35,172.61,7.52,255,5.17,8.44,0.2,326,26.25,84.91,74.75,0,0,1,1,2
20.3,293.43,8.47,441,8.46,34.95,0.049,745,65.25,63.12,63.5,0,0,1,1,0
36.53,246.89,8.39,408,11.52,8.98,0.045,730,62.71,52.24,65.64,1,1,0,0,2
27.23,130.75,8.68,297,2.23,34.62,0.167,152,67.09,42.39,92.44,1,0,0,1,1
26.34,160.99,5.91,84,10.79,17.58,0.183,174,45.37,47.59,89.3,1,0,1,1,2
28.27,83.86,6.01,416,3.68,38.74,0.13,306,24.03,80.91,92.24,0,1,1,1,2
26.74,48.92,5.79,440,11.97,7.95,0.187,983,66.43,26.2,89.67,0,0,1,0,1
32.79,144.62,8.77,36,10.31,1.17,0.19,795,32.12,16.43,71.69,0,1,1,1,2
31.0,139.05,7.16,184,7.48,4.46,0.152,353,47.3,60.56,54.26,1,1,1,0,0
32.81,156.58,5.73,97,11.86,48.31,0.07,371,66.6,87.3,53.86,0,0,0,1,0
36.82,285.84,6.63,317,10.8,26.9,0.03,201,36.68,60.6,79.44,1,0,1,0,0
29.68,181.17,6.73,386,11.11,30.35,0.104,636,63.4,81.65,93.16,0,1,1,1,1
26.28,181.73,8.33,29,5.48,48.35,0.058,931,77.18,90.35,17.93,0,1,1,0,0
24.16,38.41,8.07,450,9.43,38.8,0.024,974,25.26,16.92,88.91,0,0,0,1,0
28.74,298.95,7.91,190,3.69,5.63,0.079,700,69.56,63.03,86.47,1,0,1,1,2
38.55,231.85,5.58,337,11.85,21.09,0.096,357,60.75,84.95,17.88,1,1,0,1,2
38.92,263.16,8.69,278,8.32,41.07,0.132,834,27.8,67.92,69.09,1,0,0,0,2
36.67,124.29,6.25,455,11.9,33.25,0.044,715,76.51,63.24,97.47,0,0,1,1,0
25.85,150.64,7.7,200,4.53,10.79,0.174,928,44.87,80.93,86.65,1,1,1,1,0
34.7,156.63,5.72,321,3.56,40.29,0.037,189,34.58,73.65,15.66,1,0,1,0,1
34.27,58.23,5.79,188,10.27,27.94,0.199,665,42.6,55.15,93.27,0,1,1,0,2
32.11,206.85,5.53,257,2.7,39.42,0.111,959,63.7,13.96,25.58,1,0,1,0,1
33.75,270.89,7.48,154,4.93,31.32,0.029,503,66.4,65.2,16.52,1,0,1,1,1
32.29,49.11,7.7,431,12.9,23.14,0.167,744,33.57,29.19,30.51,0,0,1,0,2
34.14,25.9,5.68,486,3.59,36.43,0.051,950,94.93,32.87,53.49,0,0,1,1,0
37.89,221.47,6.52,318,6.51,43.28,0.038,232,46.32,71.16,83.37,1,0,0,0,1
22.74,81.96,8.48,227,13.35,23.28,0.027,261,41.46,50.78,34.04,0,1,1,1,0
38.74,187.16,5.85,4,2.24,1.49,0.11,66,34.94,74.51,45.12,1,1,1,0,1
23.4,208.73,6.26,128,7.34,29.66,0.176,218,29.64,45.33,22.7,0,0,0,1,2
21.67,96.57,6.99,405,11.44,4.52,0.179,781,98.57,88.3,36.24,0,0,0,0,2
44.4,244.54,8.45,73,12.91,16.23,0.157,624,73.98,48.44,91.19,1,1,0,0,2
43.92,165.0,6.39,364,10.83,27.49,0.116,944,82.96,54.44,71.27,1,1,0,0,0
21.51,260.7,8.99,23,12.66,17.26,0.106,817,52.12,21.36,70.65,0,0,0,0,2
31.08,228.99,6.74,314,2.41,14.05,0.075,74,53.17,55.32,32.49,1,0,0,1,1
24.66,260.57,6.85,462,3.2,1.01,0.009,755,98.95,31.58,23.16,1,1,0,1,0
32.13,6.05,5.93,480,10.85,13.46,0.167,242,36.06,78.67,89.87,1,0,1,1,2
40.75,73.05,7.88,433,11.04,19.24,0.2,656,46.15,74.26,94.93,0,1,0,0,0
43.77,27.0,6.35,278,9.26,14.51,0.184,694,35.61,11.43,14.82,1,0,0,0,0
35.86,132.62,7.7,205,10.76,31.42,0.187,187,42.61,54.44,57.71,0,1,1,0,2
28.85,266.99,6.28,145,12.3,33.29,0.067,173,73.09,14.09,49.58,1,0,1,1,0
35.08,140.26,6.86,88,8.55,39.0,0.02,958,44.71,61.24,76.46,0,0,1,0,0
27.8,254.91,8.5,21,13.37,9.3,0.174,431,90.04,91.15,37.16,0,1,0,1,0
42.75,98.15,8.09,299,10.33,30.95,0.153,61,23.89,88.05,65.85,0,1,1,1,1
41.76,101.87,6.04,43,7.66,21.5,0.078,755,48.38,31.94,17.43,0,0,1,1,2
33.96,268.67,7.63,36,7.06,16.14,0.167,143,88.86,22.61,84.07,1,0,1,1,1
28.12,127.75,7.7,6,11.0,24.14,0.028,379,69.71,81.2,31.48,0,0,1,0,1
27.33,236.93,5.82,473,9.57,24.06,0.13,234,81.68,59.16,38.25,1,0,0,1,0
20.84,70.99,7.13,279,11.81,31.97,0.191,448,45.89,48.14,44.04,0,0,0,0,0
40.4,284.64,6.41,460,11.37,27.96,0.182,815,49.54,82.94,28.6,0,1,1,1,0
31.26,172.37,7.13,168,8.29,31.56,0.152,565,91.06,32.73,82.8,0,0,1,1,1
28.13,227.8,8.22,69,13.35,49.02,0.053,445,79.97,30.21,16.18,0,0,1,1,0
31.78,26.85,6.05,212,10.45,40.52,0.021,389,50.74,65.07,94.02,0,1,1,0,2
40.47,147.8,5.93,70,4.41,14.6,0.065,974,37.23,34.53,93.75,0,1,1,0,2
23.12,270.31,6.44,401,9.42,26.67,0.123,160,28.5,48.41,84.46,1,0,0,1,2
41.44,263.11,8.83,206,4.42,11.47,0.063,198,88.95,50.93,95.69,0,0,0,0,2
42.44,14.04,8.12,71,8.71,25.94,0.083,327,75.81,28.45,78.5,1,1,1,0,2
43.67,91.11,5.57,315,11.48,35.6,0.081,628,68.59,15.55,60.63,0,0,1,1,2
29.94,133.0,6.9,179,11.75,3.29,0.067,937,82.13,79.0,74.95,1,0,1,1,1
25.43,51.68,6.4,207,9.81,6.87,0.185,122,93.2,80.52,10.36,1,0,0,0,2
